entry_i,exit_i,entry_time,exit_time,entry_price,exit_price,direction,ret,pnl,hold_bars,mae_pct,mfe_pct,trade_efficiency_pct,edge_ratio,entry_regime,hold_sec,hour,weekday,session,year,month,equity,cum_profit,cum_loss
1,10,2022-01-01 02:00:00,2022-01-01 20:00:00,1424.701778788964,1417.876731778644,-1,0.004790509222303063,479.0509222303063,9,-2.197680833451021,0.4790509222303063,1.0,0.21798020665177847,Sideways,64800.0,2,Saturday,Asia,2022,1,100479.05092223031,479.0509222303063,-0.0
10,13,2022-01-01 20:00:00,2022-01-02 02:00:00,1417.876731778644,1473.155155508621,1,0.03898676273545543,3917.352918188737,3,0.0,3.8986762735455427,1.0,3.8986762735455427,Sideways,21600.0,20,Saturday,NY,2022,1,104396.40384041905,4396.403840419043,-0.0
13,23,2022-01-02 02:00:00,2022-01-02 22:00:00,1473.155155508621,1442.910616714339,-1,0.020530450361041286,2143.305186916943,10,-3.5199554228777075,2.0530450361041286,1.0,0.5832588170749277,Bullish,72000.0,2,Sunday,Asia,2022,1,106539.70902733598,6539.709027335986,-0.0
23,105,2022-01-02 22:00:00,2022-01-09 18:00:00,1442.910616714339,1089.581560789153,1,-0.24487244866889535,-26088.63942999538,82,-29.31447619106168,0.0,0.0,0.0,Sideways,590400.0,22,Sunday,Late,2022,1,80451.06959734061,6539.709027335986,26088.63942999538
105,115,2022-01-09 18:00:00,2022-01-10 14:00:00,1089.581560789153,1046.989815096386,-1,0.03909000227749715,3144.832493787126,10,-1.142029393050925,3.909000227749715,1.0,3.422854307897315,Bearish,72000.0,18,Sunday,NY,2022,1,83595.90209112773,9684.541521123112,26088.63942999538
115,121,2022-01-10 14:00:00,2022-01-11 02:00:00,1046.989815096386,1082.989398744466,1,0.0343838909691454,2874.35238296869,6,0.0,3.4383890969145403,1.0,3.4383890969145403,Bearish,43200.0,14,Monday,NY_overlap,2022,1,86470.25447409642,12558.893904091801,26088.63942999538
121,147,2022-01-11 02:00:00,2022-01-13 06:00:00,1082.989398744466,1115.459510647652,-1,-0.02998192959305923,-2592.5450815362738,26,-7.6288284255472405,-0.0,0.0,-0.0,Bearish,187200.0,2,Tuesday,Asia,2022,1,83877.70939256015,12558.893904091801,28681.184511531654
147,151,2022-01-13 06:00:00,2022-01-13 14:00:00,1115.459510647652,1153.474638326217,1,0.03408023986141173,2858.572455124238,4,-0.019441718221047122,3.408023986141173,1.0,175.29438228621845,Bullish,28800.0,6,Thursday,Asia,2022,1,86736.28184768438,15417.46635921604,28681.184511531654
151,174,2022-01-13 14:00:00,2022-01-15 12:00:00,1153.474638326217,1185.332905027127,-1,-0.027619390702112723,-2395.6032563997624,23,-8.585786445662169,-0.0,0.0,-0.0,Bullish,165600.0,14,Thursday,NY_overlap,2022,1,84340.67859128462,15417.46635921604,31076.787767931415
174,227,2022-01-15 12:00:00,2022-01-19 22:00:00,1185.332905027127,1015.260213363242,1,-0.14348095032424069,-12101.280715268858,53,-19.095278135731952,1.334345826455663,-10.752905841910557,0.06987831321287614,Bullish,381600.0,12,Saturday,London,2022,1,72239.39787601576,15417.46635921604,43178.06848320027
227,236,2022-01-19 22:00:00,2022-01-20 16:00:00,1015.260213363242,1003.930934692495,-1,0.011158990100889055,806.1187257926457,9,-1.0210276592733214,1.6663916371802423,0.6696499101358645,1.6320729630049737,Bearish,64800.0,22,Wednesday,Late,2022,1,73045.51660180841,16223.585085008684,43178.06848320027
236,237,2022-01-20 16:00:00,2022-01-20 18:00:00,1003.930934692495,1017.951807190135,1,0.01396597316919479,1020.1517249908288,1,0.0,1.396597316919479,1.0,1.396597316919479,Bearish,7200.0,16,Thursday,NY,2022,1,74065.66832679923,17243.736809999515,43178.06848320027
237,247,2022-01-20 18:00:00,2022-01-21 14:00:00,1017.951807190135,1018.777946103522,-1,-0.0008115697693660273,-60.10945736192114,10,-4.6932045544667345,-0.0,0.0,-0.0,Bearish,72000.0,18,Thursday,NY,2022,1,74005.55886943731,17243.736809999515,43238.17794056219
247,283,2022-01-21 14:00:00,2022-01-24 14:00:00,1018.777946103522,938.2922193724734,1,-0.07900222716724392,-5846.603973442131,36,-14.158737105038776,0.07969568799397475,-99.12986405640508,0.005628728565460322,Bearish,259200.0,14,Friday,NY_overlap,2022,1,68158.9548959952,17243.736809999515,49084.78191400432
283,315,2022-01-24 14:00:00,2022-01-27 06:00:00,938.2922193724734,991.415040276704,-1,-0.05661649943101832,-3858.921431087915,32,-9.856724309488275,0.02099456769518726,-269.67213735006766,0.0021299741208118685,Bearish,230400.0,14,Monday,NY_overlap,2022,1,64300.033464907276,17243.736809999515,52943.70334509224
315,325,2022-01-27 06:00:00,2022-01-28 02:00:00,991.415040276704,1002.258533996499,1,0.010937390779111711,703.2745931156512,10,-1.2218037884564215,1.2309468176197935,0.8885347947249804,1.00748322214234,Sideways,72000.0,6,Thursday,Asia,2022,1,65003.30805802293,17947.011403115164,52943.70334509224
325,335,2022-01-28 02:00:00,2022-01-28 22:00:00,1002.258533996499,997.1371307722159,-1,0.0051098624262758685,332.15796142932675,10,-4.216398159167545,0.5615702961789593,0.9099239153218096,0.13318720741729753,Bullish,72000.0,2,Friday,Asia,2022,1,65335.46601945226,18279.16936454449,52943.70334509224
335,362,2022-01-28 22:00:00,2022-01-31 04:00:00,997.1371307722159,990.5060455832416,1,-0.006650123623256232,-434.4889260124143,27,-5.049118460591262,0.05456790152562618,-12.186878068113359,0.010807411620767593,Bullish,194400.0,22,Friday,Late,2022,1,64900.97709343985,18279.16936454449,53378.19227110465
362,369,2022-01-31 04:00:00,2022-01-31 18:00:00,990.5060455832416,969.609683586576,-1,0.021096652655321457,1369.1933707312749,7,-2.44235134638382,2.1096652655321457,1.0,0.8637845118622045,Bearish,50400.0,4,Monday,Asia,2022,1,66270.17046417113,19648.362735275765,53378.19227110465
369,388,2022-01-31 18:00:00,2022-02-02 08:00:00,969.609683586576,964.6110344755161,1,-0.005155320945815944,-341.64399787673455,19,-3.3420658565494588,0.0,0.0,0.0,Sideways,136800.0,18,Monday,NY,2022,1,65928.5264662944,19648.362735275765,53719.83626898139
388,390,2022-02-02 08:00:00,2022-02-02 12:00:00,964.6110344755161,935.2455739759288,-1,0.03044279968822261,2007.048924953083,2,-0.0,3.044279968822261,1.0,3.044279968822261,Sideways,14400.0,8,Wednesday,London,2022,2,67935.57539124748,21655.41166022885,53719.83626898139
390,394,2022-02-02 12:00:00,2022-02-02 20:00:00,935.2455739759288,960.0674818962319,1,0.02654052434033982,1803.0457922463947,4,-0.09829547492113955,2.654052434033982,1.0,27.000759049826804,Bearish,28800.0,12,Wednesday,London,2022,2,69738.62118349387,23458.457452475242,53719.83626898139
394,403,2022-02-02 20:00:00,2022-02-03 14:00:00,960.0674818962319,940.4816584128989,-1,0.020400465438792925,1422.700331202939,9,-1.07043482640512,2.0400465438792925,1.0,1.905811071871096,Bearish,64800.0,20,Wednesday,NY,2022,2,71161.3215146968,24881.15778367818,53719.83626898139
403,406,2022-02-03 14:00:00,2022-02-03 20:00:00,940.4816584128989,962.9114096350429,1,0.023849217070320172,1697.1418038148495,3,-0.3063943446288575,2.3849217070320172,1.0,7.783830703275308,Sideways,21600.0,14,Thursday,NY_overlap,2022,2,72858.46331851165,26578.299587493028,53719.83626898139
406,408,2022-02-03 20:00:00,2022-02-04 00:00:00,962.9114096350429,940.7550109500307,-1,0.023009799721253388,1676.45864895724,2,-0.0,2.300979972125339,1.0,2.300979972125339,Sideways,14400.0,20,Thursday,NY,2022,2,74534.9219674689,28254.758236450267,53719.83626898139
408,409,2022-02-04 00:00:00,2022-02-04 02:00:00,940.7550109500307,958.150575763283,1,0.018491067930305416,1378.230305280481,1,0.0,1.8491067930305416,1.0,1.8491067930305416,Sideways,7200.0,0,Friday,Asia,2022,2,75913.15227274937,29632.98854173075,53719.83626898139
409,414,2022-02-04 02:00:00,2022-02-04 12:00:00,958.150575763283,945.2158331967448,-1,0.01349969711830945,1024.8045629782214,5,-1.3714528710332186,1.349969711830945,1.0,0.9843354739663138,Sideways,36000.0,2,Friday,Asia,2022,2,76937.9568357276,30657.79310470897,53719.83626898139
414,427,2022-02-04 12:00:00,2022-02-05 14:00:00,945.2158331967448,941.0025858294374,1,-0.004457444764819574,-342.9466929133284,13,-3.659694761326282,0.0,0.0,0.0,Bearish,93600.0,12,Friday,London,2022,2,76595.01014281427,30657.79310470897,54062.782961894714
427,428,2022-02-05 14:00:00,2022-02-05 16:00:00,941.0025858294374,912.143545731647,-1,0.03066839616848971,2349.046115589316,1,-0.0,3.066839616848971,1.0,3.066839616848971,Sideways,7200.0,14,Saturday,NY_overlap,2022,2,78944.05625840358,33006.83922029829,54062.782961894714
428,429,2022-02-05 16:00:00,2022-02-05 18:00:00,912.143545731647,937.0183237511958,1,0.027270683584781796,2152.8583791221376,1,0.0,2.7270683584781796,1.0,2.7270683584781796,Bearish,7200.0,16,Saturday,NY,2022,2,81096.91463752573,35159.697599420426,54062.782961894714
429,442,2022-02-05 18:00:00,2022-02-06 20:00:00,937.0183237511958,941.0205302519319,-1,-0.004271214766338627,-346.382339304303,13,-3.5935830272263436,-0.0,0.0,-0.0,Sideways,93600.0,18,Saturday,NY,2022,2,80750.53229822143,35159.697599420426,54409.16530119902
442,463,2022-02-06 20:00:00,2022-02-08 14:00:00,941.0205302519319,922.8260408589305,1,-0.019334848505515922,-1561.2993087258817,21,-6.541013402948814,0.3085059095414566,-6.267253853987432,0.047164849012903146,Sideways,151200.0,20,Sunday,NY,2022,2,79189.23298949555,35159.697599420426,55970.4646099249
463,497,2022-02-08 14:00:00,2022-02-11 10:00:00,922.8260408589305,971.3749795418958,-1,-0.052608982119509484,-4166.064942402042,34,-11.472907122540255,0.5252590294882453,-10.015816800096877,0.045782557452791965,Sideways,244800.0,14,Tuesday,NY_overlap,2022,2,75023.1680470935,35159.697599420426,60136.529552326945
497,529,2022-02-11 10:00:00,2022-02-14 02:00:00,971.3749795418958,945.5219144538323,1,-0.02661491765029389,-1996.7354394375536,32,-6.522287223230283,2.7527130701390012,-0.9668613099929787,0.4220472015299672,Sideways,230400.0,10,Friday,London,2022,2,73026.43260765595,35159.697599420426,62133.264991764496
529,532,2022-02-14 02:00:00,2022-02-14 08:00:00,945.5219144538323,921.7110650770953,-1,0.025182757811056167,1839.0069661640148,3,-0.0,2.5182757811056167,1.0,2.5182757811056167,Bearish,21600.0,2,Monday,Asia,2022,2,74865.43957381997,36998.70456558444,62133.264991764496
532,551,2022-02-14 08:00:00,2022-02-15 22:00:00,921.7110650770953,928.8290629330389,1,0.0077225913039769,578.1551926211902,19,-3.3023502841373675,0.77225913039769,1.0,0.23385136764781989,Bearish,136800.0,8,Monday,London,2022,2,75443.59476644115,37576.85975820563,62133.264991764496
551,583,2022-02-15 22:00:00,2022-02-18 14:00:00,928.8290629330389,943.3263314985477,-1,-0.015608112562423004,-1177.5321192284405,32,-4.702545889148024,1.2178467601549503,-1.2816154768467862,0.25897605017855374,Bearish,230400.0,22,Tuesday,Late,2022,2,74266.06264721272,37576.85975820563,63310.797110992935
583,594,2022-02-18 14:00:00,2022-02-19 12:00:00,943.3263314985477,961.9036309668586,1,0.01969339649281232,1462.5510176715989,11,-1.8552590085219478,1.969339649281232,1.0,1.0614904119776625,Bullish,79200.0,14,Friday,NY_overlap,2022,2,75728.61366488431,39039.41077587723,63310.797110992935
594,608,2022-02-19 12:00:00,2022-02-20 16:00:00,961.9036309668586,959.2253357071621,-1,0.0027843696327504164,210.8564522187921,14,-4.912755584236028,0.27843696327504164,1.0,0.05667633133805511,Bullish,100800.0,12,Saturday,London,2022,2,75939.4701171031,39250.267228096025,63310.797110992935
608,621,2022-02-20 16:00:00,2022-02-21 18:00:00,959.2253357071621,971.7328351076834,1,0.013039167060053147,990.1874373088211,13,-2.6166803868189037,1.3039167060053147,1.0,0.49830950412346126,Sideways,93600.0,16,Sunday,NY,2022,2,76929.65755441193,40240.454665404846,63310.797110992935
621,626,2022-02-21 18:00:00,2022-02-22 04:00:00,971.7328351076834,944.9344578471629,-1,0.027577927072466202,2121.560485745371,5,-0.13862217637949925,2.75779270724662,1.0,19.89431113602447,Sideways,36000.0,18,Monday,NY,2022,2,79051.2180401573,42362.01515115022,63310.797110992935
626,639,2022-02-22 04:00:00,2022-02-23 06:00:00,944.9344578471629,954.5462650509708,1,0.010171930046562583,804.1034600000461,13,-0.6059262168840673,1.9865860247963996,0.5120306857894603,3.278593943355476,Sideways,93600.0,4,Tuesday,Asia,2022,2,79855.32150015734,43166.11861115027,63310.797110992935
639,641,2022-02-23 06:00:00,2022-02-23 10:00:00,954.5462650509708,937.9012936698525,-1,0.017437574259671407,1392.4830986889283,2,-0.0,1.7437574259671407,1.0,1.7437574259671407,Bullish,14400.0,6,Wednesday,Asia,2022,2,81247.80459884627,44558.6017098392,63310.797110992935
641,644,2022-02-23 10:00:00,2022-02-23 16:00:00,937.9012936698525,960.4505984536632,1,0.02404230054484624,1953.3841367744026,3,0.0,2.404230054484624,1.0,2.404230054484624,Sideways,21600.0,10,Wednesday,London,2022,2,83201.18873562067,46511.9858466136,63310.797110992935
644,663,2022-02-23 16:00:00,2022-02-25 06:00:00,960.4505984536632,1001.862749532144,-1,-0.04311741920423051,-3587.420533004058,19,-10.11531554815559,-0.0,0.0,-0.0,Sideways,136800.0,16,Wednesday,NY,2022,2,79613.76820261661,46511.9858466136,66898.21764399699
663,666,2022-02-25 06:00:00,2022-02-25 12:00:00,1001.862749532144,1024.614862426941,1,0.02270981020645979,1808.0135657025066,3,0.0,2.270981020645979,1.0,2.270981020645979,Bullish,21600.0,6,Friday,Asia,2022,2,81421.78176831912,48319.99941231611,66898.21764399699
666,668,2022-02-25 12:00:00,2022-02-25 16:00:00,1024.614862426941,1001.401341778981,-1,0.02265585001663517,1844.679675830238,2,-0.0,2.265585001663517,1.0,2.265585001663517,Bullish,14400.0,12,Friday,London,2022,2,83266.46144414936,50164.679088146346,66898.21764399699
668,671,2022-02-25 16:00:00,2022-02-25 22:00:00,1001.401341778981,1029.538623819359,1,0.02809790726901995,2339.613312277134,3,-0.5831157577154245,2.809790726901995,1.0,4.818581370379028,Bullish,21600.0,16,Friday,NY,2022,2,85606.07475642649,52504.29240042348,66898.21764399699
671,678,2022-02-25 22:00:00,2022-02-26 12:00:00,1029.538623819359,1012.825424793846,-1,0.016233678503008164,1389.7014955003106,7,-1.4589269111464187,1.6233678503008164,1.0,1.1127136238957855,Bullish,50400.0,22,Friday,Late,2022,2,86995.7762519268,53893.99389592379,66898.21764399699
678,683,2022-02-26 12:00:00,2022-02-26 22:00:00,1012.825424793846,1033.861770806093,1,0.020769962421242516,1806.8990035593417,5,-2.0137021533874644,2.0769962421242516,1.0,1.0314317033580729,Bullish,36000.0,12,Saturday,London,2022,2,88802.67525548615,55700.89289948314,66898.21764399699
683,698,2022-02-26 22:00:00,2022-02-28 04:00:00,1033.861770806093,1026.199472462393,-1,0.007411337337413948,658.1465827832302,15,-1.3481462558974977,1.3771325126596068,0.5381716914881849,1.021500825029412,Bullish,108000.0,22,Saturday,Late,2022,2,89460.82183826937,56359.039482266366,66898.21764399699
698,701,2022-02-28 04:00:00,2022-02-28 10:00:00,1026.199472462393,1045.05017501715,1,0.018369433098152088,1643.3445816637925,3,-0.6720510212668063,1.8369433098152088,1.0,2.7333390645736952,Bullish,21600.0,4,Monday,Asia,2022,2,91104.16641993317,58002.384063930156,66898.21764399699
701,704,2022-02-28 10:00:00,2022-02-28 16:00:00,1045.05017501715,1016.797484897043,-1,0.027034769043164264,2462.9800980328946,3,-0.8157639542398343,2.7034769043164264,1.0,3.3140431006609608,Bullish,21600.0,10,Monday,London,2022,2,93567.14651796606,60465.36416196305,66898.21764399699
704,709,2022-02-28 16:00:00,2022-03-01 02:00:00,1016.797484897043,1047.626510262237,1,0.030319730155819125,2836.930633874722,5,0.0,3.0319730155819125,1.0,3.0319730155819125,Sideways,36000.0,16,Monday,NY,2022,2,96404.07715184079,63302.29479583777,66898.21764399699
709,712,2022-03-01 02:00:00,2022-03-01 08:00:00,1047.626510262237,1021.766312555152,-1,0.02468455833616856,2379.6920662991083,3,-0.7538966178219475,2.468455833616856,1.0,3.2742630425221604,Bullish,21600.0,2,Tuesday,Asia,2022,3,98783.76921813989,65681.98686213688,66898.21764399699
712,728,2022-03-01 08:00:00,2022-03-02 16:00:00,1021.766312555152,1012.073992826484,1,-0.009485847800589808,-937.0477999718635,16,-4.979191037168174,0.4958919229373526,-1.9128861273645268,0.09959286945121558,Sideways,115200.0,8,Tuesday,London,2022,3,97846.72141816803,65681.98686213688,67835.26544396885
728,730,2022-03-02 16:00:00,2022-03-02 20:00:00,1012.073992826484,990.2833997430953,-1,0.02153063238245323,2106.7017886828885,2,-0.28063420099888603,2.153063238245323,1.0,7.6721341539332535,Sideways,14400.0,16,Wednesday,NY,2022,3,99953.42320685092,67788.68865081976,67835.26544396885
730,733,2022-03-02 20:00:00,2022-03-03 02:00:00,990.2833997430953,1019.787946710911,1,0.029794043781275148,2978.0166671132397,3,-0.38786889556895465,2.979404378127515,1.0,7.681472817656866,Sideways,21600.0,20,Wednesday,NY,2022,3,102931.43987396416,70766.70531793301,67835.26544396885
733,750,2022-03-03 02:00:00,2022-03-04 12:00:00,1019.787946710911,1040.316894429914,-1,-0.020130604392035067,-2072.0720956053165,17,-5.899827535699398,-0.0,0.0,-0.0,Sideways,122400.0,2,Thursday,Asia,2022,3,100859.36777835884,70766.70531793301,69907.33753957416
750,755,2022-03-04 12:00:00,2022-03-04 22:00:00,1040.316894429914,1056.748556897415,1,0.01579486265721508,1593.059861752722,5,-0.56732090176419,1.579486265721508,1.0,2.7841143536397146,Sideways,36000.0,12,Friday,London,2022,3,102452.42764011156,72359.76517968574,69907.33753957416
755,757,2022-03-04 22:00:00,2022-03-05 02:00:00,1056.748556897415,1038.566172777313,-1,0.01720597014438785,1762.7934111958164,2,-0.0,1.720597014438785,1.0,1.720597014438785,Sideways,14400.0,22,Friday,Late,2022,3,104215.22105130738,74122.55859088156,69907.33753957416
757,762,2022-03-05 02:00:00,2022-03-05 12:00:00,1038.566172777313,1067.15386788898,1,0.027526118085685614,2868.6404809841165,5,0.0,2.7526118085685614,1.0,2.7526118085685614,Sideways,36000.0,2,Saturday,Asia,2022,3,107083.8615322915,76991.19907186567,69907.33753957416
762,766,2022-03-05 12:00:00,2022-03-05 20:00:00,1067.15386788898,1037.704906763435,-1,0.027595796643458903,2955.064466641428,4,-1.7306943448562206,2.7595796643458903,1.0,1.59449279565026,Bullish,28800.0,12,Saturday,London,2022,3,110038.92599893293,79946.2635385071,69907.33753957416
766,834,2022-03-05 20:00:00,2022-03-11 12:00:00,1037.704906763435,874.1916823633957,1,-0.15757198730998712,-17339.052251108475,68,-19.609928083387718,0.0,0.0,0.0,Sideways,489600.0,20,Saturday,NY,2022,3,92699.87374782446,79946.2635385071,87246.38979068263
834,846,2022-03-11 12:00:00,2022-03-12 12:00:00,874.1916823633957,862.1890871382749,-1,0.013729935284526484,1272.7632674414056,12,-3.940027089678799,1.3729935284526484,1.0,0.3484731188903014,Bearish,86400.0,12,Friday,London,2022,3,93972.63701526585,81219.02680594851,87246.38979068263
846,857,2022-03-12 12:00:00,2022-03-13 10:00:00,862.1890871382749,879.8400875709573,1,0.02047230786841503,1923.836756183337,11,-2.045325828979716,2.047230786841503,1.0,1.0009313713418155,Bearish,79200.0,12,Saturday,London,2022,3,95896.4737714492,83142.86356213185,87246.38979068263
857,887,2022-03-13 10:00:00,2022-03-15 22:00:00,879.8400875709573,914.3000990840178,-1,-0.039166221225719555,-3755.9025064989933,30,-7.049419886296415,0.993410008598905,-3.9426038480283863,0.14092081683629393,Sideways,216000.0,10,Sunday,London,2022,3,92140.5712649502,83142.86356213185,91002.29229718163
887,889,2022-03-15 22:00:00,2022-03-16 02:00:00,914.3000990840178,932.9828794669727,1,0.020433969548589115,1882.797627417598,2,-0.9579062480324141,2.0433969548589115,1.0,2.1331909662935677,Bullish,14400.0,22,Tuesday,Late,2022,3,94023.3688923678,85025.66118954946,91002.29229718163
889,908,2022-03-16 02:00:00,2022-03-17 16:00:00,932.9828794669727,933.584564753048,-1,-0.0006449049594769996,-60.636136905423456,19,-4.060952783497185,1.7567321931021618,-0.03671048791666878,0.43259113975447666,Bullish,136800.0,2,Wednesday,Asia,2022,3,93962.73275546238,85025.66118954946,91062.92843408705
908,941,2022-03-17 16:00:00,2022-03-20 10:00:00,933.584564753048,864.5374438248928,1,-0.07395915007058795,-6949.403852903794,33,-10.816941037781158,1.1197671857111846,-6.604868495375237,0.10351976421061075,Bullish,237600.0,16,Thursday,NY,2022,3,87013.32890255858,85025.66118954946,98012.33228699084
941,971,2022-03-20 10:00:00,2022-03-22 22:00:00,864.5374438248928,896.1815530253967,-1,-0.03660235820498858,-3184.8930330999365,30,-7.904944172422468,-0.0,0.0,-0.0,Bearish,216000.0,10,Sunday,London,2022,3,83828.43586945864,85025.66118954946,101197.22532009079
971,1006,2022-03-22 22:00:00,2022-03-25 20:00:00,896.1815530253967,803.1981963271256,1,-0.10375504425902426,-8697.623073800461,35,-13.599017205018683,0.0,0.0,0.0,Sideways,252000.0,22,Tuesday,Late,2022,3,75130.81279565819,85025.66118954946,109894.84839389125
1006,1007,2022-03-25 20:00:00,2022-03-25 22:00:00,803.1981963271256,792.7637837695355,-1,0.012991080663906751,976.0304493732732,1,-0.0,1.299108066390675,1.0,1.299108066390675,Bearish,7200.0,20,Friday,NY,2022,3,76106.84324503146,86001.69163892273,109894.84839389125
1007,1008,2022-03-25 22:00:00,2022-03-26 00:00:00,792.7637837695355,804.3573140489365,1,0.014624192624282717,1113.0011356414302,1,0.0,1.4624192624282717,1.0,1.4624192624282717,Bearish,7200.0,22,Friday,Late,2022,3,77219.84438067288,87114.69277456416,109894.84839389125
1008,1011,2022-03-26 00:00:00,2022-03-26 06:00:00,804.3573140489365,779.8997107662849,-1,0.030406391358012264,2347.9768088435444,3,-0.04670308703713655,3.0406391358012264,1.0,65.10574201194503,Bearish,21600.0,0,Saturday,Asia,2022,3,79567.82118951643,89462.6695834077,109894.84839389125
1011,1014,2022-03-26 06:00:00,2022-03-26 12:00:00,779.8997107662849,803.1019526524524,1,0.029750289128034568,2367.1656856758696,3,0.0,2.975028912803457,1.0,2.975028912803457,Bearish,21600.0,6,Saturday,Asia,2022,3,81934.98687519229,91829.83526908356,109894.84839389125
1014,1021,2022-03-26 12:00:00,2022-03-27 02:00:00,803.1019526524524,793.1825850018121,-1,0.012351318058534178,1012.0050830173235,7,-3.5853610543526315,1.2351318058534178,1.0,0.3444930056218373,Bearish,50400.0,12,Saturday,London,2022,3,82946.99195820962,92841.84035210089,109894.84839389125
1021,1046,2022-03-27 02:00:00,2022-03-29 04:00:00,793.1825850018121,765.3778263791176,1,-0.035054676121804906,-2907.679938372995,25,-6.1190031170541666,0.7299949066395195,-4.802043932494907,0.11929964614741957,Bearish,180000.0,2,Sunday,Asia,2022,3,80039.31201983662,92841.84035210089,112802.52833226425
1046,1047,2022-03-29 04:00:00,2022-03-29 06:00:00,765.3778263791176,755.0923987699572,-1,0.013438366326627316,1075.5975954537896,1,-0.0,1.3438366326627316,1.0,1.3438366326627316,Sideways,7200.0,4,Tuesday,Asia,2022,3,81114.90961529041,93917.43794755467,112802.52833226425
1047,1048,2022-03-29 06:00:00,2022-03-29 08:00:00,755.0923987699572,763.737660533102,1,0.011449276641147366,928.7070399071245,1,0.0,1.1449276641147366,1.0,1.1449276641147366,Bearish,7200.0,6,Tuesday,Asia,2022,3,82043.61665519755,94846.1449874618,112802.52833226425
1048,1049,2022-03-29 08:00:00,2022-03-29 10:00:00,763.737660533102,752.2170243172417,-1,0.015084546449914193,1237.5907463542812,1,-0.0,1.5084546449914193,1.0,1.5084546449914193,Bearish,7200.0,8,Tuesday,London,2022,3,83281.20740155183,96083.73573381608,112802.52833226425
1049,1073,2022-03-29 10:00:00,2022-03-31 10:00:00,752.2170243172417,732.7061420098163,1,-0.02593783665709326,-2160.134354186958,24,-6.729873382851437,0.8224455947830167,-3.153744979804574,0.12220818253114708,Bearish,172800.0,10,Tuesday,London,2022,3,81121.07304736486,96083.73573381608,114962.6626864512
1073,1081,2022-03-31 10:00:00,2022-04-01 02:00:00,732.7061420098163,716.6634499394974,-1,0.021895124321346326,1776.1559794530706,8,-0.7784785915518011,2.2300782467047586,0.9818096900276627,2.864662266767507,Bearish,57600.0,10,Thursday,London,2022,3,82897.22902681793,97859.89171326916,114962.6626864512
1081,1083,2022-04-01 02:00:00,2022-04-01 06:00:00,716.6634499394974,732.7226224663611,1,0.02240824829035093,1857.5816906150228,2,0.0,2.240824829035093,1.0,2.240824829035093,Bearish,14400.0,2,Friday,Asia,2022,4,84754.81071743296,99717.47340388419,114962.6626864512
1083,1086,2022-04-01 06:00:00,2022-04-01 12:00:00,732.7226224663611,702.2695995365422,-1,0.041561461317126236,3522.533787072947,3,-0.0,4.156146131712624,1.0,4.156146131712624,Bearish,21600.0,6,Friday,Asia,2022,4,88277.3445045059,103240.00719095713,114962.6626864512
1086,1097,2022-04-01 12:00:00,2022-04-02 10:00:00,702.2695995365422,712.7330365031773,1,0.014899458802631438,1315.2846576505888,11,-4.544366501809305,1.4899458802631438,1.0,0.3278665749494309,Bearish,79200.0,12,Friday,London,2022,4,89592.62916215649,104555.29184860771,114962.6626864512
1097,1102,2022-04-02 10:00:00,2022-04-02 20:00:00,712.7330365031773,703.5825029241723,-1,0.01283865502278314,1150.2488583970678,5,-1.355127766891484,1.926137137169981,0.6665493736155575,1.4213693972106634,Bearish,36000.0,10,Saturday,London,2022,4,90742.87802055356,105705.54070700478,114962.6626864512
1102,1126,2022-04-02 20:00:00,2022-04-04 20:00:00,703.5825029241723,684.7381881816862,1,-0.026783376027924133,-2430.400623880538,24,-6.348643267381815,0.0,0.0,0.0,Bearish,172800.0,20,Saturday,NY,2022,4,88312.47739667303,105705.54070700478,117393.06331033175
1126,1137,2022-04-04 20:00:00,2022-04-05 18:00:00,684.7381881816862,674.5342439035568,-1,0.01490196465487903,1316.0294167500247,11,-1.4643191092942098,1.490196465487903,1.0,1.0176719377828551,Bearish,79200.0,20,Monday,NY,2022,4,89628.50681342305,107021.5701237548,117393.06331033175
1137,1165,2022-04-05 18:00:00,2022-04-08 02:00:00,674.5342439035568,667.0285050486881,1,-0.011127291049647381,-997.3224816582616,28,-4.405583812870129,0.38188916354722213,-2.91374883389993,0.08668298681132815,Bearish,201600.0,18,Tuesday,NY,2022,4,88631.18433176479,107021.5701237548,118390.38579199002
1165,1173,2022-04-08 02:00:00,2022-04-08 18:00:00,667.0285050486881,654.3129730980619,-1,0.019062951364721803,1689.5719563141251,8,-2.4024488599270644,1.9062951364721803,1.0,0.7934800062841102,Sideways,57600.0,2,Friday,Asia,2022,4,90320.7562880789,108711.14208006894,118390.38579199002
1173,1190,2022-04-08 18:00:00,2022-04-10 04:00:00,654.3129730980619,637.718478061271,1,-0.025361708722079546,-2290.6887125361923,17,-8.97445322043855,1.1208684024918814,-2.2626838856101346,0.12489545323376353,Sideways,122400.0,18,Friday,NY,2022,4,88030.06757554272,108711.14208006894,120681.07450452622
1190,1216,2022-04-10 04:00:00,2022-04-12 08:00:00,637.718478061271,642.9201845493916,-1,-0.008156744185826792,-718.0387418747476,26,-6.193628398802042,1.5291051920830134,-0.533432508636984,0.24688358642549002,Bearish,187200.0,4,Sunday,Asia,2022,4,87312.02883366798,108711.14208006894,121399.11324640096
1216,1230,2022-04-12 08:00:00,2022-04-13 12:00:00,642.9201845493916,658.0466284208443,1,0.023527716557933953,2054.2526664966967,14,-1.0779529732035886,2.3527716557933953,1.0,2.182629218787856,Bearish,100800.0,8,Tuesday,London,2022,4,89366.28150016467,110765.39474656564,121399.11324640096
1230,1231,2022-04-13 12:00:00,2022-04-13 14:00:00,658.0466284208443,640.952470156833,-1,0.025977123087817078,2321.478894430288,1,-0.0,2.597712308781708,1.0,2.597712308781708,Sideways,7200.0,12,Wednesday,London,2022,4,91687.76039459495,113086.87364099592,121399.11324640096
1231,1241,2022-04-13 14:00:00,2022-04-14 10:00:00,640.952470156833,644.8425051549619,1,0.006069147369347272,556.466529800199,10,-3.0114956005065197,1.3860203667064086,0.43788298607540294,0.4602431982544774,Sideways,72000.0,14,Wednesday,NY_overlap,2022,4,92244.22692439516,113643.34017079612,121399.11324640096
1241,1248,2022-04-14 10:00:00,2022-04-15 00:00:00,644.8425051549619,638.0180925885539,-1,0.010583068752218816,976.226995536148,7,-1.6928006255690242,1.5766413378511368,0.6712413596007114,0.9313804083225447,Sideways,50400.0,10,Thursday,London,2022,4,93220.4539199313,114619.56716633227,121399.11324640096
1248,1257,2022-04-15 00:00:00,2022-04-15 18:00:00,638.0180925885539,660.8227664029008,1,0.035742989233775724,3331.977680827791,9,-1.0348376841307405,3.5742989233775724,1.0,3.4539705870684148,Sideways,64800.0,0,Friday,Asia,2022,4,96552.4316007591,117951.54484716007,121399.11324640096
1257,1261,2022-04-15 18:00:00,2022-04-16 02:00:00,660.8227664029008,637.7256187812487,-1,0.03495210636791202,3374.710859390282,4,-0.0,3.4952106367912017,1.0,3.4952106367912017,Sideways,28800.0,18,Friday,NY,2022,4,99927.14246014938,121326.25570655035,121399.11324640096
1261,1263,2022-04-16 02:00:00,2022-04-16 06:00:00,637.7256187812487,651.4057005134011,1,0.021451359847039386,2143.5730913990333,2,0.0,2.1451359847039386,1.0,2.1451359847039386,Bearish,14400.0,2,Saturday,Asia,2022,4,102070.71555154842,123469.82879794938,121399.11324640096
1263,1269,2022-04-16 06:00:00,2022-04-16 18:00:00,651.4057005134011,639.8351251831449,-1,0.017762471714842132,1813.0281978980756,6,-2.4783303628208353,1.7762471714842132,1.0,0.7167112174110997,Bearish,43200.0,6,Saturday,Asia,2022,4,103883.74374944648,125282.85699584745,121399.11324640096
1269,1288,2022-04-16 18:00:00,2022-04-18 08:00:00,639.8351251831449,641.9316629782721,1,0.0032766844341769463,340.394246107838,19,-5.855817203510039,0.6058255246317756,0.5408627238293624,0.10345704170352814,Sideways,136800.0,18,Saturday,NY,2022,4,104224.13799555432,125623.2512419553,121399.11324640096
1288,1308,2022-04-18 08:00:00,2022-04-20 00:00:00,641.9316629782721,645.133854657292,-1,-0.004988368487952588,-519.9084056610453,20,-5.848066246029071,2.7803755574527522,-0.179413477959168,0.4754350310823977,Sideways,144000.0,8,Monday,London,2022,4,103704.22958989328,125623.2512419553,121919.021652062
1308,1314,2022-04-20 00:00:00,2022-04-20 12:00:00,645.133854657292,665.7719672275609,1,0.03199043488615594,3317.543404114447,6,-0.6144393177443419,3.199043488615594,1.0,5.206443331718337,Sideways,43200.0,0,Wednesday,Asia,2022,4,107021.77299400773,128940.79464606974,121919.021652062
1314,1329,2022-04-20 12:00:00,2022-04-21 18:00:00,665.7719672275609,667.5585139435054,-1,-0.0026834213572917154,-287.1845113473461,15,-3.5960725149178474,1.04783715480955,-0.2560914494179624,0.29138376672403893,Sideways,108000.0,12,Wednesday,London,2022,4,106734.58848266039,128940.79464606974,122206.20616340934
1329,1332,2022-04-21 18:00:00,2022-04-22 00:00:00,667.5585139435054,690.889694037697,1,0.03495001502769557,3730.3754714438833,3,0.0,3.495001502769557,1.0,3.495001502769557,Bullish,21600.0,18,Thursday,NY,2022,4,110464.96395410427,132671.17011751363,122206.20616340934
1332,1336,2022-04-22 00:00:00,2022-04-22 08:00:00,690.889694037697,665.0831185452331,-1,0.03735267107784623,4126.161464203798,4,-0.0,3.7352671077846233,1.0,3.7352671077846233,Bullish,28800.0,0,Friday,Asia,2022,4,114591.12541830806,136797.33158171742,122206.20616340934
1336,1338,2022-04-22 08:00:00,2022-04-22 12:00:00,665.0831185452331,685.0265884026684,1,0.029986432223777504,3436.1790158024833,2,0.0,2.9986432223777504,1.0,2.9986432223777504,Bullish,14400.0,8,Friday,London,2022,4,118027.30443411056,140233.5105975199,122206.20616340934
1338,1340,2022-04-22 12:00:00,2022-04-22 16:00:00,685.0265884026684,663.2325184902688,-1,0.03181492555379284,3755.029903886071,2,-0.0,3.181492555379284,1.0,3.181492555379284,Bullish,14400.0,12,Friday,London,2022,4,121782.33433799662,143988.54050140598,122206.20616340934
1340,1348,2022-04-22 16:00:00,2022-04-23 08:00:00,663.2325184902688,681.0574701058115,1,0.02687587100843314,3273.0063087738754,8,-1.3547392270061298,2.687587100843314,1.0,1.9838409099459502,Bullish,57600.0,16,Friday,NY,2022,4,125055.34064677049,147261.54681017986,122206.20616340934
1348,1359,2022-04-23 08:00:00,2022-04-24 06:00:00,681.0574701058115,677.802358152666,-1,0.004779496732690958,597.7015920267944,11,-3.288671992875325,0.47794967326909576,1.0,0.14533212017025107,Sideways,79200.0,8,Saturday,London,2022,4,125653.0422387973,147859.24840220666,122206.20616340934
1359,1360,2022-04-24 06:00:00,2022-04-24 08:00:00,677.802358152666,698.5815019377867,1,0.030656641327943657,3852.1002476797635,1,0.0,3.0656641327943657,1.0,3.0656641327943657,Bullish,7200.0,6,Sunday,Asia,2022,4,129505.14248647705,151711.34864988644,122206.20616340934
1360,1367,2022-04-24 08:00:00,2022-04-24 22:00:00,698.5815019377867,674.0355513221417,-1,0.035136845947906226,4550.40224100899,7,-1.1618464795143613,3.5136845947906226,1.0,3.0242245053402437,Bullish,50400.0,8,Sunday,London,2022,4,134055.54472748603,156261.75089089543,122206.20616340934
1367,1420,2022-04-24 22:00:00,2022-04-29 08:00:00,674.0355513221417,602.4542477070648,1,-0.10619811295512216,-14236.445881229996,53,-15.032600452025513,2.7699875422247944,-3.8338841361656852,0.18426536054522508,Sideways,381600.0,22,Sunday,Late,2022,4,119819.09884625605,156261.75089089543,136442.65204463934
1420,1428,2022-04-29 08:00:00,2022-04-30 00:00:00,602.4542477070648,595.0634348342877,-1,0.012267840920545448,1469.92164388898,8,-1.4483564461197584,1.2267840920545448,1.0,0.8470180771737368,Bearish,57600.0,8,Friday,London,2022,4,121289.02049014502,157731.67253478442,136442.65204463934
1428,1432,2022-04-30 00:00:00,2022-04-30 08:00:00,595.0634348342877,608.4605425592816,1,0.022513747175080034,2730.6703424282273,4,-1.5463029867485933,2.2513747175080034,1.0,1.4559725595835278,Bearish,28800.0,0,Saturday,Asia,2022,4,124019.69083257325,160462.34287721265,136442.65204463934
1432,1496,2022-04-30 08:00:00,2022-05-05 16:00:00,608.4605425592816,719.4327219986656,-1,-0.1823818829280488,-22618.944734199187,64,-23.850248186995838,1.3832434589914344,-13.18508912820228,0.05799702578129301,Bearish,460800.0,8,Saturday,London,2022,4,101400.74609837407,160462.34287721265,159061.59677883852
1496,1498,2022-05-05 16:00:00,2022-05-05 20:00:00,719.4327219986656,731.9319575483707,1,0.01737373790141339,1761.7099857209178,2,0.0,1.7373737901413389,1.0,1.7373737901413389,Bullish,14400.0,16,Thursday,NY,2022,5,103162.45608409499,162224.05286293357,159061.59677883852
1498,1514,2022-05-05 20:00:00,2022-05-07 04:00:00,731.9319575483707,741.1616887561196,-1,-0.012610094575818298,-1300.8883278941398,16,-4.1044144514121195,0.6109310987775562,-2.064078027956097,0.1488473218310997,Bullish,115200.0,20,Thursday,NY,2022,5,101861.56775620085,162224.05286293357,160362.48510673267
1514,1535,2022-05-07 04:00:00,2022-05-08 22:00:00,741.1616887561196,730.5069657558893,1,-0.014375706626326035,-1464.3320145607752,21,-3.821956096193657,0.0010092980788689587,-1424.3271563972223,0.0002640789306486628,Bullish,151200.0,4,Saturday,Asia,2022,5,100397.23574164008,162224.05286293357,161826.81712129345
1535,1542,2022-05-08 22:00:00,2022-05-09 12:00:00,730.5069657558893,717.1363601998197,-1,0.018303186941187266,1837.5893741576863,7,-1.2711874777308507,1.8303186941187266,1.0,1.4398495313893118,Sideways,50400.0,22,Sunday,Late,2022,5,102234.82511579775,164061.64223709126,161826.81712129345
1542,1556,2022-05-09 12:00:00,2022-05-10 16:00:00,717.1363601998197,705.2461289271233,1,-0.01658015397432,-1695.0691419576046,14,-4.806874044161946,0.0,0.0,0.0,Bearish,100800.0,12,Monday,London,2022,5,100539.75597384015,164061.64223709126,163521.88626325107
1556,1561,2022-05-10 16:00:00,2022-05-11 02:00:00,705.2461289271233,683.6756326310594,-1,0.030585770571869175,3075.085909567589,5,-0.0,3.0585770571869175,1.0,3.0585770571869175,Bearish,36000.0,16,Tuesday,NY,2022,5,103614.84188340775,167136.72814665886,163521.88626325107
1561,1574,2022-05-11 02:00:00,2022-05-12 04:00:00,683.6756326310594,681.5328443246849,1,-0.0031342177548850936,-324.7514771005882,13,-2.538336244611261,0.9264765670503605,-0.3382943364518713,0.36499363274554975,Bearish,93600.0,2,Wednesday,Asia,2022,5,103290.09040630715,167136.72814665886,163846.63774035167
1574,1575,2022-05-12 04:00:00,2022-05-12 06:00:00,681.5328443246849,667.509235278999,-1,0.020576571125609622,2125.3558918160275,1,-0.0,2.057657112560962,1.0,2.057657112560962,Bearish,7200.0,4,Thursday,Asia,2022,5,105415.44629812318,169262.0840384749,163846.63774035167
1575,1584,2022-05-12 06:00:00,2022-05-13 00:00:00,667.509235278999,676.2232850459579,1,0.013054575586983086,1376.1539117344055,9,-1.0284209655156085,1.3054575586983086,1.0,1.2693805381960541,Bearish,64800.0,6,Thursday,Asia,2022,5,106791.60020985758,170638.2379502093,163846.63774035167
1584,1591,2022-05-13 00:00:00,2022-05-13 14:00:00,676.2232850459579,658.5816582591059,-1,0.02608846393932307,2786.028811097476,7,-2.1324385347441632,2.608846393932307,1.0,1.2234098903325719,Bearish,50400.0,0,Friday,Asia,2022,5,109577.62902095506,173424.26676130676,163846.63774035167
1591,1612,2022-05-13 14:00:00,2022-05-15 08:00:00,658.5816582591059,654.6323730192969,1,-0.0059966523365508895,-657.0989451022168,21,-3.9388130404160338,1.2689471536206254,-0.4725691152260307,0.3221648604795403,Bearish,151200.0,14,Friday,NY_overlap,2022,5,108920.53007585285,173424.26676130676,164503.73668545389
1612,1616,2022-05-15 08:00:00,2022-05-15 16:00:00,654.6323730192969,634.665396594201,-1,0.030501052572460163,3322.1908140638166,4,-2.5112040752962805,3.0501052572460163,1.0,1.2145987206898565,Bearish,28800.0,8,Sunday,London,2022,5,112242.72088991666,176746.4575753706,164503.73668545389
1616,1617,2022-05-15 16:00:00,2022-05-15 18:00:00,634.665396594201,652.3411126384686,1,0.027850448660224236,3126.0101356285027,1,0.0,2.7850448660224236,1.0,2.7850448660224236,Bearish,7200.0,16,Sunday,NY,2022,5,115368.73102554516,179872.4677109991,164503.73668545389
1617,1625,2022-05-15 18:00:00,2022-05-16 10:00:00,652.3411126384686,646.7676250628515,-1,0.008543823879311407,985.6901190619077,8,-2.1731763304054574,0.8543823879311407,1.0,0.39314913197666546,Sideways,57600.0,18,Sunday,NY,2022,5,116354.42114460707,180858.157830061,164503.73668545389
1625,1633,2022-05-16 10:00:00,2022-05-17 02:00:00,646.7676250628515,656.6839031760207,1,0.01533205703084728,1783.9526207803383,8,-0.7802707665951591,1.533205703084728,1.0,1.9649662254746838,Bearish,57600.0,10,Monday,London,2022,5,118138.37376538741,182642.11045084134,164503.73668545389
1633,1636,2022-05-17 02:00:00,2022-05-17 08:00:00,656.6839031760207,641.504443689457,-1,0.023115321409812206,2730.8064804194564,3,-0.0,2.3115321409812206,1.0,2.3115321409812206,Sideways,21600.0,2,Tuesday,Asia,2022,5,120869.18024580687,185372.91693126078,164503.73668545389
1636,1641,2022-05-17 08:00:00,2022-05-17 18:00:00,641.504443689457,655.7799751236665,1,0.02225320740119474,2689.726936422331,5,-0.03130975735535779,2.225320740119474,1.0,71.07435279241065,Bearish,36000.0,8,Tuesday,London,2022,5,123558.9071822292,188062.6438676831,164503.73668545389
1641,1664,2022-05-17 18:00:00,2022-05-19 16:00:00,655.7799751236665,663.7150266734881,-1,-0.0121001736113171,-1495.0842281295888,23,-7.824656636866867,1.1447226048965864,-1.0570398068106834,0.14629684828636186,Sideways,165600.0,18,Tuesday,NY,2022,5,122063.82295409961,188062.6438676831,165998.82091358348
1664,1675,2022-05-19 16:00:00,2022-05-20 14:00:00,663.7150266734881,674.692042416018,1,0.016538748259996794,2018.782839490672,11,-1.7402802916886118,1.6538748259996794,1.0,0.9503496844148639,Sideways,79200.0,16,Thursday,NY,2022,5,124082.60579359028,190081.42670717378,165998.82091358348
1675,1685,2022-05-20 14:00:00,2022-05-21 10:00:00,674.692042416018,665.6535142756553,-1,0.013396524002263988,1662.275606777293,10,-2.2798350532757583,1.3396524002263988,1.0,0.5876093528352118,Bullish,72000.0,14,Friday,NY_overlap,2022,5,125744.88140036758,191743.70231395107,165998.82091358348
1685,1698,2022-05-21 10:00:00,2022-05-22 12:00:00,665.6535142756553,670.0223906984647,1,0.006563289052208265,825.3000034662592,13,-3.401159752474703,0.6563289052208265,1.0,0.19297208981238767,Sideways,93600.0,10,Saturday,London,2022,5,126570.18140383383,192569.00231741733,165998.82091358348
1698,1701,2022-05-22 12:00:00,2022-05-22 18:00:00,670.0223906984647,654.4015438149745,-1,0.02331391771431146,2950.8467943344567,3,-0.0,2.331391771431146,1.0,2.331391771431146,Sideways,21600.0,12,Sunday,London,2022,5,129521.0281981683,195519.84911175177,165998.82091358348
1701,1703,2022-05-22 18:00:00,2022-05-22 22:00:00,654.4015438149745,659.7023378030842,1,0.008100216202436838,1049.1483311670816,2,0.0,0.8100216202436838,1.0,0.8100216202436838,Sideways,14400.0,18,Sunday,NY,2022,5,130570.17652933538,196568.99744291886,165998.82091358348
1703,1704,2022-05-22 22:00:00,2022-05-23 00:00:00,659.7023378030842,654.579505907749,-1,0.007765368715222598,1013.9255639619928,1,-0.0,0.7765368715222598,1.0,0.7765368715222598,Sideways,7200.0,22,Sunday,Late,2022,5,131584.10209329738,197582.92300688085,165998.82091358348
1704,1709,2022-05-23 00:00:00,2022-05-23 10:00:00,654.579505907749,664.9375184324325,1,0.015823918150812633,2082.1760614725104,5,-0.3079406353187264,1.5823918150812633,1.0,5.138626194764609,Bearish,36000.0,0,Monday,Asia,2022,5,133666.27815476988,199665.09906835336,165998.82091358348
1709,1722,2022-05-23 10:00:00,2022-05-24 12:00:00,664.9375184324325,667.7372977849856,-1,-0.004210590130563574,-562.8139115876394,13,-6.631805996901274,-0.0,0.0,-0.0,Bearish,93600.0,10,Monday,London,2022,5,133103.46424318224,199665.09906835336,166561.63482517112
1722,1726,2022-05-24 12:00:00,2022-05-24 20:00:00,667.7372977849856,694.834112975119,1,0.04058005338329718,5401.345684490121,4,0.0,4.058005338329718,1.0,4.058005338329718,Sideways,28800.0,12,Tuesday,London,2022,5,138504.80992767235,205066.44475284347,166561.63482517112
1726,1740,2022-05-24 20:00:00,2022-05-26 00:00:00,694.834112975119,687.5393889789973,-1,0.01049851160140558,1454.0943538761426,14,-2.863438478534497,1.1893875595910153,0.882682143154046,0.41537039070584186,Bullish,100800.0,20,Tuesday,NY,2022,5,139958.90428154852,206520.5391067196,166561.63482517112
1740,1755,2022-05-26 00:00:00,2022-05-27 06:00:00,687.5393889789973,679.6108364107165,1,-0.011531779408383791,-1613.9752104139186,15,-4.362453619946416,0.7298422022239848,-1.5800373523542488,0.16730085080719995,Bullish,108000.0,0,Thursday,Asia,2022,5,138344.9290711346,206520.5391067196,168175.61003558504
1755,1756,2022-05-27 06:00:00,2022-05-27 08:00:00,679.6108364107165,665.3915793450559,-1,0.020922646173150983,2894.5420008050173,1,-0.0,2.0922646173150983,1.0,2.0922646173150983,Bullish,7200.0,6,Friday,Asia,2022,5,141239.4710719396,209415.08110752463,168175.61003558504
1756,1766,2022-05-27 08:00:00,2022-05-28 04:00:00,665.3915793450559,684.1149887004839,1,0.02813893342903051,3974.328074044788,10,-0.4480594558919915,2.813893342903051,1.0,6.28017845823873,Sideways,72000.0,8,Friday,London,2022,5,145213.7991459844,213389.4091815694,168175.61003558504
1766,1775,2022-05-28 04:00:00,2022-05-28 22:00:00,684.1149887004839,663.7136187009254,-1,0.02982155096223238,4330.500711651349,9,-1.487272943661,2.982155096223238,1.0,2.0051162155095135,Sideways,64800.0,4,Saturday,Asia,2022,5,149544.29985763575,217719.90989322076,168175.61003558504
1775,1803,2022-05-28 22:00:00,2022-05-31 06:00:00,663.7136187009254,625.3476503558963,1,-0.05780500394149224,-8644.408842698329,28,-8.838812454244316,0.0,0.0,0.0,Bearish,201600.0,22,Saturday,Late,2022,5,140899.89101493743,217719.90989322076,176820.01887828336
1803,1804,2022-05-31 06:00:00,2022-05-31 08:00:00,625.3476503558963,614.1481818564473,-1,0.017909187782308322,2523.4026066932906,1,-0.0,1.7909187782308322,1.0,1.7909187782308322,Bearish,7200.0,6,Tuesday,Asia,2022,5,143423.2936216307,220243.31249991406,176820.01887828336
1804,1814,2022-05-31 08:00:00,2022-06-01 04:00:00,614.1481818564473,618.8980069989279,1,0.007734005054159443,1109.2364777538853,10,-2.3444897056671854,0.7734005054159443,1.0,0.3298801029266422,Bearish,72000.0,8,Tuesday,London,2022,5,144532.5300993846,221352.54897766793,176820.01887828336
1814,1819,2022-06-01 04:00:00,2022-06-01 14:00:00,618.8980069989279,595.9264661330891,-1,0.03711684414242855,5364.591393209719,5,-0.12327218698520159,3.711684414242855,1.0,30.109666300383154,Bearish,36000.0,4,Wednesday,Asia,2022,6,149897.1214925943,226717.14037087766,176820.01887828336
1819,1822,2022-06-01 14:00:00,2022-06-01 20:00:00,595.9264661330891,613.9573965503109,1,0.03025697202915456,4535.433012252208,3,0.0,3.025697202915456,1.0,3.025697202915456,Bearish,21600.0,14,Wednesday,NY_overlap,2022,6,154432.5545048465,231252.57338312987,176820.01887828336
1822,1828,2022-06-01 20:00:00,2022-06-02 08:00:00,613.9573965503109,604.1994441945366,-1,0.015893533347105415,2454.478954901452,6,-1.8244529486042937,1.5893533347105415,1.0,0.8711396673322799,Bearish,43200.0,20,Wednesday,NY,2022,6,156887.03345974797,233707.05233803132,176820.01887828336
1828,1851,2022-06-02 08:00:00,2022-06-04 06:00:00,604.1994441945366,588.7477956366903,1,-0.025573755001454868,-4012.190556604646,23,-5.555356629114017,2.5084428411565884,-1.019507185169241,0.45153587944481643,Bearish,165600.0,8,Thursday,London,2022,6,152874.84290314332,233707.05233803132,180832.209434888
1851,1852,2022-06-04 06:00:00,2022-06-04 08:00:00,588.7477956366903,572.1521385295239,-1,0.028188058163715612,4309.24496352269,1,-0.0,2.8188058163715612,1.0,2.8188058163715612,Bearish,7200.0,6,Saturday,Asia,2022,6,157184.087866666,238016.297301554,180832.209434888
1852,1865,2022-06-04 08:00:00,2022-06-05 10:00:00,572.1521385295239,581.2270459077251,1,0.015861004035612858,2493.097451987315,13,-1.082283321198274,1.5861004035612858,1.0,1.4655131170322382,Bearish,93600.0,8,Saturday,London,2022,6,159677.18531865333,240509.39475354133,180832.209434888
1865,1878,2022-06-05 10:00:00,2022-06-06 12:00:00,581.2270459077251,576.3340165875242,-1,0.008418447411646768,1344.233987444858,13,-1.4378184781606906,1.0341558902226544,0.8140404644249786,0.7192534425803068,Bearish,93600.0,10,Sunday,London,2022,6,161021.4193060982,241853.6287409862,180832.209434888
1878,1884,2022-06-06 12:00:00,2022-06-07 00:00:00,576.3340165875242,584.8230080470017,1,0.014729291027694158,2371.7313466518904,6,-1.29895177170829,1.4729291027694158,1.0,1.1339367133179419,Bearish,43200.0,12,Monday,London,2022,6,163393.15065275008,244225.36008763808,180832.209434888
1884,1905,2022-06-07 00:00:00,2022-06-08 18:00:00,584.8230080470017,584.8783724737174,-1,-9.466868771212944e-05,-15.468215153446113,21,-4.117068059607365,1.0626477865374073,-0.008908754990268539,0.2581078989106509,Bearish,151200.0,0,Tuesday,Asia,2022,6,163377.6824375966,244225.36008763808,180847.67765004144
1905,1907,2022-06-08 18:00:00,2022-06-08 22:00:00,584.8783724737174,603.0057416279069,1,0.030993399666191523,5063.629808324551,2,0.0,3.0993399666191523,1.0,3.0993399666191523,Sideways,14400.0,18,Wednesday,NY,2022,6,168441.31224592117,249288.98989596264,180847.67765004144
1907,1908,2022-06-08 22:00:00,2022-06-09 00:00:00,603.0057416279069,593.1131453951085,-1,0.01640547601767739,2763.3599084365687,1,-0.0,1.640547601767739,1.0,1.640547601767739,Bullish,7200.0,22,Wednesday,Late,2022,6,171204.67215435774,252052.34980439921,180847.67765004144
1908,1936,2022-06-09 00:00:00,2022-06-11 08:00:00,593.1131453951085,587.0514950424954,1,-0.01022005733589848,-1749.7215655912382,28,-6.165599848370384,0.0,0.0,0.0,Bullish,201600.0,0,Thursday,Asia,2022,6,169454.9505887665,252052.34980439921,182597.39921563267
1936,1941,2022-06-11 08:00:00,2022-06-11 18:00:00,587.0514950424954,570.0693340285233,-1,0.028927889899578285,4901.974153570316,5,-0.0,3.426013250878679,0.8443601288511967,3.426013250878679,Sideways,36000.0,8,Saturday,London,2022,6,174356.92474233682,256954.32395796952,182597.39921563267
1941,1943,2022-06-11 18:00:00,2022-06-11 22:00:00,570.0693340285233,579.1539928451328,1,0.015936059483169895,2778.5623239964566,2,0.0,1.5936059483169895,1.0,1.5936059483169895,Bearish,14400.0,18,Saturday,NY,2022,6,177135.4870663333,259732.88628196597,182597.39921563267
1943,1952,2022-06-11 22:00:00,2022-06-12 16:00:00,579.1539928451328,573.3961434753472,-1,0.009941827978254603,1761.0505412578284,9,-1.4743932995208375,0.9941827978254603,1.0,0.6742995903118655,Bearish,64800.0,22,Saturday,Late,2022,6,178896.53760759113,261493.9368232238,182597.39921563267
1952,1955,2022-06-12 16:00:00,2022-06-12 22:00:00,573.3961434753472,592.792345024448,1,0.03382687827570763,6051.511401597536,3,-1.3013062719029023,3.382687827570763,1.0,2.5994555629277443,Bearish,21600.0,16,Sunday,NY,2022,6,184948.04900918866,267545.44822482136,182597.39921563267
1955,1967,2022-06-12 22:00:00,2022-06-13 22:00:00,592.792345024448,588.856204743076,-1,0.006639998499322175,1228.0547678735766,12,-2.8446124358689318,0.6639998499322175,1.0,0.23342366136052844,Sideways,86400.0,22,Sunday,Late,2022,6,186176.10377706224,268773.50299269496,182597.39921563267
1967,1973,2022-06-13 22:00:00,2022-06-14 10:00:00,588.856204743076,599.1092067180394,1,0.01741172444542194,3241.6470172884856,6,-1.872174020455497,1.7411724445421939,1.0,0.9300270303497584,Sideways,43200.0,22,Monday,Late,2022,6,189417.75079435072,272015.15000998345,182597.39921563267
1973,1975,2022-06-14 10:00:00,2022-06-14 14:00:00,599.1092067180394,583.3132503534139,-1,0.026365737978150672,4994.138785854491,2,-0.0,2.636573797815067,1.0,2.636573797815067,Bullish,14400.0,10,Tuesday,London,2022,6,194411.8895802052,277009.28879583796,182597.39921563267
1975,1986,2022-06-14 14:00:00,2022-06-15 12:00:00,583.3132503534139,589.9709984789532,1,0.011413675450550054,2218.954211396636,11,-2.9410081852644487,1.4525198999660205,0.7857844461075583,0.49388502461288225,Bullish,79200.0,14,Tuesday,NY_overlap,2022,6,196630.84379160183,279228.2430072346,182597.39921563267
1986,1993,2022-06-15 12:00:00,2022-06-16 02:00:00,589.9709984789532,580.8174056374505,-1,0.015515326795897177,3050.791799579712,7,-0.4859031975742889,1.5515326795897177,1.0,3.1930900791252905,Sideways,50400.0,12,Wednesday,London,2022,6,199681.63559118158,282279.0348068143,182597.39921563267
1993,2000,2022-06-16 02:00:00,2022-06-16 16:00:00,580.8174056374505,595.3856222855989,1,0.02508226596990437,5008.467893203539,7,-1.994606859087844,2.508226596990437,1.0,1.2575042472968718,Sideways,50400.0,2,Thursday,Asia,2022,6,204690.1034843851,287287.5027000178,182597.39921563267
2000,2029,2022-06-16 16:00:00,2022-06-19 02:00:00,595.3856222855989,642.3697394262637,-1,-0.0789137583811641,-16152.865369382242,29,-11.364334393130315,0.6038096488120592,-13.069310590915492,0.05313198537848897,Sideways,208800.0,16,Thursday,NY,2022,6,188537.23811500287,287287.5027000178,198750.2645850149
2029,2035,2022-06-19 02:00:00,2022-06-19 14:00:00,642.3697394262637,645.9715295215047,1,0.005607035752428269,1057.1350347749028,6,-1.0753598777422435,0.5607035752428269,1.0,0.521410168677712,Bullish,43200.0,2,Sunday,Asia,2022,6,189594.37314977776,288344.6377347927,198750.2645850149
2035,2045,2022-06-19 14:00:00,2022-06-20 10:00:00,645.9715295215047,650.4103484783536,-1,-0.006871539617445466,-1302.8052463434367,10,-6.230919411326985,0.20800455177522048,-3.303552522673242,0.03338264195763723,Bullish,72000.0,14,Sunday,NY_overlap,2022,6,188291.5679034343,288344.6377347927,200053.06983135833
2045,2054,2022-06-20 10:00:00,2022-06-21 04:00:00,650.4103484783536,663.5701126460008,1,0.02023301781472986,3809.7066477536036,9,-1.3083097442109337,2.023301781472986,1.0,1.5465005824696945,Bullish,64800.0,10,Monday,London,2022,6,192101.2745511879,292154.3443825463,200053.06983135833
2054,2059,2022-06-21 04:00:00,2022-06-21 14:00:00,663.5701126460008,644.623473252499,-1,0.02855258100451752,5484.987202693853,5,-2.2518189554086465,2.855258100451752,1.0,1.2679785351276593,Bullish,36000.0,4,Tuesday,Asia,2022,6,197586.26175388176,297639.33158524014,200053.06983135833
2059,2062,2022-06-21 14:00:00,2022-06-21 20:00:00,644.623473252499,662.5982749243475,1,0.027884187308841124,5509.5323323989505,3,0.0,2.7884187308841124,1.0,2.7884187308841124,Bullish,21600.0,14,Tuesday,NY_overlap,2022,6,203095.79408628072,303148.8639176391,200053.06983135833
2062,2077,2022-06-21 20:00:00,2022-06-23 02:00:00,662.5982749243475,684.0698961003503,-1,-0.03240518725837971,-6581.357238755254,15,-7.805681134195708,-0.0,0.0,-0.0,Bullish,108000.0,20,Tuesday,NY,2022,6,196514.43684752547,303148.8639176391,206634.42707011357
2077,2078,2022-06-23 02:00:00,2022-06-23 04:00:00,684.0698961003503,694.5346215683878,1,0.015297743005054487,3006.227351676455,1,0.0,1.5297743005054487,1.0,1.5297743005054487,Bullish,7200.0,2,Thursday,Asia,2022,6,199520.6641992019,306155.0912693155,206634.42707011357
2078,2089,2022-06-23 04:00:00,2022-06-24 02:00:00,694.5346215683878,687.9283315504343,-1,0.009511822467590303,1897.8051364785094,11,-2.0936448214150083,0.9511822467590303,1.0,0.45431882095271797,Bullish,79200.0,4,Thursday,Asia,2022,6,201418.46933568042,308052.896405794,206634.42707011357
2089,2091,2022-06-24 02:00:00,2022-06-24 06:00:00,687.9283315504343,704.8899001397842,1,0.024656011115463672,4966.176018800216,2,0.0,2.465601111546367,1.0,2.465601111546367,Sideways,14400.0,2,Friday,Asia,2022,6,206384.64535448066,313019.07242459425,206634.42707011357
2091,2111,2022-06-24 06:00:00,2022-06-25 22:00:00,704.8899001397842,725.9214979330391,-1,-0.029836713207387566,-6157.839473850033,20,-6.455337758158697,-0.0,0.0,-0.0,Bullish,144000.0,6,Friday,Asia,2022,6,200226.80588063062,313019.07242459425,212792.2665439636
2111,2113,2022-06-25 22:00:00,2022-06-26 02:00:00,725.9214979330391,751.5410161971506,1,0.03529240880323781,7066.486286505757,2,0.0,3.5292408803237807,1.0,3.5292408803237807,Bullish,14400.0,22,Saturday,Late,2022,6,207293.29216713636,320085.5587111,212792.2665439636
2113,2127,2022-06-26 02:00:00,2022-06-27 06:00:00,751.5410161971506,737.6216474584173,-1,0.018521103224899527,3839.30046205679,14,-1.193929466455823,1.8521103224899527,1.0,1.5512728134501428,Bullish,100800.0,2,Sunday,Asia,2022,6,211132.59262919315,323924.8591731568,212792.2665439636
2127,2163,2022-06-27 06:00:00,2022-06-30 06:00:00,737.6216474584173,735.4598192783282,1,-0.002930809023214076,-618.7893075722212,36,-6.18401107466341,1.1566052966772489,-0.2533975100783167,0.18703156943168991,Bullish,259200.0,6,Monday,Asia,2022,6,210513.80332162092,323924.8591731568,213411.0558515358
2163,2191,2022-06-30 06:00:00,2022-07-02 14:00:00,735.4598192783282,766.929846831854,-1,-0.04278959465713017,-9007.800313862985,28,-8.472747245824696,0.24147952554735008,-17.719760944593975,0.028500735185550272,Sideways,201600.0,6,Thursday,Asia,2022,6,201506.00300775794,323924.8591731568,222418.85616539879
2191,2208,2022-07-02 14:00:00,2022-07-04 00:00:00,766.929846831854,748.8794363665126,1,-0.023535934270789816,-4742.632041960168,17,-5.887100781818388,0.0,0.0,0.0,Bullish,122400.0,14,Saturday,NY_overlap,2022,7,196763.37096579777,323924.8591731568,227161.48820735895
2208,2209,2022-07-04 00:00:00,2022-07-04 02:00:00,748.8794363665126,736.372613459686,-1,0.016700716162682205,3286.089209712335,1,-0.0,1.6700716162682205,1.0,1.6700716162682205,Bullish,7200.0,0,Monday,Asia,2022,7,200049.4601755101,327210.94838286913,227161.48820735895
2209,2221,2022-07-04 02:00:00,2022-07-05 02:00:00,736.372613459686,727.4476290521584,1,-0.012120201436600864,-2424.639754610446,12,-5.450748703872643,0.0,0.0,0.0,Bullish,86400.0,2,Monday,Asia,2022,7,197624.82042089966,327210.94838286913,229586.1279619694
2221,2222,2022-07-05 02:00:00,2022-07-05 04:00:00,727.4476290521584,711.3030524931268,-1,0.022193455465746026,4385.977650937294,1,-0.0,2.2193455465746026,1.0,2.2193455465746026,Bearish,7200.0,2,Tuesday,Asia,2022,7,202010.79807183694,331596.9260338064,229586.1279619694
2222,2236,2022-07-05 04:00:00,2022-07-06 08:00:00,711.3030524931268,682.7634034274722,1,-0.040123051582054536,-8105.289671168322,14,-8.111202320022215,0.0,0.0,0.0,Bearish,100800.0,4,Tuesday,Asia,2022,7,193905.50840066862,331596.9260338064,237691.41763313772
2236,2241,2022-07-06 08:00:00,2022-07-06 18:00:00,682.7634034274722,674.3632580351133,-1,0.012303157067573012,2385.6499261210256,5,-1.7669184354461187,1.2303157067573012,1.0,0.6963058860420267,Bearish,36000.0,8,Wednesday,London,2022,7,196291.15832678965,333982.5759599274,237691.41763313772
2241,2244,2022-07-06 18:00:00,2022-07-07 00:00:00,674.3632580351133,683.2922323043522,1,0.013240600170381756,2599.0127443861247,3,-0.3910062150253468,1.3240600170381756,1.0,3.386288928814965,Bearish,21600.0,18,Wednesday,NY,2022,7,198890.17107117578,336581.5887043135,237691.41763313772
2244,2246,2022-07-07 00:00:00,2022-07-07 04:00:00,683.2922323043522,669.4372565159676,-1,0.02027679392996995,4032.8550135067044,2,-1.153232385299452,2.027679392996995,1.0,1.7582574152827675,Bearish,14400.0,0,Thursday,Asia,2022,7,202923.0260846825,340614.4437178202,237691.41763313772
2246,2264,2022-07-07 04:00:00,2022-07-08 16:00:00,669.4372565159676,675.0142683293934,1,0.008330895478466216,1690.5305204855642,18,-1.171929040331332,1.443098522651054,0.5772922186325773,1.2313872879564927,Bearish,129600.0,4,Thursday,Asia,2022,7,204613.55660516804,342304.97423830576,237691.41763313772
2264,2284,2022-07-08 16:00:00,2022-07-10 08:00:00,675.0142683293934,699.9496543022487,-1,-0.036940531693601786,-7558.533572713797,20,-7.471614821217498,-0.0,0.0,-0.0,Bearish,144000.0,16,Friday,NY,2022,7,197055.02303245425,342304.97423830576,245249.9512058515
2284,2291,2022-07-10 08:00:00,2022-07-10 22:00:00,699.9496543022487,714.7317427114845,1,0.02111878807050971,4161.563269651813,7,-1.7713029123726187,2.111878807050971,1.0,1.1922742249783571,Bullish,50400.0,8,Sunday,London,2022,7,201216.58630210606,346466.53750795755,245249.9512058515
2291,2308,2022-07-10 22:00:00,2022-07-12 08:00:00,714.7317427114845,742.9150322612684,-1,-0.03943198247060464,-7934.368903859558,17,-10.093747736234725,0.87538460223896,-4.504532335815591,0.08672542895999748,Bullish,122400.0,22,Sunday,Late,2022,7,193282.21739824652,346466.53750795755,253184.32010971106
2308,2322,2022-07-12 08:00:00,2022-07-13 12:00:00,742.9150322612684,737.4418998205546,1,-0.0073671041815573934,-1423.9302320153079,14,-5.723099350833705,1.3092912463232853,-0.5626787929916653,0.22877311157153965,Bullish,100800.0,8,Tuesday,London,2022,7,191858.2871662312,346466.53750795755,254608.25034172638
2322,2326,2022-07-13 12:00:00,2022-07-13 20:00:00,737.4418998205546,720.520938131214,-1,0.02294548450997691,4402.281356283463,4,-0.5805498460179415,2.294548450997691,1.0,3.9523711301213225,Bullish,28800.0,12,Wednesday,London,2022,7,196260.56852251466,350868.818864241,254608.25034172638
2326,2332,2022-07-13 20:00:00,2022-07-14 08:00:00,720.520938131214,735.9283231834889,1,0.02138367427910759,4196.772071117932,6,-2.263065875167436,2.138367427910759,1.0,0.9448984456771718,Sideways,43200.0,20,Wednesday,NY,2022,7,200457.3405936326,355065.59093535895,254608.25034172638
2332,2345,2022-07-14 08:00:00,2022-07-15 10:00:00,735.9283231834889,735.8799094309769,-1,6.578596173956175e-05,13.18727893870702,13,-8.403360373030665,0.006578596173956175,1.0,0.000782853035205916,Sideways,93600.0,8,Thursday,London,2022,7,200470.5278725713,355078.77821429766,254608.25034172638
2345,2379,2022-07-15 10:00:00,2022-07-18 06:00:00,735.8799094309769,709.9424606609598,1,-0.03524684997865124,-7065.954621065547,34,-6.620455354532506,1.5268873799080485,-2.3084119000822354,0.23063177653825706,Sideways,244800.0,10,Friday,London,2022,7,193404.57325150573,355078.77821429766,261674.20496279193
2379,2404,2022-07-18 06:00:00,2022-07-20 08:00:00,709.9424606609598,710.3610532696136,-1,-0.0005896148376083321,-114.03420605039541,25,-3.642859966035461,0.6760392181148545,-0.08721606998666172,0.1855792493859133,Sideways,180000.0,6,Monday,Asia,2022,7,193290.53904545534,355078.77821429766,261788.23916884232
2404,2437,2022-07-20 08:00:00,2022-07-23 02:00:00,710.3610532696136,638.6546533788415,1,-0.10094359700707911,-19511.44227868555,33,-15.282798006312259,0.08061275468629336,-125.22037908257045,0.005274737953939969,Sideways,237600.0,8,Wednesday,London,2022,7,173779.0967667698,355078.77821429766,281299.6814475279
2437,2457,2022-07-23 02:00:00,2022-07-24 18:00:00,638.6546533788415,654.0859903371645,-1,-0.024162255573779268,-4198.894949459213,20,-5.437786483619655,-0.0,0.0,-0.0,Bearish,144000.0,2,Saturday,Asia,2022,7,169580.2018173106,355078.77821429766,285498.57639698713
2457,2468,2022-07-24 18:00:00,2022-07-25 16:00:00,654.0859903371645,660.7233190462871,1,0.010147486427130481,1720.8127962512085,11,-4.388768238675667,1.014748642713048,1.0,0.23121490758401353,Bearish,79200.0,18,Sunday,NY,2022,7,171301.0146135618,356799.5910105489,285498.57639698713
2468,2476,2022-07-25 16:00:00,2022-07-26 08:00:00,660.7233190462871,647.0591111159526,-1,0.02068068060630568,3542.6215707591764,8,-0.5621384313273525,2.068068060630568,1.0,3.678930216080994,Bullish,57600.0,16,Monday,NY,2022,7,174843.63618432096,360342.21258130803,285498.57639698713
2476,2478,2022-07-26 08:00:00,2022-07-26 12:00:00,647.0591111159526,664.0549003897711,1,0.026266208112743605,4592.479335206207,2,0.0,2.6266208112743605,1.0,2.6266208112743605,Bullish,14400.0,8,Tuesday,London,2022,7,179436.11551952717,364934.69191651425,285498.57639698713
2478,2483,2022-07-26 12:00:00,2022-07-26 22:00:00,664.0549003897711,646.922712400001,-1,0.025799354811950392,4629.3360103664045,5,-1.4250065875761386,2.5799354811950392,1.0,1.8104726698726172,Bullish,36000.0,12,Tuesday,London,2022,7,184065.4515298936,369564.02792688063,285498.57639698713
2483,2489,2022-07-26 22:00:00,2022-07-27 10:00:00,646.922712400001,670.6141511090731,1,0.036621745155893226,6740.798057932187,6,-0.4026231841395722,3.6621745155893226,1.0,9.095786481882781,Bullish,43200.0,22,Tuesday,Late,2022,7,190806.2495878258,376304.8259848128,285498.57639698713
2489,2492,2022-07-27 10:00:00,2022-07-27 16:00:00,670.6141511090731,643.7908762709168,-1,0.03999807459147042,7631.882603532585,3,-0.0,3.9998074591470423,1.0,3.9998074591470423,Bullish,21600.0,10,Wednesday,London,2022,7,198438.13219135837,383936.7085883454,285498.57639698713
2492,2508,2022-07-27 16:00:00,2022-07-29 00:00:00,643.7908762709168,645.9217767404567,1,0.003309926480913994,656.8156285632892,16,-3.797961084876089,1.5591803014621375,0.21228631979316798,0.4105308787051478,Sideways,115200.0,16,Wednesday,NY,2022,7,199094.94781992165,384593.52421690867,285498.57639698713
2508,2514,2022-07-29 00:00:00,2022-07-29 12:00:00,645.9217767404567,632.1251824573459,-1,0.0213595434926086,4252.577197118259,6,-2.284984043144722,2.13595434926086,1.0,0.9347786719426018,Sideways,43200.0,0,Friday,Asia,2022,7,203347.5250170399,388846.1014140269,285498.57639698713
2514,2525,2022-07-29 12:00:00,2022-07-30 10:00:00,632.1251824573459,639.582967582188,1,0.011797956056505132,2399.0851643501164,11,-3.3536040509068,1.1797956056505132,1.0,0.3517993143321441,Sideways,79200.0,12,Friday,London,2022,7,205746.61018139002,391245.18657837703,285498.57639698713
2525,2532,2022-07-30 10:00:00,2022-07-31 00:00:00,639.582967582188,626.6495215531817,-1,0.02022168613698161,4160.5433748359765,7,-2.750614087116432,2.022168613698161,1.0,0.7351698746726311,Sideways,50400.0,10,Saturday,London,2022,7,209907.153556226,395405.729953213,285498.57639698713
2532,2552,2022-07-31 00:00:00,2022-08-01 16:00:00,626.6495215531817,625.4402611053907,1,-0.0019297237230688769,-405.0628138593111,20,-4.425865046582844,1.8666653407825473,-0.10337813002195102,0.4217628240209847,Bearish,144000.0,0,Sunday,Asia,2022,7,209502.09074236668,395405.729953213,285903.63921084645
2552,2574,2022-08-01 16:00:00,2022-08-03 12:00:00,625.4402611053907,680.1169979305864,-1,-0.08742119787517533,-18314.92373005139,22,-13.069617576424331,-0.0,0.0,-0.0,Sideways,158400.0,16,Monday,NY,2022,8,191187.1670123153,395405.729953213,304218.5629408978
2574,2578,2022-08-03 12:00:00,2022-08-03 20:00:00,680.1169979305864,697.5397864164601,1,0.025617340161893543,4897.706691943236,4,0.0,2.5617340161893543,1.0,2.5617340161893543,Bullish,28800.0,12,Wednesday,London,2022,8,196084.87370425853,400303.43664515624,304218.5629408978
2578,2591,2022-08-03 20:00:00,2022-08-04 22:00:00,697.5397864164601,680.7457500082107,-1,0.024076098217317488,4720.958678234027,13,-0.7566664870467088,2.4076098217317488,1.0,3.1818639558476014,Bullish,93600.0,20,Wednesday,NY,2022,8,200805.83238249258,405024.39532339026,304218.5629408978
2591,2594,2022-08-04 22:00:00,2022-08-05 04:00:00,680.7457500082107,706.8197965227455,1,0.0383021803870538,7691.301214686724,3,0.0,3.8302180387053797,1.0,3.8302180387053797,Bullish,21600.0,22,Thursday,Late,2022,8,208497.13359717932,412715.69653807697,304218.5629408978
2594,2610,2022-08-05 04:00:00,2022-08-06 12:00:00,706.8197965227455,712.2856962113981,-1,-0.00773308800282968,-1612.326682444725,16,-5.4397492487322285,0.04839072629729824,-15.980516505001157,0.008895764139969509,Bullish,115200.0,4,Friday,Asia,2022,8,206884.8069147346,412715.69653807697,305830.88962334255
2610,2611,2022-08-06 12:00:00,2022-08-06 14:00:00,712.2856962113981,736.7265741713182,1,0.03431330727251658,7098.901949680554,1,0.0,3.431330727251658,1.0,3.431330727251658,Bullish,7200.0,12,Saturday,London,2022,8,213983.70886441512,419814.5984877575,305830.88962334255
2611,2616,2022-08-06 14:00:00,2022-08-07 00:00:00,736.7265741713182,718.2754729519681,-1,0.02504470704087769,5359.159300029742,5,-0.0,2.504470704087769,1.0,2.504470704087769,Bullish,36000.0,14,Saturday,NY_overlap,2022,8,219342.86816444487,425173.75778778724,305830.88962334255
2616,2622,2022-08-07 00:00:00,2022-08-07 12:00:00,718.2754729519681,731.5185483979226,1,0.018437320978715865,4044.0948647400296,6,-3.1117708192953786,1.8437320978715865,1.0,0.592502534710791,Bullish,43200.0,0,Sunday,Asia,2022,8,223386.9630291849,429217.8526525273,305830.88962334255
2622,2630,2022-08-07 12:00:00,2022-08-08 04:00:00,731.5185483979226,718.366603701573,-1,0.017978962700471834,4016.265876073398,8,-3.519187665557366,1.9912927821793325,0.902878916720378,0.5658387592308047,Bullish,57600.0,12,Sunday,London,2022,8,227403.22890525832,433234.11852860067,305830.88962334255
2630,2646,2022-08-08 04:00:00,2022-08-09 12:00:00,718.366603701573,707.8670706886309,1,-0.014615842327358353,-3323.6897384114363,16,-5.006533503784805,0.0,0.0,0.0,Bullish,115200.0,4,Monday,Asia,2022,8,224079.5391668469,433234.11852860067,309154.579361754
2646,2650,2022-08-09 12:00:00,2022-08-09 20:00:00,707.8670706886309,694.8502450414771,-1,0.018388799516398824,4120.553721466187,4,-0.0,1.8388799516398824,1.0,1.8388799516398824,Sideways,28800.0,12,Tuesday,London,2022,8,228200.09288831305,437354.6722500668,309154.579361754
2650,2675,2022-08-09 20:00:00,2022-08-11 22:00:00,694.8502450414771,674.9283894739328,1,-0.02867071820109257,-6542.6605566639755,25,-5.857553680239402,0.8558002922756991,-3.350164572257028,0.14610199735134513,Sideways,180000.0,20,Tuesday,NY,2022,8,221657.4323316491,437354.6722500668,315697.239918418
2675,2698,2022-08-11 22:00:00,2022-08-13 20:00:00,674.9283894739328,719.4371306179169,-1,-0.06594587194454204,-14617.392648098932,23,-13.15507146598538,-0.0,0.0,-0.0,Bearish,165600.0,22,Thursday,Late,2022,8,207040.03968355016,437354.6722500668,330314.6325665169
2698,2702,2022-08-13 20:00:00,2022-08-14 04:00:00,719.4371306179169,744.1964252638079,1,0.03441481345927411,7125.244344310091,4,-1.0878323487571007,3.4414813459274107,1.0,3.1636137221507195,Sideways,28800.0,20,Saturday,NY,2022,8,214165.28402786027,444479.9165943769,330314.6325665169
2702,2705,2022-08-14 04:00:00,2022-08-14 10:00:00,744.1964252638079,729.9834185559168,-1,0.01909846140802507,4090.227411944819,3,-0.0,1.909846140802507,1.0,1.909846140802507,Bullish,21600.0,4,Sunday,Asia,2022,8,218255.51143980506,448570.14400632173,330314.6325665169
2705,2725,2022-08-14 10:00:00,2022-08-16 02:00:00,729.9834185559168,705.5361841434899,1,-0.0334901229137361,-7309.40390471941,20,-7.0614068057788915,0.0,0.0,0.0,Bullish,144000.0,10,Sunday,London,2022,8,210946.10753508564,448570.14400632173,337624.0364712363
2725,2726,2022-08-16 02:00:00,2022-08-16 04:00:00,705.5361841434899,693.0638117911002,-1,0.01767786349261591,3729.0764933039222,1,-0.0,1.7677863492615908,1.0,1.7677863492615908,Bullish,7200.0,2,Tuesday,Asia,2022,8,214675.18402838957,452299.22049962566,337624.0364712363
2726,2727,2022-08-16 04:00:00,2022-08-16 06:00:00,693.0638117911002,711.4329563066801,1,0.026504261516855365,5689.807218667493,1,0.0,2.6504261516855365,1.0,2.6504261516855365,Sideways,7200.0,4,Tuesday,Asia,2022,8,220364.99124705707,457989.02771829313,337624.0364712363
2727,2754,2022-08-16 06:00:00,2022-08-18 12:00:00,711.4329563066801,738.6192470159035,-1,-0.03821342611165757,-8420.901310615487,27,-8.144002143120055,-0.0,0.0,-0.0,Sideways,194400.0,6,Tuesday,Asia,2022,8,211944.08993644157,457989.02771829313,346044.9377818518
2754,2756,2022-08-18 12:00:00,2022-08-18 16:00:00,738.6192470159035,763.1196812178837,1,0.033170587282912445,7030.309934334185,2,0.0,3.3170587282912445,1.0,3.3170587282912445,Sideways,14400.0,12,Thursday,London,2022,8,218974.39987077576,465019.3376526273,346044.9377818518
2756,2777,2022-08-18 16:00:00,2022-08-20 10:00:00,763.1196812178837,805.8914945748423,-1,-0.056048630915530806,-12273.215318306975,21,-9.462007660830762,-0.0,0.0,-0.0,Bullish,151200.0,16,Thursday,NY,2022,8,206701.1845524688,465019.3376526273,358318.1531001588
2777,2800,2022-08-20 10:00:00,2022-08-22 08:00:00,805.8914945748423,789.7871166329633,1,-0.019983307989092425,-4130.57343262222,23,-5.874099339356786,0.0,0.0,0.0,Bullish,165600.0,10,Saturday,London,2022,8,202570.61111984658,465019.3376526273,362448.72653278103
2800,2804,2022-08-22 08:00:00,2022-08-22 16:00:00,789.7871166329633,763.4422823221063,-1,0.03335688029854278,6757.1236271273865,4,-0.0,3.335688029854278,1.0,3.335688029854278,Bullish,28800.0,8,Monday,London,2022,8,209327.73474697396,471776.4612797547,362448.72653278103
2804,2824,2022-08-22 16:00:00,2022-08-24 08:00:00,763.4422823221063,752.1257978796092,1,-0.014822973136982331,-3102.8593889797603,20,-7.643916321928145,0.0,0.0,0.0,Bullish,144000.0,16,Monday,NY,2022,8,206224.8753579942,471776.4612797547,365551.58592176076
2824,2837,2022-08-24 08:00:00,2022-08-25 10:00:00,752.1257978796092,736.8431295132291,-1,0.02031929819381939,4190.344737382324,13,-1.364846134763309,2.031929819381939,1.0,1.4887610900801762,Bearish,93600.0,8,Wednesday,London,2022,8,210415.22009537654,475966.806017137,365551.58592176076
2837,2842,2022-08-25 10:00:00,2022-08-25 20:00:00,736.8431295132291,762.842348273357,1,0.03528460498410757,7424.417923709419,5,-0.014949662905927585,3.528460498410757,1.0,236.02274650699394,Bearish,36000.0,10,Thursday,London,2022,8,217839.63801908595,483391.22394084645,365551.58592176076
2842,2848,2022-08-25 20:00:00,2022-08-26 08:00:00,762.842348273357,744.3457075298497,-1,0.024247003047711102,5281.958366961063,6,-0.0,2.42470030477111,1.0,2.42470030477111,Sideways,43200.0,20,Thursday,NY,2022,8,223121.59638604702,488673.1823078075,365551.58592176076
2848,2859,2022-08-26 08:00:00,2022-08-27 06:00:00,744.3457075298497,756.7775578275986,1,0.01670171557649547,3726.5134418133784,11,-1.4454270049160112,1.6701715576495468,1.0,1.1554866153525303,Sideways,79200.0,8,Friday,London,2022,8,226848.10982786037,492399.69574962085,365551.58592176076
2859,2863,2022-08-27 06:00:00,2022-08-27 14:00:00,756.7775578275986,723.0501456752338,-1,0.04456714103571269,10109.9717043831,4,-0.0,4.456714103571269,1.0,4.456714103571269,Sideways,28800.0,6,Saturday,Asia,2022,8,236958.0815322435,502509.66745400394,365551.58592176076
2863,2867,2022-08-27 14:00:00,2022-08-27 22:00:00,723.0501456752338,764.5966853938609,1,0.057460108357807016,13615.637041100787,4,0.0,5.746010835780702,1.0,5.746010835780702,Bearish,28800.0,14,Saturday,NY_overlap,2022,8,250573.7185733443,516125.3044951047,365551.58592176076
2867,2878,2022-08-27 22:00:00,2022-08-28 20:00:00,764.5966853938609,752.5298151814028,-1,0.01578200696258858,3954.5561711662326,11,-2.897343977270328,1.578200696258858,1.0,0.5447060164895321,Sideways,79200.0,22,Saturday,Late,2022,8,254528.27474451053,520079.86066627095,365551.58592176076
2878,2888,2022-08-28 20:00:00,2022-08-29 16:00:00,752.5298151814028,761.2236549150518,1,0.011552817653548209,2940.5187457955512,10,-1.3778633696092335,1.1552817653548209,1.0,0.8384588710580662,Sideways,72000.0,20,Sunday,NY,2022,8,257468.7934903061,523020.3794120665,365551.58592176076
2888,2890,2022-08-29 16:00:00,2022-08-29 20:00:00,761.2236549150518,742.1557427231066,-1,0.02504902740321835,6449.342863612246,2,-0.0,2.504902740321835,1.0,2.504902740321835,Sideways,14400.0,16,Monday,NY,2022,8,263918.13635391835,529469.7222756788,365551.58592176076
2890,2892,2022-08-29 20:00:00,2022-08-30 00:00:00,742.1557427231066,763.1100374735258,1,0.02823436314530703,7451.560502449191,2,0.0,2.823436314530703,1.0,2.823436314530703,Sideways,14400.0,20,Monday,NY,2022,8,271369.6968563675,536921.2827781279,365551.58592176076
2892,2894,2022-08-30 00:00:00,2022-08-30 04:00:00,763.1100374735258,746.8214236346076,-1,0.02134503942949817,5792.396879370132,2,-0.48904667106854927,2.134503942949817,1.0,4.364622170489379,Sideways,14400.0,0,Tuesday,Asia,2022,8,277162.09373573767,542713.679657498,365551.58592176076
2894,2897,2022-08-30 04:00:00,2022-08-30 10:00:00,746.8214236346076,772.5088764847632,1,0.03439570965324035,9533.186903018623,3,-0.17024957053709544,3.4395709653240347,1.0,20.203110965114544,Sideways,21600.0,4,Tuesday,Asia,2022,8,286695.2806387563,552246.8665605166,365551.58592176076
2897,2923,2022-08-30 10:00:00,2022-09-01 14:00:00,772.5088764847632,830.3941689870541,-1,-0.0749315564705133,-21482.523611012635,26,-9.816357231352612,0.26816862137641895,-27.941955358503517,0.027318547507614244,Bullish,187200.0,10,Tuesday,London,2022,8,265212.7570277436,552246.8665605166,387034.1095327734
2923,2924,2022-09-01 14:00:00,2022-09-01 16:00:00,830.3941689870541,848.982419860885,1,0.022384852360542995,5936.7484101986065,1,0.0,2.2384852360542995,1.0,2.2384852360542995,Bullish,7200.0,14,Thursday,NY_overlap,2022,9,271149.5054379422,558183.6149707153,387034.1095327734
2924,2930,2022-09-01 16:00:00,2022-09-02 04:00:00,848.982419860885,828.8457211850875,-1,0.02371862856606277,6431.294405354173,6,-1.521930122981896,2.371862856606277,1.0,1.5584571333400774,Bullish,43200.0,16,Thursday,NY,2022,9,277580.7998432964,564614.9093760694,387034.1095327734
2930,2932,2022-09-02 04:00:00,2022-09-02 08:00:00,828.8457211850875,847.9615442460087,1,0.02306318603369184,6401.897626166928,2,0.0,2.306318603369184,1.0,2.306318603369184,Bullish,14400.0,4,Friday,Asia,2022,9,283982.69746946334,571016.8070022364,387034.1095327734
2932,2933,2022-09-02 08:00:00,2022-09-02 10:00:00,847.9615442460087,837.640184451024,-1,0.012171966836258208,3456.6279756694576,1,-0.0,1.2171966836258208,1.0,1.2171966836258208,Bullish,7200.0,8,Friday,London,2022,9,287439.3254451328,574473.4349779058,387034.1095327734
2933,2934,2022-09-02 10:00:00,2022-09-02 12:00:00,837.640184451024,854.3978072060489,1,0.02000575314567521,5750.440189214729,1,0.0,2.000575314567521,1.0,2.000575314567521,Bullish,7200.0,10,Friday,London,2022,9,293189.76563434757,580223.8751671206,387034.1095327734
2934,2972,2022-09-02 12:00:00,2022-09-05 16:00:00,854.3978072060489,905.1121378981894,-1,-0.0593568127919013,-17402.810031259392,38,-8.821596517372377,0.7228424849252679,-8.211583302002232,0.08194009820124663,Bullish,273600.0,12,Friday,London,2022,9,275786.95560308814,580223.8751671206,404436.91956403275
2972,2980,2022-09-05 16:00:00,2022-09-06 08:00:00,905.1121378981894,907.4657604834644,1,0.0026003657300854854,717.1469481548781,8,-3.459500622698408,0.26003657300854854,1.0,0.07516592750479698,Bullish,57600.0,16,Monday,NY,2022,9,276504.10255124304,580941.0221152755,404436.91956403275
2980,2985,2022-09-06 08:00:00,2022-09-06 18:00:00,907.4657604834644,891.1830362907089,-1,0.01794307278776075,4961.33323819142,5,-2.259160854474307,1.794307278776075,1.0,0.7942361763317644,Bullish,36000.0,8,Tuesday,London,2022,9,281465.4357894345,585902.3553534669,404436.91956403275
2985,2996,2022-09-06 18:00:00,2022-09-07 16:00:00,891.1830362907089,906.3451201443293,1,0.01701343409399736,4788.693641541792,11,-1.2108035555940533,1.701343409399736,1.0,1.4051357889885039,Bullish,79200.0,18,Tuesday,NY,2022,9,286254.12943097623,590691.0489950087,404436.91956403275
2996,3002,2022-09-07 16:00:00,2022-09-08 04:00:00,906.3451201443293,885.6941837527982,-1,0.02278484865482877,6522.257015904565,6,-0.03964282148363196,2.278484865482877,1.0,57.475345603834874,Bullish,43200.0,16,Wednesday,NY,2022,9,292776.38644688076,597213.3060109132,404436.91956403275
3002,3004,2022-09-08 04:00:00,2022-09-08 08:00:00,885.6941837527982,904.3783255466517,1,0.02109547757747099,6176.25769550316,2,0.0,2.109547757747099,1.0,2.109547757747099,Sideways,14400.0,4,Thursday,Asia,2022,9,298952.64414238394,603389.5637064164,404436.91956403275
3004,3008,2022-09-08 08:00:00,2022-09-08 16:00:00,904.3783255466517,887.1734195980035,-1,0.019024014024494273,5687.279294824363,4,-0.0,1.9024014024494273,1.0,1.9024014024494273,Sideways,28800.0,8,Thursday,London,2022,9,304639.9234372083,609076.8430012407,404436.91956403275
3008,3013,2022-09-08 16:00:00,2022-09-09 02:00:00,887.1734195980035,897.7927184215313,1,0.011969811751505688,3646.4825355364924,5,-1.3499354246138573,1.1969811751505688,1.0,0.8866951361713911,Sideways,36000.0,16,Thursday,NY,2022,9,308286.4059727448,612723.3255367773,404436.91956403275
3013,3014,2022-09-09 02:00:00,2022-09-09 04:00:00,897.7927184215313,884.5616858417607,-1,0.014737291034207733,4543.306486710262,1,-0.0,1.4737291034207733,1.0,1.4737291034207733,Sideways,7200.0,2,Friday,Asia,2022,9,312829.71245945507,617266.6320234875,404436.91956403275
3014,3022,2022-09-09 04:00:00,2022-09-09 20:00:00,884.5616858417607,899.3485853613877,1,0.016716640293498175,5229.461776303179,8,-0.14072829140364673,1.6716640293498175,1.0,11.878663576999125,Bearish,57600.0,4,Friday,Asia,2022,9,318059.17423575826,622496.0937997906,404436.91956403275
3022,3024,2022-09-09 20:00:00,2022-09-10 00:00:00,899.3485853613877,880.3086340027888,-1,0.021170824826446943,6733.575062189611,2,-0.8655011811234736,2.1170824826446943,1.0,2.446076942259734,Sideways,14400.0,20,Friday,NY,2022,9,324792.74929794786,629229.6688619802,404436.91956403275
3024,3026,2022-09-10 00:00:00,2022-09-10 04:00:00,880.3086340027888,901.5750471210554,1,0.024157905871679874,7846.312665343951,2,-0.27626520979643354,2.4157905871679874,1.0,8.744461848627507,Sideways,14400.0,0,Saturday,Asia,2022,9,332639.06196329184,637075.9815273242,404436.91956403275
3026,3030,2022-09-10 04:00:00,2022-09-10 12:00:00,901.5750471210554,881.1426173672711,-1,0.02266303822297422,7538.611775728378,4,-0.4510029583349118,2.266303822297422,1.0,5.025030945838009,Sideways,28800.0,4,Saturday,Asia,2022,9,340177.6737390202,644614.5933030526,404436.91956403275
3030,3047,2022-09-10 12:00:00,2022-09-11 22:00:00,881.1426173672711,874.7127601505168,1,-0.0072971810578924545,-2482.338077126299,17,-6.244641488395075,0.33984517114376,-2.147207516097273,0.05442188663277498,Sideways,122400.0,12,Saturday,London,2022,9,337695.3356618939,644614.5933030526,406919.25764115906
3047,3051,2022-09-11 22:00:00,2022-09-12 06:00:00,874.7127601505168,849.7079997617232,-1,0.028586253142678486,9653.444350332687,4,-0.0,2.8586253142678486,1.0,2.8586253142678486,Sideways,28800.0,22,Sunday,Late,2022,9,347348.78001222655,654268.0376533853,406919.25764115906
3051,3057,2022-09-12 06:00:00,2022-09-12 18:00:00,849.7079997617232,860.722043433262,1,0.012962151320956572,4502.387447668139,6,-0.4563738261143424,1.2962151320956572,1.0,2.8402486249745977,Bearish,43200.0,6,Monday,Asia,2022,9,351851.1674598947,658770.4251010534,406919.25764115906
3057,3058,2022-09-12 18:00:00,2022-09-12 20:00:00,860.722043433262,853.2956534393533,-1,0.008628093181262342,3035.8046587799136,1,-0.0,0.8628093181262342,1.0,0.8628093181262342,Bearish,7200.0,18,Monday,NY,2022,9,354886.97211867466,661806.2297598333,406919.25764115906
3058,3059,2022-09-12 20:00:00,2022-09-12 22:00:00,853.2956534393533,862.0175539127683,1,0.010221428455963633,3627.4517954645953,1,0.0,1.0221428455963633,1.0,1.0221428455963633,Bearish,7200.0,20,Monday,NY,2022,9,358514.4239141392,665433.6815552979,406919.25764115906
3059,3060,2022-09-12 22:00:00,2022-09-13 00:00:00,862.0175539127683,847.9712486639316,-1,0.01629468586234628,5841.879914800949,1,-0.0,1.629468586234628,1.0,1.629468586234628,Sideways,7200.0,22,Monday,Late,2022,9,364356.30382894014,671275.5614700989,406919.25764115906
3060,3088,2022-09-13 00:00:00,2022-09-15 08:00:00,847.9712486639316,842.2838044915019,1,-0.006707119116822535,-2443.781130745886,28,-4.804481637737634,1.058385894681102,-0.6337120657530523,0.22029138094062561,Bearish,201600.0,0,Tuesday,Asia,2022,9,361912.52269819425,671275.5614700989,409363.03877190495
3088,3107,2022-09-15 08:00:00,2022-09-16 22:00:00,842.2838044915019,842.3956373096734,-1,-0.00013277332126659935,-48.05232764661281,19,-3.0035540374617087,0.935381297786686,-0.014194566598751726,0.3114248274278338,Sideways,136800.0,8,Thursday,London,2022,9,361864.4703705476,671275.5614700989,409411.0910995516
3107,3114,2022-09-16 22:00:00,2022-09-17 12:00:00,842.3956373096734,853.6988545669789,1,0.013417943727016546,4855.477100238657,7,-1.0412111689341086,1.3417943727016546,1.0,1.2886861116513513,Sideways,50400.0,22,Friday,Late,2022,9,366719.9474707863,676131.0385703376,409411.0910995516
3114,3148,2022-09-17 12:00:00,2022-09-20 08:00:00,853.6988545669789,907.365472198647,-1,-0.06286364019884916,-23053.350831544387,34,-9.461697826916282,-0.0,0.0,-0.0,Sideways,244800.0,12,Saturday,London,2022,9,343666.5966392419,676131.0385703376,432464.44193109596
3148,3149,2022-09-20 08:00:00,2022-09-20 10:00:00,907.365472198647,921.4383968952624,1,0.01550965418875272,5330.150070100213,1,0.0,1.550965418875272,1.0,1.550965418875272,Bullish,7200.0,8,Tuesday,London,2022,9,348996.7467093421,681461.1886404378,432464.44193109596
3149,3158,2022-09-20 10:00:00,2022-09-21 04:00:00,921.4383968952624,899.91683322064,-1,0.023356486713749014,8151.337877658384,9,-2.6413889037006477,2.3356486713749014,1.0,0.8842502018928765,Bullish,64800.0,10,Tuesday,London,2022,9,357148.0845870005,689612.5265180962,432464.44193109596
3158,3168,2022-09-21 04:00:00,2022-09-22 00:00:00,899.91683322064,932.745817040255,1,0.03648001971707315,13028.769167648696,10,-2.090065359353932,3.6480019717073153,1.0,1.7454009059482058,Bullish,72000.0,4,Wednesday,Asia,2022,9,370176.8537546492,702641.295685745,432464.44193109596
3168,3172,2022-09-22 00:00:00,2022-09-22 08:00:00,932.745817040255,890.888140243745,-1,0.04487575932458299,16611.967396625,4,-0.0,4.487575932458299,1.0,4.487575932458299,Bullish,28800.0,0,Thursday,Asia,2022,9,386788.8211512742,719253.2630823699,432464.44193109596
3172,3182,2022-09-22 08:00:00,2022-09-23 04:00:00,890.888140243745,908.5495885699765,1,0.019824540846844485,7667.910784016266,10,-1.0610514316141018,1.9824540846844485,1.0,1.8683864189963748,Sideways,72000.0,8,Thursday,London,2022,9,394456.73193529045,726921.1738663862,432464.44193109596
3182,3208,2022-09-23 04:00:00,2022-09-25 08:00:00,908.5495885699765,935.498180150204,-1,-0.02966111252402137,-11700.02551179039,26,-6.629135235992201,0.21442285690910223,-13.832999406679512,0.03234552460853651,Sideways,187200.0,4,Friday,Asia,2022,9,382756.7064235,726921.1738663862,444164.4674428864
3208,3221,2022-09-25 08:00:00,2022-09-26 10:00:00,935.498180150204,962.1280938647368,1,0.028466024071000406,10895.561618388194,13,-2.587365584856094,2.8466024071000406,1.0,1.1001933486946203,Bullish,93600.0,8,Sunday,London,2022,9,393652.26804188825,737816.7354847743,444164.4674428864
3221,3248,2022-09-26 10:00:00,2022-09-28 16:00:00,962.1280938647368,1010.295558099905,-1,-0.05006346300697451,-19707.595758726697,27,-9.892390800231965,-0.0,0.0,-0.0,Bullish,194400.0,10,Monday,London,2022,9,373944.67228316155,737816.7354847743,463872.0632016131
3248,3263,2022-09-28 16:00:00,2022-09-29 22:00:00,1010.295558099905,1018.033552449679,1,0.007659139236766643,2864.0943118638083,15,-2.6565998200605234,1.074774862128236,0.712627314487078,0.4045678442091253,Bullish,108000.0,16,Wednesday,NY,2022,9,376808.7665950254,740680.8297966381,463872.0632016131
3263,3310,2022-09-29 22:00:00,2022-10-03 20:00:00,1018.033552449679,1151.094247735185,-1,-0.13070364426135472,-49250.27898359607,47,-16.729370146402765,0.11058303670993253,-118.19502172308765,0.006610113575238854,Bullish,338400.0,22,Thursday,Late,2022,9,327558.4876114293,740680.8297966381,513122.34218520916
3310,3318,2022-10-03 20:00:00,2022-10-04 12:00:00,1151.094247735185,1176.054794005648,1,0.021684189908492524,7102.840451504833,8,-1.5690867904178174,2.1684189908492524,1.0,1.3819624281406668,Bullish,57600.0,20,Monday,NY,2022,10,334661.3280629341,747783.6702481429,513122.34218520916
3318,3331,2022-10-04 12:00:00,2022-10-05 14:00:00,1176.054794005648,1197.047134470475,-1,-0.017849797961646763,-5973.637091499765,13,-5.562688025549067,-0.0,0.0,-0.0,Bullish,93600.0,12,Tuesday,London,2022,10,328687.69097143435,747783.6702481429,519095.9792767089
3331,3332,2022-10-05 14:00:00,2022-10-05 16:00:00,1197.047134470475,1216.493566911411,1,0.016245335610396427,5339.6418508372235,1,0.0,1.6245335610396427,1.0,1.6245335610396427,Bullish,7200.0,14,Wednesday,NY_overlap,2022,10,334027.3328222716,753123.3120989802,519095.9792767089
3332,3371,2022-10-05 16:00:00,2022-10-08 22:00:00,1216.493566911411,1474.21611387993,-1,-0.21185689261214735,-70765.99277925005,39,-26.87633901010651,-0.0,0.0,-0.0,Bullish,280800.0,16,Wednesday,NY,2022,10,263261.34004302154,753123.3120989802,589861.9720559589
3371,3379,2022-10-08 22:00:00,2022-10-09 14:00:00,1474.21611387993,1501.77991107974,1,0.01869725675923184,4922.264869563822,8,-3.273165116296106,1.869725675923184,1.0,0.5712286455132927,Bullish,57600.0,22,Saturday,Late,2022,10,268183.60491258535,758045.576968544,589861.9720559589
3379,3395,2022-10-09 14:00:00,2022-10-10 22:00:00,1501.77991107974,1510.193191707601,-1,-0.005602206132729659,-1502.419836138835,16,-3.9696629046420684,0.8176478817052857,-0.6851612115774951,0.2059741346674902,Bullish,115200.0,14,Sunday,NY_overlap,2022,10,266681.1850764465,758045.576968544,591364.3918920978
3395,3398,2022-10-10 22:00:00,2022-10-11 04:00:00,1510.193191707601,1545.032762854136,1,0.023069612111773052,6152.231497221588,3,-0.07896997577446774,2.3069612111773052,1.0,29.21314320477711,Bullish,21600.0,22,Monday,Late,2022,10,272833.41657366813,764197.8084657657,591364.3918920978
3398,3413,2022-10-11 04:00:00,2022-10-12 10:00:00,1545.032762854136,1548.985817777315,-1,-0.0025585573446846865,-698.0599418499759,15,-3.2200469936516596,0.6403800676045734,-0.39953731762066075,0.1988728949816839,Bullish,108000.0,4,Tuesday,Asia,2022,10,272135.35663181817,764197.8084657657,592062.4518339478
3413,3414,2022-10-12 10:00:00,2022-10-12 12:00:00,1548.985817777315,1586.595385846651,1,0.0242801242191506,6607.4802634434,1,0.0,2.42801242191506,1.0,2.42801242191506,Sideways,7200.0,10,Wednesday,London,2022,10,278742.83689526154,770805.2887292091,592062.4518339478
3414,3415,2022-10-12 12:00:00,2022-10-12 14:00:00,1586.595385846651,1536.226240800815,-1,0.03174668569892347,8849.161233740164,1,-0.0,3.174668569892347,1.0,3.174668569892347,Sideways,7200.0,12,Wednesday,London,2022,10,287591.9981290017,779654.4499629493,592062.4518339478
3415,3419,2022-10-12 14:00:00,2022-10-12 22:00:00,1536.226240800815,1568.112500215125,1,0.02075622624287954,5969.324578807353,4,0.0,2.075622624287954,1.0,2.075622624287954,Sideways,28800.0,14,Wednesday,NY_overlap,2022,10,293561.32270780904,785623.7745417566,592062.4518339478
3419,3427,2022-10-12 22:00:00,2022-10-13 14:00:00,1568.112500215125,1560.244724113789,-1,0.005017354367276905,1472.9011845516118,8,-0.8414670439147676,0.5376913162562835,0.9331291422391967,0.6389927212773249,Bullish,57600.0,22,Wednesday,Late,2022,10,295034.2238923607,787096.6757263083,592062.4518339478
3427,3448,2022-10-13 14:00:00,2022-10-15 08:00:00,1560.244724113789,1501.290104845655,1,-0.03778549502971085,-11148.0142004794,21,-6.152313387312147,0.0,0.0,0.0,Bullish,151200.0,14,Thursday,NY_overlap,2022,10,283886.2096918813,787096.6757263083,603210.4660344272
3448,3454,2022-10-15 08:00:00,2022-10-15 20:00:00,1501.290104845655,1477.547125683163,-1,0.015815050725944135,4489.67480667312,6,-1.9257137269997004,1.5815050725944135,1.0,0.8212565816095777,Sideways,43200.0,8,Saturday,London,2022,10,288375.8844985544,791586.3505329813,603210.4660344272
3454,3455,2022-10-15 20:00:00,2022-10-15 22:00:00,1477.547125683163,1505.353939708747,1,0.018819578436611417,5427.112577547743,1,0.0,1.8819578436611417,1.0,1.8819578436611417,Bearish,7200.0,20,Saturday,NY,2022,10,293802.9970761022,797013.4631105291,603210.4660344272
3455,3456,2022-10-15 22:00:00,2022-10-16 00:00:00,1505.353939708747,1491.652526788494,-1,0.009101788329529903,2674.1326899681767,1,-0.0,0.9101788329529903,1.0,0.9101788329529903,Bearish,7200.0,22,Saturday,Late,2022,10,296477.12976607034,799687.5958004973,603210.4660344272
3456,3462,2022-10-16 00:00:00,2022-10-16 12:00:00,1491.652526788494,1511.884477496614,1,0.013563447481752977,4021.2519791229597,6,-2.9439309528740853,1.3563447481752977,1.0,0.460725733683099,Bearish,43200.0,0,Sunday,Asia,2022,10,300498.38174519327,803708.8477796203,603210.4660344272
3462,3469,2022-10-16 12:00:00,2022-10-17 02:00:00,1511.884477496614,1472.167848740868,-1,0.02626961870890354,7893.977911088774,7,-0.493697046212227,2.626961870890354,1.0,5.32099977313029,Bearish,50400.0,12,Sunday,London,2022,10,308392.35965628206,811602.825690709,603210.4660344272
3469,3474,2022-10-17 02:00:00,2022-10-17 12:00:00,1472.167848740868,1499.096473876205,1,0.018291817171777414,5641.056660005741,5,-0.7673242969429617,1.8291817171777414,1.0,2.3838443855684552,Bearish,36000.0,2,Monday,Asia,2022,10,314033.4163162878,817243.8823507148,603210.4660344272
3474,3500,2022-10-17 12:00:00,2022-10-19 16:00:00,1499.096473876205,1511.114479806453,-1,-0.008016832898801285,-2517.5534232473783,26,-6.142115515798396,0.9825159033162612,-0.8159494285784353,0.15996376179983757,Bearish,187200.0,12,Monday,London,2022,10,311515.8628930404,817243.8823507148,605728.0194576746
3500,3504,2022-10-19 16:00:00,2022-10-20 00:00:00,1511.114479806453,1559.13595153543,1,0.03177884427070521,9899.614094732297,4,-0.69916574747515,3.177884427070521,1.0,4.545251878466015,Sideways,28800.0,16,Wednesday,NY,2022,10,321415.47698777274,827143.4964454471,605728.0194576746
3504,3521,2022-10-20 00:00:00,2022-10-21 10:00:00,1559.13595153543,1516.993811885732,-1,0.027029162920780947,8687.591292763034,17,-3.599378395301578,2.7029162920780947,1.0,0.7509397443753973,Bullish,122400.0,0,Thursday,Asia,2022,10,330103.06828053575,835831.0877382101,605728.0194576746
3521,3528,2022-10-21 10:00:00,2022-10-22 00:00:00,1516.993811885732,1561.458759267618,1,0.02931122528879193,9675.725402892256,7,-2.3109579173491546,2.931122528879193,1.0,1.268358245242914,Sideways,50400.0,10,Friday,London,2022,10,339778.79368342797,845506.8131411023,605728.0194576746
3528,3542,2022-10-22 00:00:00,2022-10-23 04:00:00,1561.458759267618,1623.484787923175,-1,-0.03972312959751134,-13497.077055972888,14,-10.39911203208832,-0.0,0.0,-0.0,Bullish,100800.0,0,Saturday,Asia,2022,10,326281.7166274551,845506.8131411023,619225.0965136475
3542,3563,2022-10-23 04:00:00,2022-10-24 22:00:00,1623.484787923175,1561.53397254243,1,-0.03815915975412054,-12450.636149635759,21,-7.757468466177187,0.674924292166601,-5.653842986096162,0.08700316283711532,Bullish,151200.0,4,Sunday,Asia,2022,10,313831.0804778193,845506.8131411023,631675.7326632832
3563,3571,2022-10-24 22:00:00,2022-10-25 14:00:00,1561.53397254243,1528.386763368315,-1,0.021227337833800708,6661.798368049374,8,-1.8499148636527796,2.122733783380071,1.0,1.1474764731543332,Sideways,57600.0,22,Monday,Late,2022,10,320492.87884586875,852168.6115091516,631675.7326632832
3571,3577,2022-10-25 14:00:00,2022-10-26 02:00:00,1528.386763368315,1582.763537567328,1,0.035577888727049256,11402.459981390006,6,-1.2541508680945723,3.5577888727049256,1.0,2.836810915827267,Sideways,43200.0,14,Tuesday,NY_overlap,2022,10,331895.33882725873,863571.0714905417,631675.7326632832
3577,3591,2022-10-26 02:00:00,2022-10-27 06:00:00,1582.763537567328,1589.612862182945,-1,-0.004327446553478387,-1436.2593401235633,14,-3.754875349812248,0.5657287579072134,-0.7649331049541841,0.1506651233936437,Sideways,100800.0,2,Wednesday,Asia,2022,10,330459.07948713517,863571.0714905417,633111.9920034067
3591,3594,2022-10-27 06:00:00,2022-10-27 12:00:00,1589.612862182945,1612.579828480009,1,0.014448150768939128,4774.522603394971,3,-0.8486396395814721,1.4448150768939128,1.0,1.7025071767876168,Bearish,21600.0,6,Thursday,Asia,2022,10,335233.6020905301,868345.5940939366,633111.9920034067
3594,3598,2022-10-27 12:00:00,2022-10-27 20:00:00,1612.579828480009,1584.626309521072,-1,0.017334657463305536,5811.159662429411,4,-0.0,1.7334657463305536,1.0,1.7334657463305536,Sideways,28800.0,12,Thursday,London,2022,10,341044.7617529596,874156.753756366,633111.9920034067
3598,3608,2022-10-27 20:00:00,2022-10-28 16:00:00,1584.626309521072,1579.05322159544,1,-0.00351697298735143,-1199.4452145628638,10,-4.166015498508624,0.293768449139975,-1.1971922095948635,0.07051544797304284,Sideways,72000.0,20,Thursday,NY,2022,10,339845.31653839664,874156.753756366,634311.4372179696
3608,3624,2022-10-28 16:00:00,2022-10-30 00:00:00,1579.05322159544,1571.445394733811,-1,0.004817967347510943,1637.363638286517,16,-3.6868720194994653,1.046854394931851,0.4602328051385396,0.2839410723765707,Sideways,115200.0,16,Friday,NY,2022,10,341482.6801766832,875794.1173946525,634311.4372179696
3624,3636,2022-10-30 00:00:00,2022-10-31 00:00:00,1571.445394733811,1591.649621611054,1,0.012857097640777582,4390.476161666043,12,-4.03136609029493,1.2857097640777582,1.0,0.31892657111269623,Sideways,86400.0,0,Sunday,Asia,2022,10,345873.1563383492,880184.5935563185,634311.4372179696
3636,3642,2022-10-31 00:00:00,2022-10-31 12:00:00,1591.649621611054,1543.376507349115,-1,0.03032898296616149,10489.981067038312,6,-0.64437182164927,3.069417079300485,0.9881023719680812,4.763425364325073,Bearish,43200.0,0,Monday,Asia,2022,10,356363.13740538753,890674.5746233568,634311.4372179696
3642,3650,2022-10-31 12:00:00,2022-11-01 04:00:00,1543.376507349115,1578.76971848122,1,0.022932324655437375,8172.2351622105925,8,-2.5702294572076734,2.2932324655437375,1.0,0.8922286915329075,Sideways,57600.0,12,Monday,London,2022,10,364535.3725675981,898846.8097855675,634311.4372179696
3650,3652,2022-11-01 04:00:00,2022-11-01 08:00:00,1578.76971848122,1538.706212264179,-1,0.02537640907857186,9250.59873788498,2,-0.0,2.537640907857186,1.0,2.537640907857186,Sideways,14400.0,4,Tuesday,Asia,2022,11,373785.9713054831,908097.4085234525,634311.4372179696
3652,3653,2022-11-01 08:00:00,2022-11-01 10:00:00,1538.706212264179,1558.708412636215,1,0.012999362849522189,4858.979469061068,1,0.0,1.299936284952219,1.0,1.299936284952219,Sideways,7200.0,8,Tuesday,London,2022,11,378644.95077454415,912956.3879925135,634311.4372179696
3653,3661,2022-11-01 10:00:00,2022-11-02 02:00:00,1558.708412636215,1557.041579582045,-1,0.001069368100317658,404.91083170464776,8,-4.060339399127377,0.1069368100317658,1.0,0.026336914114802323,Sideways,57600.0,10,Tuesday,London,2022,11,379049.86160624877,913361.2988242181,634311.4372179696
3661,3678,2022-11-02 02:00:00,2022-11-03 12:00:00,1557.041579582045,1511.973208882519,1,-0.028944872950421585,-10971.550086067764,17,-7.757486398112945,0.0,0.0,0.0,Sideways,122400.0,2,Wednesday,Asia,2022,11,368078.311520181,913361.2988242181,645282.9873040373
3678,3696,2022-11-03 12:00:00,2022-11-05 00:00:00,1511.973208882519,1496.386775026931,-1,0.010308670658991215,3794.398090179121,18,-3.474378353265295,1.0308670658991215,1.0,0.2967054710464364,Sideways,129600.0,12,Thursday,London,2022,11,371872.70961036015,917155.6969143972,645282.9873040373
3696,3721,2022-11-05 00:00:00,2022-11-07 02:00:00,1496.386775026931,1458.450738042492,1,-0.025351759062262613,-9427.627335872608,25,-6.915037474203789,1.5126715679986358,-1.6759592497533793,0.21875102971481838,Sideways,180000.0,0,Saturday,Asia,2022,11,362445.08227448753,917155.6969143972,654710.6146399099
3721,3724,2022-11-07 02:00:00,2022-11-07 08:00:00,1458.450738042492,1414.652577591261,-1,0.03003060666280455,10884.445702652976,3,-0.0,3.003060666280455,1.0,3.003060666280455,Sideways,21600.0,2,Monday,Asia,2022,11,373329.5279771405,928040.1426170502,654710.6146399099
3724,3754,2022-11-07 08:00:00,2022-11-09 20:00:00,1414.652577591261,1322.990597731172,1,-0.06479469327809262,-24189.772256933935,30,-10.506505152024271,1.8134454067983974,-3.57301593062492,0.17260215271954668,Bearish,216000.0,8,Monday,London,2022,11,349139.75572020654,928040.1426170502,678900.3868968439
3754,3759,2022-11-09 20:00:00,2022-11-10 06:00:00,1322.990597731172,1275.99673418012,-1,0.03552093539564294,12401.770706988025,5,-0.0,3.552093539564294,1.0,3.552093539564294,Bearish,36000.0,20,Wednesday,NY,2022,11,361541.5264271946,940441.9133240383,678900.3868968439
3759,3796,2022-11-10 06:00:00,2022-11-13 08:00:00,1275.99673418012,1198.225014679638,1,-0.06094977942906221,-22035.876290183995,37,-8.975762036095137,0.7761454128580869,-7.8528814857798395,0.08647125555879212,Bearish,266400.0,6,Thursday,Asia,2022,11,339505.6501370106,940441.9133240383,700936.2631870279
3796,3805,2022-11-13 08:00:00,2022-11-14 02:00:00,1198.225014679638,1189.761012051,-1,0.007063783951214542,2398.1945627844766,9,-3.623794790815915,1.237584801760938,0.5707717112527243,0.34151624835309446,Bearish,64800.0,8,Sunday,London,2022,11,341903.8446997951,942840.1078868228,700936.2631870279
3805,3825,2022-11-14 02:00:00,2022-11-15 18:00:00,1189.761012051,1173.033268854898,1,-0.014059750678218519,-4807.082812403467,20,-5.496623463233452,0.0,0.0,0.0,Bearish,144000.0,2,Monday,Asia,2022,11,337096.7618873916,942840.1078868228,705743.3459994313
3825,3843,2022-11-15 18:00:00,2022-11-17 06:00:00,1173.033268854898,1198.248408664625,-1,-0.021495673208264288,-7246.121833095456,18,-7.584941386942434,-0.0,0.0,-0.0,Sideways,129600.0,18,Tuesday,NY,2022,11,329850.6400542962,942840.1078868228,712989.4678325268
3843,3863,2022-11-17 06:00:00,2022-11-18 22:00:00,1198.248408664625,1176.091076469354,1,-0.018491434693382214,-6099.411569134347,20,-5.36470373823279,1.4459611035351205,-1.2788334795572238,0.26953233097107443,Sideways,144000.0,6,Thursday,Asia,2022,11,323751.22848516185,942840.1078868228,719088.8794016611
3863,3864,2022-11-18 22:00:00,2022-11-19 00:00:00,1176.091076469354,1148.502908472506,-1,0.02345750983815653,7594.397627305954,1,-0.0,2.345750983815653,1.0,2.345750983815653,Sideways,7200.0,22,Friday,Late,2022,11,331345.62611246784,950434.5055141287,719088.8794016611
3864,3879,2022-11-19 00:00:00,2022-11-20 06:00:00,1148.502908472506,1137.058880104906,1,-0.00996430072852017,-3301.6274636644375,15,-5.54943329843991,0.0,0.0,0.0,Sideways,108000.0,0,Saturday,Asia,2022,11,328043.9986488034,950434.5055141287,722390.5068653255
3879,3883,2022-11-20 06:00:00,2022-11-20 14:00:00,1137.058880104906,1107.407021803406,-1,0.026077680602401343,8554.626620298079,4,-0.0,2.6077680602401343,1.0,2.6077680602401343,Bearish,28800.0,6,Sunday,Asia,2022,11,336598.62526910147,958989.1321344269,722390.5068653255
3883,3902,2022-11-20 14:00:00,2022-11-22 04:00:00,1107.407021803406,1096.927618545935,1,-0.009463009581071047,-3185.236015896852,19,-4.4141480036197445,0.8557499301689919,-1.1058148236368899,0.1938652554167303,Bearish,136800.0,14,Sunday,NY_overlap,2022,11,333413.3892532046,958989.1321344269,725575.7428812224
3902,3911,2022-11-22 04:00:00,2022-11-22 22:00:00,1096.927618545935,1085.848930917382,-1,0.010099743539358386,3367.3897240456386,9,-0.6443734593538197,1.1675138062201773,0.8650641633143746,1.811858929433507,Bearish,64800.0,4,Tuesday,Asia,2022,11,336780.7789772502,962356.5218584725,725575.7428812224
3911,3921,2022-11-22 22:00:00,2022-11-23 18:00:00,1085.848930917382,1074.274993332901,1,-0.010658883805045205,-3589.707190891124,10,-4.53432199111361,0.0,0.0,0.0,Bearish,72000.0,22,Tuesday,Late,2022,11,333191.0717863591,962356.5218584725,729165.4500721135
3921,3944,2022-11-23 18:00:00,2022-11-25 16:00:00,1074.274993332901,1133.542833188299,-1,-0.05517008235621468,-18382.178870808882,23,-12.246953359745083,0.2800560302037791,-19.6996587847335,0.022867403996515948,Sideways,165600.0,18,Wednesday,NY,2022,11,314808.89291555027,962356.5218584725,747547.6289429225
3944,3948,2022-11-25 16:00:00,2022-11-26 00:00:00,1133.542833188299,1164.474220125545,1,0.027287356094207516,8590.302362609867,4,0.0,2.7287356094207516,1.0,2.7287356094207516,Bullish,28800.0,16,Friday,NY,2022,11,323399.1952781601,970946.8242210824,747547.6289429225
3948,3950,2022-11-26 00:00:00,2022-11-26 04:00:00,1164.474220125545,1153.364802022127,-1,0.009540286862014247,3085.3210938982133,2,-0.0,0.9540286862014247,1.0,0.9540286862014247,Bullish,14400.0,0,Saturday,Asia,2022,11,326484.5163720583,974032.1453149806,747547.6289429225
3950,3951,2022-11-26 04:00:00,2022-11-26 06:00:00,1153.364802022127,1163.138551275414,1,0.008474117847320661,2766.6682670623163,1,0.0,0.8474117847320661,1.0,0.8474117847320661,Bullish,7200.0,4,Saturday,Asia,2022,11,329251.1846391206,976798.8135820429,747547.6289429225
3951,3952,2022-11-26 06:00:00,2022-11-26 08:00:00,1163.138551275414,1143.48584045255,-1,0.01689627671726146,5563.1191251487335,1,-0.0,1.689627671726146,1.0,1.689627671726146,Bullish,7200.0,6,Saturday,Asia,2022,11,334814.30376426934,982361.9327071917,747547.6289429225
3952,3959,2022-11-26 08:00:00,2022-11-26 22:00:00,1143.48584045255,1174.38730937532,1,0.02702391916854885,9047.994681399585,7,-3.00510099849558,2.702391916854885,1.0,0.8992682502876815,Bullish,50400.0,8,Saturday,London,2022,11,343862.29844566894,991409.9273885912,747547.6289429225
3959,3994,2022-11-26 22:00:00,2022-11-29 20:00:00,1174.38730937532,1254.841863831171,-1,-0.06850768380547834,-23557.209614540938,35,-10.830643934833883,0.41365758063692804,-16.561447683369863,0.03819325823338246,Bullish,252000.0,22,Saturday,Late,2022,11,320305.08883112797,991409.9273885912,771104.8385574634
3994,3999,2022-11-29 20:00:00,2022-11-30 06:00:00,1254.841863831171,1283.23114351874,1,0.022623790698927948,7246.515289516972,5,-0.34577446651825605,2.262379069892795,1.0,6.542932717599455,Bullish,36000.0,20,Tuesday,NY,2022,11,327551.604120645,998656.4426781082,771104.8385574634
