entry_i,exit_i,entry_time,exit_time,entry_price,exit_price,direction,ret,pnl,hold_bars,mae_pct,mfe_pct,trade_efficiency_pct,edge_ratio,entry_regime,hold_sec,hour,weekday,session,year,month,equity,cum_profit,cum_loss
1,2,2022-01-01 00:30:00,2022-01-01 01:00:00,1450.162024873941,1432.924427488776,-1,0.011886669964801588,1188.6669964801588,1,-0.0,1.1886669964801588,1.0,1.1886669964801588,Sideways,1800.0,0,Saturday,Asia,2022,1,101188.66699648015,1188.6669964801588,-0.0
2,7,2022-01-01 01:00:00,2022-01-01 03:30:00,1432.924427488776,1409.429241250043,1,-0.016396668092195643,-1659.1569874329964,5,-2.5840257579846426,0.0,0.0,0.0,Sideways,9000.0,1,Saturday,Asia,2022,1,99529.51000904717,1188.6669964801588,1659.1569874329964
7,8,2022-01-01 03:30:00,2022-01-01 04:00:00,1409.429241250043,1387.872982797974,-1,0.015294317601180607,1522.2359367682513,1,-0.0,1.5294317601180607,1.0,1.5294317601180607,Sideways,1800.0,3,Saturday,Asia,2022,1,101051.74594581542,2710.90293324841,1659.1569874329964
8,19,2022-01-01 04:00:00,2022-01-01 09:30:00,1387.872982797974,1318.952880002379,1,-0.04965879705839571,-5018.108144319808,11,-8.138299533260263,0.0,0.0,0.0,Sideways,19800.0,4,Saturday,Asia,2022,1,96033.6378014956,2710.90293324841,6677.265131752804
19,21,2022-01-01 09:30:00,2022-01-01 10:30:00,1318.952880002379,1296.611402707012,-1,0.016938798674389854,1626.6944566888092,2,-0.23042336376812855,1.6938798674389854,1.0,7.351163700324722,Bearish,3600.0,9,Saturday,London,2022,1,97660.33225818441,4337.597389937219,6677.265131752804
21,26,2022-01-01 10:30:00,2022-01-01 13:00:00,1296.611402707012,1318.498702533097,1,0.016880385118000385,1648.5440192700291,5,-1.5883001724078305,1.6880385118000385,1.0,1.0627956485334926,Bearish,9000.0,10,Saturday,London,2022,1,99308.87627745444,5986.141409207248,6677.265131752804
26,28,2022-01-01 13:00:00,2022-01-01 14:00:00,1318.498702533097,1292.141352948055,-1,0.01999042512093807,1985.2266550689562,2,-0.0,1.9990425120938071,1.0,1.9990425120938071,Bearish,3600.0,13,Saturday,NY_overlap,2022,1,101294.1029325234,7971.368064276205,6677.265131752804
28,38,2022-01-01 14:00:00,2022-01-01 19:00:00,1292.141352948055,1267.727582742366,1,-0.01889403984323268,-1913.8548166916094,10,-5.085550264765248,0.8014169830139473,-2.357579168359583,0.15758707343165765,Bearish,18000.0,14,Saturday,NY_overlap,2022,1,99380.2481158318,7971.368064276205,8591.119948444413
38,42,2022-01-01 19:00:00,2022-01-01 21:00:00,1267.727582742366,1252.457832746719,-1,0.012044977330709417,1197.032835675471,4,-0.10447633036507753,1.2044977330709417,1.0,11.528905435920244,Bearish,7200.0,19,Saturday,NY,2022,1,100577.28095150726,9168.400899951675,8591.119948444413
42,44,2022-01-01 21:00:00,2022-01-01 22:00:00,1252.457832746719,1271.512725256031,1,0.015213999235026865,1530.1826754573135,2,0.0,1.5213999235026865,1.0,1.5213999235026865,Bearish,3600.0,21,Saturday,Late,2022,1,102107.46362696457,10698.58357540899,8591.119948444413
44,46,2022-01-01 22:00:00,2022-01-01 23:00:00,1271.512725256031,1253.347605190223,-1,0.014286227502874782,1458.7304551163277,2,-1.1592165233712537,1.4286227502874782,1.0,1.2324037153410587,Bearish,3600.0,22,Saturday,Late,2022,1,103566.19408208091,12157.314030525316,8591.119948444413
46,53,2022-01-01 23:00:00,2022-01-02 02:30:00,1253.347605190223,1194.913520224361,1,-0.046622409237374596,-4828.5054836521385,7,-6.803073085626621,0.0,0.0,0.0,Bearish,12600.0,23,Saturday,Late,2022,1,98737.68859842877,12157.314030525316,13419.625432096553
53,54,2022-01-02 02:30:00,2022-01-02 03:00:00,1194.913520224361,1162.60410276947,-1,0.02703912618615656,2669.780821342347,1,-0.0,2.703912618615656,1.0,2.703912618615656,Bearish,1800.0,2,Sunday,Asia,2022,1,101407.4694197711,14827.094851867663,13419.625432096553
54,64,2022-01-02 03:00:00,2022-01-02 08:00:00,1162.60410276947,1114.60102263745,1,-0.041289274670260334,-4187.040858488954,10,-6.713229131443543,0.0,0.0,0.0,Bearish,18000.0,3,Sunday,Asia,2022,1,97220.42856128215,14827.094851867663,17606.666290585505
64,67,2022-01-02 08:00:00,2022-01-02 09:30:00,1114.60102263745,1093.911227946651,-1,0.01856251185006197,1804.6553572369028,3,-0.0,1.856251185006197,1.0,1.856251185006197,Bearish,5400.0,8,Sunday,London,2022,1,99025.08391851906,16631.750209104564,17606.666290585505
67,70,2022-01-02 09:30:00,2022-01-02 11:00:00,1093.911227946651,1106.984810201793,1,0.011951227778950635,1183.4713337399226,3,-1.6772204750488018,1.1951227778950635,1.0,0.7125615240657548,Bearish,5400.0,9,Sunday,London,2022,1,100208.55525225899,17815.221542844487,17606.666290585505
70,71,2022-01-02 11:00:00,2022-01-02 11:30:00,1106.984810201793,1088.562225628679,-1,0.016642129506506675,1667.6837541680234,1,-0.0,1.6642129506506675,1.0,1.6642129506506675,Bearish,1800.0,11,Sunday,London,2022,1,101876.239006427,19482.905297012512,17606.666290585505
71,72,2022-01-02 11:30:00,2022-01-02 12:00:00,1088.562225628679,1108.372361204301,1,0.01819844112648772,1853.9887377464531,1,0.0,1.8198441126487719,1.0,1.8198441126487719,Bearish,1800.0,11,Sunday,London,2022,1,103730.22774417346,21336.894034758967,17606.666290585505
72,85,2022-01-02 12:00:00,2022-01-02 18:30:00,1108.372361204301,1176.69901145152,-1,-0.061645934740720776,-6394.546850157419,13,-9.135389593405897,0.15359799540221042,-40.13459588407729,0.01681351340648684,Bearish,23400.0,12,Sunday,London,2022,1,97335.68089401604,21336.894034758967,24001.213140742922
85,94,2022-01-02 18:30:00,2022-01-02 23:00:00,1176.69901145152,1123.055422839053,1,-0.0455881989280289,-4437.358383391544,9,-6.60451197678904,1.355300424984085,-3.3636969403713004,0.20520826213158,Bearish,16200.0,18,Sunday,NY,2022,1,92898.3225106245,21336.894034758967,28438.571524134466
94,100,2022-01-02 23:00:00,2022-01-03 02:00:00,1123.055422839053,1204.287681310486,-1,-0.07233147787673744,-6719.472959463253,6,-9.991046657282032,-0.0,0.0,-0.0,Bearish,10800.0,23,Sunday,Late,2022,1,86178.84955116124,21336.894034758967,35158.04448359772
100,103,2022-01-03 02:00:00,2022-01-03 03:30:00,1204.287681310486,1213.862326227206,1,0.007950463220134374,685.161773710001,3,-0.9652912429200411,0.7950463220134374,1.0,0.823633621297955,Sideways,5400.0,2,Monday,Asia,2022,1,86864.01132487124,22022.05580846897,35158.04448359772
103,105,2022-01-03 03:30:00,2022-01-03 04:30:00,1213.862326227206,1180.886224001665,-1,0.027166262197158564,2359.7705071484024,2,-0.0,2.7166262197158564,1.0,2.7166262197158564,Sideways,3600.0,3,Monday,Asia,2022,1,89223.78183201965,24381.82631561737,35158.04448359772
105,109,2022-01-03 04:30:00,2022-01-03 06:30:00,1180.886224001665,1211.211053898626,1,0.02567972195847923,2291.2419095302744,4,-1.4845833063335978,2.567972195847923,1.0,1.7297595796021157,Sideways,7200.0,4,Monday,Asia,2022,1,91515.02374154993,26673.068225147646,35158.04448359772
109,124,2022-01-03 06:30:00,2022-01-03 14:00:00,1211.211053898626,1292.062162285517,-1,-0.06675228741237849,-6108.83716734658,15,-9.159781506203512,0.6970808046182775,-9.575975549768888,0.07610233979338653,Bullish,27000.0,6,Monday,Asia,2022,1,85406.18657420334,26673.068225147646,41266.8816509443
124,126,2022-01-03 14:00:00,2022-01-03 15:00:00,1292.062162285517,1306.088890753051,1,0.010856078660118174,927.17627951028,2,0.0,1.0856078660118174,1.0,1.0856078660118174,Bullish,3600.0,14,Monday,NY_overlap,2022,1,86333.36285371362,27600.244504657927,41266.8816509443
126,132,2022-01-03 15:00:00,2022-01-03 18:00:00,1306.088890753051,1330.76869490394,-1,-0.018895960547263835,-1631.3518183963854,6,-4.374089070591203,0.10274642187434457,-18.39086967950374,0.02348978729426224,Bullish,10800.0,15,Monday,NY_overlap,2022,1,84702.01103531723,27600.244504657927,42898.23346934068
132,133,2022-01-03 18:00:00,2022-01-03 18:30:00,1330.76869490394,1341.686709010625,1,0.008204291360695892,694.9199773706212,1,0.0,0.8204291360695892,1.0,0.8204291360695892,Bullish,1800.0,18,Monday,NY,2022,1,85396.93101268786,28295.164482028547,42898.23346934068
133,136,2022-01-03 18:30:00,2022-01-03 20:00:00,1341.686709010625,1335.364537164852,-1,0.004712107381934949,402.39950901947594,3,-3.7837328472296816,0.4712107381934949,1.0,0.12453594300097036,Bullish,5400.0,18,Monday,NY,2022,1,85799.33052170734,28697.563991048024,42898.23346934068
136,138,2022-01-03 20:00:00,2022-01-03 21:00:00,1335.364537164852,1366.180584321364,1,0.023076879982104614,1979.9808529943653,2,0.0,2.3076879982104614,1.0,2.3076879982104614,Bullish,3600.0,20,Monday,NY,2022,1,87779.3113747017,30677.54484404239,42898.23346934068
138,143,2022-01-03 21:00:00,2022-01-03 23:30:00,1366.180584321364,1383.744119679664,-1,-0.012855939807565386,-1128.4855433827047,5,-2.836973690485567,-0.0,0.0,-0.0,Bullish,9000.0,21,Monday,Late,2022,1,86650.825831319,30677.54484404239,44026.719012723384
143,152,2022-01-03 23:30:00,2022-01-04 04:00:00,1383.744119679664,1291.78612017612,1,-0.06645592793907029,-5758.461037307065,9,-7.85326512052682,0.0,0.0,0.0,Bullish,16200.0,23,Monday,Late,2022,1,80892.36479401193,30677.54484404239,49785.18005003045
152,153,2022-01-04 04:00:00,2022-01-04 04:30:00,1291.78612017612,1241.562752594769,-1,0.038879011623459414,3145.015191075509,1,-0.0,3.8879011623459414,1.0,3.8879011623459414,Bullish,1800.0,4,Tuesday,Asia,2022,1,84037.37998508743,33822.5600351179,49785.18005003045
153,156,2022-01-04 04:30:00,2022-01-04 06:00:00,1241.562752594769,1292.145241647776,1,0.04074098465606624,3423.765608508455,3,0.0,4.074098465606624,1.0,4.074098465606624,Sideways,5400.0,4,Tuesday,Asia,2022,1,87461.1455935959,37246.325643626355,49785.18005003045
156,161,2022-01-04 06:00:00,2022-01-04 08:30:00,1292.145241647776,1287.62408205817,-1,0.003498956188423885,306.0227166213548,5,-0.7884824698424442,0.3498956188423885,1.0,0.4437582726630628,Bullish,9000.0,6,Tuesday,Asia,2022,1,87767.16831021725,37552.348360247706,49785.18005003045
161,162,2022-01-04 08:30:00,2022-01-04 09:00:00,1287.62408205817,1327.741055851896,1,0.03115581197394346,2734.4573933585775,1,0.0,3.115581197394346,1.0,3.115581197394346,Bullish,1800.0,8,Tuesday,London,2022,1,90501.62570357583,40286.805753606284,49785.18005003045
162,163,2022-01-04 09:00:00,2022-01-04 09:30:00,1327.741055851896,1287.298469952994,-1,0.030459693718631997,2756.651799969193,1,-0.0,3.0459693718631997,1.0,3.0459693718631997,Bullish,1800.0,9,Tuesday,London,2022,1,93258.27750354502,43043.45755357548,49785.18005003045
163,168,2022-01-04 09:30:00,2022-01-04 12:00:00,1287.298469952994,1241.805027005076,1,-0.035340244713861324,-3295.770348568469,5,-7.243971294300167,0.0,0.0,0.0,Bullish,9000.0,9,Tuesday,London,2022,1,89962.50715497656,43043.45755357548,53080.95039859892
168,185,2022-01-04 12:00:00,2022-01-04 20:30:00,1241.805027005076,1370.030583371061,-1,-0.10325739836569436,-9289.294439278043,17,-12.959574170924437,-0.0,0.0,-0.0,Bearish,30600.0,12,Tuesday,London,2022,1,80673.21271569851,43043.45755357548,62370.24483787696
185,187,2022-01-04 20:30:00,2022-01-04 21:30:00,1370.030583371061,1398.540759512134,1,0.020809882996130957,1678.8001175356699,2,0.0,2.0809882996130957,1.0,2.0809882996130957,Sideways,3600.0,20,Tuesday,NY,2022,1,82352.01283323418,44722.25767111115,62370.24483787696
187,189,2022-01-04 21:30:00,2022-01-04 22:30:00,1398.540759512134,1366.125816305515,-1,0.023177689306621674,1908.7293672236224,2,-0.0,2.3177689306621674,1.0,2.3177689306621674,Bullish,3600.0,21,Tuesday,Late,2022,1,84260.7422004578,46630.987038334766,62370.24483787696
189,202,2022-01-04 22:30:00,2022-01-05 05:00:00,1366.125816305515,1279.880837266801,1,-0.06313106597454587,-5319.470474921303,13,-9.093292592420898,0.7258375628064195,-8.697685158433016,0.0798212039730683,Sideways,23400.0,22,Tuesday,Late,2022,1,78941.2717255365,46630.987038334766,67689.71531279826
202,207,2022-01-05 05:00:00,2022-01-05 07:30:00,1279.880837266801,1299.399663022555,-1,-0.015250502380703246,-1203.8940523860363,5,-2.8942710614173306,-0.0,0.0,-0.0,Sideways,9000.0,5,Wednesday,Asia,2022,1,77737.37767315046,46630.987038334766,68893.6093651843
207,215,2022-01-05 07:30:00,2022-01-05 11:30:00,1299.399663022555,1238.514654956728,1,-0.046856259700884695,-3642.4827567188936,8,-6.290477994746424,0.0,0.0,0.0,Sideways,14400.0,7,Wednesday,Asia,2022,1,74094.89491643157,46630.987038334766,72536.09212190319
215,217,2022-01-05 11:30:00,2022-01-05 12:30:00,1238.514654956728,1225.038455987611,-1,0.010880936220805326,806.2218258729647,2,-1.32969574537245,1.0880936220805326,1.0,0.8183027026049149,Sideways,3600.0,11,Wednesday,London,2022,1,74901.11674230453,47437.20886420773,72536.09212190319
217,233,2022-01-05 12:30:00,2022-01-05 20:30:00,1225.038455987611,1198.323949559248,1,-0.021807075767940942,-1633.374327902825,16,-3.9395058684215,0.3518838971759308,-6.197236060801638,0.0893218360192278,Sideways,28800.0,12,Wednesday,London,2022,1,73267.74241440171,47437.20886420773,74169.46644980602
233,236,2022-01-05 20:30:00,2022-01-05 22:00:00,1198.323949559248,1185.493005260335,-1,0.010707408713338529,784.5076635346078,3,-0.9851777091854252,1.0707408713338529,1.0,1.0868504852989151,Bearish,5400.0,20,Wednesday,NY,2022,1,74052.25007793632,48221.716527742334,74169.46644980602
236,237,2022-01-05 22:00:00,2022-01-05 22:30:00,1185.493005260335,1209.06305523443,1,0.019882065832112827,1472.3117110656121,1,0.0,1.9882065832112827,1.0,1.9882065832112827,Bearish,1800.0,22,Wednesday,Late,2022,1,75524.56178900193,49694.02823880794,74169.46644980602
237,239,2022-01-05 22:30:00,2022-01-05 23:30:00,1209.06305523443,1200.593748157092,-1,0.007004851434895487,529.0383350175431,2,-0.9541328495018098,0.7004851434895487,1.0,0.7341589212186747,Bearish,3600.0,22,Wednesday,Late,2022,1,76053.60012401947,50223.06657382548,74169.46644980602
239,247,2022-01-05 23:30:00,2022-01-06 03:30:00,1200.593748157092,1124.93973015169,1,-0.06301383638015012,-4792.429114336328,8,-7.7875554348725835,0.0,0.0,0.0,Bearish,14400.0,23,Wednesday,Late,2022,1,71261.17100968314,50223.06657382548,78961.89556414234
247,248,2022-01-06 03:30:00,2022-01-06 04:00:00,1124.93973015169,1120.463413881501,-1,0.0039791609721040455,283.55967050816344,1,-0.0,0.39791609721040455,1.0,0.39791609721040455,Bearish,1800.0,3,Thursday,Asia,2022,1,71544.73068019131,50506.626244333645,78961.89556414234
248,250,2022-01-06 04:00:00,2022-01-06 05:00:00,1120.463413881501,1121.552171020006,1,0.0009717025339839314,69.52019609513982,2,-1.2615350965054284,0.09717025339839314,1.0,0.07702540632247484,Bearish,3600.0,4,Thursday,Asia,2022,1,71614.25087628645,50576.14644042878,78961.89556414234
250,251,2022-01-06 05:00:00,2022-01-06 05:30:00,1121.552171020006,1111.098109577848,-1,0.00932106567334312,667.5211355651362,1,-0.0,0.9321065673343121,1.0,0.9321065673343121,Bearish,1800.0,5,Thursday,Asia,2022,1,72281.77201185159,51243.66757599392,78961.89556414234
251,260,2022-01-06 05:30:00,2022-01-06 10:00:00,1111.098109577848,1026.390695572745,1,-0.07623756468930254,-5510.586269610954,9,-9.488290120936849,0.0,0.0,0.0,Bearish,16200.0,5,Thursday,Asia,2022,1,66771.18574224063,51243.66757599392,84472.48183375329
260,263,2022-01-06 10:00:00,2022-01-06 11:30:00,1026.390695572745,1018.819797574202,-1,0.0073762340512238955,492.51989391251095,3,-0.642620386958348,0.7376234051223896,1.0,1.1478369191082,Bearish,5400.0,10,Thursday,London,2022,1,67263.70563615314,51736.18746990643,84472.48183375329
263,265,2022-01-06 11:30:00,2022-01-06 12:30:00,1018.819797574202,1023.138957545581,1,0.004239375777407295,285.15612437256226,2,-0.818274193630586,0.4239375777407295,1.0,0.5180874345551196,Bearish,3600.0,11,Thursday,London,2022,1,67548.8617605257,52021.34359427899,84472.48183375329
265,270,2022-01-06 12:30:00,2022-01-06 15:00:00,1023.138957545581,1031.826593349535,-1,-0.008491159230995304,-573.5681410811137,5,-2.5619507054313706,0.2575249031122606,-3.297218687737483,0.10051907031868501,Bearish,9000.0,12,Thursday,London,2022,1,66975.2936194446,52021.34359427899,85046.0499748344
270,274,2022-01-06 15:00:00,2022-01-06 17:00:00,1031.826593349535,1045.435687294957,1,0.013189322734204811,883.3587627649832,4,-1.2281957522010667,1.3189322734204811,1.0,1.073877898581561,Bearish,7200.0,15,Thursday,NY_overlap,2022,1,67858.65238220958,52904.70235704397,85046.0499748344
274,275,2022-01-06 17:00:00,2022-01-06 17:30:00,1045.435687294957,1022.691801147366,-1,0.021755413961848102,1476.2930734681195,1,-0.0,2.1755413961848102,1.0,2.1755413961848102,Bearish,1800.0,17,Thursday,NY,2022,1,69334.94545567769,54380.99543051209,85046.0499748344
275,276,2022-01-06 17:30:00,2022-01-06 18:00:00,1022.691801147366,1044.714434486266,1,0.021533988357189005,1493.0579081888984,1,0.0,2.1533988357189005,1.0,2.1533988357189005,Bearish,1800.0,17,Thursday,NY,2022,1,70828.00336386659,55874.05333870099,85046.0499748344
276,281,2022-01-06 18:00:00,2022-01-06 20:30:00,1044.714434486266,1047.468913607882,-1,-0.00263658568379066,-186.7440996806474,5,-2.6563221709130724,-0.0,0.0,-0.0,Bearish,9000.0,18,Thursday,NY,2022,1,70641.25926418595,55874.05333870099,85232.79407451506
281,282,2022-01-06 20:30:00,2022-01-06 21:00:00,1047.468913607882,1063.750352864313,1,0.015543601385125116,1098.0195753457833,1,0.0,1.5543601385125116,1.0,1.5543601385125116,Bearish,1800.0,20,Thursday,NY,2022,1,71739.27883953173,56972.072914046774,85232.79407451506
282,283,2022-01-06 21:00:00,2022-01-06 21:30:00,1063.750352864313,1052.868076604688,-1,0.010230103548565572,733.9002510278286,1,-0.0,1.0230103548565572,1.0,1.0230103548565572,Bearish,1800.0,21,Thursday,Late,2022,1,72473.17909055957,57705.9731650746,85232.79407451506
283,286,2022-01-06 21:30:00,2022-01-06 23:00:00,1052.868076604688,1055.673326037341,1,0.0026643883454986472,193.09669373012312,3,-0.9612941167560063,0.2664388345498647,1.0,0.2771668211691466,Bearish,5400.0,21,Thursday,Late,2022,1,72666.27578428968,57899.06985880472,85232.79407451506
286,287,2022-01-06 23:00:00,2022-01-06 23:30:00,1055.673326037341,1047.487630098525,-1,0.0077540047066856355,563.4546444486986,1,-0.0,0.7754004706685635,1.0,0.7754004706685635,Bearish,1800.0,23,Thursday,Late,2022,1,73229.73042873839,58462.52450325342,85232.79407451506
287,288,2022-01-06 23:30:00,2022-01-07 00:00:00,1047.487630098525,1060.499484166477,1,0.012421964416637676,909.6571056257574,1,0.0,1.2421964416637676,1.0,1.2421964416637676,Bearish,1800.0,23,Thursday,Late,2022,1,74139.38753436414,59372.18160887918,85232.79407451506
288,299,2022-01-07 00:00:00,2022-01-07 05:30:00,1060.499484166477,1116.51161028567,-1,-0.05281674055996066,-3915.800796676892,11,-7.92063474919813,-0.0,0.0,-0.0,Bearish,19800.0,0,Friday,Asia,2022,1,70223.58673768725,59372.18160887918,89148.59487119195
299,300,2022-01-07 05:30:00,2022-01-07 06:00:00,1116.51161028567,1125.55458988222,1,0.008099315325736933,568.762972292767,1,0.0,0.8099315325736933,1.0,0.8099315325736933,Sideways,1800.0,5,Friday,Asia,2022,1,70792.34970998002,59940.94458117195,89148.59487119195
300,303,2022-01-07 06:00:00,2022-01-07 07:30:00,1125.55458988222,1120.720435183706,-1,0.004294909142540826,304.0467099913405,3,-1.709192313749286,0.4294909142540826,1.0,0.25128296611160794,Sideways,5400.0,6,Friday,Asia,2022,1,71096.39641997135,60244.99129116329,89148.59487119195
303,309,2022-01-07 07:30:00,2022-01-07 10:30:00,1120.720435183706,1126.240601727701,1,0.004925551788560023,350.1889825465622,6,-0.8562334667434834,0.9880698883617534,0.49850236775525275,1.1539725165376729,Bullish,10800.0,7,Friday,Asia,2022,1,71446.58540251791,60595.180273709855,89148.59487119195
309,326,2022-01-07 10:30:00,2022-01-07 19:00:00,1126.240601727701,1174.243623870011,-1,-0.04262235091566713,-3045.2214347522986,17,-6.545215505232482,-0.0,0.0,-0.0,Bullish,30600.0,10,Friday,London,2022,1,68401.36396776562,60595.180273709855,92193.81630594424
326,327,2022-01-07 19:00:00,2022-01-07 19:30:00,1174.243623870011,1209.267928069696,1,0.029827118911025963,2040.2156167429114,1,0.0,2.9827118911025963,1.0,2.9827118911025963,Bullish,1800.0,19,Friday,NY,2022,1,70441.57958450852,62635.39589045277,92193.81630594424
327,329,2022-01-07 19:30:00,2022-01-07 20:30:00,1209.267928069696,1194.79050691356,-1,0.011972054182604275,843.330407493967,2,-0.8986630469200563,1.1972054182604275,1.0,1.3322072409270092,Bullish,3600.0,19,Friday,NY,2022,1,71284.9099920025,63478.726297946734,92193.81630594424
329,333,2022-01-07 20:30:00,2022-01-07 22:30:00,1194.79050691356,1207.916207226985,1,0.010985775529244846,783.1200197945622,4,-0.38499071763110626,1.0985775529244846,1.0,2.8535169878488578,Bullish,7200.0,20,Friday,NY,2022,1,72068.03001179706,64261.8463177413,92193.81630594424
333,334,2022-01-07 22:30:00,2022-01-07 23:00:00,1207.916207226985,1140.436566084747,-1,0.05586450511923435,4026.0448315271706,1,-0.0,5.586450511923435,1.0,5.586450511923435,Bullish,1800.0,22,Friday,Late,2022,1,76094.07484332423,68287.89114926847,92193.81630594424
334,340,2022-01-07 23:00:00,2022-01-08 02:00:00,1140.436566084747,1110.449185626077,1,-0.026294650093183436,-2000.867072169722,6,-4.425321396193538,0.0,0.0,0.0,Bullish,10800.0,23,Friday,Late,2022,1,74093.2077711545,68287.89114926847,94194.68337811397
340,341,2022-01-08 02:00:00,2022-01-08 02:30:00,1110.449185626077,1080.567909501858,-1,0.026909179196139332,1993.787405130779,1,-0.0,2.6909179196139332,1.0,2.6909179196139332,Sideways,1800.0,2,Saturday,Asia,2022,1,76086.99517628529,70281.67855439924,94194.68337811397
341,343,2022-01-08 02:30:00,2022-01-08 03:30:00,1080.567909501858,1102.441151532493,1,0.02024235759575599,1540.180164744927,2,0.0,2.024235759575599,1.0,2.024235759575599,Sideways,3600.0,2,Saturday,Asia,2022,1,77627.17534103022,71821.85871914418,94194.68337811397
343,347,2022-01-08 03:30:00,2022-01-08 05:30:00,1102.441151532493,1129.012773600123,-1,-0.024102531033691088,-1871.0114027149593,4,-5.397057036538899,-0.0,0.0,-0.0,Sideways,7200.0,3,Saturday,Asia,2022,1,75756.16393831527,71821.85871914418,96065.69478082893
347,348,2022-01-08 05:30:00,2022-01-08 06:00:00,1129.012773600123,1141.866439659924,1,0.011384872129315271,862.4742394451636,1,0.0,1.138487212931527,1.0,1.138487212931527,Sideways,1800.0,5,Saturday,Asia,2022,1,76618.63817776043,72684.33295858934,96065.69478082893
348,354,2022-01-08 06:00:00,2022-01-08 09:00:00,1141.866439659924,1200.934027036626,-1,-0.051728981013132946,-3963.4040795494698,6,-7.830077722645057,-0.0,0.0,-0.0,Sideways,10800.0,6,Saturday,Asia,2022,1,72655.23409821096,72684.33295858934,100029.09886037839
354,357,2022-01-08 09:00:00,2022-01-08 10:30:00,1200.934027036626,1205.889705224693,1,0.004126519922410088,299.81327097363607,3,-2.63590682163648,0.4126519922410088,1.0,0.15655029565302211,Bullish,5400.0,9,Saturday,London,2022,1,72955.04736918458,72984.14622956298,100029.09886037839
357,358,2022-01-08 10:30:00,2022-01-08 11:00:00,1205.889705224693,1176.956387977881,-1,0.023993336307171598,1750.4349868344796,1,-0.0,2.3993336307171598,1.0,2.3993336307171598,Bullish,1800.0,10,Saturday,London,2022,1,74705.48235601907,74734.58121639745,100029.09886037839
358,359,2022-01-08 11:00:00,2022-01-08 11:30:00,1176.956387977881,1201.451057671025,1,0.02081187539601892,1554.7611901929579,1,0.0,2.081187539601892,1.0,2.081187539601892,Bullish,1800.0,11,Saturday,London,2022,1,76260.24354621203,76289.34240659041,100029.09886037839
359,377,2022-01-08 11:30:00,2022-01-08 20:30:00,1201.451057671025,1376.532641904528,-1,-0.1457251072489738,-11113.032169604605,18,-15.370376347116332,0.3646794675863263,-39.95977843597076,0.02372612480986808,Bullish,32400.0,11,Saturday,London,2022,1,65147.21137660742,76289.34240659041,111142.131029983
377,378,2022-01-08 20:30:00,2022-01-08 21:00:00,1376.532641904528,1424.024553458765,1,0.034501115417451045,2247.6514588294112,1,0.0,3.4501115417451045,1.0,3.4501115417451045,Bullish,1800.0,20,Saturday,NY,2022,1,67394.86283543683,78536.99386541982,111142.131029983
378,380,2022-01-08 21:00:00,2022-01-08 22:00:00,1424.024553458765,1391.077265185834,-1,0.023136741703579822,1559.2975335716924,2,-0.0,2.313674170357982,1.0,2.313674170357982,Bullish,3600.0,21,Saturday,Late,2022,1,68954.16036900852,80096.29139899151,111142.131029983
380,385,2022-01-08 22:00:00,2022-01-09 00:30:00,1391.077265185834,1378.887316842927,1,-0.008762955622942048,-604.2422473308507,5,-2.0066510827357997,0.0,0.0,0.0,Bullish,9000.0,22,Saturday,Late,2022,1,68349.91812167768,80096.29139899151,111746.37327731385
385,387,2022-01-09 00:30:00,2022-01-09 01:30:00,1378.887316842927,1346.033990915135,-1,0.023825968609974768,1628.5030036614369,2,-0.0,2.382596860997477,1.0,2.382596860997477,Bullish,3600.0,0,Sunday,Asia,2022,1,69978.42112533911,81724.79440265294,111746.37327731385
387,389,2022-01-09 01:30:00,2022-01-09 02:30:00,1346.033990915135,1413.332694472287,1,0.04999777421029106,3498.7652990173647,2,0.0,4.999777421029106,1.0,4.999777421029106,Bullish,3600.0,1,Sunday,Asia,2022,1,73477.18642435648,85223.55970167031,111746.37327731385
389,392,2022-01-09 02:30:00,2022-01-09 04:00:00,1413.332694472287,1372.990813364923,-1,0.028543796704870505,2097.317871742701,3,-0.0,2.8543796704870505,1.0,2.8543796704870505,Bullish,5400.0,2,Sunday,Asia,2022,1,75574.50429609917,87320.87757341302,111746.37327731385
392,395,2022-01-09 04:00:00,2022-01-09 05:30:00,1372.990813364923,1393.822267013059,1,0.015172318303486865,1146.6404348086517,3,0.0,1.5172318303486865,1.0,1.5172318303486865,Bullish,5400.0,4,Sunday,Asia,2022,1,76721.14473090782,88467.51800822167,111746.37327731385
395,403,2022-01-09 05:30:00,2022-01-09 09:30:00,1393.822267013059,1441.77580175248,-1,-0.03440433968829093,-2639.5403245966836,8,-5.850631958565633,-0.0,0.0,-0.0,Bullish,14400.0,5,Sunday,Asia,2022,1,74081.60440631113,88467.51800822167,114385.91360191054
403,405,2022-01-09 09:30:00,2022-01-09 10:30:00,1441.77580175248,1467.916281182912,1,0.018130751950933055,1343.1551936179758,2,-0.9595564633729459,1.8130751950933055,1.0,1.8894929733682873,Bullish,3600.0,9,Sunday,London,2022,1,75424.75959992911,89810.67320183964,114385.91360191054
405,417,2022-01-09 10:30:00,2022-01-09 16:30:00,1467.916281182912,1582.034277125235,-1,-0.07774148798892111,-5863.633042505148,12,-11.866954527484609,-0.0,0.0,-0.0,Bullish,21600.0,10,Sunday,London,2022,1,69561.12655742397,89810.67320183964,120249.54664441568
417,418,2022-01-09 16:30:00,2022-01-09 17:00:00,1582.034277125235,1609.464158461509,1,0.017338360952657617,1206.075920526114,1,0.0,1.7338360952657617,1.0,1.7338360952657617,Bullish,1800.0,16,Sunday,NY,2022,1,70767.20247795008,91016.74912236576,120249.54664441568
418,419,2022-01-09 17:00:00,2022-01-09 17:30:00,1609.464158461509,1550.809355712716,-1,0.036443683719469266,2579.0175448180535,1,-0.0,3.6443683719469266,1.0,3.6443683719469266,Bullish,1800.0,17,Sunday,NY,2022,1,73346.22002276813,93595.76666718381,120249.54664441568
419,421,2022-01-09 17:30:00,2022-01-09 18:30:00,1550.809355712716,1586.367170033754,1,0.022928552881148034,1681.722684424357,2,-0.09489181068040864,2.2928552881148034,1.0,24.162836304568337,Bullish,3600.0,17,Sunday,NY,2022,1,75027.94270719249,95277.48935160816,120249.54664441568
421,422,2022-01-09 18:30:00,2022-01-09 19:00:00,1586.367170033754,1552.875124466557,-1,0.02111241722588375,1584.0212300339492,1,-0.0,2.111241722588375,1.0,2.111241722588375,Bullish,1800.0,18,Sunday,NY,2022,1,76611.96393722644,96861.51058164211,120249.54664441568
422,424,2022-01-09 19:00:00,2022-01-09 20:00:00,1552.875124466557,1575.436634300219,1,0.01452886293185518,1113.0847229841945,2,0.0,1.452886293185518,1.0,1.452886293185518,Bullish,3600.0,19,Sunday,NY,2022,1,77725.04866021062,97974.5953046263,120249.54664441568
424,425,2022-01-09 20:00:00,2022-01-09 20:30:00,1575.436634300219,1521.262935341846,-1,0.034386466442959174,2672.6897775317007,1,-0.0,3.4386466442959174,1.0,3.4386466442959174,Bullish,1800.0,20,Sunday,NY,2022,1,80397.73843774233,100647.285082158,120249.54664441568
425,426,2022-01-09 20:30:00,2022-01-09 21:00:00,1521.262935341846,1562.808107529851,1,0.027309659114694185,2195.634830327088,1,0.0,2.7309659114694185,1.0,2.7309659114694185,Bullish,1800.0,20,Sunday,NY,2022,1,82593.37326806941,102842.9199124851,120249.54664441568
426,432,2022-01-09 21:00:00,2022-01-10 00:00:00,1562.808107529851,1614.629312220494,-1,-0.03315903241156759,-2738.7163411766132,6,-5.743787456855087,-0.0,0.0,-0.0,Bullish,10800.0,21,Sunday,Late,2022,1,79854.6569268928,102842.9199124851,122988.26298559229
432,435,2022-01-10 00:00:00,2022-01-10 01:30:00,1614.629312220494,1604.355988331393,1,-0.006362651669548081,-508.08736621708357,3,-3.4936650568762717,0.0,0.0,0.0,Bullish,5400.0,0,Monday,Asia,2022,1,79346.56956067572,102842.9199124851,123496.35035180936
435,438,2022-01-10 01:30:00,2022-01-10 03:00:00,1604.355988331393,1604.279452261069,-1,4.770516698326954e-05,3.785241350441647,3,-1.8165846391621443,0.004770516698326954,1.0,0.002626091069738011,Bullish,5400.0,1,Monday,Asia,2022,1,79350.35480202615,102846.70515383554,123496.35035180936
438,440,2022-01-10 03:00:00,2022-01-10 04:00:00,1604.279452261069,1625.960066995509,1,0.013514238248132582,1072.3595998684327,2,0.0,1.3514238248132582,1.0,1.3514238248132582,Bullish,3600.0,3,Monday,Asia,2022,1,80422.7144018946,103919.06475370398,123496.35035180936
440,443,2022-01-10 04:00:00,2022-01-10 05:30:00,1625.960066995509,1588.997047110859,-1,0.022733042855690222,1828.2530130692048,3,-1.6718521923853702,2.273304285569022,1.0,1.359751954103975,Bullish,5400.0,4,Monday,Asia,2022,1,82250.96741496379,105747.31776677318,123496.35035180936
443,445,2022-01-10 05:30:00,2022-01-10 06:30:00,1588.997047110859,1624.772975581974,1,0.02251478600049217,1851.8629296813644,2,-0.04440094401728656,2.251478600049217,1.0,50.70789934494753,Bullish,3600.0,5,Monday,Asia,2022,1,84102.83034464516,107599.18069645454,123496.35035180936
445,447,2022-01-10 06:30:00,2022-01-10 07:30:00,1624.772975581974,1581.920912171018,-1,0.0263741852276973,2218.143625683272,2,-0.0,2.63741852276973,1.0,2.63741852276973,Bullish,3600.0,6,Monday,Asia,2022,1,86320.97397032843,109817.3243221378,123496.35035180936
447,450,2022-01-10 07:30:00,2022-01-10 09:00:00,1581.920912171018,1633.054624321923,1,0.03232381072750945,2790.2228244311655,3,-0.05252240157744836,3.232381072750945,1.0,61.54290313599898,Bullish,5400.0,7,Monday,Asia,2022,1,89111.1967947596,112607.54714656898,123496.35035180936
450,462,2022-01-10 09:00:00,2022-01-10 15:00:00,1633.054624321923,1657.170537613448,-1,-0.014767364748462297,-1315.937546240219,12,-5.180382590078336,0.9437232076114466,-1.5647983041381743,0.18217249232110785,Bullish,21600.0,9,Monday,London,2022,1,87795.25924851937,112607.54714656898,124812.28789804959
462,464,2022-01-10 15:00:00,2022-01-10 16:00:00,1657.170537613448,1726.324614793531,1,0.04173021159287216,3663.7147452917793,2,0.0,4.173021159287216,1.0,4.173021159287216,Bullish,3600.0,15,Monday,NY_overlap,2022,1,91458.97399381116,116271.26189186076,124812.28789804959
464,467,2022-01-10 16:00:00,2022-01-10 17:30:00,1726.324614793531,1719.489568653225,-1,0.003959305267233093,362.11399746943096,3,-1.9037419270657052,0.3959305267233093,1.0,0.20797489465054173,Bullish,5400.0,16,Monday,NY,2022,1,91821.0879912806,116633.3758893302,124812.28789804959
467,468,2022-01-10 17:30:00,2022-01-10 18:00:00,1719.489568653225,1744.367000058521,1,0.014467916443820616,1328.459828838548,1,0.0,1.4467916443820616,1.0,1.4467916443820616,Bullish,1800.0,17,Monday,NY,2022,1,93149.54782011914,117961.83571816875,124812.28789804959
468,470,2022-01-10 18:00:00,2022-01-10 19:00:00,1744.367000058521,1720.414834908032,-1,0.013731150124764668,1279.0504251720013,2,-1.385519978030958,1.3731150124764668,1.0,0.9910467075529863,Bullish,3600.0,18,Monday,NY,2022,1,94428.59824529114,119240.88614334074,124812.28789804959
470,472,2022-01-10 19:00:00,2022-01-10 20:00:00,1720.414834908032,1779.019168532255,1,0.03406407131298406,3216.622504612718,2,0.0,3.4064071312984057,1.0,3.4064071312984057,Bullish,3600.0,19,Monday,NY,2022,1,97645.22074990386,122457.50864795347,124812.28789804959
472,474,2022-01-10 20:00:00,2022-01-10 21:00:00,1779.019168532255,1734.37082672913,-1,0.025097167356527894,2450.618446725447,2,-0.0,2.5097167356527894,1.0,2.5097167356527894,Bullish,3600.0,20,Monday,NY,2022,1,100095.8391966293,124908.12709467892,124812.28789804959
474,475,2022-01-10 21:00:00,2022-01-10 21:30:00,1734.37082672913,1758.274149376946,1,0.01378212910378318,1379.5337785594659,1,0.0,1.378212910378318,1.0,1.378212910378318,Bullish,1800.0,21,Monday,Late,2022,1,101475.37297518877,126287.66087323838,124812.28789804959
475,476,2022-01-10 21:30:00,2022-01-10 22:00:00,1758.274149376946,1735.26103496975,-1,0.013088467697344508,1328.1571412617438,1,-0.0,1.3088467697344508,1.0,1.3088467697344508,Bullish,1800.0,21,Monday,Late,2022,1,102803.5301164505,127615.81801450012,124812.28789804959
476,481,2022-01-10 22:00:00,2022-01-11 00:30:00,1735.26103496975,1714.624002717202,1,-0.011892753791309385,-1222.6170725524053,5,-1.9447263298521755,0.0,0.0,0.0,Bullish,9000.0,22,Monday,Late,2022,1,101580.91304389811,127615.81801450012,126034.90497060199
481,482,2022-01-11 00:30:00,2022-01-11 01:00:00,1714.624002717202,1706.716552718236,-1,0.004611769102984109,468.46771622876474,1,-0.0,0.4611769102984109,1.0,0.4611769102984109,Bullish,1800.0,0,Tuesday,Asia,2022,1,102049.38076012688,128084.2857307289,126034.90497060199
482,483,2022-01-11 01:00:00,2022-01-11 01:30:00,1706.716552718236,1735.683532714904,1,0.016972343738351325,1732.0171685467697,1,0.0,1.6972343738351325,1.0,1.6972343738351325,Bullish,1800.0,1,Tuesday,Asia,2022,1,103781.39792867364,129816.30289927566,126034.90497060199
483,489,2022-01-11 01:30:00,2022-01-11 04:30:00,1735.683532714904,1735.956717132799,-1,-0.00015739298826411563,-16.334464346221246,6,-1.5906805871091834,-0.0,0.0,-0.0,Bullish,10800.0,1,Tuesday,Asia,2022,1,103765.06346432742,129816.30289927566,126051.2394349482
489,490,2022-01-11 04:30:00,2022-01-11 05:00:00,1735.956717132799,1753.976260866407,1,0.010380180309662368,1077.1000686032776,1,0.0,1.0380180309662368,1.0,1.0380180309662368,Bullish,1800.0,4,Tuesday,Asia,2022,1,104842.1635329307,130893.40296787894,126051.2394349482
490,491,2022-01-11 05:00:00,2022-01-11 05:30:00,1753.976260866407,1705.36543603785,-1,0.027714642388913968,2905.6630695952117,1,-0.0,2.771464238891397,1.0,2.771464238891397,Bullish,1800.0,5,Tuesday,Asia,2022,1,107747.8266025259,133799.06603747414,126051.2394349482
491,498,2022-01-11 05:30:00,2022-01-11 09:00:00,1705.36543603785,1654.238928260467,1,-0.02997979594107847,-3230.2578546384334,7,-4.60054270739616,0.0,0.0,0.0,Bullish,12600.0,5,Tuesday,Asia,2022,1,104517.56874788748,133799.06603747414,129281.49728958664
498,502,2022-01-11 09:00:00,2022-01-11 11:00:00,1654.238928260467,1637.276455439742,-1,0.010253943690324174,1071.717264590424,4,-1.442038248489097,1.0253943690324174,1.0,0.7110729345125066,Bullish,7200.0,9,Tuesday,London,2022,1,105589.2860124779,134870.78330206458,129281.49728958664
502,503,2022-01-11 11:00:00,2022-01-11 11:30:00,1637.276455439742,1706.702545729441,1,0.042403401123271234,4477.344849106913,1,0.0,4.240340112327123,1.0,4.240340112327123,Sideways,1800.0,11,Tuesday,London,2022,1,110066.63086158481,139348.1281511715,129281.49728958664
503,510,2022-01-11 11:30:00,2022-01-11 15:00:00,1706.702545729441,1742.648434197712,-1,-0.021061601248686168,-2318.1794899930346,7,-3.34178067807942,1.1636745503876722,-1.8099219615716098,0.3482199050407031,Bullish,12600.0,11,Tuesday,London,2022,1,107748.45137159179,139348.1281511715,131599.67677957966
510,514,2022-01-11 15:00:00,2022-01-11 17:00:00,1742.648434197712,1757.068464639746,1,0.008274778870514199,891.5946087402743,4,-0.8288300463704545,0.8274778870514199,1.0,0.9983685927833384,Sideways,7200.0,15,Tuesday,NY_overlap,2022,1,108640.04598033206,140239.72275991176,131599.67677957966
514,515,2022-01-11 17:00:00,2022-01-11 17:30:00,1757.068464639746,1736.252342762152,-1,0.011847074998219798,1287.066772539041,1,-0.0,1.1847074998219798,1.0,1.1847074998219798,Sideways,1800.0,17,Tuesday,NY,2022,1,109927.1127528711,141526.7895324508,131599.67677957966
515,527,2022-01-11 17:30:00,2022-01-11 23:30:00,1736.252342762152,1570.329889124303,1,-0.09556355925423143,-10505.026153205577,12,-11.886349927900575,0.0,0.0,0.0,Sideways,21600.0,17,Tuesday,NY,2022,1,99422.08659966552,141526.7895324508,142104.70293278524
527,531,2022-01-11 23:30:00,2022-01-12 01:30:00,1570.329889124303,1560.67625688523,-1,0.006147518623909276,611.1991289993647,4,-2.2014307837400215,0.6147518623909276,1.0,0.2792510520573909,Bearish,7200.0,23,Tuesday,Late,2022,1,100033.28572866488,142137.9886614502,142104.70293278524
531,533,2022-01-12 01:30:00,2022-01-12 02:30:00,1560.67625688523,1585.724690502683,1,0.01604973069010751,1605.5072959916465,2,0.0,1.604973069010751,1.0,1.604973069010751,Bearish,3600.0,1,Wednesday,Asia,2022,1,101638.79302465652,143743.49595744183,142104.70293278524
533,536,2022-01-12 02:30:00,2022-01-12 04:00:00,1585.724690502683,1575.91109373848,-1,0.006188714108432025,629.0134323556944,3,-1.2757701568652413,0.6188714108432025,1.0,0.48509632202391567,Bearish,5400.0,2,Wednesday,Asia,2022,1,102267.80645701222,144372.50938979752,142104.70293278524
536,539,2022-01-12 04:00:00,2022-01-12 05:30:00,1575.91109373848,1573.363760077372,1,-0.0016164196516093021,-165.30769208409123,3,-1.4920051023831427,0.0,0.0,0.0,Bearish,5400.0,4,Wednesday,Asia,2022,1,102102.49876492814,144372.50938979752,142270.01062486932
539,540,2022-01-12 05:30:00,2022-01-12 06:00:00,1573.363760077372,1569.665728881991,-1,0.0023503981019615816,239.9815193026218,1,-0.0,0.23503981019615816,1.0,0.23503981019615816,Bearish,1800.0,5,Wednesday,Asia,2022,1,102342.48028423075,144612.49090910013,142270.01062486932
540,541,2022-01-12 06:00:00,2022-01-12 06:30:00,1569.665728881991,1576.254229109033,1,0.004197390632803444,429.57136808290124,1,0.0,0.4197390632803444,1.0,0.4197390632803444,Bearish,1800.0,6,Wednesday,Asia,2022,1,102772.05165231366,145042.06227718302,142270.01062486932
541,542,2022-01-12 06:30:00,2022-01-12 07:00:00,1576.254229109033,1563.946676298698,-1,0.007808101372893228,802.4545976014839,1,-0.0,0.7808101372893228,1.0,0.7808101372893228,Bearish,1800.0,6,Wednesday,Asia,2022,1,103574.50624991514,145844.51687478452,142270.01062486932
542,545,2022-01-12 07:00:00,2022-01-12 08:30:00,1563.946676298698,1552.982341835271,1,-0.007010683055624245,-726.1280359609274,3,-2.731714426311338,0.0,0.0,0.0,Bearish,5400.0,7,Wednesday,Asia,2022,1,102848.37821395422,145844.51687478452,142996.13866083024
545,546,2022-01-12 08:30:00,2022-01-12 09:00:00,1552.982341835271,1537.699613934407,-1,0.009840889679919584,1012.1195437621682,1,-0.0,0.9840889679919584,1.0,0.9840889679919584,Bearish,1800.0,8,Wednesday,London,2022,1,103860.49775771638,146856.6364185467,142996.13866083024
546,547,2022-01-12 09:00:00,2022-01-12 09:30:00,1537.699613934407,1573.287082540652,1,0.023143316343293918,2403.6763551787985,1,0.0,2.314331634329392,1.0,2.314331634329392,Bearish,1800.0,9,Wednesday,London,2022,1,106264.17411289518,149260.31277372548,142996.13866083024
547,551,2022-01-12 09:30:00,2022-01-12 11:30:00,1573.287082540652,1556.179038147515,-1,0.010874076691400503,1155.524778851958,4,-2.631831692997144,1.0874076691400503,1.0,0.4131752315444247,Bearish,7200.0,9,Wednesday,London,2022,1,107419.69889174713,150415.83755257743,142996.13866083024
551,557,2022-01-12 11:30:00,2022-01-12 14:30:00,1556.179038147515,1577.367699099673,1,0.013615824678747224,1462.6077871538464,6,-0.06583137955665785,1.3615824678747224,1.0,20.682879153441935,Bearish,10800.0,11,Wednesday,London,2022,1,108882.30667890099,151878.4453397313,142996.13866083024
557,566,2022-01-12 14:30:00,2022-01-12 19:00:00,1577.367699099673,1676.096152024646,-1,-0.06259063944400856,-6815.013199171056,9,-7.981383040151746,0.08203369704075092,-76.2986939536763,0.010278130573118221,Bearish,16200.0,14,Wednesday,NY_overlap,2022,1,102067.29347972992,151878.4453397313,149811.1518600013
566,567,2022-01-12 19:00:00,2022-01-12 19:30:00,1676.096152024646,1705.728578893241,1,0.01767943135768224,1804.4917089392934,1,0.0,1.767943135768224,1.0,1.767943135768224,Sideways,1800.0,19,Wednesday,NY,2022,1,103871.78518866922,153682.93704867057,149811.1518600013
567,568,2022-01-12 19:30:00,2022-01-12 20:00:00,1705.728578893241,1641.646302357816,-1,0.03756885903676699,3902.344455650455,1,-0.0,3.756885903676699,1.0,3.756885903676699,Sideways,1800.0,19,Wednesday,NY,2022,1,107774.12964431968,157585.28150432103,149811.1518600013
568,575,2022-01-12 20:00:00,2022-01-12 23:30:00,1641.646302357816,1558.820145426449,1,-0.050453107232908745,-5437.53971987827,7,-7.232027454313695,0.0,0.0,0.0,Bearish,12600.0,20,Wednesday,NY,2022,1,102336.5899244414,157585.28150432103,155248.69157987955
575,581,2022-01-12 23:30:00,2022-01-13 02:30:00,1558.820145426449,1574.35785446126,-1,-0.009967608566259889,-1020.0510703726876,6,-2.9730543312961544,-0.0,0.0,-0.0,Sideways,10800.0,23,Wednesday,Late,2022,1,101316.53885406871,157585.28150432103,156268.74265025224
581,582,2022-01-13 02:30:00,2022-01-13 03:00:00,1574.35785446126,1585.224139692768,1,0.0069020427603012635,699.2910834965066,1,0.0,0.6902042760301264,1.0,0.6902042760301264,Sideways,1800.0,2,Thursday,Asia,2022,1,102015.82993756523,158284.57258781753,156268.74265025224
582,583,2022-01-13 03:00:00,2022-01-13 03:30:00,1585.224139692768,1568.456417870997,-1,0.010577508506160349,1079.0733089276036,1,-0.0,1.057750850616035,1.0,1.057750850616035,Sideways,1800.0,3,Thursday,Asia,2022,1,103094.90324649283,159363.64589674515,156268.74265025224
583,587,2022-01-13 03:30:00,2022-01-13 05:30:00,1568.456417870997,1547.238316880517,1,-0.013528014389638687,-1394.669334616963,4,-4.116165264913096,0.0,0.0,0.0,Sideways,7200.0,3,Thursday,Asia,2022,1,101700.23391187587,159363.64589674515,157663.4119848692
587,588,2022-01-13 05:30:00,2022-01-13 06:00:00,1547.238316880517,1523.079004938377,-1,0.015614473658362549,1587.995623466295,1,-0.0,1.5614473658362549,1.0,1.5614473658362549,Sideways,1800.0,5,Thursday,Asia,2022,1,103288.22953534217,160951.64152021144,157663.4119848692
588,591,2022-01-13 06:00:00,2022-01-13 07:30:00,1523.079004938377,1530.38695915899,1,0.004798145202525861,495.5919230223919,3,-0.504363650634454,0.4798145202525861,1.0,0.9513265272963529,Sideways,5400.0,6,Thursday,Asia,2022,1,103783.82145836455,161447.23344323382,157663.4119848692
591,592,2022-01-13 07:30:00,2022-01-13 08:00:00,1530.38695915899,1519.05100727791,-1,0.007407245476862667,768.7522420689934,1,-0.0,0.7407245476862667,1.0,0.7407245476862667,Sideways,1800.0,7,Thursday,Asia,2022,1,104552.57370043354,162215.98568530282,157663.4119848692
592,594,2022-01-13 08:00:00,2022-01-13 09:00:00,1519.05100727791,1525.829757635754,1,0.00446249028200274,466.5648440965599,2,0.0,0.446249028200274,1.0,0.446249028200274,Sideways,3600.0,8,Thursday,London,2022,1,105019.1385445301,162682.5505293994,157663.4119848692
594,595,2022-01-13 09:00:00,2022-01-13 09:30:00,1525.829757635754,1521.283175059559,-1,0.0029797443348069663,312.93018312437147,1,-0.0,0.29797443348069663,1.0,0.29797443348069663,Sideways,1800.0,9,Thursday,London,2022,1,105332.06872765448,162995.48071252377,157663.4119848692
595,596,2022-01-13 09:30:00,2022-01-13 10:00:00,1521.283175059559,1549.014249034735,1,0.018228739020984985,1920.0707913768672,1,0.0,1.8228739020984985,1.0,1.8228739020984985,Sideways,1800.0,9,Thursday,London,2022,1,107252.13951903135,164915.55150390064,157663.4119848692
596,599,2022-01-13 10:00:00,2022-01-13 11:30:00,1549.014249034735,1552.54753211866,-1,-0.0022809881097780593,-244.64085499116797,3,-2.1589459228938956,-0.0,0.0,-0.0,Sideways,5400.0,10,Thursday,London,2022,1,107007.49866404018,164915.55150390064,157908.05283986035
599,600,2022-01-13 11:30:00,2022-01-13 12:00:00,1552.54753211866,1579.895563226442,1,0.017614939666589002,1884.9306328396708,1,0.0,1.7614939666589002,1.0,1.7614939666589002,Bearish,1800.0,11,Thursday,London,2022,1,108892.42929687984,166800.48213674032,157908.05283986035
600,601,2022-01-13 12:00:00,2022-01-13 12:30:00,1579.895563226442,1563.291148160689,-1,0.010509818150158945,1144.4396298392473,1,-0.0,1.0509818150158945,1.0,1.0509818150158945,Sideways,1800.0,12,Thursday,London,2022,1,110036.8689267191,167944.92176657956,157908.05283986035
601,602,2022-01-13 12:30:00,2022-01-13 13:00:00,1563.291148160689,1578.398158829918,1,0.009663593814244642,1063.351605899091,1,0.0,0.9663593814244642,1.0,0.9663593814244642,Sideways,1800.0,12,Thursday,London,2022,1,111100.22053261819,169008.27337247864,157908.05283986035
602,603,2022-01-13 13:00:00,2022-01-13 13:30:00,1578.398158829918,1556.278764747182,-1,0.014013824052565571,1556.938942745344,1,-0.0,1.401382405256557,1.0,1.401382405256557,Sideways,1800.0,13,Thursday,NY_overlap,2022,1,112657.15947536353,170565.212315224,157908.05283986035
603,604,2022-01-13 13:30:00,2022-01-13 14:00:00,1556.278764747182,1599.564398918297,1,0.027813548029839374,3133.3953159732973,1,0.0,2.7813548029839374,1.0,2.7813548029839374,Sideways,1800.0,13,Thursday,NY_overlap,2022,1,115790.55479133682,173698.6076311973,157908.05283986035
604,610,2022-01-13 14:00:00,2022-01-13 17:00:00,1599.564398918297,1578.938176349732,-1,0.012894899750528044,1493.1075960923129,6,-0.7127024696403028,1.2894899750528044,1.0,1.8092963473293466,Sideways,10800.0,14,Thursday,NY_overlap,2022,1,117283.66238742914,175191.7152272896,157908.05283986035
610,614,2022-01-13 17:00:00,2022-01-13 19:00:00,1578.938176349732,1581.141024669441,1,0.0013951453911904554,163.62776104175913,4,-2.456624782513106,0.13951453911904554,1.0,0.05679114698839901,Bearish,7200.0,17,Thursday,NY,2022,1,117447.2901484709,175355.34298833134,157908.05283986035
614,621,2022-01-13 19:00:00,2022-01-13 22:30:00,1581.141024669441,1631.306442432243,-1,-0.03172735194401133,-3726.2915094109508,7,-4.32762164256868,-0.0,0.0,-0.0,Bearish,12600.0,19,Thursday,NY,2022,1,113720.99863905995,175355.34298833134,161634.3443492713
621,622,2022-01-13 22:30:00,2022-01-13 23:00:00,1631.306442432243,1668.503516479874,1,0.02280201504762691,2593.0679221990044,1,0.0,2.280201504762691,1.0,2.280201504762691,Bullish,1800.0,22,Thursday,Late,2022,1,116314.06656125895,177948.41091053034,161634.3443492713
622,625,2022-01-13 23:00:00,2022-01-14 00:30:00,1668.503516479874,1666.188004080548,-1,0.0013877779557882608,161.41809752180365,3,-1.8935659079337697,0.13877779557882608,1.0,0.07328912872658248,Bullish,5400.0,23,Thursday,Late,2022,1,116475.48465878076,178109.82900805213,161634.3443492713
625,630,2022-01-14 00:30:00,2022-01-14 03:00:00,1666.188004080548,1670.110547387261,1,0.002354202105108616,274.206831177248,5,-2.3872796300944965,0.2354202105108616,1.0,0.0986144260366947,Bullish,9000.0,0,Friday,Asia,2022,1,116749.691489958,178384.0358392294,161634.3443492713
630,631,2022-01-14 03:00:00,2022-01-14 03:30:00,1670.110547387261,1652.99028050537,-1,0.01025097824133503,1196.7985471461368,1,-0.0,1.025097824133503,1.0,1.025097824133503,Bullish,1800.0,3,Friday,Asia,2022,1,117946.49003710414,179580.83438637553,161634.3443492713
631,632,2022-01-14 03:30:00,2022-01-14 04:00:00,1652.99028050537,1666.247642166383,1,0.008020229651295896,945.9579366618586,1,0.0,0.8020229651295896,1.0,0.8020229651295896,Bullish,1800.0,3,Friday,Asia,2022,1,118892.447973766,180526.7923230374,161634.3443492713
632,633,2022-01-14 04:00:00,2022-01-14 04:30:00,1666.247642166383,1647.919150058417,-1,0.010999860791482408,1307.8003768699907,1,-0.0,1.0999860791482408,1.0,1.0999860791482408,Bullish,1800.0,4,Friday,Asia,2022,1,120200.24835063599,181834.5926999074,161634.3443492713
633,635,2022-01-14 04:30:00,2022-01-14 05:30:00,1647.919150058417,1659.33407704814,1,0.006926873196005046,832.6118784531701,2,0.0,0.6926873196005046,1.0,0.6926873196005046,Bullish,3600.0,4,Friday,Asia,2022,1,121032.86022908916,182667.20457836057,161634.3443492713
635,636,2022-01-14 05:30:00,2022-01-14 06:00:00,1659.33407704814,1630.037900761045,-1,0.017655381572836304,2136.881330196333,1,-0.0,1.7655381572836304,1.0,1.7655381572836304,Bullish,1800.0,5,Friday,Asia,2022,1,123169.7415592855,184804.0859085569,161634.3443492713
636,638,2022-01-14 06:00:00,2022-01-14 07:00:00,1630.037900761045,1675.946041898626,1,0.028163848899554367,3468.9339902728784,2,0.0,2.8163848899554367,1.0,2.8163848899554367,Bullish,3600.0,6,Friday,Asia,2022,1,126638.67554955838,188273.01989882978,161634.3443492713
638,642,2022-01-14 07:00:00,2022-01-14 09:00:00,1675.946041898626,1670.374525931059,-1,0.0033244005643852104,420.9976844699474,4,-0.7139894321993356,0.37863104037324513,0.8780052900861214,0.5303034236892413,Bullish,7200.0,7,Friday,Asia,2022,1,127059.67323402832,188694.01758329972,161634.3443492713
642,643,2022-01-14 09:00:00,2022-01-14 09:30:00,1670.374525931059,1679.896585968999,1,0.00570055391178359,724.3105172841848,1,0.0,0.570055391178359,1.0,0.570055391178359,Bullish,1800.0,9,Friday,London,2022,1,127783.98375131251,189418.3281005839,161634.3443492713
643,648,2022-01-14 09:30:00,2022-01-14 12:00:00,1679.896585968999,1681.388932412111,-1,-0.0008883561378578708,-113.5176862854089,5,-2.9875121818208283,-0.0,0.0,-0.0,Bullish,9000.0,9,Friday,London,2022,1,127670.4660650271,189418.3281005839,161747.8620355567
648,654,2022-01-14 12:00:00,2022-01-14 15:00:00,1681.388932412111,1706.256568532908,1,0.014789936844131546,1888.2381299625904,6,-0.93344435844539,1.4789936844131546,1.0,1.5844476117209094,Bullish,10800.0,12,Friday,London,2022,1,129558.7041949897,191306.56623054648,161747.8620355567
654,663,2022-01-14 15:00:00,2022-01-14 19:30:00,1706.256568532908,1714.508311837157,-1,-0.004836167934195279,-626.5676508237004,9,-3.380029431242515,0.7218888024433379,-0.6699325322441024,0.21357470907523077,Bullish,16200.0,15,Friday,NY_overlap,2022,1,128932.13654416599,191306.56623054648,162374.4296863804
663,664,2022-01-14 19:30:00,2022-01-14 20:00:00,1714.508311837157,1739.518915908712,1,0.01458762485948828,1880.813640238613,1,0.0,1.458762485948828,1.0,1.458762485948828,Bullish,1800.0,19,Friday,NY,2022,1,130812.9501844046,193187.37987078508,162374.4296863804
664,666,2022-01-14 20:00:00,2022-01-14 21:00:00,1739.518915908712,1736.541152302332,-1,0.0017118316904444209,223.92975364619116,2,-0.5260152706557886,0.17118316904444209,1.0,0.32543383927053354,Bullish,3600.0,20,Friday,NY,2022,1,131036.87993805078,193411.30962443128,162374.4296863804
666,667,2022-01-14 21:00:00,2022-01-14 21:30:00,1736.541152302332,1740.678215962507,1,0.0023823585491711263,312.1768311771258,1,0.0,0.23823585491711263,1.0,0.23823585491711263,Bullish,1800.0,21,Friday,Late,2022,1,131349.05676922793,193723.4864556084,162374.4296863804
667,676,2022-01-14 21:30:00,2022-01-15 02:00:00,1740.678215962507,1799.804415635541,-1,-0.03396733476114666,-4461.577381841222,9,-5.773089593804537,-0.0,0.0,-0.0,Bullish,16200.0,21,Friday,Late,2022,1,126887.4793873867,193723.4864556084,166836.00706822163
676,678,2022-01-15 02:00:00,2022-01-15 03:00:00,1799.804415635541,1834.363275747655,1,0.01920145312006616,2436.423986980267,2,0.0,1.9201453120066159,1.0,1.9201453120066159,Bullish,3600.0,2,Saturday,Asia,2022,1,129323.90337436696,196159.91044258865,166836.00706822163
678,679,2022-01-15 03:00:00,2022-01-15 03:30:00,1834.363275747655,1795.091390604136,-1,0.021409000966568392,2768.6955723422197,1,-0.0,2.1409000966568392,1.0,2.1409000966568392,Bullish,1800.0,3,Saturday,Asia,2022,1,132092.5989467092,198928.60601493088,166836.00706822163
679,680,2022-01-15 03:30:00,2022-01-15 04:00:00,1795.091390604136,1815.963300440754,1,0.011627212935155118,1535.8687751114344,1,0.0,1.1627212935155118,1.0,1.1627212935155118,Bullish,1800.0,3,Saturday,Asia,2022,1,133628.4677218206,200464.47479004232,166836.00706822163
680,689,2022-01-15 04:00:00,2022-01-15 08:30:00,1815.963300440754,1817.325528663996,-1,-0.000750140833193802,-100.2401701152576,9,-2.713766147554253,-0.0,0.0,-0.0,Bullish,16200.0,4,Saturday,Asia,2022,1,133528.22755170535,200464.47479004232,166936.2472383369
689,696,2022-01-15 08:30:00,2022-01-15 12:00:00,1817.325528663996,1773.784224214168,1,-0.023959001160258397,-3199.2029588385567,7,-3.469307843213598,0.0,0.0,0.0,Bullish,12600.0,8,Saturday,London,2022,1,130329.0245928668,200464.47479004232,170135.45019717544
696,697,2022-01-15 12:00:00,2022-01-15 12:30:00,1773.784224214168,1750.717722592078,-1,0.01300411927629419,1694.814180968719,1,-0.0,1.300411927629419,1.0,1.300411927629419,Sideways,1800.0,12,Saturday,London,2022,1,132023.8387738355,202159.28897101103,170135.45019717544
697,698,2022-01-15 12:30:00,2022-01-15 13:00:00,1750.717722592078,1769.905572795485,1,0.010959990840212708,1446.9800636509567,1,0.0,1.0959990840212708,1.0,1.0959990840212708,Sideways,1800.0,12,Saturday,London,2022,1,133470.81883748647,203606.269034662,170135.45019717544
698,703,2022-01-15 13:00:00,2022-01-15 15:30:00,1769.905572795485,1839.722741880087,-1,-0.0394468327337536,-5265.001065519459,5,-7.246484678855625,-0.0,0.0,-0.0,Bullish,9000.0,13,Saturday,NY_overlap,2022,1,128205.81777196702,203606.269034662,175400.4512626949
703,706,2022-01-15 15:30:00,2022-01-15 17:00:00,1839.722741880087,1844.544176018185,1,0.0026207395431612213,335.9940562983157,3,-1.5020778744111452,0.2620739543161221,1.0,0.17447427911742736,Bullish,5400.0,15,Saturday,NY_overlap,2022,1,128541.81182826533,203942.2630909603,175400.4512626949
706,711,2022-01-15 17:00:00,2022-01-15 19:30:00,1844.544176018185,1863.555244571397,-1,-0.010306648547854902,-1324.835278218429,5,-4.0807505112193,-0.0,0.0,-0.0,Bullish,9000.0,17,Saturday,NY,2022,1,127216.97655004691,203942.2630909603,176725.28654091334
711,712,2022-01-15 19:30:00,2022-01-15 20:00:00,1863.555244571397,1905.354765594999,1,0.022429987597827106,2853.475206250614,1,0.0,2.2429987597827106,1.0,2.2429987597827106,Bullish,1800.0,19,Saturday,NY,2022,1,130070.45175629752,206795.73829721092,176725.28654091334
712,715,2022-01-15 20:00:00,2022-01-15 21:30:00,1905.354765594999,1884.271564444986,-1,0.011065236527450062,1439.2603139157145,3,-0.0,1.1065236527450062,1.0,1.1065236527450062,Bullish,5400.0,20,Saturday,NY,2022,1,131509.71207021322,208234.99861112662,176725.28654091334
715,716,2022-01-15 21:30:00,2022-01-15 22:00:00,1884.271564444986,1953.861301408709,1,0.03693190423123571,4856.904091654499,1,0.0,3.6931904231235713,1.0,3.6931904231235713,Bullish,1800.0,21,Saturday,Late,2022,1,136366.61616186774,213091.9027027811,176725.28654091334
716,720,2022-01-15 22:00:00,2022-01-16 00:00:00,1953.861301408709,1942.112364102686,-1,0.006013189010679709,819.9982377281211,4,-0.9514192719002557,0.6013189010679709,1.0,0.6320230405538934,Bullish,7200.0,22,Saturday,Late,2022,1,137186.61439959586,213911.90094050922,176725.28654091334
720,721,2022-01-16 00:00:00,2022-01-16 00:30:00,1942.112364102686,1965.182751750185,1,0.011879017956903049,1629.6422558995334,1,0.0,1.1879017956903049,1.0,1.1879017956903049,Bullish,1800.0,0,Sunday,Asia,2022,1,138816.25665549538,215541.54319640875,176725.28654091334
721,722,2022-01-16 00:30:00,2022-01-16 01:00:00,1965.182751750185,1935.870058129261,-1,0.014916014093253271,2070.585240646032,1,-0.0,1.4916014093253271,1.0,1.4916014093253271,Bullish,1800.0,0,Sunday,Asia,2022,1,140886.8418961414,217612.12843705478,176725.28654091334
722,724,2022-01-16 01:00:00,2022-01-16 02:00:00,1935.870058129261,1954.23740112848,1,0.009487900761773416,1336.7203745502509,2,-0.4095130189415097,0.9487900761773416,1.0,2.3168740242489245,Bullish,3600.0,1,Sunday,Asia,2022,1,142223.56227069168,218948.84881160504,176725.28654091334
724,725,2022-01-16 02:00:00,2022-01-16 02:30:00,1954.23740112848,1918.378990969157,-1,0.018349055308539586,2609.6680102824453,1,-0.0,1.8349055308539586,1.0,1.8349055308539586,Bullish,1800.0,2,Sunday,Asia,2022,1,144833.23028097412,221558.5168218875,176725.28654091334
725,728,2022-01-16 02:30:00,2022-01-16 04:00:00,1918.378990969157,1942.944796750634,1,0.01280550188316365,1854.6622031076888,3,-0.5633314171172965,1.280550188316365,1.0,2.273173747115421,Bullish,5400.0,2,Sunday,Asia,2022,1,146687.8924840818,223413.1790249952,176725.28654091334
728,735,2022-01-16 04:00:00,2022-01-16 07:30:00,1942.944796750634,1970.783600776389,-1,-0.01432814976128638,-2101.766091679399,7,-2.7132971028706487,-0.0,0.0,-0.0,Bullish,12600.0,4,Sunday,Asia,2022,1,144586.1263924024,223413.1790249952,178827.05263259273
735,736,2022-01-16 07:30:00,2022-01-16 08:00:00,1970.783600776389,1984.820661022178,1,0.007122578166501414,1029.8259870215395,1,0.0,0.7122578166501414,1.0,0.7122578166501414,Bullish,1800.0,7,Sunday,Asia,2022,1,145615.95237942395,224443.0050120167,178827.05263259273
736,737,2022-01-16 08:00:00,2022-01-16 08:30:00,1984.820661022178,1903.132157788163,-1,0.041156616735310236,5993.059942627138,1,-0.0,4.115661673531024,1.0,4.115661673531024,Bullish,1800.0,8,Sunday,London,2022,1,151609.01232205107,230436.06495464387,178827.05263259273
737,739,2022-01-16 08:30:00,2022-01-16 09:30:00,1903.132157788163,1963.480600273389,1,0.03171006397966769,4807.531480626468,2,0.0,3.171006397966769,1.0,3.171006397966769,Sideways,3600.0,8,Sunday,London,2022,1,156416.54380267754,235243.59643527033,178827.05263259273
739,740,2022-01-16 09:30:00,2022-01-16 10:00:00,1963.480600273389,1913.016717817374,-1,0.025701238122234793,4020.098838529585,1,-0.0,2.5701238122234793,1.0,2.5701238122234793,Bullish,1800.0,9,Sunday,London,2022,1,160436.64264120715,239263.6952737999,178827.05263259273
740,748,2022-01-16 10:00:00,2022-01-16 14:00:00,1913.016717817374,1781.792986439333,1,-0.06859518275813015,-11005.180823074421,8,-7.846524383717579,0.0,0.0,0.0,Bullish,14400.0,10,Sunday,London,2022,1,149431.46181813272,239263.6952737999,189832.23345566716
748,749,2022-01-16 14:00:00,2022-01-16 14:30:00,1781.792986439333,1775.167029393683,-1,0.0037187019457805004,555.6910678239148,1,-0.0,0.37187019457805004,1.0,0.37187019457805004,Sideways,1800.0,14,Sunday,NY_overlap,2022,1,149987.15288595663,239819.38634162382,189832.23345566716
749,750,2022-01-16 14:30:00,2022-01-16 15:00:00,1775.167029393683,1811.143688645138,1,0.020266633311538662,3039.734628981371,1,0.0,2.026663331153866,1.0,2.026663331153866,Sideways,1800.0,14,Sunday,NY_overlap,2022,1,153026.887514938,242859.12097060517,189832.23345566716
750,752,2022-01-16 15:00:00,2022-01-16 16:00:00,1811.143688645138,1774.588112610946,-1,0.020183697330794392,3088.648381075028,2,-0.4507293545603197,2.0183697330794392,1.0,4.478008171995656,Sideways,3600.0,15,Sunday,NY_overlap,2022,1,156115.53589601303,245947.7693516802,189832.23345566716
752,754,2022-01-16 16:00:00,2022-01-16 17:00:00,1774.588112610946,1844.93430398645,1,0.03964085574314136,6188.553437717059,2,0.0,3.9640855743141357,1.0,3.9640855743141357,Bearish,3600.0,16,Sunday,NY,2022,1,162304.08933373008,252136.32278939727,189832.23345566716
754,763,2022-01-16 17:00:00,2022-01-16 21:30:00,1844.93430398645,1940.822436701827,-1,-0.05197373831045704,-8435.550265748328,9,-8.187737868163381,-0.0,0.0,-0.0,Sideways,16200.0,17,Sunday,NY,2022,1,153868.53906798176,252136.32278939727,198267.78372141547
763,764,2022-01-16 21:30:00,2022-01-16 22:00:00,1940.822436701827,1985.896314562134,1,0.023224112112442352,3573.4602018925248,1,0.0,2.322411211244235,1.0,2.322411211244235,Sideways,1800.0,21,Sunday,Late,2022,1,157441.99926987427,255709.7829912898,198267.78372141547
764,765,2022-01-16 22:00:00,2022-01-16 22:30:00,1985.896314562134,1918.733866538605,-1,0.03381971532503569,5324.643595511627,1,-0.0,3.3819715325035693,1.0,3.3819715325035693,Bullish,1800.0,22,Sunday,Late,2022,1,162766.6428653859,261034.42658680142,198267.78372141547
765,768,2022-01-16 22:30:00,2022-01-17 00:00:00,1918.733866538605,1950.573266355078,1,0.016593963535918244,2700.9437365720414,3,0.0,1.6593963535918244,1.0,1.6593963535918244,Sideways,5400.0,22,Sunday,Late,2022,1,165467.58660195794,263735.37032337347,198267.78372141547
768,771,2022-01-17 00:00:00,2022-01-17 01:30:00,1950.573266355078,1930.435394666253,-1,0.01032407858560247,1708.3003674485965,3,-0.9153035346560978,1.032407858560247,1.0,1.1279404257388213,Sideways,5400.0,0,Monday,Asia,2022,1,167175.88696940654,265443.67069082207,198267.78372141547
771,773,2022-01-17 01:30:00,2022-01-17 02:30:00,1930.435394666253,1970.752618510023,1,0.02088504176579309,3491.4753815895606,2,0.0,2.088504176579309,1.0,2.088504176579309,Sideways,3600.0,1,Monday,Asia,2022,1,170667.36235099612,268935.1460724116,198267.78372141547
773,777,2022-01-17 02:30:00,2022-01-17 04:30:00,1970.752618510023,1930.672617835804,-1,0.02033740830674191,3470.9318327668802,4,-0.7687748524362936,2.033740830674191,1.0,2.645431005227531,Sideways,7200.0,2,Monday,Asia,2022,1,174138.29418376298,272406.0779051785,198267.78372141547
777,782,2022-01-17 04:30:00,2022-01-17 07:00:00,1930.672617835804,1909.457989724188,1,-0.010988205828182607,-1913.467419059802,5,-2.16454434267902,0.0,0.0,0.0,Sideways,9000.0,4,Monday,Asia,2022,1,172224.82676470318,272406.0779051785,200181.25114047527
782,793,2022-01-17 07:00:00,2022-01-17 12:30:00,1909.457989724188,2086.699455543957,-1,-0.09282291978854706,-15986.411280376458,11,-11.736045760532555,-0.0,0.0,-0.0,Bearish,19800.0,7,Monday,Asia,2022,1,156238.41548432672,272406.0779051785,216167.66242085173
793,796,2022-01-17 12:30:00,2022-01-17 14:00:00,2086.699455543957,2133.145780408152,1,0.022258272383594235,3477.597208631312,3,0.0,2.2258272383594235,1.0,2.2258272383594235,Bullish,5400.0,12,Monday,London,2022,1,159716.01269295803,275883.67511380976,216167.66242085173
796,800,2022-01-17 14:00:00,2022-01-17 16:00:00,2133.145780408152,2097.979956270988,-1,0.016485429387969597,2632.9870493778158,4,-0.0,1.6485429387969597,1.0,1.6485429387969597,Bullish,7200.0,14,Monday,NY_overlap,2022,1,162348.99974233584,278516.6621631876,216167.66242085173
800,805,2022-01-17 16:00:00,2022-01-17 18:30:00,2097.979956270988,2068.209516573279,1,-0.01419004962784487,-2303.74036337472,5,-3.357166888875207,0.0,0.0,0.0,Bullish,9000.0,16,Monday,NY,2022,1,160045.2593789611,278516.6621631876,218471.40278422646
805,808,2022-01-17 18:30:00,2022-01-17 20:00:00,2068.209516573279,2060.831077534929,-1,0.0035675491188024155,570.9693240659169,3,-0.5319058662902387,0.35675491188024155,1.0,0.6707106172158203,Bullish,5400.0,18,Monday,NY,2022,1,160616.22870302704,279087.6314872535,218471.40278422646
808,810,2022-01-17 20:00:00,2022-01-17 21:00:00,2060.831077534929,2078.068816850259,1,0.008364460097306292,1343.4680359662914,2,-0.03976041343700665,0.8364460097306292,1.0,21.037155739233704,Bullish,3600.0,20,Monday,NY,2022,1,161959.69673899334,280431.09952321975,218471.40278422646
810,811,2022-01-17 21:00:00,2022-01-17 21:30:00,2078.068816850259,2064.203898092763,-1,0.006672020986538185,1080.5984956159239,1,-0.0,0.6672020986538185,1.0,0.6672020986538185,Bullish,1800.0,21,Monday,Late,2022,1,163040.29523460925,281511.6980188357,218471.40278422646
811,812,2022-01-17 21:30:00,2022-01-17 22:00:00,2064.203898092763,2086.108483337609,1,0.010611638348849484,1730.1246493193219,1,0.0,1.0611638348849484,1.0,1.0611638348849484,Bullish,1800.0,21,Monday,Late,2022,1,164770.41988392858,283241.822668155,218471.40278422646
812,813,2022-01-17 22:00:00,2022-01-17 22:30:00,2086.108483337609,2044.100353467036,-1,0.02013707829966893,3317.9948466719975,1,-0.0,2.013707829966893,1.0,2.013707829966893,Bullish,1800.0,22,Monday,Late,2022,1,168088.41473060058,286559.817514827,218471.40278422646
813,815,2022-01-17 22:30:00,2022-01-17 23:30:00,2044.100353467036,2082.285453299306,1,0.018680638534944505,3139.9989174941916,2,-0.32344690715048197,1.8680638534944505,1.0,5.775488379072191,Bullish,3600.0,22,Monday,Late,2022,1,171228.41364809475,289699.8164323212,218471.40278422646
815,817,2022-01-17 23:30:00,2022-01-18 00:30:00,2082.285453299306,2022.205206342562,-1,0.028853031106541693,4940.458745312269,2,-0.0,2.8853031106541693,1.0,2.8853031106541693,Bullish,3600.0,23,Monday,Late,2022,1,176168.87239340704,294640.2751776335,218471.40278422646
817,821,2022-01-18 00:30:00,2022-01-18 02:30:00,2022.205206342562,2041.405364149777,1,0.009494663423372796,1672.664149050512,4,0.0,0.9494663423372796,1.0,0.9494663423372796,Bullish,7200.0,0,Tuesday,Asia,2022,1,177841.53654245753,296312.939326684,218471.40278422646
821,823,2022-01-18 02:30:00,2022-01-18 03:30:00,2041.405364149777,2024.691880394279,-1,0.008187243968793445,1456.0320474581952,2,-0.6123990689250736,0.8187243968793445,1.0,1.3369131966781527,Bullish,3600.0,2,Tuesday,Asia,2022,1,179297.56858991575,297768.97137414216,218471.40278422646
823,824,2022-01-18 03:30:00,2022-01-18 04:00:00,2024.691880394279,2068.735071508925,1,0.02175303390166672,3900.2660880228523,1,0.0,2.175303390166672,1.0,2.175303390166672,Sideways,1800.0,3,Tuesday,Asia,2022,1,183197.8346779386,301669.237462165,218471.40278422646
824,830,2022-01-18 04:00:00,2022-01-18 07:00:00,2068.735071508925,2061.490558665443,-1,0.0035019045905176904,641.5413382315743,6,-1.8392388421677897,0.35019045905176904,1.0,0.190399664808635,Bullish,10800.0,4,Tuesday,Asia,2022,1,183839.37601617016,302310.7788003966,218471.40278422646
830,831,2022-01-18 07:00:00,2022-01-18 07:30:00,2061.490558665443,2105.077402701297,1,0.021143363404036775,3886.9827350812493,1,0.0,2.1143363404036775,1.0,2.1143363404036775,Bullish,1800.0,7,Tuesday,Asia,2022,1,187726.35875125142,306197.7615354778,218471.40278422646
831,832,2022-01-18 07:30:00,2022-01-18 08:00:00,2105.077402701297,2075.509138849065,-1,0.014046164675127537,2636.8353488821476,1,-0.0,1.4046164675127537,1.0,1.4046164675127537,Bullish,1800.0,7,Tuesday,Asia,2022,1,190363.19410013355,308834.59688435995,218471.40278422646
832,837,2022-01-18 08:00:00,2022-01-18 10:30:00,2075.509138849065,2031.440141676136,1,-0.02123286105951172,-4041.955251172999,5,-5.301419179236422,0.0,0.0,0.0,Bullish,9000.0,8,Tuesday,London,2022,1,186321.23884896055,308834.59688435995,222513.35803539946
837,838,2022-01-18 10:30:00,2022-01-18 11:00:00,2031.440141676136,1978.313266583337,-1,0.026152321204484963,4872.732885595581,1,-0.0,2.6152321204484963,1.0,2.6152321204484963,Sideways,1800.0,10,Tuesday,London,2022,1,191193.97173455614,313707.32976995554,222513.35803539946
838,841,2022-01-18 11:00:00,2022-01-18 12:30:00,1978.313266583337,2012.123068537525,1,0.017090216461308705,3267.546363040904,3,-2.002337086878059,1.7090216461308705,1.0,0.8535134555168677,Bearish,5400.0,11,Tuesday,London,2022,1,194461.51809759706,316974.87613299646,222513.35803539946
841,846,2022-01-18 12:30:00,2022-01-18 15:00:00,2012.123068537525,1986.943532093478,-1,0.012513914699237572,2433.474849757574,5,-2.7720789358198994,1.2513914699237572,1.0,0.4514270693210373,Bearish,9000.0,12,Tuesday,London,2022,1,196894.99294735462,319408.350982754,222513.35803539946
846,852,2022-01-18 15:00:00,2022-01-18 18:00:00,1986.943532093478,1948.300134610759,1,-0.019448664171147212,-3829.3445948135,6,-4.745402662273801,0.0,0.0,0.0,Bearish,10800.0,15,Tuesday,NY_overlap,2022,1,193065.64835254115,319408.350982754,226342.70263021297
852,854,2022-01-18 18:00:00,2022-01-18 19:00:00,1948.300134610759,1918.417314227888,-1,0.015337893711556472,2961.2203937840145,2,-0.0,1.5337893711556472,1.0,1.5337893711556472,Bearish,3600.0,18,Tuesday,NY,2022,1,196026.86874632514,322369.571376538,226342.70263021297
854,857,2022-01-18 19:00:00,2022-01-18 20:30:00,1918.417314227888,1933.149280430805,1,0.007679229171702051,1505.3352489141896,3,0.0,0.7679229171702051,1.0,0.7679229171702051,Bearish,5400.0,19,Tuesday,NY,2022,1,197532.20399523934,323874.9066254522,226342.70263021297
857,860,2022-01-18 20:30:00,2022-01-18 22:00:00,1933.149280430805,1915.40921981892,-1,0.009176767046118361,1812.7070201706426,3,-1.7028595872623509,0.9176767046118361,1.0,0.5389033314761814,Bearish,5400.0,20,Tuesday,NY,2022,1,199344.91101540998,325687.61364562286,226342.70263021297
860,864,2022-01-18 22:00:00,2022-01-19 00:00:00,1915.40921981892,1924.628212776382,1,0.004813067026133266,959.4604180357402,4,-1.3211798767794547,0.48130670261332664,1.0,0.3643006611534028,Bearish,7200.0,22,Tuesday,Late,2022,1,200304.37143344572,326647.0740636586,226342.70263021297
864,865,2022-01-19 00:00:00,2022-01-19 00:30:00,1924.628212776382,1864.241555540079,-1,0.031375751864923584,6284.700255555283,1,-0.0,3.1375751864923584,1.0,3.1375751864923584,Bearish,1800.0,0,Wednesday,Asia,2022,1,206589.071689001,332931.7743192139,226342.70263021297
865,867,2022-01-19 00:30:00,2022-01-19 01:30:00,1864.241555540079,1913.427742094725,1,0.026384020036714917,5450.6502068089385,2,0.0,2.6384020036714917,1.0,2.6384020036714917,Bearish,3600.0,0,Wednesday,Asia,2022,1,212039.72189580993,338382.4245260228,226342.70263021297
867,871,2022-01-19 01:30:00,2022-01-19 03:30:00,1913.427742094725,1883.212328353362,-1,0.01579124890720196,3348.372026670617,4,-0.5160540077621123,1.579124890720196,1.0,3.0599992771456823,Bearish,7200.0,1,Wednesday,Asia,2022,1,215388.09392248053,341730.7965526934,226342.70263021297
871,872,2022-01-19 03:30:00,2022-01-19 04:00:00,1883.212328353362,1914.960217605661,1,0.01685836948617392,3631.0920702679086,1,0.0,1.6858369486173919,1.0,1.6858369486173919,Bearish,1800.0,3,Wednesday,Asia,2022,1,219019.18599274848,345361.8886229613,226342.70263021297
872,873,2022-01-19 04:00:00,2022-01-19 04:30:00,1914.960217605661,1898.000642235283,-1,0.008856359110991363,1939.7125633487901,1,-0.0,0.8856359110991363,1.0,0.8856359110991363,Bearish,1800.0,4,Wednesday,Asia,2022,1,220958.89855609724,347301.6011863101,226342.70263021297
873,885,2022-01-19 04:30:00,2022-01-19 10:30:00,1898.000642235283,1760.634150014893,1,-0.07237431282352624,-15991.748445240786,12,-8.8793742696886,0.0,0.0,0.0,Bearish,21600.0,4,Wednesday,Asia,2022,1,204967.15011085646,347301.6011863101,242334.45107545375
885,887,2022-01-19 10:30:00,2022-01-19 11:30:00,1760.634150014893,1720.939986073849,-1,0.0225453788572193,4621.062052533799,2,-1.088210323200478,2.25453788572193,1.0,2.0717850563034794,Bearish,3600.0,10,Wednesday,London,2022,1,209588.21216339027,351922.6632388439,242334.45107545375
887,893,2022-01-19 11:30:00,2022-01-19 14:30:00,1720.939986073849,1676.631264011009,1,-0.025746814195378054,-5396.228756112285,6,-4.272029209156747,0.9616470101565078,-2.6773664269166466,0.22510309810038182,Bearish,10800.0,11,Wednesday,London,2022,1,204191.983407278,351922.6632388439,247730.67983156603
893,900,2022-01-19 14:30:00,2022-01-19 18:00:00,1676.631264011009,1749.676824376141,-1,-0.04356686048570091,-8896.003653403437,7,-5.572388736993794,-0.0,0.0,-0.0,Bearish,12600.0,14,Wednesday,NY_overlap,2022,1,195295.97975387456,351922.6632388439,256626.68348496946
900,905,2022-01-19 18:00:00,2022-01-19 20:30:00,1749.676824376141,1742.92725253152,1,-0.0038576105887597745,-753.3758394407612,5,-3.7588754399374813,0.0,0.0,0.0,Bearish,9000.0,18,Wednesday,NY,2022,1,194542.6039144338,351922.6632388439,257380.05932441022
905,908,2022-01-19 20:30:00,2022-01-19 22:00:00,1742.92725253152,1724.106414575374,-1,0.0107984070642132,2100.750228400053,3,-3.627615009612617,1.07984070642132,1.0,0.2976723559583665,Bearish,5400.0,20,Wednesday,NY,2022,1,196643.35414283385,354023.41346724395,257380.05932441022
908,916,2022-01-19 22:00:00,2022-01-20 02:00:00,1724.106414575374,1723.323185229757,1,-0.00045428132451430514,-89.33140337694215,8,-2.6380585451035943,0.6293037877053598,-0.07218792153957283,0.2385480750127354,Bearish,14400.0,22,Wednesday,Late,2022,1,196554.0227394569,354023.41346724395,257469.39072778716
916,924,2022-01-20 02:00:00,2022-01-20 06:00:00,1723.323185229757,1771.30601882945,-1,-0.0278432008638565,-5472.693135733717,8,-6.4997981428694285,-0.0,0.0,-0.0,Bearish,14400.0,2,Thursday,Asia,2022,1,191081.3296037232,354023.41346724395,262942.0838635209
924,926,2022-01-20 06:00:00,2022-01-20 07:00:00,1771.30601882945,1806.806090630376,1,0.020041749660166586,3829.604172649599,2,-0.541276293692039,2.0041749660166586,1.0,3.702683803767214,Bearish,3600.0,6,Thursday,Asia,2022,1,194910.9337763728,357853.0176398936,262942.0838635209
926,941,2022-01-20 07:00:00,2022-01-20 14:30:00,1806.806090630376,2001.023917928431,-1,-0.10749234702341215,-20951.433732147172,15,-13.099121399889135,0.058787664366100056,-182.84847371040937,0.004487908965146136,Sideways,27000.0,7,Thursday,Asia,2022,1,173959.50004422563,357853.0176398936,283893.51759566803
941,942,2022-01-20 14:30:00,2022-01-20 15:00:00,2001.023917928431,2043.679003961259,1,0.021316629776712892,3708.230258584828,1,0.0,2.131662977671289,1.0,2.131662977671289,Bullish,1800.0,14,Thursday,NY_overlap,2022,1,177667.73030281044,361561.2478984784,283893.51759566803
942,943,2022-01-20 15:00:00,2022-01-20 15:30:00,2043.679003961259,2010.734960879709,-1,0.016119969436342307,2863.9983823056127,1,-0.0,1.6119969436342307,1.0,1.6119969436342307,Bullish,1800.0,15,Thursday,NY_overlap,2022,1,180531.72868511605,364425.246280784,283893.51759566803
943,948,2022-01-20 15:30:00,2022-01-20 18:00:00,2010.734960879709,2003.82316843629,1,-0.003437445798622374,-620.5680322866865,5,-4.815304921360164,0.0,0.0,0.0,Bullish,9000.0,15,Thursday,NY_overlap,2022,1,179911.1606528294,364425.246280784,284514.08562795474
948,954,2022-01-20 18:00:00,2022-01-20 21:00:00,2003.82316843629,2016.791993823993,-1,-0.006472040842717464,-1164.392379805815,6,-3.028061953343286,-0.0,0.0,-0.0,Bullish,10800.0,18,Thursday,NY,2022,1,178746.76827302357,364425.246280784,285678.47800776054
954,958,2022-01-20 21:00:00,2022-01-20 23:00:00,2016.791993823993,1982.56866198468,1,-0.016969192630729824,-3033.188342945363,4,-4.827207066562666,0.0,0.0,0.0,Bullish,7200.0,21,Thursday,Late,2022,1,175713.5799300782,364425.246280784,288711.6663507059
958,962,2022-01-20 23:00:00,2022-01-21 01:00:00,1982.56866198468,2006.201985872118,-1,-0.011920557577955293,-2094.6038467851467,4,-3.3009028223622616,-0.0,0.0,-0.0,Bullish,7200.0,23,Thursday,Late,2022,1,173618.97608329306,364425.246280784,290806.27019749105
962,963,2022-01-21 01:00:00,2022-01-21 01:30:00,2006.201985872118,2045.545381647617,1,0.019610884672908835,3404.8217169979775,1,0.0,1.9610884672908835,1.0,1.9610884672908835,Bullish,1800.0,1,Friday,Asia,2022,1,177023.79780029104,367830.067997782,290806.27019749105
963,974,2022-01-21 01:30:00,2022-01-21 07:00:00,2045.545381647617,2055.691255713904,-1,-0.004959984832071829,-878.0353520051939,11,-5.129863428731185,1.0572991181792668,-0.4691184118845406,0.20610667961598697,Bullish,19800.0,1,Friday,Asia,2022,1,176145.76244828585,367830.067997782,291684.30554949626
974,985,2022-01-21 07:00:00,2022-01-21 12:30:00,2055.691255713904,1867.910185491977,1,-0.09134692269570122,-16090.373345538917,11,-11.590072980737121,0.0,0.0,0.0,Bullish,19800.0,7,Friday,Asia,2022,1,160055.38910274694,367830.067997782,307774.6788950352
985,986,2022-01-21 12:30:00,2022-01-21 13:00:00,1867.910185491977,1822.656537712976,-1,0.024226886351648602,3877.643721761146,1,-0.0,2.42268863516486,1.0,2.42268863516486,Bearish,1800.0,12,Friday,London,2022,1,163933.0328245081,371707.71171954315,307774.6788950352
986,995,2022-01-21 13:00:00,2022-01-21 17:30:00,1822.656537712976,1741.652442171434,1,-0.044442874378945785,-7285.655184379209,9,-7.782532318781598,1.1560071755698065,-3.8445154423059256,0.14853869257696656,Bearish,16200.0,13,Friday,NY_overlap,2022,1,156647.37764012886,371707.71171954315,315060.3340794144
995,1003,2022-01-21 17:30:00,2022-01-21 21:30:00,1741.652442171434,1797.298260647166,-1,-0.0319500131761965,-5004.885779618748,8,-5.286009712241491,0.3835105870911404,-8.330933812944167,0.07255200197665088,Bearish,14400.0,17,Friday,NY,2022,1,151642.49186051014,371707.71171954315,320065.2198590331
1003,1006,2022-01-21 21:30:00,2022-01-21 23:00:00,1797.298260647166,1806.365102906538,1,0.005044706523060327,764.991867861838,3,-1.1437491145805723,0.5044706523060327,1.0,0.44106757843570327,Bearish,5400.0,21,Friday,Late,2022,1,152407.48372837197,372472.703587405,320065.2198590331
1006,1009,2022-01-21 23:00:00,2022-01-22 00:30:00,1806.365102906538,1807.658806719129,-1,-0.0007161917657230177,-109.1529848808248,3,-1.2247664361917154,-0.0,0.0,-0.0,Bearish,5400.0,23,Friday,Late,2022,1,152298.33074349113,372472.703587405,320174.37284391397
1009,1011,2022-01-22 00:30:00,2022-01-22 01:30:00,1807.658806719129,1810.749662144119,1,0.0017098666039747634,260.40982957939855,2,-0.3898490587777692,0.17098666039747634,1.0,0.4385970840446382,Bearish,3600.0,0,Saturday,Asia,2022,1,152558.74057307054,372733.1134169844,320174.37284391397
1011,1015,2022-01-22 01:30:00,2022-01-22 03:30:00,1810.749662144119,1785.792086320146,-1,0.013783007306719885,2102.718236022615,4,-0.9645108030780447,1.3783007306719885,1.0,1.429015337384937,Bearish,7200.0,1,Saturday,Asia,2022,1,154661.45880909316,374835.831653007,320174.37284391397
1015,1024,2022-01-22 03:30:00,2022-01-22 08:00:00,1785.792086320146,1682.716220821809,1,-0.057719969915836056,-8927.054749600176,9,-8.117903011620731,0.6769960694848143,-8.525894391050194,0.08339543703782841,Bearish,16200.0,3,Saturday,Asia,2022,1,145734.40405949298,374835.831653007,329101.42759351415
1024,1032,2022-01-22 08:00:00,2022-01-22 12:00:00,1682.716220821809,1696.945524017157,-1,-0.00845615144091183,-1232.3521908781086,8,-3.5715496089617327,0.20299220297886889,-4.165751845055891,0.05683589063680393,Bearish,14400.0,8,Saturday,London,2022,1,144502.05186861486,374835.831653007,330333.7797843923
1032,1034,2022-01-22 12:00:00,2022-01-22 13:00:00,1696.945524017157,1725.239141460539,1,0.016673262071726924,2409.320580707694,2,0.0,1.6673262071726924,1.0,1.6673262071726924,Bearish,3600.0,12,Saturday,London,2022,1,146911.37244932255,377245.1522337147,330333.7797843923
1034,1036,2022-01-22 13:00:00,2022-01-22 14:00:00,1725.239141460539,1714.675416998544,-1,0.006123049383781054,899.5455885462537,2,-0.37001211962950364,0.6123049383781054,1.0,1.6548240068222946,Bearish,3600.0,13,Saturday,NY_overlap,2022,1,147810.9180378688,378144.69782226096,330333.7797843923
1036,1038,2022-01-22 14:00:00,2022-01-22 15:00:00,1714.675416998544,1725.043550084747,1,0.006046703057277059,893.7687299985104,2,0.0,0.6046703057277059,1.0,0.6046703057277059,Bearish,3600.0,14,Saturday,NY_overlap,2022,1,148704.68676786733,379038.46655225946,330333.7797843923
1038,1039,2022-01-22 15:00:00,2022-01-22 15:30:00,1725.043550084747,1667.200566895447,-1,0.033531317621783074,4986.264083861123,1,-0.0,3.3531317621783074,1.0,3.3531317621783074,Bearish,1800.0,15,Saturday,NY_overlap,2022,1,153690.95085172844,384024.7306361206,330333.7797843923
1039,1042,2022-01-22 15:30:00,2022-01-22 17:00:00,1667.200566895447,1724.155643010315,1,0.03416210217642024,5250.4059665879295,3,-0.142816788680189,3.416210217642024,1.0,23.92022849142741,Bearish,5400.0,15,Saturday,NY_overlap,2022,1,158941.3568183164,389275.13660270855,330333.7797843923
1042,1056,2022-01-22 17:00:00,2022-01-23 00:00:00,1724.155643010315,1815.750395203306,-1,-0.05312441052773509,-8443.665889451466,14,-7.867866150027059,-0.0,0.0,-0.0,Sideways,25200.0,17,Saturday,NY,2022,1,150497.69092886493,389275.13660270855,338777.44567384373
1056,1057,2022-01-23 00:00:00,2022-01-23 00:30:00,1815.750395203306,1939.897761411124,1,0.06837248475108693,10289.90107810761,1,0.0,6.837248475108693,1.0,6.837248475108693,Sideways,1800.0,0,Sunday,Asia,2022,1,160787.59200697253,399565.03768081614,338777.44567384373
1057,1060,2022-01-23 00:30:00,2022-01-23 02:00:00,1939.897761411124,1845.769274332852,-1,0.04852239584512996,7801.799186347576,3,-0.0,4.852239584512996,1.0,4.852239584512996,Bullish,5400.0,0,Sunday,Asia,2022,1,168589.3911933201,407366.8368671637,338777.44567384373
1060,1064,2022-01-23 02:00:00,2022-01-23 04:00:00,1845.769274332852,1867.600246649818,1,0.011827573803804281,1994.0034668774254,4,-0.7554972974394891,1.182757380380428,1.0,1.5655348925654629,Sideways,7200.0,2,Sunday,Asia,2022,1,170583.39466019755,409360.84033404116,338777.44567384373
1064,1065,2022-01-23 04:00:00,2022-01-23 04:30:00,1867.600246649818,1833.127074194746,-1,0.018458539249452066,3148.7202856400286,1,-0.0,1.8458539249452066,1.0,1.8458539249452066,Sideways,1800.0,4,Sunday,Asia,2022,1,173732.11494583756,412509.5606196812,338777.44567384373
1065,1066,2022-01-23 04:30:00,2022-01-23 05:00:00,1833.127074194746,1867.80144507879,1,0.01891542128866086,3286.216145570572,1,0.0,1.891542128866086,1.0,1.891542128866086,Sideways,1800.0,4,Sunday,Asia,2022,1,177018.33109140812,415795.77676525177,338777.44567384373
1066,1071,2022-01-23 05:00:00,2022-01-23 07:30:00,1867.80144507879,1921.376557098989,-1,-0.028683515670981263,-5077.5080739113555,5,-5.297685665642149,-0.0,0.0,-0.0,Bullish,9000.0,5,Sunday,Asia,2022,1,171940.82301749676,415795.77676525177,343854.9537477551
1071,1074,2022-01-23 07:30:00,2022-01-23 09:00:00,1921.376557098989,1931.73589187314,1,0.005391621301860772,927.0398040406086,3,-0.5755660542530627,0.5391621301860772,1.0,0.9367510926018239,Bullish,5400.0,7,Sunday,Asia,2022,1,172867.86282153736,416722.8165692924,343854.9537477551
1074,1079,2022-01-23 09:00:00,2022-01-23 11:30:00,1931.73589187314,1887.804253699876,-1,0.022742052036246463,3931.3699316821185,5,-0.5585096803598422,2.2742052036246463,1.0,4.071917253357898,Bullish,9000.0,9,Sunday,London,2022,1,176799.2327532195,420654.1865009745,343854.9537477551
1079,1087,2022-01-23 11:30:00,2022-01-23 15:30:00,1887.804253699876,1878.948916108812,1,-0.004690813453623988,-829.3322195892009,8,-3.3977860395845716,0.0,0.0,0.0,Bullish,14400.0,11,Sunday,London,2022,1,175969.90053363028,420654.1865009745,344684.2859673443
1087,1090,2022-01-23 15:30:00,2022-01-23 17:00:00,1878.948916108812,1853.089396340267,-1,0.013762758288340504,2421.8312070676748,3,-0.0,1.3762758288340504,1.0,1.3762758288340504,Bullish,5400.0,15,Sunday,NY_overlap,2022,1,178391.731740698,423076.01770804217,344684.2859673443
1090,1091,2022-01-23 17:00:00,2022-01-23 17:30:00,1853.089396340267,1868.981282271377,1,0.008575887360046108,1529.867397371788,1,0.0,0.8575887360046108,1.0,0.8575887360046108,Bullish,1800.0,17,Sunday,NY,2022,1,179921.59913806975,424605.88510541397,344684.2859673443
1091,1095,2022-01-23 17:30:00,2022-01-23 19:30:00,1868.981282271377,1899.308750222463,-1,-0.016226737120785373,-2919.5404915647823,4,-3.048662389601753,-0.0,0.0,-0.0,Bullish,7200.0,17,Sunday,NY,2022,1,177002.05864650497,424605.88510541397,347603.8264589091
1095,1102,2022-01-23 19:30:00,2022-01-23 23:00:00,1899.308750222463,1845.052346965625,1,-0.02856639461619026,-5056.310655174113,7,-3.9172245472914646,0.0,0.0,0.0,Bullish,12600.0,19,Sunday,NY,2022,1,171945.74799133086,424605.88510541397,352660.1371140832
1102,1103,2022-01-23 23:00:00,2022-01-23 23:30:00,1845.052346965625,1782.580879149323,-1,0.03385891349860215,5821.896207690917,1,-0.0,3.385891349860215,1.0,3.385891349860215,Sideways,1800.0,23,Sunday,Late,2022,1,177767.6441990218,430427.7813131049,352660.1371140832
1103,1110,2022-01-23 23:30:00,2022-01-24 03:00:00,1782.580879149323,1822.158112308499,1,0.022202208955625524,3946.8343820559735,7,-1.4440917967973754,2.2202208955625524,1.0,1.5374513590385541,Sideways,12600.0,23,Sunday,Late,2022,1,181714.47858107777,434374.6156951609,352660.1371140832
1110,1116,2022-01-24 03:00:00,2022-01-24 06:00:00,1822.158112308499,1815.441648201592,-1,0.0036859941305521504,669.7985014861971,6,-1.5833488399028317,1.9891411105784185,0.18530581420039663,1.2562873451819307,Sideways,10800.0,3,Monday,Asia,2022,1,182384.27708256396,435044.41419664706,352660.1371140832
1116,1123,2022-01-24 06:00:00,2022-01-24 09:30:00,1815.441648201592,1738.171493778572,1,-0.04256273094735108,-7762.7729144923,7,-6.232956576260773,0.11501074515765097,-37.007612540035474,0.018452036966804496,Sideways,12600.0,6,Monday,Asia,2022,1,174621.50416807164,435044.41419664706,360422.9100285755
1123,1124,2022-01-24 09:30:00,2022-01-24 10:00:00,1738.171493778572,1696.46996263752,-1,0.023991609165329275,4189.450879862293,1,-0.0,2.3991609165329275,1.0,2.3991609165329275,Bearish,1800.0,9,Monday,London,2022,1,178810.95504793394,439233.86507650936,360422.9100285755
1124,1125,2022-01-24 10:00:00,2022-01-24 10:30:00,1696.46996263752,1747.097966098069,1,0.029843147580306706,5336.281720471082,1,0.0,2.9843147580306706,1.0,2.9843147580306706,Bearish,1800.0,10,Monday,London,2022,1,184147.236768405,444570.14679698047,360422.9100285755
1125,1132,2022-01-24 10:30:00,2022-01-24 14:00:00,1747.097966098069,1772.258593654278,-1,-0.014401383347953933,-2651.9749491682387,7,-3.255967788706937,0.9536383069156273,-1.5101515158857906,0.29288935542398337,Bearish,12600.0,10,Monday,London,2022,1,181495.2618192368,444570.14679698047,363074.8849777437
1132,1140,2022-01-24 14:00:00,2022-01-24 18:00:00,1772.258593654278,1767.548184095222,1,-0.0026578568025693583,-482.38841626036526,8,-2.964581106011177,0.0,0.0,0.0,Bearish,14400.0,14,Monday,NY_overlap,2022,1,181012.87340297643,444570.14679698047,363557.2733940041
1140,1146,2022-01-24 18:00:00,2022-01-24 21:00:00,1767.548184095222,1750.675207876961,-1,0.009545978078610684,1727.944921451144,6,-2.14477984064001,0.9545978078610684,1.0,0.4450796253177264,Bearish,10800.0,18,Monday,NY,2022,1,182740.81832442756,446298.0917184316,363557.2733940041
1146,1149,2022-01-24 21:00:00,2022-01-24 22:30:00,1750.675207876961,1768.546461455978,1,0.01020820623871721,1865.45596168771,3,-1.1671264614139143,1.020820623871721,1.0,0.8746444002606614,Bearish,5400.0,21,Monday,Late,2022,1,184606.27428611525,448163.54768011934,363557.2733940041
1149,1150,2022-01-24 22:30:00,2022-01-24 23:00:00,1768.546461455978,1750.013295102484,-1,0.010479321158594956,1934.5484361358722,1,-0.0,1.0479321158594956,1.0,1.0479321158594956,Bearish,1800.0,22,Monday,Late,2022,1,186540.82272225112,450098.0961162552,363557.2733940041
1150,1153,2022-01-24 23:00:00,2022-01-25 00:30:00,1750.013295102484,1752.517521977254,1,0.001430975914170629,266.93542432511464,3,-2.5438888358061296,0.1430975914170629,1.0,0.056251511230724395,Bearish,5400.0,23,Monday,Late,2022,1,186807.75814657623,450365.0315405803,363557.2733940041
1153,1154,2022-01-25 00:30:00,2022-01-25 01:00:00,1752.517521977254,1721.327540017391,-1,0.017797244003970647,3324.663253569354,1,-0.0,1.7797244003970647,1.0,1.7797244003970647,Sideways,1800.0,0,Tuesday,Asia,2022,1,190132.4214001456,453689.69479414966,363557.2733940041
1154,1160,2022-01-25 01:00:00,2022-01-25 04:00:00,1721.327540017391,1676.74473699295,1,-0.025900243845509152,-4924.476077200875,6,-4.485301832332378,0.0,0.0,0.0,Sideways,10800.0,1,Tuesday,Asia,2022,1,185207.94532294472,453689.69479414966,368481.749471205
1160,1163,2022-01-25 04:00:00,2022-01-25 05:30:00,1676.74473699295,1652.77588000419,-1,0.014294875337879653,2647.5244899763265,3,-1.1800685816741652,1.4294875337879653,1.0,1.211359709077204,Bearish,5400.0,4,Tuesday,Asia,2022,1,187855.46981292104,456337.219284126,368481.749471205
1163,1170,2022-01-25 05:30:00,2022-01-25 09:00:00,1652.77588000419,1601.24906199364,1,-0.031175925685955286,-5856.568166587845,7,-6.270545264223792,0.0,0.0,0.0,Bearish,12600.0,5,Tuesday,Asia,2022,1,181998.9016463332,456337.219284126,374338.31763779285
1170,1176,2022-01-25 09:00:00,2022-01-25 12:00:00,1601.24906199364,1591.589875770688,-1,0.006032282205321482,1097.8687357892306,6,-1.1200084239548547,0.6032282205321482,1.0,0.5385925745112637,Bearish,10800.0,9,Tuesday,London,2022,1,183096.77038212243,457435.0880199152,374338.31763779285
1176,1184,2022-01-25 12:00:00,2022-01-25 16:00:00,1591.589875770688,1486.583170154345,1,-0.06597598239024738,-12079.98929844208,8,-9.541737152282337,0.0,0.0,0.0,Bearish,14400.0,12,Tuesday,London,2022,1,171016.78108368034,457435.0880199152,386418.30693623493
1184,1185,2022-01-25 16:00:00,2022-01-25 16:30:00,1486.583170154345,1468.314980400804,-1,0.012288710191468377,2101.57566061514,1,-0.0,1.2288710191468377,1.0,1.2288710191468377,Bearish,1800.0,16,Tuesday,NY,2022,1,173118.35674429548,459536.6636805303,386418.30693623493
1185,1189,2022-01-25 16:30:00,2022-01-25 18:30:00,1468.314980400804,1506.190154068421,1,0.025794992336915623,4465.586685598529,4,-0.7870376265540435,2.5794992336915623,1.0,3.2774789243375975,Bearish,7200.0,16,Tuesday,NY,2022,1,177583.943429894,464002.25036612886,386418.30693623493
1189,1193,2022-01-25 18:30:00,2022-01-25 20:30:00,1506.190154068421,1494.598381582546,-1,0.007696088342208363,1366.7017167941972,4,-1.1512820526672574,0.7696088342208363,1.0,0.668479832928715,Bearish,7200.0,18,Tuesday,NY,2022,1,178950.6451466882,465368.9520829231,386418.30693623493
1193,1199,2022-01-25 20:30:00,2022-01-25 23:30:00,1494.598381582546,1484.464796777664,1,-0.006780139019120224,-1213.3102516557983,6,-3.497865097850139,0.5536978535185755,-1.224519650208968,0.15829594281920412,Bearish,10800.0,20,Tuesday,NY,2022,1,177737.3348950324,465368.9520829231,387631.61718789075
1199,1201,2022-01-25 23:30:00,2022-01-26 00:30:00,1484.464796777664,1441.304079092324,-1,0.02907493514095405,5167.701484199099,2,-0.0,2.907493514095405,1.0,2.907493514095405,Bearish,3600.0,23,Tuesday,Late,2022,1,182905.0363792315,470536.6535671222,387631.61718789075
1201,1206,2022-01-26 00:30:00,2022-01-26 03:00:00,1441.304079092324,1431.83810636705,1,-0.00656764444268787,-1201.255245715683,5,-3.034133711045006,0.0,0.0,0.0,Bearish,9000.0,0,Wednesday,Asia,2022,1,181703.78113351582,470536.6535671222,388832.8724336064
1206,1214,2022-01-26 03:00:00,2022-01-26 07:00:00,1431.83810636705,1481.979678090111,-1,-0.03501902310051208,-6363.0889089649845,8,-6.683237600914715,-0.0,0.0,-0.0,Bearish,14400.0,3,Wednesday,Asia,2022,1,175340.69222455082,470536.6535671222,395195.9613425714
1214,1215,2022-01-26 07:00:00,2022-01-26 07:30:00,1481.979678090111,1524.223649320538,1,0.0285050948099832,4998.103055908909,1,0.0,2.85050948099832,1.0,2.85050948099832,Bearish,1800.0,7,Wednesday,Asia,2022,1,180338.79528045974,475534.7566230311,395195.9613425714
1215,1218,2022-01-26 07:30:00,2022-01-26 09:00:00,1524.223649320538,1501.047063966864,-1,0.015205501741168748,2742.141865637306,3,-0.0,1.5205501741168748,1.0,1.5205501741168748,Bearish,5400.0,7,Wednesday,Asia,2022,1,183080.93714609704,478276.89848866843,395195.9613425714
1218,1219,2022-01-26 09:00:00,2022-01-26 09:30:00,1501.047063966864,1562.638114039283,1,0.04103205792205511,7512.187617402788,1,0.0,4.103205792205511,1.0,4.103205792205511,Bearish,1800.0,9,Wednesday,London,2022,1,190593.12476349983,485789.08610607125,395195.9613425714
1219,1223,2022-01-26 09:30:00,2022-01-26 11:30:00,1562.638114039283,1557.693601214009,-1,0.003164208514339073,603.0763881511557,4,-1.1736574132082733,0.3164208514339073,1.0,0.26960239663885316,Sideways,7200.0,9,Wednesday,London,2022,1,191196.20115165098,486392.1624942224,395195.9613425714
1223,1228,2022-01-26 11:30:00,2022-01-26 14:00:00,1557.693601214009,1570.477549644828,1,0.008206972424394499,1569.141950500584,5,-2.068677578366518,0.8206972424394499,1.0,0.39672554632099505,Sideways,9000.0,11,Wednesday,London,2022,1,192765.3431021516,487961.304444723,395195.9613425714
1228,1232,2022-01-26 14:00:00,2022-01-26 16:00:00,1570.477549644828,1566.121872490282,-1,0.0027734730468010893,534.6294834511818,4,-0.7650019703376199,0.27734730468010893,1.0,0.3625445625423771,Bullish,7200.0,14,Wednesday,NY_overlap,2022,1,193299.97258560275,488495.9339281742,395195.9613425714
1232,1233,2022-01-26 16:00:00,2022-01-26 16:30:00,1566.121872490282,1576.765536310306,1,0.006796191284334618,1313.7035889483948,1,0.0,0.6796191284334618,1.0,0.6796191284334618,Bullish,1800.0,16,Wednesday,NY,2022,1,194613.67617455113,489809.6375171226,395195.9613425714
1233,1234,2022-01-26 16:30:00,2022-01-26 17:00:00,1576.765536310306,1557.879230140999,-1,0.011977878596650338,2331.0589864665967,1,-0.0,1.1977878596650338,1.0,1.1977878596650338,Bullish,1800.0,16,Wednesday,NY,2022,1,196944.73516101774,492140.6965035892,395195.9613425714
1234,1237,2022-01-26 17:00:00,2022-01-26 18:30:00,1557.879230140999,1579.978366523079,1,0.014185397657609178,2793.7393848315623,3,-1.0464095564946652,1.4185397657609178,1.0,1.3556257747806126,Bullish,5400.0,17,Wednesday,NY,2022,1,199738.4745458493,494934.4358884208,395195.9613425714
1237,1239,2022-01-26 18:30:00,2022-01-26 19:30:00,1579.978366523079,1520.197519267625,-1,0.03783649733572525,7557.404259995857,2,-0.0,3.783649733572525,1.0,3.783649733572525,Bullish,3600.0,18,Wednesday,NY,2022,1,207295.87880584516,502491.84014841664,395195.9613425714
1239,1241,2022-01-26 19:30:00,2022-01-26 20:30:00,1520.197519267625,1570.179374277027,1,0.03287852688608606,6815.58312469282,2,0.0,3.2878526886086057,1.0,3.2878526886086057,Sideways,3600.0,19,Wednesday,NY,2022,1,214111.461930538,509307.4232731095,395195.9613425714
1241,1245,2022-01-26 20:30:00,2022-01-26 22:30:00,1570.179374277027,1558.191801124578,-1,0.007634524659304254,1634.6392359483768,4,-0.8986617510277961,0.7634524659304254,1.0,0.8495437410764035,Bullish,7200.0,20,Wednesday,NY,2022,1,215746.10116648636,510942.06250905787,395195.9613425714
1245,1247,2022-01-26 22:30:00,2022-01-26 23:30:00,1558.191801124578,1567.347208503401,1,0.005875661373789365,1267.651033169577,2,-1.132791932011501,0.5875661373789365,1.0,0.5186884906000293,Bullish,3600.0,22,Wednesday,Late,2022,1,217013.75219965592,512209.71354222746,395195.9613425714
1247,1248,2022-01-26 23:30:00,2022-01-27 00:00:00,1567.347208503401,1558.293552281283,-1,0.005776420293473472,1253.5626421689165,1,-0.0,0.5776420293473472,1.0,0.5776420293473472,Bullish,1800.0,23,Wednesday,Late,2022,1,218267.31484182487,513463.27618439635,395195.9613425714
1248,1258,2022-01-27 00:00:00,2022-01-27 05:00:00,1558.293552281283,1469.494480724656,1,-0.05698481613212647,-12437.922803914355,10,-8.128407012535021,0.0,0.0,0.0,Bullish,18000.0,0,Thursday,Asia,2022,1,205829.39203791053,513463.27618439635,407633.88414648577
1258,1259,2022-01-27 05:00:00,2022-01-27 05:30:00,1469.494480724656,1442.38490683821,-1,0.018448231172040308,3797.188206315888,1,-0.0,1.8448231172040308,1.0,1.8448231172040308,Sideways,1800.0,5,Thursday,Asia,2022,1,209626.58024422638,517260.46439071227,407633.88414648577
1259,1261,2022-01-27 05:30:00,2022-01-27 06:30:00,1442.38490683821,1451.565200852985,1,0.006364663115408398,1334.202563289627,2,0.0,0.6364663115408398,1.0,0.6364663115408398,Bearish,3600.0,5,Thursday,Asia,2022,1,210960.78280751602,518594.6669540019,407633.88414648577
1261,1263,2022-01-27 06:30:00,2022-01-27 07:30:00,1451.565200852985,1442.769913539389,-1,0.00605917481931062,1278.2482630493585,2,-1.4745327026799204,0.605917481931062,1.0,0.4109216979927434,Bearish,3600.0,6,Thursday,Asia,2022,1,212239.0310705654,519872.9152170512,407633.88414648577
1263,1264,2022-01-27 07:30:00,2022-01-27 08:00:00,1442.769913539389,1456.545486189025,1,0.009548003822620554,2026.4590799710418,1,0.0,0.9548003822620554,1.0,0.9548003822620554,Bearish,1800.0,7,Thursday,Asia,2022,1,214265.4901505364,521899.37429702224,407633.88414648577
1264,1268,2022-01-27 08:00:00,2022-01-27 10:00:00,1456.545486189025,1470.767595780123,-1,-0.009764274254358662,-2092.1470090744233,4,-2.066254788853694,-0.0,0.0,-0.0,Sideways,7200.0,8,Thursday,London,2022,1,212173.343141462,521899.37429702224,409726.03115556017
1268,1270,2022-01-27 10:00:00,2022-01-27 11:00:00,1470.767595780123,1480.745418082396,1,0.006784091742911169,1439.4034252718511,2,-0.5528308871502019,0.6784091742911169,1.0,1.2271549764309675,Sideways,3600.0,10,Thursday,London,2022,1,213612.74656673387,523338.7777222941,409726.03115556017
1270,1272,2022-01-27 11:00:00,2022-01-27 12:00:00,1480.745418082396,1469.230670752866,-1,0.007776318055025322,1661.1206579104417,2,-0.2638040306227385,0.7776318055025322,1.0,2.947763169754634,Bearish,3600.0,11,Thursday,London,2022,1,215273.8672246443,524999.8983802046,409726.03115556017
1272,1276,2022-01-27 12:00:00,2022-01-27 14:00:00,1469.230670752866,1458.674140589362,1,-0.007185073367747319,-1546.758530167765,4,-2.5442371929978336,0.0,0.0,0.0,Bearish,7200.0,12,Thursday,London,2022,1,213727.10869447654,524999.8983802046,411272.7896857279
1276,1282,2022-01-27 14:00:00,2022-01-27 17:00:00,1458.674140589362,1515.668719862531,-1,-0.03907286602759741,-8350.930684485034,6,-5.878494281848545,-0.0,0.0,-0.0,Bearish,10800.0,14,Thursday,NY_overlap,2022,1,205376.1780099915,524999.8983802046,419623.7203702129
1282,1290,2022-01-27 17:00:00,2022-01-27 21:00:00,1515.668719862531,1466.047103203935,1,-0.032739091338572,-6723.829450635937,8,-5.687034103916444,0.0,0.0,0.0,Bearish,14400.0,17,Thursday,NY,2022,1,198652.34855935557,524999.8983802046,426347.54982084886
1290,1294,2022-01-27 21:00:00,2022-01-27 23:00:00,1466.047103203935,1460.934406491831,-1,0.0034874027587044054,692.780748389006,4,-0.7431640488737568,0.34874027587044054,1.0,0.46926419059014784,Bearish,7200.0,21,Thursday,Late,2022,1,199345.12930774456,525692.6791285935,426347.54982084886
1294,1316,2022-01-27 23:00:00,2022-01-28 10:00:00,1460.934406491831,1268.160988958558,1,-0.13195213739690304,-26304.015891818923,22,-15.60331886916263,0.09084899603912788,-145.24336332794738,0.00582241488499449,Bearish,39600.0,23,Thursday,Late,2022,1,173041.11341592565,525692.6791285935,452651.56571266777
1316,1321,2022-01-28 10:00:00,2022-01-28 12:30:00,1268.160988958558,1276.280927304852,-1,-0.006402923932364635,-1107.969086373854,5,-1.5625527615688695,0.8119798809668621,-0.7885569682761568,0.5196495766015605,Bearish,9000.0,10,Friday,London,2022,1,171933.14432955178,525692.6791285935,453759.53479904163
1321,1322,2022-01-28 12:30:00,2022-01-28 13:00:00,1276.280927304852,1280.025519020246,1,0.0029339870519742295,504.4496192681216,1,0.0,0.29339870519742295,1.0,0.29339870519742295,Bearish,1800.0,12,Friday,London,2022,1,172437.5939488199,526197.1287478616,453759.53479904163
1322,1323,2022-01-28 13:00:00,2022-01-28 13:30:00,1280.025519020246,1270.570385249763,-1,0.007386675991991387,1273.740635338508,1,-0.0,0.7386675991991387,1.0,0.7386675991991387,Bearish,1800.0,13,Friday,NY_overlap,2022,1,173711.33458415844,527470.8693832001,453759.53479904163
1323,1324,2022-01-28 13:30:00,2022-01-28 14:00:00,1270.570385249763,1299.947491200752,1,0.02312119524587719,4016.4136833422276,1,0.0,2.312119524587719,1.0,2.312119524587719,Bearish,1800.0,13,Friday,NY_overlap,2022,1,177727.74826750066,531487.2830665424,453759.53479904163
1324,1328,2022-01-28 14:00:00,2022-01-28 16:00:00,1299.947491200752,1303.569105538726,-1,-0.0027859697122294413,-495.1441236959956,4,-1.9370758711352742,-0.0,0.0,-0.0,Bearish,7200.0,14,Friday,NY_overlap,2022,1,177232.60414380464,531487.2830665424,454254.67892273766
1328,1334,2022-01-28 16:00:00,2022-01-28 19:00:00,1303.569105538726,1265.411120632734,1,-0.02927193099611114,-5187.940558758533,6,-5.371829071475243,0.0,0.0,0.0,Bearish,10800.0,16,Friday,NY,2022,1,172044.66358504613,531487.2830665424,459442.61948149616
1334,1335,2022-01-28 19:00:00,2022-01-28 19:30:00,1265.411120632734,1250.53855044517,-1,0.011753152746221796,2022.0672102873905,1,-0.0,1.1753152746221796,1.0,1.1753152746221796,Bearish,1800.0,19,Friday,NY,2022,1,174066.7307953335,533509.3502768298,459442.61948149616
1335,1339,2022-01-28 19:30:00,2022-01-28 21:30:00,1250.53855044517,1270.293794874719,1,0.015797389390768135,2749.7999263518955,4,-1.626328797668808,1.5797389390768135,1.0,0.9713527432713627,Bearish,7200.0,19,Friday,NY,2022,1,176816.5307216854,536259.1502031817,459442.61948149616
1339,1341,2022-01-28 21:30:00,2022-01-28 22:30:00,1270.293794874719,1239.297392058562,-1,0.024400971602962063,4314.495145074116,2,-0.0,2.4400971602962063,1.0,2.4400971602962063,Bearish,3600.0,21,Friday,Late,2022,1,181131.02586675953,540573.6453482558,459442.61948149616
1341,1343,2022-01-28 22:30:00,2022-01-28 23:30:00,1239.297392058562,1250.764445325463,1,0.009252866455123687,1675.9811932246807,2,-0.2831007203596525,0.9252866455123687,1.0,3.268400886924202,Bearish,3600.0,22,Friday,Late,2022,1,182807.0070599842,542249.6265414804,459442.61948149616
1343,1344,2022-01-28 23:30:00,2022-01-29 00:00:00,1250.764445325463,1236.377390281298,-1,0.011502609542455744,2102.7576238359493,1,-0.0,1.1502609542455744,1.0,1.1502609542455744,Bearish,1800.0,23,Friday,Late,2022,1,184909.76468382016,544352.3841653164,459442.61948149616
1344,1345,2022-01-29 00:00:00,2022-01-29 00:30:00,1236.377390281298,1252.258885320956,1,0.012845183974162566,2375.199945982779,1,0.0,1.2845183974162566,1.0,1.2845183974162566,Bearish,1800.0,0,Saturday,Asia,2022,1,187284.96462980294,546727.5841112991,459442.61948149616
1345,1347,2022-01-29 00:30:00,2022-01-29 01:30:00,1252.258885320956,1236.058918057427,-1,0.012936595981410837,2422.82992080858,2,-0.0,1.2936595981410837,1.0,1.2936595981410837,Bearish,3600.0,0,Saturday,Asia,2022,1,189707.79455061152,549150.4140321077,459442.61948149616
1347,1351,2022-01-29 01:30:00,2022-01-29 03:30:00,1236.058918057427,1260.122557068672,1,0.019468035592561383,3693.2380964976287,4,-0.42277570658085795,1.9468035592561383,1.0,4.604814157844244,Bearish,7200.0,1,Saturday,Asia,2022,1,193401.03264710915,552843.6521286053,459442.61948149616
1351,1352,2022-01-29 03:30:00,2022-01-29 04:00:00,1260.122557068672,1226.668071818952,-1,0.026548596453620066,5134.525969461502,1,-0.0,2.6548596453620066,1.0,2.6548596453620066,Bearish,1800.0,3,Saturday,Asia,2022,1,198535.55861657066,557978.1780980668,459442.61948149616
1352,1356,2022-01-29 04:00:00,2022-01-29 06:00:00,1226.668071818952,1193.737235284561,1,-0.02684575990109528,-5329.837938450285,4,-6.598864423179429,0.0,0.0,0.0,Bearish,7200.0,4,Saturday,Asia,2022,1,193205.7206781204,557978.1780980668,464772.45741994644
1356,1361,2022-01-29 06:00:00,2022-01-29 08:30:00,1193.737235284561,1197.238970010619,-1,-0.0029334217133833995,-566.7538561870866,5,-1.936476195371628,-0.0,0.0,-0.0,Bearish,9000.0,6,Saturday,Asia,2022,1,192638.96682193328,557978.1780980668,465339.21127613354
1361,1362,2022-01-29 08:30:00,2022-01-29 09:00:00,1197.238970010619,1202.726330942177,1,0.00458334640703284,882.9311164378267,1,0.0,0.458334640703284,1.0,0.458334640703284,Bearish,1800.0,8,Saturday,London,2022,1,193521.8979383711,558861.1092145046,465339.21127613354
1362,1363,2022-01-29 09:00:00,2022-01-29 09:30:00,1202.726330942177,1171.376599150376,-1,0.026065557047580845,5044.256070668733,1,-0.0,2.6065557047580845,1.0,2.6065557047580845,Bearish,1800.0,9,Saturday,London,2022,1,198566.15400903986,563905.3652851733,465339.21127613354
1363,1367,2022-01-29 09:30:00,2022-01-29 11:30:00,1171.376599150376,1179.034100331121,1,0.00653718128422498,1298.0629456684308,4,-1.0112170085839645,1.8690191121573108,0.34976535240880735,1.848286862554409,Bearish,7200.0,9,Saturday,London,2022,1,199864.21695470827,565203.4282308418,465339.21127613354
1367,1369,2022-01-29 11:30:00,2022-01-29 12:30:00,1179.034100331121,1166.980026609126,-1,0.010223685403678795,2043.3488775975438,2,-0.47403469770461726,1.0223685403678795,1.0,2.156737777463165,Bearish,3600.0,11,Saturday,London,2022,1,201907.56583230582,567246.7771084394,465339.21127613354
1369,1370,2022-01-29 12:30:00,2022-01-29 13:00:00,1166.980026609126,1181.687808261441,1,0.01260328481803663,2544.6985591010325,1,0.0,1.260328481803663,1.0,1.260328481803663,Bearish,1800.0,12,Saturday,London,2022,1,204452.26439140685,569791.4756675404,465339.21127613354
1370,1371,2022-01-29 13:00:00,2022-01-29 13:30:00,1181.687808261441,1168.685831124549,-1,0.011002886757392583,2249.5651123911384,1,-0.0,1.1002886757392583,1.0,1.1002886757392583,Bearish,1800.0,13,Saturday,NY_overlap,2022,1,206701.82950379798,572041.0407799316,465339.21127613354
1371,1372,2022-01-29 13:30:00,2022-01-29 14:00:00,1168.685831124549,1184.541789597191,1,0.013567340383843662,2804.394078841247,1,0.0,1.3567340383843662,1.0,1.3567340383843662,Bearish,1800.0,13,Saturday,NY_overlap,2022,1,209506.22358263924,574845.4348587728,465339.21127613354
1372,1374,2022-01-29 14:00:00,2022-01-29 15:00:00,1184.541789597191,1158.076129791181,-1,0.022342529439176362,4680.898968085784,2,-0.5873321499274331,2.234252943917636,1.0,3.8040705658521943,Bearish,3600.0,14,Saturday,NY_overlap,2022,1,214187.122550725,579526.3338268586,465339.21127613354
1374,1376,2022-01-29 15:00:00,2022-01-29 16:00:00,1158.076129791181,1173.659879484502,1,0.013456584841387675,2882.227186536532,2,0.0,1.3456584841387675,1.0,1.3456584841387675,Bearish,3600.0,15,Saturday,NY_overlap,2022,1,217069.34973726154,582408.5610133951,465339.21127613354
1376,1381,2022-01-29 16:00:00,2022-01-29 18:30:00,1173.659879484502,1167.636363835508,-1,0.005132249772088593,1114.0541207164802,5,-1.6910646770742943,0.5132249772088593,1.0,0.3034922224836416,Bearish,9000.0,16,Saturday,NY,2022,1,218183.403857978,583522.6151341116,465339.21127613354
1381,1388,2022-01-29 18:30:00,2022-01-29 22:00:00,1167.636363835508,1160.442384103623,1,-0.006161147386891885,-1344.2601085427589,7,-3.325259597696195,0.3178643150493654,-1.9382947676699847,0.09559082703485407,Bearish,12600.0,18,Saturday,NY,2022,1,216839.14374943526,583522.6151341116,466683.4713846763
1388,1395,2022-01-29 22:00:00,2022-01-30 01:30:00,1160.442384103623,1161.089332921731,-1,-0.0005575018863239745,-120.8882316691857,7,-2.4317287812349653,0.8908664166207059,-0.06257973989397063,0.3663510599929138,Bearish,12600.0,22,Saturday,Late,2022,1,216718.25551776605,583522.6151341116,466804.3596163455
1395,1396,2022-01-30 01:30:00,2022-01-30 02:00:00,1161.089332921731,1187.747756225245,1,0.022959838272246902,4975.8160973313925,1,0.0,2.29598382722469,1.0,2.29598382722469,Bearish,1800.0,1,Sunday,Asia,2022,1,221694.07161509746,588498.431231443,466804.3596163455
1396,1400,2022-01-30 02:00:00,2022-01-30 04:00:00,1187.747756225245,1178.668295978626,-1,0.007644266384871257,1694.6885393725317,4,-2.6542432104492697,0.7644266384871257,1.0,0.28800173076744356,Bearish,7200.0,2,Sunday,Asia,2022,1,223388.76015447,590193.1197708155,466804.3596163455
1400,1402,2022-01-30 04:00:00,2022-01-30 05:00:00,1178.668295978626,1190.166932140896,1,0.009755616742641582,2179.2951286808934,2,-0.24503187309589114,0.9755616742641582,1.0,3.9813664317963258,Bearish,3600.0,4,Sunday,Asia,2022,1,225568.0552831509,592372.4148994964,466804.3596163455
1402,1404,2022-01-30 05:00:00,2022-01-30 06:00:00,1190.166932140896,1181.892271600295,-1,0.006952520959153441,1568.2666320715896,2,-0.0,0.6952520959153441,1.0,0.6952520959153441,Sideways,3600.0,5,Sunday,Asia,2022,1,227136.3219152225,593940.6815315679,466804.3596163455
1404,1406,2022-01-30 06:00:00,2022-01-30 07:00:00,1181.892271600295,1185.353235433476,1,0.002928324278230976,665.1288059324328,2,-0.5568478781894259,0.2928324278230976,1.0,0.5258750895760498,Sideways,3600.0,6,Sunday,Asia,2022,1,227801.45072115492,594605.8103375004,466804.3596163455
1406,1414,2022-01-30 07:00:00,2022-01-30 11:00:00,1185.353235433476,1215.601150936996,-1,-0.025518060439138734,-5813.051187625918,8,-5.719873384631802,-0.0,0.0,-0.0,Sideways,14400.0,7,Sunday,Asia,2022,1,221988.399533529,594605.8103375004,472617.4108039714
1414,1416,2022-01-30 11:00:00,2022-01-30 12:00:00,1215.601150936996,1235.454959774082,1,0.016332502500332913,3625.626090426266,2,0.0,1.6332502500332913,1.0,1.6332502500332913,Sideways,3600.0,11,Sunday,London,2022,1,225614.02562395527,598231.4364279266,472617.4108039714
1416,1417,2022-01-30 12:00:00,2022-01-30 12:30:00,1235.454959774082,1218.381266086265,-1,0.01381976214733005,3117.9321712246906,1,-0.0,1.381976214733005,1.0,1.381976214733005,Bullish,1800.0,12,Sunday,London,2022,1,228731.95779517997,601349.3685991514,472617.4108039714
1417,1420,2022-01-30 12:30:00,2022-01-30 14:00:00,1218.381266086265,1225.256490299467,1,0.005642916880433502,1290.715425737025,3,-0.4080865717658533,0.5642916880433502,1.0,1.3827744578842018,Bullish,5400.0,12,Sunday,London,2022,1,230022.673220917,602640.0840248883,472617.4108039714
1420,1421,2022-01-30 14:00:00,2022-01-30 14:30:00,1225.256490299467,1203.246098227348,-1,0.017963905718009654,4132.105614745099,1,-0.0,1.7963905718009654,1.0,1.7963905718009654,Bullish,1800.0,14,Sunday,NY_overlap,2022,1,234154.7788356621,606772.1896396334,472617.4108039714
1421,1425,2022-01-30 14:30:00,2022-01-30 16:30:00,1203.246098227348,1195.275873611432,1,-0.0066239355587007775,-1551.026165769259,4,-3.6848318783294864,0.0,0.0,0.0,Sideways,7200.0,14,Sunday,NY_overlap,2022,1,232603.75266989283,606772.1896396334,474168.43696974067
1425,1430,2022-01-30 16:30:00,2022-01-30 19:00:00,1195.275873611432,1234.54017021935,-1,-0.03284956843417586,-7640.932891375764,5,-6.347829243638592,-0.0,0.0,-0.0,Bullish,9000.0,16,Sunday,NY,2022,1,224962.81977851706,606772.1896396334,481809.3698611164
1430,1434,2022-01-30 19:00:00,2022-01-30 21:00:00,1234.54017021935,1238.294706275155,1,0.0030412425179633384,684.1664924713504,4,-0.5150210472782968,0.3114167640810628,0.9765827883214705,0.604668033911992,Bullish,7200.0,19,Sunday,NY,2022,1,225646.98627098842,607456.3561321048,481809.3698611164
1434,1435,2022-01-30 21:00:00,2022-01-30 21:30:00,1238.294706275155,1222.355122985261,-1,0.012872204984095359,2904.5742613235157,1,-0.0,1.287220498409536,1.0,1.287220498409536,Bullish,1800.0,21,Sunday,Late,2022,1,228551.56053231194,610360.9303934283,481809.3698611164
1435,1439,2022-01-30 21:30:00,2022-01-30 23:30:00,1222.355122985261,1231.780166613545,1,0.007710560909063746,1762.2607283459618,4,-1.492166506907,0.7710560909063746,1.0,0.5167359589813063,Bullish,7200.0,21,Sunday,Late,2022,1,230313.82126065792,612123.1911217743,481809.3698611164
1439,1455,2022-01-30 23:30:00,2022-01-31 07:30:00,1231.780166613545,1353.279058898094,-1,-0.09863683113081634,-22717.425494780542,16,-14.866068586891835,-0.0,0.0,-0.0,Bullish,28800.0,23,Sunday,Late,2022,1,207596.39576587736,612123.1911217743,504526.79535589693
1455,1462,2022-01-31 07:30:00,2022-01-31 11:00:00,1353.279058898094,1339.697173804474,1,-0.010036278182475544,-2083.4951775856343,7,-3.12096962436772,0.8283788768665312,-1.211556506660248,0.265423562728315,Bullish,12600.0,7,Monday,Asia,2022,1,205512.90058829173,612123.1911217743,506610.29053348256
1462,1471,2022-01-31 11:00:00,2022-01-31 15:30:00,1339.697173804474,1375.47981354891,-1,-0.02670949856736682,-5489.146523838381,9,-4.843963940165263,-0.0,0.0,-0.0,Bullish,16200.0,11,Monday,London,2022,1,200023.75406445336,612123.1911217743,512099.43705732096
1471,1473,2022-01-31 15:30:00,2022-01-31 16:30:00,1375.47981354891,1401.044929267734,1,0.01858632563487994,3717.7066277530726,2,-0.394694720592792,1.858632563487994,1.0,4.709038318770806,Bullish,3600.0,15,Monday,NY_overlap,2022,1,203741.4606922064,615840.8977495274,512099.43705732096
1473,1480,2022-01-31 16:30:00,2022-01-31 20:00:00,1401.044929267734,1446.315320346289,-1,-0.0323118767520294,-6583.2689671650205,7,-4.905453215170552,-0.0,0.0,-0.0,Bullish,12600.0,16,Monday,NY,2022,1,197158.1917250414,615840.8977495274,518682.706024486
1480,1482,2022-01-31 20:00:00,2022-01-31 21:00:00,1446.315320346289,1454.753684653548,1,0.005834387694405807,1150.297327651883,2,-0.08384255293032439,0.5834387694405807,1.0,6.95874289426081,Bullish,3600.0,20,Monday,NY,2022,1,198308.4890526933,616991.1950771792,518682.706024486
1482,1483,2022-01-31 21:00:00,2022-01-31 21:30:00,1454.753684653548,1443.365106520282,-1,0.007828526748827613,1552.4633110685982,1,-0.0,0.7828526748827613,1.0,0.7828526748827613,Bullish,1800.0,21,Monday,Late,2022,1,199860.9523637619,618543.6583882478,518682.706024486
1483,1484,2022-01-31 21:30:00,2022-01-31 22:00:00,1443.365106520282,1467.010984367299,1,0.016382464658594387,3274.214988732347,1,0.0,1.6382464658594387,1.0,1.6382464658594387,Bullish,1800.0,21,Monday,Late,2022,1,203135.16735249423,621817.8733769802,518682.706024486
1484,1486,2022-01-31 22:00:00,2022-01-31 23:00:00,1467.010984367299,1446.130674128479,-1,0.01423323373943608,2891.2703176275168,2,-0.0,1.423323373943608,1.0,1.423323373943608,Bullish,3600.0,22,Monday,Late,2022,1,206026.43767012173,624709.1436946077,518682.706024486
1486,1487,2022-01-31 23:00:00,2022-01-31 23:30:00,1446.130674128479,1460.94439998889,1,0.010243697976559663,2110.4726026792227,1,0.0,1.0243697976559663,1.0,1.0243697976559663,Bullish,1800.0,23,Monday,Late,2022,1,208136.91027280095,626819.6162972869,518682.706024486
1487,1488,2022-01-31 23:30:00,2022-02-01 00:00:00,1460.94439998889,1435.586242410098,-1,0.0173573734763518,3612.7100858189324,1,-0.0,1.73573734763518,1.0,1.73573734763518,Bullish,1800.0,23,Monday,Late,2022,1,211749.6203586199,630432.3263831058,518682.706024486
1488,1489,2022-02-01 00:00:00,2022-02-01 00:30:00,1435.586242410098,1471.968967925114,1,0.025343462092486835,5366.4684766571645,1,0.0,2.5343462092486835,1.0,2.5343462092486835,Bullish,1800.0,0,Tuesday,Asia,2022,2,217116.08883527707,635798.794859763,518682.706024486
1489,1494,2022-02-01 00:30:00,2022-02-01 03:00:00,1471.968967925114,1476.090967140182,-1,-0.0028003302412540343,-607.9967494282241,5,-2.792800285479702,0.6258704590109687,-0.4474296878749085,0.22410140183134036,Bullish,9000.0,0,Tuesday,Asia,2022,2,216508.09208584885,635798.794859763,519290.7027739142
1494,1502,2022-02-01 03:00:00,2022-02-01 07:00:00,1476.090967140182,1424.364364327437,1,-0.03504296412907504,-7587.08530461888,8,-5.26936187066257,0.0,0.0,0.0,Bullish,14400.0,3,Tuesday,Asia,2022,2,208921.00678122995,635798.794859763,526877.7880785331
1502,1503,2022-02-01 07:00:00,2022-02-01 07:30:00,1424.364364327437,1398.443158052278,-1,0.0181984377904586,3802.035945028195,1,-0.0,1.81984377904586,1.0,1.81984377904586,Bullish,1800.0,7,Tuesday,Asia,2022,2,212723.04272625817,639600.8308047912,526877.7880785331
1503,1505,2022-02-01 07:30:00,2022-02-01 08:30:00,1398.443158052278,1412.479107483575,1,0.010036839431390332,2135.0670232002394,2,0.0,1.0036839431390332,1.0,1.0036839431390332,Sideways,3600.0,7,Tuesday,Asia,2022,2,214858.10974945838,641735.8978279914,526877.7880785331
1505,1506,2022-02-01 08:30:00,2022-02-01 09:00:00,1412.479107483575,1390.888365331954,-1,0.015285707262662762,3284.258168639291,1,-0.0,1.5285707262662762,1.0,1.5285707262662762,Bullish,1800.0,8,Tuesday,London,2022,2,218142.3679180977,645020.1559966307,526877.7880785331
1506,1515,2022-02-01 09:00:00,2022-02-01 13:30:00,1390.888365331954,1314.520197430029,1,-0.05490603689369333,-11977.332900988704,9,-8.533424768034203,0.0,0.0,0.0,Bullish,16200.0,9,Tuesday,London,2022,2,206165.03501710898,645020.1559966307,538855.1209795219
1515,1542,2022-02-01 13:30:00,2022-02-02 03:00:00,1314.520197430029,1552.720264286568,-1,-0.1812068519922596,-37358.51698632431,27,-23.277372982530874,-0.0,0.0,-0.0,Bearish,48600.0,13,Tuesday,NY_overlap,2022,2,168806.51803078467,645020.1559966307,576213.6379658462
1542,1544,2022-02-02 03:00:00,2022-02-02 04:00:00,1552.720264286568,1580.687131962317,1,0.018011530034741208,3040.463669571564,2,0.0,1.8011530034741208,1.0,1.8011530034741208,Sideways,3600.0,3,Wednesday,Asia,2022,2,171846.98170035623,648060.6196662022,576213.6379658462
1544,1547,2022-02-02 04:00:00,2022-02-02 05:30:00,1580.687131962317,1582.42417379351,-1,-0.0010989156526102217,-188.84533804434398,3,-2.170222846734804,-0.0,0.0,-0.0,Bullish,5400.0,4,Wednesday,Asia,2022,2,171658.1363623119,648060.6196662022,576402.4833038906
1547,1553,2022-02-02 05:30:00,2022-02-02 08:30:00,1582.42417379351,1551.816281247072,1,-0.01934240708233259,-3320.2815525143983,6,-5.974377586639578,0.0,0.0,0.0,Bullish,10800.0,5,Wednesday,Asia,2022,2,168337.85480979749,648060.6196662022,579722.764856405
1553,1559,2022-02-02 08:30:00,2022-02-02 11:30:00,1551.816281247072,1607.048107590208,-1,-0.035591730161994795,-5991.435504439375,6,-7.681881324882878,0.4326196869469001,-8.227025083665074,0.05631689278322665,Bullish,10800.0,8,Wednesday,London,2022,2,162346.41930535814,648060.6196662022,585714.2003608444
1559,1562,2022-02-02 11:30:00,2022-02-02 13:00:00,1607.048107590208,1640.465998953246,1,0.020794580576152466,3375.9256974951063,3,-0.8347396452478617,2.0794580576152466,1.0,2.4911456757247787,Bullish,5400.0,11,Wednesday,London,2022,2,165722.34500285325,651436.5453636973,585714.2003608444
1562,1577,2022-02-02 13:00:00,2022-02-02 20:30:00,1640.465998953246,1795.417468037262,-1,-0.09445576390055499,-15653.430692635837,15,-13.359814805078884,0.48626210880421405,-19.424866176152367,0.03639736896797073,Bullish,27000.0,13,Wednesday,NY_overlap,2022,2,150068.9143102174,651436.5453636973,601367.6310534802
1577,1584,2022-02-02 20:30:00,2022-02-03 00:00:00,1795.417468037262,1785.86893714786,1,-0.005318278929212217,-798.1083449057837,7,-1.542102601542339,0.7435120183339361,-0.7152915888474045,0.48214173141936867,Bullish,12600.0,20,Wednesday,NY,2022,2,149270.80596531162,651436.5453636973,602165.739398386
1584,1585,2022-02-03 00:00:00,2022-02-03 00:30:00,1785.86893714786,1768.379414375559,-1,0.009793284607006347,1461.851486335519,1,-0.0,0.9793284607006347,1.0,0.9793284607006347,Bullish,1800.0,0,Thursday,Asia,2022,2,150732.65745164713,652898.3968500328,602165.739398386
1585,1590,2022-02-03 00:30:00,2022-02-03 03:00:00,1768.379414375559,1758.136969292659,1,-0.005791995201729239,-873.042828703838,5,-4.593893267758387,0.0,0.0,0.0,Bullish,9000.0,0,Thursday,Asia,2022,2,149859.61462294328,652898.3968500328,603038.7822270899
1590,1598,2022-02-03 03:00:00,2022-02-03 07:00:00,1758.136969292659,1725.871683561032,-1,0.018351975013987776,2750.219903166095,8,-3.009415452911335,1.8351975013987776,1.0,0.6098185943796466,Bullish,14400.0,3,Thursday,Asia,2022,2,152609.8345261094,655648.6167531989,603038.7822270899
1598,1612,2022-02-03 07:00:00,2022-02-03 14:00:00,1725.871683561032,1648.294485171936,1,-0.04494957483109574,-6859.747176992498,14,-6.665136812873151,2.505785463255261,-1.793831734210072,0.3759540927075266,Bullish,25200.0,7,Thursday,Asia,2022,2,145750.0873491169,655648.6167531989,609898.5294040823
1612,1615,2022-02-03 14:00:00,2022-02-03 15:30:00,1648.294485171936,1635.428078556454,-1,0.007805890713842856,1137.7092533802575,3,-1.332001192738863,0.7805890713842856,1.0,0.5860273066116682,Sideways,5400.0,14,Thursday,NY_overlap,2022,2,146887.79660249714,656786.3260065792,609898.5294040823
1615,1628,2022-02-03 15:30:00,2022-02-03 22:00:00,1635.428078556454,1545.735351559701,1,-0.0548435777597277,-8055.852294924125,13,-8.810046244635538,0.0,0.0,0.0,Sideways,23400.0,15,Thursday,NY_overlap,2022,2,138831.94430757302,656786.3260065792,617954.3816990064
1628,1632,2022-02-03 22:00:00,2022-02-04 00:00:00,1545.735351559701,1536.100422855563,-1,0.006233233065683574,865.3718658311054,4,-1.4269037804772733,0.6233233065683574,1.0,0.4368362570038655,Bearish,7200.0,22,Thursday,Late,2022,2,139697.31617340414,657651.6978724103,617954.3816990064
1632,1634,2022-02-04 00:00:00,2022-02-04 01:00:00,1536.100422855563,1563.205970670105,1,0.017645687359524098,2465.055166160481,2,-0.4434212614291666,1.7645687359524098,1.0,3.9794409728237334,Bearish,3600.0,0,Friday,Asia,2022,2,142162.37133956462,660116.7530385708,617954.3816990064
1634,1635,2022-02-04 01:00:00,2022-02-04 01:30:00,1563.205970670105,1518.812804694116,-1,0.028398795046156833,4037.240046947939,1,-0.0,2.8398795046156833,1.0,2.8398795046156833,Bearish,1800.0,1,Friday,Asia,2022,2,146199.61138651255,664153.9930855187,617954.3816990064
1635,1637,2022-02-04 01:30:00,2022-02-04 02:30:00,1518.812804694116,1542.307558296012,1,0.015469156916034787,2261.5847296012707,2,0.0,1.5469156916034787,1.0,1.5469156916034787,Bearish,3600.0,1,Friday,Asia,2022,2,148461.19611611383,666415.57781512,617954.3816990064
1637,1638,2022-02-04 02:30:00,2022-02-04 03:00:00,1542.307558296012,1516.941343076622,-1,0.016446924015217523,2441.730011730033,1,-0.0,1.6446924015217523,1.0,1.6446924015217523,Bearish,1800.0,2,Friday,Asia,2022,2,150902.92612784385,668857.30782685,617954.3816990064
1638,1639,2022-02-04 03:00:00,2022-02-04 03:30:00,1516.941343076622,1540.090972327508,1,0.015260728014660607,2302.8885122534484,1,0.0,1.5260728014660607,1.0,1.5260728014660607,Bearish,1800.0,3,Friday,Asia,2022,2,153205.81464009732,671160.1963391034,617954.3816990064
1639,1640,2022-02-04 03:30:00,2022-02-04 04:00:00,1540.090972327508,1524.995070466784,-1,0.009801954645516808,1501.7164465316898,1,-0.0,0.9801954645516808,1.0,0.9801954645516808,Bearish,1800.0,3,Friday,Asia,2022,2,154707.531086629,672661.9127856351,617954.3816990064
1640,1644,2022-02-04 04:00:00,2022-02-04 06:00:00,1524.995070466784,1558.237736436033,1,0.021798539951393803,3372.3982971733835,4,-3.10688421192723,2.1798539951393803,1.0,0.7016206097320878,Bearish,7200.0,4,Friday,Asia,2022,2,158079.92938380237,676034.3110828085,617954.3816990064
1644,1651,2022-02-04 06:00:00,2022-02-04 09:30:00,1558.237736436033,1576.337585576609,-1,-0.011615589019152939,-1836.1914918989683,7,-1.9354934601572005,-0.0,0.0,-0.0,Bearish,12600.0,6,Friday,Asia,2022,2,156243.7378919034,676034.3110828085,619790.5731909054
1651,1655,2022-02-04 09:30:00,2022-02-04 11:30:00,1576.337585576609,1578.421498508809,1,0.0013219966022937069,206.55369062276498,4,-2.2092220902966253,0.13219966022937069,1.0,0.05983991415350217,Bearish,7200.0,9,Friday,London,2022,2,156450.29158252617,676240.8647734313,619790.5731909054
1655,1658,2022-02-04 11:30:00,2022-02-04 13:00:00,1578.421498508809,1554.005367192209,-1,0.01546870169955672,2420.0828912987686,3,-1.3009160207475778,1.546870169955672,1.0,1.1890622801822022,Bearish,5400.0,11,Friday,London,2022,2,158870.37447382495,678660.9476647301,619790.5731909054
1658,1664,2022-02-04 13:00:00,2022-02-04 16:00:00,1554.005367192209,1576.05098396225,1,0.014186319581298124,2253.78590428619,6,-1.3319606396960948,1.4186319581298124,1.0,1.0650704802008961,Bearish,10800.0,13,Friday,NY_overlap,2022,2,161124.16037811112,680914.7335690163,619790.5731909054
1664,1666,2022-02-04 16:00:00,2022-02-04 17:00:00,1576.05098396225,1544.403263658451,-1,0.020080391196632186,3235.436171621378,2,-0.0,2.0080391196632186,1.0,2.0080391196632186,Bearish,3600.0,16,Friday,NY,2022,2,164359.5965497325,684150.1697406378,619790.5731909054
1666,1669,2022-02-04 17:00:00,2022-02-04 18:30:00,1544.403263658451,1551.983036579675,1,0.004907897502928638,806.6600534887912,3,-1.3351738257085355,0.49078975029286376,1.0,0.36758490980185055,Bearish,5400.0,17,Friday,NY,2022,2,165166.2566032213,684956.8297941266,619790.5731909054
1669,1670,2022-02-04 18:30:00,2022-02-04 19:00:00,1551.983036579675,1510.350288070902,-1,0.026825517758573558,4430.670349626834,1,-0.0,2.682551775857356,1.0,2.682551775857356,Sideways,1800.0,18,Friday,NY,2022,2,169596.92695284815,689387.5001437534,619790.5731909054
1670,1674,2022-02-04 19:00:00,2022-02-04 21:00:00,1510.350288070902,1524.54655614795,1,0.009399321593919874,1594.0960577703581,4,-0.9763464016514845,0.9399321593919874,1.0,0.9627035627950258,Sideways,7200.0,19,Friday,NY,2022,2,171191.0230106185,690981.5962015237,619790.5731909054
1674,1675,2022-02-04 21:00:00,2022-02-04 21:30:00,1524.54655614795,1499.140762102938,-1,0.016664492102625217,2852.811451000786,1,-0.0,1.6664492102625217,1.0,1.6664492102625217,Sideways,1800.0,21,Friday,Late,2022,2,174043.83446161926,693834.4076525244,619790.5731909054
1675,1678,2022-02-04 21:30:00,2022-02-04 23:00:00,1499.140762102938,1527.493495032874,1,0.018912655600241246,3291.631100518007,3,-0.1695429098024559,1.8912655600241246,1.0,11.155084941197163,Sideways,5400.0,21,Friday,Late,2022,2,177335.46556213728,697126.0387530425,619790.5731909054
1678,1686,2022-02-04 23:00:00,2022-02-05 03:00:00,1527.493495032874,1622.916378615499,-1,-0.06247023891946024,-11078.18890256044,8,-9.032528062714174,-0.0,0.0,-0.0,Sideways,14400.0,23,Friday,Late,2022,2,166257.27665957683,697126.0387530425,630868.7620934658
1686,1687,2022-02-05 03:00:00,2022-02-05 03:30:00,1622.916378615499,1639.580627677872,1,0.010268088536138364,1707.1444365177867,1,0.0,1.0268088536138364,1.0,1.0268088536138364,Bullish,1800.0,3,Saturday,Asia,2022,2,167964.42109609462,698833.1831895602,630868.7620934658
1687,1701,2022-02-05 03:30:00,2022-02-05 10:30:00,1639.580627677872,1780.880241044941,-1,-0.08618033842421702,-14475.230653289143,14,-12.571621119007625,-0.0,0.0,-0.0,Bullish,25200.0,3,Saturday,Asia,2022,2,153489.19044280547,698833.1831895602,645343.9927467549
1701,1713,2022-02-05 10:30:00,2022-02-05 16:30:00,1780.880241044941,1640.841438381161,1,-0.07863459846216914,-12069.560858753428,12,-9.411461785611463,0.0,0.0,0.0,Bullish,21600.0,10,Saturday,London,2022,2,141419.62958405205,698833.1831895602,657413.5536055083
1713,1714,2022-02-05 16:30:00,2022-02-05 17:00:00,1640.841438381161,1611.875401165872,-1,0.017653160468610873,2496.503414458783,1,-0.0,1.7653160468610873,1.0,1.7653160468610873,Bullish,1800.0,16,Saturday,NY,2022,2,143916.13299851085,701329.686604019,657413.5536055083
1714,1715,2022-02-05 17:00:00,2022-02-05 17:30:00,1611.875401165872,1647.934029401315,1,0.022370605202710836,3219.490993610514,1,0.0,2.2370605202710836,1.0,2.2370605202710836,Sideways,1800.0,17,Saturday,NY,2022,2,147135.62399212134,704549.1775976295,657413.5536055083
1715,1726,2022-02-05 17:30:00,2022-02-05 23:00:00,1647.934029401315,1754.274636324949,-1,-0.06452965047530879,-9494.610388678057,11,-7.714681923216893,-0.0,0.0,-0.0,Bullish,19800.0,17,Saturday,NY,2022,2,137641.01360344328,704549.1775976295,666908.1639941863
1726,1727,2022-02-05 23:00:00,2022-02-05 23:30:00,1754.274636324949,1764.856177208151,1,0.006031861069011102,830.2314714538379,1,0.0,0.6031861069011102,1.0,0.6031861069011102,Bullish,1800.0,23,Saturday,Late,2022,2,138471.24507489713,705379.4090690833,666908.1639941863
1727,1736,2022-02-05 23:30:00,2022-02-06 04:00:00,1764.856177208151,1791.782952294651,-1,-0.015257206470555618,-2112.6843763426155,9,-3.610783600856804,-0.0,0.0,-0.0,Bullish,16200.0,23,Saturday,Late,2022,2,136358.5606985545,705379.4090690833,669020.8483705289
1736,1740,2022-02-06 04:00:00,2022-02-06 06:00:00,1791.782952294651,1812.916150380157,1,0.011794507843956081,1608.2821137496642,4,-1.0850475579521457,1.1794507843956081,1.0,1.0870037684077494,Bullish,7200.0,4,Sunday,Asia,2022,2,137966.84281230418,706987.6911828329,669020.8483705289
1740,1741,2022-02-06 06:00:00,2022-02-06 06:30:00,1812.916150380157,1782.195232588172,-1,0.016945581176240787,2337.928334505555,1,-0.0,1.6945581176240787,1.0,1.6945581176240787,Bullish,1800.0,6,Sunday,Asia,2022,2,140304.77114680974,709325.6195173385,669020.8483705289
1741,1744,2022-02-06 06:30:00,2022-02-06 08:00:00,1782.195232588172,1781.592777353243,1,-0.00033804109892843215,-47.428779023369785,3,-1.9647550144991088,0.0,0.0,0.0,Sideways,5400.0,6,Sunday,Asia,2022,2,140257.34236778636,709325.6195173385,669068.2771495522
1744,1749,2022-02-06 08:00:00,2022-02-06 10:30:00,1781.592777353243,1772.495100654096,-1,0.005106484946948875,716.2220075001563,5,-3.4669064331713573,0.5106484946948875,1.0,0.1472922631568603,Sideways,9000.0,8,Sunday,London,2022,2,140973.5643752865,710041.8415248386,669068.2771495522
1749,1753,2022-02-06 10:30:00,2022-02-06 12:30:00,1772.495100654096,1801.736444764191,1,0.01649727782000876,2325.6800567759933,4,-0.511710239301133,1.649727782000876,1.0,3.2239491323331495,Bearish,7200.0,10,Sunday,London,2022,2,143299.2444320625,712367.5215816146,669068.2771495522
1753,1760,2022-02-06 12:30:00,2022-02-06 16:00:00,1801.736444764191,1852.880578699531,-1,-0.0283860239847864,-4067.6957894502993,7,-4.633041874358823,0.18193407028557207,-15.60236845151125,0.03926881630241046,Bullish,12600.0,12,Sunday,London,2022,2,139231.5486426122,712367.5215816146,673135.9729390026
1760,1767,2022-02-06 16:00:00,2022-02-06 19:30:00,1852.880578699531,1754.794112613512,1,-0.052937284363389625,-7370.540082849085,7,-6.85596210828524,0.0,0.0,0.0,Bullish,12600.0,16,Sunday,NY,2022,2,131861.0085597631,712367.5215816146,680506.5130218517
1767,1768,2022-02-06 19:30:00,2022-02-06 20:00:00,1754.794112613512,1723.950210771269,-1,0.01757693487830625,2317.7123604427416,1,-0.0,1.757693487830625,1.0,1.757693487830625,Bullish,1800.0,19,Sunday,NY,2022,2,134178.72092020587,714685.2339420574,680506.5130218517
1768,1770,2022-02-06 20:00:00,2022-02-06 21:00:00,1723.950210771269,1757.485366770456,1,0.019452508424929515,2610.112699146573,2,0.0,1.9452508424929515,1.0,1.9452508424929515,Sideways,3600.0,20,Sunday,NY,2022,2,136788.83361935243,717295.346641204,680506.5130218517
1770,1774,2022-02-06 21:00:00,2022-02-06 23:00:00,1757.485366770456,1739.460188480123,-1,0.010256232359678763,1402.938061809518,4,-0.4161495341684418,1.0256232359678763,1.0,2.4645545693504065,Sideways,7200.0,21,Sunday,Late,2022,2,138191.77168116195,718698.2847030135,680506.5130218517
1774,1780,2022-02-06 23:00:00,2022-02-07 02:00:00,1739.460188480123,1698.605318266963,1,-0.023487097022241943,-3245.7235491509605,6,-5.602136874063646,0.0,0.0,0.0,Sideways,10800.0,23,Sunday,Late,2022,2,134946.04813201097,718698.2847030135,683752.2365710026
1780,1783,2022-02-07 02:00:00,2022-02-07 03:30:00,1698.605318266963,1675.429426328401,-1,0.013644071220857645,1841.2134916864438,3,-0.8021029705200577,1.3644071220857645,1.0,1.7010373633214784,Bearish,5400.0,2,Monday,Asia,2022,2,136787.2616236974,720539.4981946999,683752.2365710026
1783,1787,2022-02-07 03:30:00,2022-02-07 05:30:00,1675.429426328401,1671.853375267706,1,-0.0021344086504029303,-291.9599144745489,4,-2.6426335561259617,0.0,0.0,0.0,Bearish,7200.0,3,Monday,Asia,2022,2,136495.30170922287,720539.4981946999,684044.1964854772
1787,1798,2022-02-07 05:30:00,2022-02-07 11:00:00,1671.853375267706,1757.243510257182,-1,-0.05107513389193152,-6971.515810418156,11,-6.803366055082494,0.5388789903839175,-9.478033993409854,0.07920770189652589,Bearish,19800.0,5,Monday,Asia,2022,2,129523.78589880472,720539.4981946999,691015.7122958953
1798,1808,2022-02-07 11:00:00,2022-02-07 16:00:00,1757.243510257182,1661.974690264506,1,-0.05421492208483547,-7022.121960636618,10,-8.073792486158881,0.0,0.0,0.0,Bearish,18000.0,11,Monday,London,2022,2,122501.6639381681,720539.4981946999,698037.8342565319
1808,1809,2022-02-07 16:00:00,2022-02-07 16:30:00,1661.974690264506,1640.517799681905,-1,0.01291047974935533,1581.5552515360534,1,-0.0,1.291047974935533,1.0,1.291047974935533,Bearish,1800.0,16,Monday,NY,2022,2,124083.21918970416,722121.053446236,698037.8342565319
1809,1811,2022-02-07 16:30:00,2022-02-07 17:30:00,1640.517799681905,1648.261322662608,1,0.0047201700476549036,585.6938946358405,2,-0.5756741497869977,0.47201700476549036,1.0,0.8199378154119635,Bearish,3600.0,16,Monday,NY,2022,2,124668.91308433999,722706.7473408718,698037.8342565319
1811,1819,2022-02-07 17:30:00,2022-02-07 21:30:00,1648.261322662608,1717.739236476063,-1,-0.04215224422133512,-5255.074471139507,8,-6.745050779408057,-0.0,0.0,-0.0,Bearish,14400.0,17,Monday,NY,2022,2,119413.8386132005,722706.7473408718,703292.9087276714
1819,1830,2022-02-07 21:30:00,2022-02-08 03:00:00,1717.739236476063,1646.370373472313,1,-0.04154813576370475,-4961.422378766389,11,-5.851722217152244,0.0,0.0,0.0,Sideways,19800.0,21,Monday,Late,2022,2,114452.4162344341,722706.7473408718,708254.3311064377
1830,1840,2022-02-08 03:00:00,2022-02-08 08:00:00,1646.370373472313,1692.262183574247,-1,-0.02787453591329192,-3190.3079866897724,10,-6.6754068938355005,0.04256687359643907,-65.48410432384624,0.006376671006489216,Bearish,18000.0,3,Tuesday,Asia,2022,2,111262.10824774433,722706.7473408718,711444.6390931275
1840,1849,2022-02-08 08:00:00,2022-02-08 12:30:00,1692.262183574247,1604.554917737251,1,-0.051828414466928874,-5766.538660728406,9,-7.00532637997674,0.1316118130348265,-39.3797587555566,0.018787392035153613,Bearish,16200.0,8,Tuesday,London,2022,2,105495.56958701593,722706.7473408718,717211.1777538558
1849,1854,2022-02-08 12:30:00,2022-02-08 15:00:00,1604.554917737251,1613.229302326622,-1,-0.005406100154928817,-570.3196150886713,5,-1.606198367567524,0.2188188139634617,-2.4705828795103173,0.13623399100750402,Bearish,9000.0,12,Tuesday,London,2022,2,104925.24997192725,722706.7473408718,717781.4973689445
1854,1859,2022-02-08 15:00:00,2022-02-08 17:30:00,1613.229302326622,1551.689740410289,1,-0.03814681634382655,-4002.5642405092067,5,-7.006689264892585,0.0,0.0,0.0,Sideways,9000.0,15,Tuesday,NY_overlap,2022,2,100922.68573141804,722706.7473408718,721784.0616094536
1859,1863,2022-02-08 17:30:00,2022-02-08 19:30:00,1551.689740410289,1564.480982101013,-1,-0.008243427379588164,-831.9488307799445,4,-2.125058857594375,-0.0,0.0,-0.0,Bearish,7200.0,17,Tuesday,NY,2022,2,100090.7369006381,722706.7473408718,722616.0104402336
1863,1868,2022-02-08 19:30:00,2022-02-08 22:00:00,1564.480982101013,1541.081404740134,1,-0.014956766894957507,-1497.033820167368,5,-3.202255553263378,0.0,0.0,0.0,Bearish,9000.0,19,Tuesday,NY,2022,2,98593.70308047073,722706.7473408718,724113.044260401
1868,1888,2022-02-08 22:00:00,2022-02-09 08:00:00,1541.081404740134,1733.455352322662,-1,-0.12483049045353134,-12307.500311165024,20,-14.669926590045312,-0.0,0.0,-0.0,Bearish,36000.0,22,Tuesday,Late,2022,2,86286.2027693057,722706.7473408718,736420.544571566
1888,1893,2022-02-09 08:00:00,2022-02-09 10:30:00,1733.455352322662,1768.95994206819,1,0.020481975320538304,1767.3118756238862,5,-2.117144594168874,2.0481975320538304,1.0,0.9674339380007675,Sideways,9000.0,8,Wednesday,London,2022,2,88053.51464492959,724474.0592164957,736420.544571566
1893,1896,2022-02-09 10:30:00,2022-02-09 12:00:00,1768.95994206819,1701.938703930435,-1,0.037887369037535534,3336.1160044044923,3,-0.0,3.7887369037535534,1.0,3.7887369037535534,Bullish,5400.0,10,Wednesday,London,2022,2,91389.63064933408,727810.1752209002,736420.544571566
1896,1910,2022-02-09 12:00:00,2022-02-09 19:00:00,1701.938703930435,1605.99101833171,1,-0.056375523617357426,-5152.138281053114,14,-7.8073247613965275,0.0,0.0,0.0,Bullish,25200.0,12,Wednesday,London,2022,2,86237.49236828097,727810.1752209002,741572.6828526192
1910,1911,2022-02-09 19:00:00,2022-02-09 19:30:00,1605.99101833171,1573.830009459661,-1,0.020025646784411988,1726.961561740622,1,-0.0,2.002564678441199,1.0,2.002564678441199,Bullish,1800.0,19,Wednesday,NY,2022,2,87964.45393002158,729537.1367826408,741572.6828526192
1911,1919,2022-02-09 19:30:00,2022-02-09 23:30:00,1573.830009459661,1555.782499535326,1,-0.01146725492325007,-1008.7108174000458,8,-2.7798776776274403,0.3282090337494825,-3.493887658193732,0.11806599851170471,Sideways,14400.0,19,Wednesday,NY,2022,2,86955.74311262154,729537.1367826408,742581.3936700192
1919,1920,2022-02-09 23:30:00,2022-02-10 00:00:00,1555.782499535326,1529.884854575278,-1,0.016646057509827283,1447.4703006624684,1,-0.0,1.6646057509827283,1.0,1.6646057509827283,Sideways,1800.0,23,Wednesday,Late,2022,2,88403.21341328401,730984.6070833033,742581.3936700192
1920,1922,2022-02-10 00:00:00,2022-02-10 01:00:00,1529.884854575278,1538.480227063299,1,0.005618313340586045,496.6769532705296,2,0.0,0.5618313340586045,1.0,0.5618313340586045,Bearish,3600.0,0,Thursday,Asia,2022,2,88899.89036655454,731481.2840365738,742581.3936700192
1922,1923,2022-02-10 01:00:00,2022-02-10 01:30:00,1538.480227063299,1532.231290266613,-1,0.004061759577251189,361.0899811129343,1,-0.0,0.40617595772511894,1.0,0.40617595772511894,Bearish,1800.0,1,Thursday,Asia,2022,2,89260.98034766747,731842.3740176868,742581.3936700192
1923,1927,2022-02-10 01:30:00,2022-02-10 03:30:00,1532.231290266613,1507.568200379207,1,-0.01609619255531236,-1436.7619273520106,4,-3.8909903922874634,0.0,0.0,0.0,Bearish,7200.0,1,Thursday,Asia,2022,2,87824.21842031546,731842.3740176868,744018.1555973713
1927,1929,2022-02-10 03:30:00,2022-02-10 04:30:00,1507.568200379207,1485.876203714345,-1,0.014388733232370998,1263.6792501914047,2,-0.0,1.4388733232370998,1.0,1.4388733232370998,Bearish,3600.0,3,Thursday,Asia,2022,2,89087.89767050688,733106.0532678782,744018.1555973713
1929,1930,2022-02-10 04:30:00,2022-02-10 05:00:00,1485.876203714345,1500.06709703705,1,0.009550521966251946,850.8359236293829,1,0.0,0.9550521966251946,1.0,0.9550521966251946,Bearish,1800.0,4,Thursday,Asia,2022,2,89938.73359413625,733956.8891915076,744018.1555973713
1930,1931,2022-02-10 05:00:00,2022-02-10 05:30:00,1500.06709703705,1489.010211292107,-1,0.007370927451700426,662.9318804201913,1,-0.0,0.7370927451700426,1.0,0.7370927451700426,Bearish,1800.0,5,Thursday,Asia,2022,2,90601.66547455644,734619.8210719278,744018.1555973713
1931,1938,2022-02-10 05:30:00,2022-02-10 09:00:00,1489.010211292107,1457.24672321943,1,-0.021331947781012106,-1932.7099967759686,7,-3.5508724124939994,0.0,0.0,0.0,Bearish,12600.0,5,Thursday,Asia,2022,2,88668.95547778047,734619.8210719278,745950.8655941472
1938,1939,2022-02-10 09:00:00,2022-02-10 09:30:00,1457.24672321943,1421.055812685168,-1,0.024835129122340427,2202.104958433736,1,-0.0,2.4835129122340427,1.0,2.4835129122340427,Bearish,1800.0,9,Thursday,London,2022,2,90871.06043621422,736821.9260303616,745950.8655941472
1939,1944,2022-02-10 09:30:00,2022-02-10 12:00:00,1421.055812685168,1456.681857726169,1,0.025070123722785942,2278.1487279566522,5,-0.6457034267841832,2.507012372278594,1.0,3.882606578014222,Bearish,9000.0,9,Thursday,London,2022,2,93149.20916417087,739100.0747583183,745950.8655941472
1944,1948,2022-02-10 12:00:00,2022-02-10 14:00:00,1456.681857726169,1438.308254177404,-1,0.012613326273895886,1174.9213673430615,4,-0.6254645972108897,1.5315521991061898,0.8235648958786382,2.4486632911531396,Bearish,7200.0,12,Thursday,London,2022,2,94324.13053151393,740274.9961256613,745950.8655941472
1948,1949,2022-02-10 14:00:00,2022-02-10 14:30:00,1438.308254177404,1477.711901515884,1,0.027395829248727743,2584.0877740760666,1,0.0,2.7395829248727743,1.0,2.7395829248727743,Bearish,1800.0,14,Thursday,NY_overlap,2022,2,96908.21830559,742859.0838997373,745950.8655941472
1949,1951,2022-02-10 14:30:00,2022-02-10 15:30:00,1477.711901515884,1412.312464917828,-1,0.04425723074367005,4288.889378508452,2,-0.0,4.425723074367005,1.0,4.425723074367005,Bearish,3600.0,14,Thursday,NY_overlap,2022,2,101197.10768409845,747147.9732782458,745950.8655941472
1951,1958,2022-02-10 15:30:00,2022-02-10 19:00:00,1412.312464917828,1404.948161223869,1,-0.005214358633015115,-527.6780120887396,7,-1.999685385336747,0.0,0.0,0.0,Bearish,12600.0,15,Thursday,NY_overlap,2022,2,100669.4296720097,747147.9732782458,746478.543606236
1958,1960,2022-02-10 19:00:00,2022-02-10 20:00:00,1404.948161223869,1373.069582489683,-1,0.02269021705855412,2284.2112104187518,2,-2.361918687031639,2.269021705855412,1.0,0.9606688487261278,Bearish,3600.0,19,Thursday,NY,2022,2,102953.64088242846,749432.1844886645,746478.543606236
1960,1968,2022-02-10 20:00:00,2022-02-11 00:00:00,1373.069582489683,1331.139654662245,1,-0.030537365594691557,-3143.932970931305,8,-4.21994619621473,0.9506381610941528,-3.212301677385228,0.22527257858094737,Bearish,14400.0,20,Thursday,NY,2022,2,99809.70791149716,749432.1844886645,749622.4765771673
1968,1970,2022-02-11 00:00:00,2022-02-11 01:00:00,1331.139654662245,1324.357779088376,-1,0.005094788927755167,508.5093947499737,2,-0.22355891780363457,0.5094788927755167,1.0,2.2789468556249814,Bearish,3600.0,0,Friday,Asia,2022,2,100318.21730624713,749940.6938834145,749622.4765771673
1970,1972,2022-02-11 01:00:00,2022-02-11 02:00:00,1324.357779088376,1330.79854181099,1,0.004863310220480921,487.8786115258983,2,0.0,0.4863310220480921,1.0,0.4863310220480921,Bearish,3600.0,1,Friday,Asia,2022,2,100806.09591777303,750428.5724949404,749622.4765771673
1972,1974,2022-02-11 02:00:00,2022-02-11 03:00:00,1330.79854181099,1309.502159614505,-1,0.01600270929625769,1613.1706482627928,2,-0.0,1.600270929625769,1.0,1.600270929625769,Bearish,3600.0,2,Friday,Asia,2022,2,102419.26656603582,752041.7431432032,749622.4765771673
1974,1979,2022-02-11 03:00:00,2022-02-11 05:30:00,1309.502159614505,1282.082202023372,1,-0.020939222886967146,-2144.579850545929,5,-6.4910640175704355,0.0,0.0,0.0,Bearish,9000.0,3,Friday,Asia,2022,2,100274.6867154899,752041.7431432032,751767.0564277133
1979,1984,2022-02-11 05:30:00,2022-02-11 08:00:00,1282.082202023372,1288.082992262916,-1,-0.00468050350443483,-469.3360225779557,5,-3.2508695205166083,0.9575794433732576,-0.48878487699640427,0.2945610204684822,Bearish,9000.0,5,Friday,Asia,2022,2,99805.35069291193,752041.7431432032,752236.3924502912
1984,1986,2022-02-11 08:00:00,2022-02-11 09:00:00,1288.082992262916,1311.575006468984,1,0.018237966301221764,1820.2466226189504,2,0.0,1.8237966301221764,1.0,1.8237966301221764,Bearish,3600.0,8,Friday,London,2022,2,101625.59731553087,753861.9897658222,752236.3924502912
1986,1991,2022-02-11 09:00:00,2022-02-11 11:30:00,1311.575006468984,1331.838112888471,-1,-0.0154494453763947,-1570.0591145697804,5,-3.467955917898058,-0.0,0.0,-0.0,Bearish,9000.0,9,Friday,London,2022,2,100055.5382009611,753861.9897658222,753806.451564861
1991,1992,2022-02-11 11:30:00,2022-02-11 12:00:00,1331.838112888471,1354.403011380441,1,0.016942673642993844,1695.2083299129897,1,0.0,1.6942673642993844,1.0,1.6942673642993844,Bearish,1800.0,11,Friday,London,2022,2,101750.7465308741,755557.1980957352,753806.451564861
1992,1993,2022-02-11 12:00:00,2022-02-11 12:30:00,1354.403011380441,1317.084543764941,-1,0.02755344406497162,2803.583503107548,1,-0.0,2.755344406497162,1.0,2.755344406497162,Bearish,1800.0,12,Friday,London,2022,2,104554.33003398163,758360.7815988427,753806.451564861
1993,1995,2022-02-11 12:30:00,2022-02-11 13:30:00,1317.084543764941,1360.947409752331,1,0.03330299956448224,3481.9728075864273,2,0.0,3.330299956448224,1.0,3.330299956448224,Bearish,3600.0,12,Friday,London,2022,2,108036.30284156807,761842.7544064291,753806.451564861
1995,1999,2022-02-11 13:30:00,2022-02-11 15:30:00,1360.947409752331,1345.528577743039,-1,0.011329484077638119,1223.995572850437,4,-3.0295765309974465,1.132948407763812,1.0,0.3739626301471263,Bearish,7200.0,13,Friday,NY_overlap,2022,2,109260.2984144185,763066.7499792796,753806.451564861
1999,2006,2022-02-11 15:30:00,2022-02-11 19:00:00,1345.528577743039,1384.291464023314,1,0.028808668148315952,3147.6436788069586,7,-2.2940283168048636,2.8808668148315952,1.0,1.2558113575703738,Bearish,12600.0,15,Friday,NY_overlap,2022,2,112407.94209322546,766214.3936580865,753806.451564861
2006,2013,2022-02-11 19:00:00,2022-02-11 22:30:00,1384.291464023314,1413.859200049149,-1,-0.02135947291035034,-2400.9743940484823,7,-5.715690863175937,-0.0,0.0,-0.0,Sideways,12600.0,19,Friday,NY,2022,2,110006.96769917698,766214.3936580865,756207.4259589094
2013,2031,2022-02-11 22:30:00,2022-02-12 07:30:00,1413.859200049149,1288.20100692004,1,-0.08887603031811142,-9776.98259643557,18,-13.04853959151744,0.3617706692620626,-24.56695300904304,0.027724993032725402,Bullish,32400.0,22,Friday,Late,2022,2,100229.98510274141,766214.3936580865,765984.408555345
2031,2034,2022-02-12 07:30:00,2022-02-12 09:00:00,1288.20100692004,1271.437729048778,-1,0.013012936475916392,1304.2864291240223,3,-0.16993765187180987,1.3012936475916392,1.0,7.657476923202706,Sideways,5400.0,7,Saturday,Asia,2022,2,101534.27153186544,767518.6800872106,765984.408555345
2034,2036,2022-02-12 09:00:00,2022-02-12 10:00:00,1271.437729048778,1285.262862457853,1,0.010873622115507242,1104.045300410811,2,0.0,1.0873622115507242,1.0,1.0873622115507242,Sideways,3600.0,9,Saturday,London,2022,2,102638.31683227625,768622.7253876214,765984.408555345
2036,2044,2022-02-12 10:00:00,2022-02-12 14:00:00,1285.262862457853,1396.739469794988,-1,-0.08673448101033143,-8902.281142221458,8,-10.28069195729493,-0.0,0.0,-0.0,Sideways,14400.0,10,Saturday,London,2022,2,93736.03569005479,768622.7253876214,774886.6896975664
2044,2045,2022-02-12 14:00:00,2022-02-12 14:30:00,1396.739469794988,1412.171567992684,1,0.011048659060204802,1035.657499994606,1,0.0,1.1048659060204802,1.0,1.1048659060204802,Bullish,1800.0,14,Saturday,NY_overlap,2022,2,94771.6931900494,769658.382887616,774886.6896975664
2045,2046,2022-02-12 14:30:00,2022-02-12 15:00:00,1412.171567992684,1371.07803230249,-1,0.029099534802705218,2757.8121842951477,1,-0.0,2.909953480270522,1.0,2.909953480270522,Bullish,1800.0,14,Saturday,NY_overlap,2022,2,97529.50537434455,772416.1950719112,774886.6896975664
2046,2051,2022-02-12 15:00:00,2022-02-12 17:30:00,1371.07803230249,1373.7064650537,1,0.0019170555499279374,186.9694795596141,5,-3.2303591741271953,0.19170555499279374,1.0,0.05934496588745129,Sideways,9000.0,15,Saturday,NY_overlap,2022,2,97716.47485390416,772603.1645514708,774886.6896975664
2051,2056,2022-02-12 17:30:00,2022-02-12 20:00:00,1373.7064650537,1363.167212433025,-1,0.007672128572433379,749.693358724107,5,-1.4376763282478944,0.7672128572433379,1.0,0.5336478330823915,Sideways,9000.0,17,Saturday,NY,2022,2,98466.16821262827,773352.8579101949,774886.6896975664
2056,2057,2022-02-12 20:00:00,2022-02-12 20:30:00,1363.167212433025,1390.174929682502,1,0.0198124756839424,1950.8585634036824,1,0.0,1.9812475683942399,1.0,1.9812475683942399,Sideways,1800.0,20,Saturday,NY,2022,2,100417.02677603194,775303.7164735986,774886.6896975664
2057,2058,2022-02-12 20:30:00,2022-02-12 21:00:00,1390.174929682502,1359.777341456747,-1,0.021866016698126822,2195.720384260966,1,-0.0,2.1866016698126822,1.0,2.1866016698126822,Sideways,1800.0,20,Saturday,NY,2022,2,102612.74716029291,777499.4368578596,774886.6896975664
2058,2059,2022-02-12 21:00:00,2022-02-12 21:30:00,1359.777341456747,1386.812470726519,1,0.019882026597684677,2040.1493683024394,1,0.0,1.9882026597684677,1.0,1.9882026597684677,Bearish,1800.0,21,Saturday,Late,2022,2,104652.89652859535,779539.586226162,774886.6896975664
2059,2062,2022-02-12 21:30:00,2022-02-12 23:00:00,1386.812470726519,1349.716967230428,-1,0.026748752465902914,2799.3344240831516,3,-0.9812299956861503,2.6748752465902914,1.0,2.726043087094801,Bearish,5400.0,21,Saturday,Late,2022,2,107452.2309526785,782338.9206502452,774886.6896975664
2062,2068,2022-02-12 23:00:00,2022-02-13 02:00:00,1349.716967230428,1327.009230931434,1,-0.016824072639161858,-1807.7841387878618,6,-2.819425732320835,0.6387770724513686,-2.633794067560668,0.22656282984462714,Bearish,10800.0,23,Saturday,Late,2022,2,105644.44681389064,782338.9206502452,776694.4738363543
2068,2072,2022-02-13 02:00:00,2022-02-13 04:00:00,1327.009230931434,1325.256248536521,-1,0.0013210024120801078,139.55656906401842,4,-1.3896179709252277,0.21528598220856843,0.6136035419158524,0.15492458122517508,Bearish,7200.0,2,Sunday,Asia,2022,2,105784.00338295466,782478.4772193092,776694.4738363543
2072,2073,2022-02-13 04:00:00,2022-02-13 04:30:00,1325.256248536521,1334.940137999701,1,0.007307182647788846,772.983033933564,1,0.0,0.7307182647788846,1.0,0.7307182647788846,Sideways,1800.0,4,Sunday,Asia,2022,2,106556.98641688822,783251.4602532428,776694.4738363543
2073,2074,2022-02-13 04:30:00,2022-02-13 05:00:00,1334.940137999701,1324.298556709073,-1,0.007971579389749683,849.4274767547043,1,-0.0,0.7971579389749683,1.0,0.7971579389749683,Sideways,1800.0,4,Sunday,Asia,2022,2,107406.41389364292,784100.8877299975,776694.4738363543
2074,2080,2022-02-13 05:00:00,2022-02-13 08:00:00,1324.298556709073,1290.466327731785,1,-0.025547282224155143,-2743.941968425318,6,-4.573551969716716,0.0,0.0,0.0,Sideways,10800.0,5,Sunday,Asia,2022,2,104662.47192521761,784100.8877299975,779438.4158047796
2080,2084,2022-02-13 08:00:00,2022-02-13 10:00:00,1290.466327731785,1282.055414149824,-1,0.006517731924663761,682.1619345812164,4,-0.42663120054351467,0.6517731924663761,1.0,1.527720409656016,Sideways,7200.0,8,Sunday,London,2022,2,105344.63385979882,784783.0496645787,779438.4158047796
2084,2087,2022-02-13 10:00:00,2022-02-13 11:30:00,1282.055414149824,1272.094477,1,-0.007769505935458554,-818.4757580424164,3,-5.383860729707335,0.0,0.0,0.0,Sideways,5400.0,10,Sunday,London,2022,2,104526.1581017564,784783.0496645787,780256.891562822
2087,2094,2022-02-13 11:30:00,2022-02-13 15:00:00,1272.094477,1311.290678633578,-1,-0.030812335358938903,-3220.6950372127917,7,-6.805330717012215,-0.0,0.0,-0.0,Sideways,12600.0,11,Sunday,London,2022,2,101305.46306454361,784783.0496645787,783477.5866000348
2094,2097,2022-02-13 15:00:00,2022-02-13 16:30:00,1311.290678633578,1341.093863547542,1,0.022728129925410734,2302.483726684849,3,-0.42345311317092404,2.2728129925410734,1.0,5.3673309319222495,Bearish,5400.0,15,Sunday,NY_overlap,2022,2,103607.94679122846,787085.5333912636,783477.5866000348
2097,2099,2022-02-13 16:30:00,2022-02-13 17:30:00,1341.093863547542,1312.948412324826,-1,0.02098693610323743,2174.4133590951387,2,-0.5007816224939399,2.098693610323743,1.0,4.190835917404577,Sideways,3600.0,16,Sunday,NY,2022,2,105782.3601503236,789259.9467503587,783477.5866000348
2099,2102,2022-02-13 17:30:00,2022-02-13 19:00:00,1312.948412324826,1321.309131565938,1,0.006367896227017722,673.6110920862765,3,-0.729259437650176,0.6367896227017722,1.0,0.8732003863448644,Sideways,5400.0,17,Sunday,NY,2022,2,106455.97124240988,789933.557842445,783477.5866000348
2102,2107,2022-02-13 19:00:00,2022-02-13 21:30:00,1321.309131565938,1326.061606379747,-1,-0.0035967925296758185,-382.90004210408415,5,-1.7735158827202557,-0.0,0.0,-0.0,Bearish,9000.0,19,Sunday,NY,2022,2,106073.0712003058,789933.557842445,783860.4866421389
2107,2108,2022-02-13 21:30:00,2022-02-13 22:00:00,1326.061606379747,1337.741323456923,1,0.00880782387559087,934.272929075305,1,0.0,0.880782387559087,1.0,0.880782387559087,Bearish,1800.0,21,Sunday,Late,2022,2,107007.3441293811,790867.8307715203,783860.4866421389
2108,2109,2022-02-13 22:00:00,2022-02-13 22:30:00,1337.741323456923,1327.603088713608,-1,0.007578621191962842,810.9681259145893,1,-0.0,0.7578621191962842,1.0,0.7578621191962842,Sideways,1800.0,22,Sunday,Late,2022,2,107818.31225529569,791678.7988974348,783860.4866421389
2109,2111,2022-02-13 22:30:00,2022-02-13 23:30:00,1327.603088713608,1332.996693108165,1,0.004062663336964034,438.0295042529304,2,-1.7060776491021667,0.4062663336964034,1.0,0.23812886471504005,Bearish,3600.0,22,Sunday,Late,2022,2,108256.34175954862,792116.8284016878,783860.4866421389
2111,2112,2022-02-13 23:30:00,2022-02-14 00:00:00,1332.996693108165,1319.339130549803,-1,0.010245758769675817,1109.168362955919,1,-0.0,1.0245758769675817,1.0,1.0245758769675817,Bearish,1800.0,23,Sunday,Late,2022,2,109365.51012250454,793225.9967646437,783860.4866421389
2112,2113,2022-02-14 00:00:00,2022-02-14 00:30:00,1319.339130549803,1349.303139992283,1,0.02271137780169763,2483.84141886759,1,0.0,2.271137780169763,1.0,2.271137780169763,Sideways,1800.0,0,Monday,Asia,2022,2,111849.35154137213,795709.8381835113,783860.4866421389
2113,2116,2022-02-14 00:30:00,2022-02-14 02:00:00,1349.303139992283,1345.406371747864,-1,0.0028879857527355224,323.0193337041901,3,-1.3923027352454431,0.28879857527355224,1.0,0.20742512958048678,Sideways,5400.0,0,Monday,Asia,2022,2,112172.37087507632,796032.8575172154,783860.4866421389
2116,2124,2022-02-14 02:00:00,2022-02-14 06:00:00,1345.406371747864,1313.297073841979,1,-0.023865873226221246,-2677.0915827892472,8,-5.179218014493947,0.0,0.0,0.0,Sideways,14400.0,2,Monday,Asia,2022,2,109495.27929228707,796032.8575172154,786537.5782249281
2124,2139,2022-02-14 06:00:00,2022-02-14 13:30:00,1313.297073841979,1464.739094238932,-1,-0.1153143667288603,-12626.378791389792,15,-14.276005432501183,-0.0,0.0,-0.0,Sideways,27000.0,6,Monday,Asia,2022,2,96868.90050089729,796032.8575172154,799163.9570163179
2139,2140,2022-02-14 13:30:00,2022-02-14 14:00:00,1464.739094238932,1489.383506275227,1,0.016825120687517403,1629.8309417947141,1,0.0,1.6825120687517403,1.0,1.6825120687517403,Bullish,1800.0,13,Monday,NY_overlap,2022,2,98498.73144269199,797662.6884590101,799163.9570163179
2140,2141,2022-02-14 14:00:00,2022-02-14 14:30:00,1489.383506275227,1423.619853842336,-1,0.04415494877968562,4349.206441716081,1,-0.0,4.4154948779685625,1.0,4.4154948779685625,Bullish,1800.0,14,Monday,NY_overlap,2022,2,102847.93788440808,802011.8949007262,799163.9570163179
2141,2147,2022-02-14 14:30:00,2022-02-14 17:30:00,1423.619853842336,1440.436857208899,1,0.011812846892500284,1214.926943437894,6,-3.578312650892035,1.1812846892500284,1.0,0.33012338621544063,Bullish,10800.0,14,Monday,NY_overlap,2022,2,104062.86482784597,803226.821844164,799163.9570163179
2147,2151,2022-02-14 17:30:00,2022-02-14 19:30:00,1440.436857208899,1444.681132085872,-1,-0.0029465192144533248,-306.62323072630767,4,-2.629223490206667,-0.0,0.0,-0.0,Bullish,7200.0,17,Monday,NY,2022,2,103756.24159711966,803226.821844164,799470.5802470442
2151,2152,2022-02-14 19:30:00,2022-02-14 20:00:00,1444.681132085872,1480.934972526819,1,0.025094700578391693,2603.7318160189907,1,0.0,2.5094700578391693,1.0,2.5094700578391693,Bullish,1800.0,19,Monday,NY,2022,2,106359.97341313865,805830.5536601831,799470.5802470442
2152,2156,2022-02-14 20:00:00,2022-02-14 22:00:00,1480.934972526819,1452.50014091329,-1,0.019200594314423225,2042.1747007985182,4,-0.9243312999397846,1.9200594314423225,1.0,2.077241603272987,Bullish,7200.0,20,Monday,NY,2022,2,108402.14811393718,807872.7283609816,799470.5802470442
2156,2158,2022-02-14 22:00:00,2022-02-14 23:00:00,1452.50014091329,1473.216142074947,1,0.014262305784446427,1546.0645840918266,2,0.0,1.4262305784446427,1.0,1.4262305784446427,Bullish,3600.0,22,Monday,Late,2022,2,109948.212698029,809418.7929450733,799470.5802470442
2158,2159,2022-02-14 23:00:00,2022-02-14 23:30:00,1473.216142074947,1438.212092749052,-1,0.023760294451154684,2612.401908083357,1,-0.0,2.3760294451154684,1.0,2.3760294451154684,Bullish,1800.0,23,Monday,Late,2022,2,112560.61460611236,812031.1948531567,799470.5802470442
2159,2163,2022-02-14 23:30:00,2022-02-15 01:30:00,1438.212092749052,1448.643264325033,1,0.00725287433513544,816.3879928237446,4,-0.3128936799654869,0.725287433513544,1.0,2.3179996272009884,Bullish,7200.0,23,Monday,Late,2022,2,113377.0025989361,812847.5828459804,799470.5802470442
2163,2164,2022-02-15 01:30:00,2022-02-15 02:00:00,1448.643264325033,1417.220860885592,-1,0.021690918815738702,2459.251358945322,1,-0.0,2.1690918815738702,1.0,2.1690918815738702,Bullish,1800.0,1,Tuesday,Asia,2022,2,115836.25395788142,815306.8342049257,799470.5802470442
2164,2167,2022-02-15 02:00:00,2022-02-15 03:30:00,1417.220860885592,1462.278747406415,1,0.03179312961331049,3682.7970360032787,3,-0.9699691506632968,3.179312961331049,1.0,3.277746471789263,Bullish,5400.0,2,Tuesday,Asia,2022,2,119519.0509938847,818989.631240929,799470.5802470442
2167,2168,2022-02-15 03:30:00,2022-02-15 04:00:00,1462.278747406415,1424.262567187545,-1,0.025997902442538856,3107.2446277638446,1,-0.0,2.5997902442538856,1.0,2.5997902442538856,Bullish,1800.0,3,Tuesday,Asia,2022,2,122626.29562164855,822096.8758686929,799470.5802470442
2168,2170,2022-02-15 04:00:00,2022-02-15 05:00:00,1424.262567187545,1454.230149826253,1,0.021040771083301157,2580.151814968325,2,0.0,2.1040771083301157,1.0,2.1040771083301157,Bullish,3600.0,4,Tuesday,Asia,2022,2,125206.44743661687,824677.0276836612,799470.5802470442
2170,2175,2022-02-15 05:00:00,2022-02-15 07:30:00,1454.230149826253,1479.872136811256,-1,-0.01763268832520537,-2207.7262639560768,5,-4.335933076379517,-0.0,0.0,-0.0,Bullish,9000.0,5,Tuesday,Asia,2022,2,122998.7211726608,824677.0276836612,801678.3065110003
2175,2179,2022-02-15 07:30:00,2022-02-15 09:30:00,1479.872136811256,1484.376012948704,1,0.003043422485913272,374.33707375545316,4,-0.31686565813207057,0.3043422485913272,1.0,0.9604772268015123,Bullish,7200.0,7,Tuesday,Asia,2022,2,123373.05824641624,825051.3647574167,801678.3065110003
2179,2181,2022-02-15 09:30:00,2022-02-15 10:30:00,1484.376012948704,1444.132407747962,-1,0.027111462897327798,3344.8240911775792,2,-0.5474677549672569,2.71114628973278,1.0,4.952157026846137,Bullish,3600.0,9,Tuesday,London,2022,2,126717.88233759382,828396.1888485942,801678.3065110003
2181,2182,2022-02-15 10:30:00,2022-02-15 11:00:00,1444.132407747962,1479.033126095992,1,0.024167256520789326,3062.4235682238323,1,0.0,2.4167256520789326,1.0,2.4167256520789326,Sideways,1800.0,10,Tuesday,London,2022,2,129780.30590581766,831458.612416818,801678.3065110003
2182,2202,2022-02-15 11:00:00,2022-02-15 21:00:00,1479.033126095992,1773.242319348738,-1,-0.19891994848643524,-25815.891765339085,20,-21.346334746077567,-0.0,0.0,-0.0,Bullish,36000.0,11,Tuesday,London,2022,2,103964.41414047858,831458.612416818,827494.1982763393
2202,2203,2022-02-15 21:00:00,2022-02-15 21:30:00,1773.242319348738,1795.900402913677,1,0.012777770594410764,1328.4334338693518,1,0.0,1.2777770594410764,1.0,1.2777770594410764,Bullish,1800.0,21,Tuesday,Late,2022,2,105292.84757434792,832787.0458506874,827494.1982763393
2203,2209,2022-02-15 21:30:00,2022-02-16 00:30:00,1795.900402913677,1905.071709208494,-1,-0.06078917634725012,-6400.665479301172,6,-8.179370301843104,-0.0,0.0,-0.0,Bullish,10800.0,21,Tuesday,Late,2022,2,98892.18209504675,832787.0458506874,833894.8637556405
2209,2214,2022-02-16 00:30:00,2022-02-16 03:00:00,1905.071709208494,1848.28773547356,1,-0.02980673822431923,-2947.6533841387723,5,-4.891992402696399,0.0,0.0,0.0,Bullish,9000.0,0,Wednesday,Asia,2022,2,95944.52871090798,832787.0458506874,836842.5171397793
2214,2216,2022-02-16 03:00:00,2022-02-16 04:00:00,1848.28773547356,1824.888350497876,-1,0.012660033676893168,1214.6609645937406,2,-0.05042422506338351,1.2660033676893168,1.0,25.107046585206696,Bullish,3600.0,3,Wednesday,Asia,2022,2,97159.18967550172,834001.7068152812,836842.5171397793
2216,2219,2022-02-16 04:00:00,2022-02-16 05:30:00,1824.888350497876,1862.023386910344,1,0.020349210077611923,1977.1127616773313,3,0.0,2.0349210077611923,1.0,2.0349210077611923,Bullish,5400.0,4,Wednesday,Asia,2022,2,99136.30243717905,835978.8195769585,836842.5171397793
2219,2220,2022-02-16 05:30:00,2022-02-16 06:00:00,1862.023386910344,1833.017698761901,-1,0.015577510117406268,1544.296754217407,1,-0.0,1.5577510117406268,1.0,1.5577510117406268,Bullish,1800.0,5,Wednesday,Asia,2022,2,100680.59919139645,837523.1163311759,836842.5171397793
2220,2222,2022-02-16 06:00:00,2022-02-16 07:00:00,1833.017698761901,1896.701206416245,1,0.03474244012884253,3497.889689543089,2,0.0,3.4742440128842533,1.0,3.4742440128842533,Bullish,3600.0,6,Wednesday,Asia,2022,2,104178.48888093955,841021.006020719,836842.5171397793
2222,2230,2022-02-16 07:00:00,2022-02-16 11:00:00,1896.701206416245,1879.363830878689,-1,0.009140804824136928,952.275233734189,8,-0.3390274830876949,2.4863443743035063,0.36764033649592565,7.333754631509839,Bullish,14400.0,7,Wednesday,Asia,2022,2,105130.76411467374,841973.2812544531,836842.5171397793
2230,2239,2022-02-16 11:00:00,2022-02-16 15:30:00,1879.363830878689,1824.586914002925,1,-0.02914652074056001,-3064.195996739265,9,-4.851622827547519,0.0,0.0,0.0,Bullish,16200.0,11,Wednesday,London,2022,2,102066.56811793447,841973.2812544531,839906.7131365186
2239,2247,2022-02-16 15:30:00,2022-02-16 19:30:00,1824.586914002925,1886.317737640002,-1,-0.03383276683797276,-3453.194401086147,8,-5.350163802915753,0.40186658741169223,-8.418905153543601,0.07511295022269812,Bullish,14400.0,15,Wednesday,NY_overlap,2022,2,98613.37371684832,841973.2812544531,843359.9075376048
2247,2249,2022-02-16 19:30:00,2022-02-16 20:30:00,1886.317737640002,1883.806922546161,1,-0.0013310668949029214,-131.2609971491869,2,-2.0527944265440023,0.0,0.0,0.0,Bullish,3600.0,19,Wednesday,NY,2022,2,98482.11271969914,841973.2812544531,843491.168534754
2249,2251,2022-02-16 20:30:00,2022-02-16 21:30:00,1883.806922546161,1878.200432512147,-1,0.002976148970955217,293.09743842822877,2,-0.5858888342855417,0.2976148970955217,1.0,0.5079716145443294,Bullish,3600.0,20,Wednesday,NY,2022,2,98775.21015812736,842266.3786928813,843491.168534754
2251,2254,2022-02-16 21:30:00,2022-02-16 23:00:00,1878.200432512147,1902.032989458475,1,0.012689038152574161,1253.3624102250112,3,-1.0601555452002143,1.2689038152574161,1.0,1.1969034364837274,Bullish,5400.0,21,Wednesday,Late,2022,2,100028.57256835238,843519.7411031063,843491.168534754
2254,2255,2022-02-16 23:00:00,2022-02-16 23:30:00,1902.032989458475,1872.780947904791,-1,0.015379355518966187,1538.3749795834026,1,-0.0,1.5379355518966187,1.0,1.5379355518966187,Bullish,1800.0,23,Wednesday,Late,2022,2,101566.94754793578,845058.1160826897,843491.168534754
2255,2260,2022-02-16 23:30:00,2022-02-17 02:00:00,1872.780947904791,1839.171258299726,1,-0.017946407262774855,-1822.7618051321506,5,-3.362183764838045,0.0,0.0,0.0,Sideways,9000.0,23,Wednesday,Late,2022,2,99744.18574280363,845058.1160826897,845313.9303398861
2260,2262,2022-02-17 02:00:00,2022-02-17 03:00:00,1839.171258299726,1841.808273131617,-1,-0.0014338060253991092,-143.01381451656002,2,-2.8683492513062347,-0.0,0.0,-0.0,Sideways,3600.0,2,Thursday,Asia,2022,2,99601.17192828708,845058.1160826897,845456.9441544027
2262,2266,2022-02-17 03:00:00,2022-02-17 05:00:00,1841.808273131617,1850.849376570104,1,0.004908818996189224,488.9241248042853,4,-2.357203931137819,0.49088189961892237,1.0,0.20824753138010182,Sideways,7200.0,3,Thursday,Asia,2022,2,100090.09605309136,845547.040207494,845456.9441544027
2266,2270,2022-02-17 05:00:00,2022-02-17 07:00:00,1850.849376570104,1847.941771983942,-1,0.001570956893072517,157.2372263228945,4,-1.765477522979375,1.2724814089867587,0.12345617641073642,0.7207576377632672,Sideways,7200.0,5,Thursday,Asia,2022,2,100247.33327941425,845704.2774338169,845456.9441544027
2270,2271,2022-02-17 07:00:00,2022-02-17 07:30:00,1847.941771983942,1857.830376979985,1,0.005351145336915275,536.43805001633,1,0.0,0.5351145336915275,1.0,0.5351145336915275,Sideways,1800.0,7,Thursday,Asia,2022,2,100783.77132943059,846240.7154838332,845456.9441544027
2271,2272,2022-02-17 07:30:00,2022-02-17 08:00:00,1857.830376979985,1830.212339981274,-1,0.014865747347508562,1498.2260813123946,1,-0.0,1.4865747347508562,1.0,1.4865747347508562,Sideways,1800.0,7,Thursday,Asia,2022,2,102281.99741074297,847738.9415651456,845456.9441544027
2272,2276,2022-02-17 08:00:00,2022-02-17 10:00:00,1830.212339981274,1844.702457364698,1,0.007917178278653791,809.784808197659,4,-1.2124183315790016,0.7917178278653791,1.0,0.653007140558721,Bearish,7200.0,8,Thursday,London,2022,2,103091.78221894063,848548.7263733433,845456.9441544027
2276,2277,2022-02-17 10:00:00,2022-02-17 10:30:00,1844.702457364698,1811.891334627328,-1,0.01778667481380347,1833.660006303747,1,-0.0,1.7786674813803471,1.0,1.7786674813803471,Sideways,1800.0,10,Thursday,London,2022,2,104925.44222524438,850382.386379647,845456.9441544027
2277,2280,2022-02-17 10:30:00,2022-02-17 12:00:00,1811.891334627328,1844.977394599758,1,0.01826051007591767,1915.9920949741954,3,0.0,1.8260510075917669,1.0,1.8260510075917669,Bearish,5400.0,10,Thursday,London,2022,2,106841.43432021857,852298.3784746211,845456.9441544027
2280,2286,2022-02-17 12:00:00,2022-02-17 15:00:00,1844.977394599758,1853.4230368943,-1,-0.0045776399858676875,-489.0816218916896,6,-2.2863545559350884,-0.0,0.0,-0.0,Sideways,10800.0,12,Thursday,London,2022,2,106352.35269832688,852298.3784746211,845946.0257762944
2286,2288,2022-02-17 15:00:00,2022-02-17 16:00:00,1853.4230368943,1873.535573976939,1,0.01085156312524349,1154.089268824056,2,0.0,1.085156312524349,1.0,1.085156312524349,Bullish,3600.0,15,Thursday,NY_overlap,2022,2,107506.44196715094,853452.4677434452,845946.0257762944
2288,2289,2022-02-17 16:00:00,2022-02-17 16:30:00,1873.535573976939,1847.949924463862,-1,0.013656345717933949,1468.1451384084187,1,-0.0,1.3656345717933949,1.0,1.3656345717933949,Bullish,1800.0,16,Thursday,NY,2022,2,108974.58710555936,854920.6128818536,845946.0257762944
2289,2295,2022-02-17 16:30:00,2022-02-17 19:30:00,1847.949924463862,1816.145591200253,1,-0.01721060340573699,-1875.5183999777253,6,-5.733028132455864,0.0,0.0,0.0,Sideways,10800.0,16,Thursday,NY,2022,2,107099.06870558164,854920.6128818536,847821.5441762721
2295,2299,2022-02-17 19:30:00,2022-02-17 21:30:00,1816.145591200253,1788.38707030516,-1,0.015284303763746121,1636.9346989104286,4,-1.0939715945458284,1.528430376374612,1.0,1.39713899702227,Bearish,7200.0,19,Thursday,NY,2022,2,108736.00340449206,856557.547580764,847821.5441762721
2299,2303,2022-02-17 21:30:00,2022-02-17 23:30:00,1788.38707030516,1813.211717312563,1,0.013881025768748723,1509.3672652485056,4,-2.1323659497119785,1.3881025768748723,1.0,0.6509682716807428,Bearish,7200.0,21,Thursday,Late,2022,2,110245.37066974057,858066.9148460126,847821.5441762721
2303,2305,2022-02-17 23:30:00,2022-02-18 00:30:00,1813.211717312563,1791.674276922197,-1,0.011878061554933983,1309.5012989616941,2,-1.0301195009827513,1.1878061554933983,1.0,1.153076079387111,Sideways,3600.0,23,Thursday,Late,2022,2,111554.87196870227,859376.4161449743,847821.5441762721
2305,2306,2022-02-18 00:30:00,2022-02-18 01:00:00,1791.674276922197,1803.924041701504,1,0.006837048975414373,762.7061230960985,1,0.0,0.6837048975414373,1.0,0.6837048975414373,Bearish,1800.0,0,Friday,Asia,2022,2,112317.57809179836,860139.1222680704,847821.5441762721
2306,2307,2022-02-18 01:00:00,2022-02-18 01:30:00,1803.924041701504,1776.956323640637,-1,0.014949475386685562,1679.0888691754758,1,-0.0,1.4949475386685562,1.0,1.4949475386685562,Sideways,1800.0,1,Friday,Asia,2022,2,113996.66696097385,861818.2111372459,847821.5441762721
2307,2308,2022-02-18 01:30:00,2022-02-18 02:00:00,1776.956323640637,1809.779849265079,1,0.01847176837593456,2105.7200277316642,1,0.0,1.847176837593456,1.0,1.847176837593456,Sideways,1800.0,1,Friday,Asia,2022,2,116102.3869887055,863923.9311649775,847821.5441762721
2308,2320,2022-02-18 02:00:00,2022-02-18 08:00:00,1809.779849265079,1947.371001850105,-1,-0.07602645848935685,-8826.853304912078,12,-9.03306973765108,-0.0,0.0,-0.0,Sideways,21600.0,2,Friday,Asia,2022,2,107275.53368379343,863923.9311649775,856648.3974811842
2320,2321,2022-02-18 08:00:00,2022-02-18 08:30:00,1947.371001850105,1993.876527339142,1,0.023881184142546363,2561.86677389261,1,0.0,2.3881184142546363,1.0,2.3881184142546363,Bullish,1800.0,8,Friday,London,2022,2,109837.40045768603,866485.7979388701,856648.3974811842
2321,2322,2022-02-18 08:30:00,2022-02-18 09:00:00,1993.876527339142,1951.577199720662,-1,0.021214617373990108,2330.1584240635393,1,-0.0,2.121461737399011,1.0,2.121461737399011,Bullish,1800.0,8,Friday,London,2022,2,112167.55888174957,868815.9563629337,856648.3974811842
2322,2328,2022-02-18 09:00:00,2022-02-18 12:00:00,1951.577199720662,1914.066069369928,1,-0.01922093082256915,-2155.964889802564,6,-3.747922836238171,0.0,0.0,0.0,Bullish,10800.0,9,Friday,London,2022,2,110011.59399194701,868815.9563629337,858804.3623709868
2328,2332,2022-02-18 12:00:00,2022-02-18 14:00:00,1914.066069369928,1879.605633368711,-1,0.01800378605141917,1980.6252014066079,4,-1.7652726102189709,1.8003786051419168,1.0,1.0198870104932922,Bullish,7200.0,12,Friday,London,2022,2,111992.21919335362,870796.5815643404,858804.3623709868
2332,2341,2022-02-18 14:00:00,2022-02-18 18:30:00,1879.605633368711,1851.356954246826,1,-0.015029045785129203,-1683.13618983514,9,-8.175182634802535,0.0,0.0,0.0,Sideways,16200.0,14,Friday,NY_overlap,2022,2,110309.08300351848,870796.5815643404,860487.498560822
2341,2344,2022-02-18 18:30:00,2022-02-18 20:00:00,1851.356954246826,1807.858571342337,-1,0.023495405791253865,2591.7566676287756,3,-0.0,2.3495405791253865,1.0,2.3495405791253865,Sideways,5400.0,18,Friday,NY,2022,2,112900.83967114726,873388.3382319692,860487.498560822
2344,2345,2022-02-18 20:00:00,2022-02-18 20:30:00,1807.858571342337,1854.754052742516,1,0.025939795370917285,2928.624678274305,1,0.0,2.5939795370917285,1.0,2.5939795370917285,Sideways,1800.0,20,Friday,NY,2022,2,115829.46434942156,876316.9629102434,860487.498560822
2345,2346,2022-02-18 20:30:00,2022-02-18 21:00:00,1854.754052742516,1822.143909516524,-1,0.017581923154594725,2036.5047412294027,1,-0.0,1.7581923154594725,1.0,1.7581923154594725,Sideways,1800.0,20,Friday,NY,2022,2,117865.96909065096,878353.4676514728,860487.498560822
2346,2348,2022-02-18 21:00:00,2022-02-18 22:00:00,1822.143909516524,1850.739599944452,1,0.015693431390671808,1849.7214992191782,2,0.0,1.5693431390671808,1.0,1.5693431390671808,Sideways,3600.0,21,Friday,Late,2022,2,119715.69058987014,880203.189150692,860487.498560822
2348,2352,2022-02-18 22:00:00,2022-02-19 00:00:00,1850.739599944452,1852.968740268864,-1,-0.0012044591926809733,-144.19266403912042,4,-0.7252558084747118,-0.0,0.0,-0.0,Sideways,7200.0,22,Friday,Late,2022,2,119571.49792583102,880203.189150692,860631.6912248611
2352,2353,2022-02-19 00:00:00,2022-02-19 00:30:00,1852.968740268864,1871.393041029909,1,0.00994312551563703,1188.9144119692726,1,0.0,0.994312551563703,1.0,0.994312551563703,Bullish,1800.0,0,Saturday,Asia,2022,2,120760.41233780028,881392.1035626612,860631.6912248611
2353,2358,2022-02-19 00:30:00,2022-02-19 03:00:00,1871.393041029909,1893.428355255612,-1,-0.011774818941068688,-1421.9319905263983,5,-2.824848925640566,-0.0,0.0,-0.0,Bullish,9000.0,0,Saturday,Asia,2022,2,119338.48034727389,881392.1035626612,862053.6232153875
2358,2362,2022-02-19 03:00:00,2022-02-19 05:00:00,1893.428355255612,1944.660620451602,1,0.02705793702401471,3229.05308577816,4,-0.8055705751056408,2.705793702401471,1.0,3.358853694534013,Bullish,7200.0,3,Saturday,Asia,2022,2,122567.53343305204,884621.1566484394,862053.6232153875
2362,2366,2022-02-19 05:00:00,2022-02-19 07:00:00,1944.660620451602,1935.775663751005,-1,0.004568898350260087,559.9986012977205,4,-3.1565268149101655,0.45688983502600866,1.0,0.1447444808223534,Bullish,7200.0,5,Saturday,Asia,2022,2,123127.53203434977,885181.1552497371,862053.6232153875
2366,2372,2022-02-19 07:00:00,2022-02-19 10:00:00,1935.775663751005,1923.421780367007,1,-0.006381877619051957,-785.784840979121,6,-3.0457466667522137,0.30872162522039837,-2.067194876450878,0.10136155727935148,Sideways,10800.0,7,Saturday,Asia,2022,2,122341.74719337065,885181.1552497371,862839.4080563666
2372,2374,2022-02-19 10:00:00,2022-02-19 11:00:00,1923.421780367007,1876.441163958974,-1,0.024425540402827628,2988.2632890242035,2,-0.0,2.442554040282763,1.0,2.442554040282763,Sideways,3600.0,10,Saturday,London,2022,2,125330.01048239485,888169.4185387613,862839.4080563666
2374,2377,2022-02-19 11:00:00,2022-02-19 12:30:00,1876.441163958974,1911.951427268983,1,0.01892426151805826,2371.7778944298275,3,-0.7283116524026356,1.892426151805826,1.0,2.5983741239933207,Sideways,5400.0,11,Saturday,London,2022,2,127701.78837682467,890541.1964331912,862839.4080563666
2377,2382,2022-02-19 12:30:00,2022-02-19 15:00:00,1911.951427268983,1928.972237740839,-1,-0.008902323683069868,-1136.8426550373847,5,-2.602942720189594,-0.0,0.0,-0.0,Sideways,9000.0,12,Saturday,London,2022,2,126564.94572178728,890541.1964331912,863976.250711404
2382,2387,2022-02-19 15:00:00,2022-02-19 17:30:00,1928.972237740839,1909.450946809257,1,-0.010120047634508689,-1280.8432795634963,5,-2.630121764739224,0.37482129130472774,-2.6999660556318674,0.14251100322797838,Sideways,9000.0,15,Saturday,NY_overlap,2022,2,125284.1024422238,890541.1964331912,865257.0939909675
2387,2391,2022-02-19 17:30:00,2022-02-19 19:30:00,1909.450946809257,1909.078414096236,-1,0.00019509938898587542,24.44285183612173,4,-1.2323774600428994,0.019509938898587542,1.0,0.015831139022867553,Bullish,7200.0,17,Saturday,NY,2022,2,125308.54529405992,890565.6392850273,865257.0939909675
2391,2394,2022-02-19 19:30:00,2022-02-19 21:00:00,1909.078414096236,1974.664942245574,1,0.034355072932081177,4304.984212590433,3,0.0,3.4355072932081177,1.0,3.4355072932081177,Bullish,5400.0,19,Saturday,NY,2022,2,129613.52950665035,894870.6234976177,865257.0939909675
2394,2401,2022-02-19 21:00:00,2022-02-20 00:30:00,1974.664942245574,2072.707139731099,-1,-0.0496500420846242,-6435.317194741882,7,-7.942750767832996,-0.0,0.0,-0.0,Bullish,12600.0,21,Saturday,Late,2022,2,123178.21231190847,894870.6234976177,871692.4111857094
2401,2405,2022-02-20 00:30:00,2022-02-20 02:30:00,2072.707139731099,2131.338729134671,1,0.028287445090375396,3484.3969171037197,4,-2.713077034965461,2.8287445090375396,1.0,1.0426333172930164,Bullish,7200.0,0,Sunday,Asia,2022,2,126662.60922901219,898355.0204147213,871692.4111857094
2405,2421,2022-02-20 02:30:00,2022-02-20 10:30:00,2131.338729134671,2295.246539915758,-1,-0.076903689000966,-9740.821908198855,16,-10.873591423052599,-0.0,0.0,-0.0,Bullish,28800.0,2,Sunday,Asia,2022,2,116921.78732081334,898355.0204147213,881433.2330939083
2421,2424,2022-02-20 10:30:00,2022-02-20 12:00:00,2295.246539915758,2347.145372888454,1,0.02261144154675465,2643.7701595466547,3,-0.49095669220190485,2.261144154675465,1.0,4.605587805585048,Bullish,5400.0,10,Sunday,London,2022,2,119565.55748035999,900998.790574268,881433.2330939083
2424,2425,2022-02-20 12:00:00,2022-02-20 12:30:00,2347.145372888454,2308.89179591138,-1,0.016297915510021466,1948.6693537235258,1,-0.0,1.6297915510021466,1.0,1.6297915510021466,Bullish,1800.0,12,Sunday,London,2022,2,121514.22683408351,902947.4599279915,881433.2330939083
2425,2428,2022-02-20 12:30:00,2022-02-20 14:00:00,2308.89179591138,2312.753098726062,1,0.0016723619623577601,203.21577084263427,3,-1.9284863418855158,0.167236196235776,1.0,0.0867188906675202,Bullish,5400.0,12,Sunday,London,2022,2,121717.44260492615,903150.6756988341,881433.2330939083
2428,2429,2022-02-20 14:00:00,2022-02-20 14:30:00,2312.753098726062,2261.475892892958,-1,0.022171500218224338,2698.6583052768333,1,-0.0,2.217150021822434,1.0,2.217150021822434,Bullish,1800.0,14,Sunday,NY_overlap,2022,2,124416.10091020298,905849.334004111,881433.2330939083
2429,2431,2022-02-20 14:30:00,2022-02-20 15:30:00,2261.475892892958,2299.300597703875,1,0.016725672349542586,2080.942938831686,2,0.0,1.6725672349542586,1.0,1.6725672349542586,Bullish,3600.0,14,Sunday,NY_overlap,2022,2,126497.04384903467,907930.2769429426,881433.2330939083
2431,2455,2022-02-20 15:30:00,2022-02-21 03:30:00,2299.300597703875,2778.703539076248,-1,-0.20849946364173255,-26374.5657947885,24,-23.357416983402057,-0.0,0.0,-0.0,Bullish,43200.0,15,Sunday,NY_overlap,2022,2,100122.47805424617,907930.2769429426,907807.7988886968
2455,2461,2022-02-21 03:30:00,2022-02-21 06:30:00,2778.703539076248,2711.271764803046,1,-0.024267351059558795,-2429.7073238953685,6,-4.820191320375999,0.0,0.0,0.0,Bullish,10800.0,3,Monday,Asia,2022,2,97692.77073035079,907930.2769429426,910237.5062125922
2461,2462,2022-02-21 06:30:00,2022-02-21 07:00:00,2711.271764803046,2648.247002886838,-1,0.023245460943597696,2270.913486484219,1,-0.0,2.3245460943597696,1.0,2.3245460943597696,Bullish,1800.0,6,Monday,Asia,2022,2,99963.68421683501,910201.1904294268,910237.5062125922
2462,2465,2022-02-21 07:00:00,2022-02-21 08:30:00,2648.247002886838,2687.925711487008,1,0.014983008970430811,1497.7567773381554,3,-0.3854257563433827,1.4983008970430811,1.0,3.8873917281963326,Bullish,5400.0,7,Monday,Asia,2022,2,101461.44099417317,911698.947206765,910237.5062125922
2465,2470,2022-02-21 08:30:00,2022-02-21 11:00:00,2687.925711487008,2713.060283030121,-1,-0.00935091748841832,-948.7575629925395,5,-2.3799641266917027,-0.0,0.0,-0.0,Bullish,9000.0,8,Monday,London,2022,2,100512.68343118063,911698.947206765,911186.2637755848
2470,2471,2022-02-21 11:00:00,2022-02-21 11:30:00,2713.060283030121,2807.304419644992,1,0.034737206985173685,3491.5298889841674,1,0.0,3.4737206985173685,1.0,3.4737206985173685,Bullish,1800.0,11,Monday,London,2022,2,104004.2133201648,915190.4770957491,911186.2637755848
2471,2477,2022-02-21 11:30:00,2022-02-21 14:30:00,2807.304419644992,2832.016680107038,-1,-0.008802843143449035,-915.5327761152255,6,-2.176920817409722,-0.0,0.0,-0.0,Bullish,10800.0,11,Monday,London,2022,2,103088.68054404957,915190.4770957491,912101.7965517
2477,2478,2022-02-21 14:30:00,2022-02-21 15:00:00,2832.016680107038,2875.302801187527,1,0.015284557250154762,1575.6648396184446,1,0.0,1.5284557250154762,1.0,1.5284557250154762,Bullish,1800.0,14,Monday,NY_overlap,2022,2,104664.34538366801,916766.1419353676,912101.7965517
2478,2486,2022-02-21 15:00:00,2022-02-21 19:00:00,2875.302801187527,2935.131342786751,-1,-0.020807735997236065,-2177.8280670669023,8,-3.0345277200460874,-0.0,0.0,-0.0,Bullish,14400.0,15,Monday,NY_overlap,2022,2,102486.51731660111,916766.1419353676,914279.6246187668
2486,2487,2022-02-21 19:00:00,2022-02-21 19:30:00,2935.131342786751,2964.309819056019,1,0.009941114335811907,1018.8301865235009,1,0.0,0.9941114335811907,1.0,0.9941114335811907,Bullish,1800.0,19,Monday,NY,2022,2,103505.34750312462,917784.9721218911,914279.6246187668
2487,2492,2022-02-21 19:30:00,2022-02-21 22:00:00,2964.309819056019,2969.222052657246,-1,-0.001657125570899698,-171.52135807228737,5,-3.3820701696415156,-0.0,0.0,-0.0,Bullish,9000.0,19,Monday,NY,2022,2,103333.82614505233,917784.9721218911,914451.1459768391
2492,2496,2022-02-21 22:00:00,2022-02-22 00:00:00,2969.222052657246,3011.143700768112,1,0.014118731225692294,1458.9425178644121,4,-1.1038880034355492,1.4118731225692294,1.0,1.2790003317140515,Bullish,7200.0,22,Monday,Late,2022,2,104792.76866291674,919243.9146397555,914451.1459768391
2496,2497,2022-02-22 00:00:00,2022-02-22 00:30:00,3011.143700768112,2969.852760439659,-1,0.013712709997174888,1436.9928464756167,1,-0.0,1.3712709997174888,1.0,1.3712709997174888,Bullish,1800.0,0,Tuesday,Asia,2022,2,106229.76150939235,920680.9074862311,914451.1459768391
2497,2498,2022-02-22 00:30:00,2022-02-22 01:00:00,2969.852760439659,3050.506496117895,1,0.02715748630793935,2884.9332936869914,1,0.0,2.715748630793935,1.0,2.715748630793935,Bullish,1800.0,0,Tuesday,Asia,2022,2,109114.69480307934,923565.840779918,914451.1459768391
2498,2505,2022-02-22 01:00:00,2022-02-22 04:30:00,3050.506496117895,3096.995132731145,-1,-0.015239645177747452,-1662.8692324771366,7,-2.9971749201046505,-0.0,0.0,-0.0,Bullish,12600.0,1,Tuesday,Asia,2022,2,107451.8255706022,923565.840779918,916114.0152093163
2505,2510,2022-02-22 04:30:00,2022-02-22 07:00:00,3096.995132731145,3093.429360517617,1,-0.0011513651332035746,-123.71628546106393,5,-3.191519454485947,0.0,0.0,0.0,Bullish,9000.0,4,Tuesday,Asia,2022,2,107328.10928514115,923565.840779918,916237.7314947774
2510,2511,2022-02-22 07:00:00,2022-02-22 07:30:00,3093.429360517617,2985.589346193967,-1,0.03486099139681198,3741.564294425409,1,-0.0,3.486099139681198,1.0,3.486099139681198,Bullish,1800.0,7,Tuesday,Asia,2022,2,111069.67357956656,927307.4050743434,916237.7314947774
2511,2515,2022-02-22 07:30:00,2022-02-22 09:30:00,2985.589346193967,3084.843827417004,1,0.03324451882492374,3692.4578541940427,4,-2.214442589579846,3.324451882492374,1.0,1.5012590067296052,Bullish,7200.0,7,Tuesday,Asia,2022,2,114762.1314337606,930999.8629285374,916237.7314947774
2515,2516,2022-02-22 09:30:00,2022-02-22 10:00:00,3084.843827417004,2951.579198602162,-1,0.043199797549047125,4957.700844235605,1,-0.0,4.319979754904713,1.0,4.319979754904713,Bullish,1800.0,9,Tuesday,London,2022,2,119719.8322779962,935957.563772773,916237.7314947774
2516,2524,2022-02-22 10:00:00,2022-02-22 14:00:00,2951.579198602162,2914.302469006891,1,-0.012629418723686836,-1511.9918913683757,8,-3.9151517989782225,1.4838655750893048,-0.8511160940523032,0.37900588566618654,Bullish,14400.0,10,Tuesday,London,2022,2,118207.84038662782,935957.563772773,917749.7233861458
2524,2528,2022-02-22 14:00:00,2022-02-22 16:00:00,2914.302469006891,2895.539298044994,-1,0.006438305962212176,761.0582435414526,4,-2.191070719456678,0.6438305962212176,1.0,0.2938429100001249,Sideways,7200.0,14,Tuesday,NY_overlap,2022,2,118968.89863016928,936718.6220163144,917749.7233861458
2528,2529,2022-02-22 16:00:00,2022-02-22 16:30:00,2895.539298044994,2948.486516821552,1,0.018285788354627686,2175.440101134435,1,0.0,1.8285788354627686,1.0,1.8285788354627686,Sideways,1800.0,16,Tuesday,NY,2022,2,121144.33873130371,938894.0621174489,917749.7233861458
2529,2531,2022-02-22 16:30:00,2022-02-22 17:30:00,2948.486516821552,2929.181889287048,-1,0.006547300597906203,793.1684014084177,2,-0.0,0.6547300597906203,1.0,0.6547300597906203,Sideways,3600.0,16,Tuesday,NY,2022,2,121937.50713271213,939687.2305188574,917749.7233861458
2531,2533,2022-02-22 17:30:00,2022-02-22 18:30:00,2929.181889287048,2972.523781551512,1,0.014796586180933158,1804.2588329773298,2,-0.7143915360282138,1.4796586180933158,1.0,2.0712152138864073,Sideways,3600.0,17,Tuesday,NY,2022,2,123741.76596568947,941491.4893518348,917749.7233861458
2533,2536,2022-02-22 18:30:00,2022-02-22 20:00:00,2972.523781551512,2875.728644621059,-1,0.03256328428091848,4029.438302563636,3,-0.0,3.256328428091848,1.0,3.256328428091848,Sideways,5400.0,18,Tuesday,NY,2022,2,127771.20426825309,945520.9276543984,917749.7233861458
2536,2540,2022-02-22 20:00:00,2022-02-22 22:00:00,2875.728644621059,2884.586831252057,1,0.003080327710184516,393.57718107114675,4,-1.658009334201005,0.3080327710184516,1.0,0.18578470257339816,Sideways,7200.0,20,Tuesday,NY,2022,2,128164.78144932425,945914.5048354695,917749.7233861458
2540,2542,2022-02-22 22:00:00,2022-02-22 23:00:00,2884.586831252057,2841.891796655783,-1,0.014801091835305313,1896.9787002832861,2,-0.2139937776447054,1.4801091835305313,1.0,6.916599163868969,Bearish,3600.0,22,Tuesday,Late,2022,2,130061.76014960752,947811.4835357529,917749.7233861458
2542,2543,2022-02-22 23:00:00,2022-02-22 23:30:00,2841.891796655783,2920.849315815182,1,0.0277834361084095,3613.562603263907,1,0.0,2.77834361084095,1.0,2.77834361084095,Bearish,1800.0,23,Tuesday,Late,2022,2,133675.32275287143,951425.0461390167,917749.7233861458
2543,2548,2022-02-22 23:30:00,2022-02-23 02:00:00,2920.849315815182,2913.462742603338,-1,0.0025289127966473535,338.05323430570223,5,-1.98743848511298,0.5134491874698166,0.4925341900158362,0.25834720989647564,Sideways,9000.0,23,Tuesday,Late,2022,2,134013.37598717713,951763.0993733224,917749.7233861458
2548,2554,2022-02-23 02:00:00,2022-02-23 05:00:00,2913.462742603338,2869.661644950094,1,-0.015034033904997024,-2014.7616383143381,6,-2.693175427052985,0.0,0.0,0.0,Bearish,10800.0,2,Wednesday,Asia,2022,2,131998.6143488628,951763.0993733224,919764.4850244601
2554,2555,2022-02-23 05:00:00,2022-02-23 05:30:00,2869.661644950094,2858.184725359426,-1,0.0039993981906767395,527.9150193986793,1,-0.0,0.39993981906767395,1.0,0.39993981906767395,Bearish,1800.0,5,Wednesday,Asia,2022,2,132526.5293682615,952291.0143927211,919764.4850244601
2555,2562,2022-02-23 05:30:00,2022-02-23 09:00:00,2858.184725359426,2837.898076289739,1,-0.007097738956370558,-940.6387102496977,7,-2.1124294351522743,0.0,0.0,0.0,Bearish,12600.0,5,Wednesday,Asia,2022,2,131585.89065801178,952291.0143927211,920705.1237347098
2562,2563,2022-02-23 09:00:00,2022-02-23 09:30:00,2837.898076289739,2789.833988550703,-1,0.016936509503496677,2228.605687655494,1,-0.0,1.6936509503496677,1.0,1.6936509503496677,Bearish,1800.0,9,Wednesday,London,2022,2,133814.49634566728,954519.6200803766,920705.1237347098
2563,2566,2022-02-23 09:30:00,2022-02-23 11:00:00,2789.833988550703,2836.516039700265,1,0.0167329136217933,2239.1064086958286,3,-3.846094502908015,1.67329136217933,1.0,0.43506246685154554,Bearish,5400.0,9,Wednesday,London,2022,2,136053.6027543631,956758.7264890724,920705.1237347098
2566,2570,2022-02-23 11:00:00,2022-02-23 13:00:00,2836.516039700265,2767.646861893842,-1,0.024279495283129227,3303.312806327301,4,-0.7909065305983454,2.4279495283129227,1.0,3.069831180273734,Bearish,7200.0,11,Wednesday,London,2022,2,139356.9155606904,960062.0392953997,920705.1237347098
2570,2578,2022-02-23 13:00:00,2022-02-23 17:00:00,2767.646861893842,2735.241806755874,1,-0.011708522349485606,-1631.6635603977243,8,-3.084024419638831,2.0328343533905446,-0.5759703111056282,0.6591498888418689,Bearish,14400.0,13,Wednesday,NY_overlap,2022,2,137725.25200029268,960062.0392953997,922336.7872951075
2578,2579,2022-02-23 17:00:00,2022-02-23 17:30:00,2735.241806755874,2717.63532641812,-1,0.006436900859831618,886.5237930212115,1,-0.0,0.6436900859831618,1.0,0.6436900859831618,Bearish,1800.0,17,Wednesday,NY,2022,2,138611.7757933139,960948.5630884209,922336.7872951075
2579,2580,2022-02-23 17:30:00,2022-02-23 18:00:00,2717.63532641812,2728.685795904926,1,0.004066207625204488,563.6242596739086,1,0.0,0.40662076252044876,1.0,0.40662076252044876,Bearish,1800.0,17,Wednesday,NY,2022,2,139175.4000529878,961512.1873480948,922336.7872951075
2580,2583,2022-02-23 18:00:00,2022-02-23 19:30:00,2728.685795904926,2737.834344814255,-1,-0.0033527307992216038,-466.6176502516409,3,-3.0930208372085266,-0.0,0.0,-0.0,Bearish,5400.0,18,Wednesday,NY,2022,2,138708.78240273616,961512.1873480948,922803.4049453591
2583,2584,2022-02-23 19:30:00,2022-02-23 20:00:00,2737.834344814255,2798.882275951838,1,0.02229789075924704,3092.9132773643837,1,0.0,2.229789075924704,1.0,2.229789075924704,Bearish,1800.0,19,Wednesday,NY,2022,2,141801.69568010053,964605.1006254591,922803.4049453591
2584,2587,2022-02-23 20:00:00,2022-02-23 21:30:00,2798.882275951838,2726.852846857353,-1,0.025735069214366746,3649.276453041963,3,-0.21241079527363205,2.5735069214366746,1.0,12.11570682234596,Bearish,5400.0,20,Wednesday,NY,2022,2,145450.97213314252,968254.377078501,922803.4049453591
2587,2592,2022-02-23 21:30:00,2022-02-24 00:00:00,2726.852846857353,2652.424671291841,1,-0.027294533201998483,-3970.0163881510202,5,-4.504368383347113,0.0,0.0,0.0,Bearish,9000.0,21,Wednesday,Late,2022,2,141480.9557449915,968254.377078501,926773.4213335101
2592,2594,2022-02-24 00:00:00,2022-02-24 01:00:00,2652.424671291841,2609.115669451918,-1,0.016328079854131983,2310.1123432431377,2,-0.058072679511900205,1.6328079854131983,1.0,28.116629009319343,Bearish,3600.0,0,Thursday,Asia,2022,2,143791.06808823464,970564.4894217441,926773.4213335101
2594,2595,2022-02-24 01:00:00,2022-02-24 01:30:00,2609.115669451918,2645.231246708244,1,0.013842075949017651,1990.3668852677154,1,0.0,1.3842075949017651,1.0,1.3842075949017651,Bearish,1800.0,1,Thursday,Asia,2022,2,145781.43497350233,972554.8563070118,926773.4213335101
2595,2599,2022-02-24 01:30:00,2022-02-24 03:30:00,2645.231246708244,2647.386793258635,-1,-0.0008148801935836669,-118.79440395211255,4,-3.7540146431461974,-0.0,0.0,-0.0,Bearish,7200.0,1,Thursday,Asia,2022,2,145662.64056955022,972554.8563070118,926892.2157374622
2599,2604,2022-02-24 03:30:00,2022-02-24 06:00:00,2647.386793258635,2651.371113932717,1,0.0015050013410309315,219.22246939528006,5,-0.6961451951881248,1.1743171451936707,0.12815970091135165,1.686885370050318,Bearish,9000.0,3,Thursday,Asia,2022,2,145881.8630389455,972774.078776407,926892.2157374622
2604,2609,2022-02-24 06:00:00,2022-02-24 08:30:00,2651.371113932717,2721.867840356482,-1,-0.026588781198267908,-3878.8209371382154,5,-5.232073306654628,-0.0,0.0,-0.0,Bearish,9000.0,6,Thursday,Asia,2022,2,142003.04210180728,972774.078776407,930771.0366746003
2609,2614,2022-02-24 08:30:00,2022-02-24 11:00:00,2721.867840356482,2748.507026961139,1,0.009787097745777684,1389.7976532481741,5,-0.8341267023924015,0.9787097745777684,1.0,1.17333466459074,Bearish,9000.0,8,Thursday,London,2022,2,143392.83975505547,974163.8764296552,930771.0366746003
2614,2616,2022-02-24 11:00:00,2022-02-24 12:00:00,2748.507026961139,2726.308704292676,-1,0.008076502061196034,1158.11256584246,2,-0.0,0.8076502061196034,1.0,0.8076502061196034,Sideways,3600.0,11,Thursday,London,2022,2,144550.95232089792,975321.9889954977,930771.0366746003
2616,2617,2022-02-24 12:00:00,2022-02-24 12:30:00,2726.308704292676,2795.218540527224,1,0.02527587434469436,3653.651707268928,1,0.0,2.527587434469436,1.0,2.527587434469436,Bearish,1800.0,12,Thursday,London,2022,2,148204.60402816685,978975.6407027666,930771.0366746003
2617,2627,2022-02-24 12:30:00,2022-02-24 17:30:00,2795.218540527224,2829.330402107496,-1,-0.012203647437827092,-1808.6367362225203,10,-5.988154983483152,-0.0,0.0,-0.0,Sideways,18000.0,12,Thursday,London,2022,2,146395.96729194434,978975.6407027666,932579.6734108229
2627,2630,2022-02-24 17:30:00,2022-02-24 19:00:00,2829.330402107496,2883.988002728243,1,0.01931821061974026,2828.1081300263922,3,-1.1404583041161986,1.9318210619740261,1.0,1.6938988957348127,Bullish,5400.0,17,Thursday,NY,2022,2,149224.07542197072,981803.748832793,932579.6734108229
2630,2634,2022-02-24 19:00:00,2022-02-24 21:00:00,2883.988002728243,2861.704211554356,-1,0.007726728111492331,1153.0138584743952,4,-2.371571316950627,0.7726728111492331,1.0,0.3258062726710399,Bullish,7200.0,19,Thursday,NY,2022,2,150377.08928044513,982956.7626912674,932579.6734108229
2634,2641,2022-02-24 21:00:00,2022-02-25 00:30:00,2861.704211554356,2865.370348373665,1,0.0012811026396462033,192.64848601949137,7,-3.9438279630087836,0.12811026396462033,1.0,0.03248373538760646,Sideways,12600.0,21,Thursday,Late,2022,2,150569.73776646462,983149.4111772869,932579.6734108229
2641,2644,2022-02-25 00:30:00,2022-02-25 02:00:00,2865.370348373665,2801.309576227469,-1,0.022356890857950007,3366.2711937550084,3,-0.8360317356450819,2.2356890857950007,1.0,2.6741677265037596,Bullish,5400.0,0,Friday,Asia,2022,2,153936.00896021962,986515.6823710419,932579.6734108229
2644,2649,2022-02-25 02:00:00,2022-02-25 04:30:00,2801.309576227469,2814.422797474471,1,0.004681103923066532,720.5904554448902,5,-1.8286289418193213,0.4681103923066532,1.0,0.25598981925820635,Bullish,9000.0,2,Friday,Asia,2022,2,154656.5994156645,987236.2728264867,932579.6734108229
2649,2651,2022-02-25 04:30:00,2022-02-25 05:30:00,2814.422797474471,2765.085406218209,-1,0.017530198838829447,2711.1609394937973,2,-0.0,1.7530198838829447,1.0,1.7530198838829447,Bullish,3600.0,4,Friday,Asia,2022,2,157367.7603551583,989947.4337659805,932579.6734108229
2651,2654,2022-02-25 05:30:00,2022-02-25 07:00:00,2765.085406218209,2777.19476836619,1,0.0043793808758127994,689.173360168873,3,-0.6176605217077302,0.43793808758127994,1.0,0.7090271632877763,Bullish,5400.0,5,Friday,Asia,2022,2,158056.93371532718,990636.6071261493,932579.6734108229
2654,2657,2022-02-25 07:00:00,2022-02-25 08:30:00,2777.19476836619,2714.321213151694,-1,0.02263923147582636,3578.2875087406414,3,-0.4414210498535187,2.263923147582636,1.0,5.128715878714658,Bullish,5400.0,7,Friday,Asia,2022,2,161635.22122406785,994214.89463489,932579.6734108229
2657,2659,2022-02-25 08:30:00,2022-02-25 09:30:00,2714.321213151694,2812.952784584806,1,0.03633747212939009,5873.415346357376,2,0.0,3.633747212939009,1.0,3.633747212939009,Sideways,3600.0,8,Friday,London,2022,2,167508.6365704252,1000088.3099812474,932579.6734108229
2659,2667,2022-02-25 09:30:00,2022-02-25 13:30:00,2812.952784584806,3041.322484445027,-1,-0.08118504551932193,-13599.196284849546,8,-10.182429898623436,-0.0,0.0,-0.0,Bullish,14400.0,9,Friday,London,2022,2,153909.44028557566,1000088.3099812474,946178.8696956724
2667,2670,2022-02-25 13:30:00,2022-02-25 15:00:00,3041.322484445027,3062.705228645023,1,0.007030738867502162,1082.0970838913017,3,-4.040317668524551,0.7030738867502162,1.0,0.174014506885783,Bullish,5400.0,13,Friday,NY_overlap,2022,2,154991.53736946697,1001170.4070651387,946178.8696956724
2670,2693,2022-02-25 15:00:00,2022-02-26 02:30:00,3062.705228645023,3810.865016929077,-1,-0.2442807036363237,-37861.44180628902,23,-27.28776803424122,1.7514589003796432,-13.94727010627391,0.06418476213158505,Bullish,41400.0,15,Friday,NY_overlap,2022,2,117130.09556317795,1001170.4070651387,984040.3115019614
2693,2694,2022-02-26 02:30:00,2022-02-26 03:00:00,3810.865016929077,3902.329529591163,1,0.02400098462049205,2811.2376222086045,1,0.0,2.400098462049205,1.0,2.400098462049205,Bullish,1800.0,2,Saturday,Asia,2022,2,119941.33318538655,1003981.6446873473,984040.3115019614
2694,2699,2022-02-26 03:00:00,2022-02-26 05:30:00,3902.329529591163,3937.826270328245,-1,-0.009096295038107938,-1091.021753918285,5,-3.1720728889178096,-0.0,0.0,-0.0,Bullish,9000.0,3,Saturday,Asia,2022,2,118850.31143146828,1003981.6446873473,985131.3332558797
2699,2700,2022-02-26 05:30:00,2022-02-26 06:00:00,3937.826270328245,4036.108955920842,1,0.02495861392696863,2966.3390381180093,1,0.0,2.495861392696863,1.0,2.495861392696863,Bullish,1800.0,5,Saturday,Asia,2022,2,121816.65046958628,1006947.9837254654,985131.3332558797
2700,2701,2022-02-26 06:00:00,2022-02-26 06:30:00,4036.108955920842,3966.661270392662,-1,0.01720659335182284,2096.0495681113143,1,-0.0,1.720659335182284,1.0,1.720659335182284,Bullish,1800.0,6,Saturday,Asia,2022,2,123912.70003769759,1009044.0332935767,985131.3332558797
2701,2706,2022-02-26 06:30:00,2022-02-26 09:00:00,3966.661270392662,3857.607517844055,1,-0.027492580060361926,-3406.6798262820203,5,-4.217550928915226,0.0,0.0,0.0,Bullish,9000.0,6,Saturday,Asia,2022,2,120506.02021141557,1009044.0332935767,988538.0130821617
2706,2707,2022-02-26 09:00:00,2022-02-26 09:30:00,3857.607517844055,3763.325110002866,-1,0.024440642912755828,2945.2446088245506,1,-0.0,2.444064291275583,1.0,2.444064291275583,Bullish,1800.0,9,Saturday,London,2022,2,123451.26482024012,1011989.2779024013,988538.0130821617
2707,2710,2022-02-26 09:30:00,2022-02-26 11:00:00,3763.325110002866,3756.093801396994,1,-0.0019215211002236998,-237.2142102013956,3,-2.8683705156396844,0.0,0.0,0.0,Bullish,5400.0,9,Saturday,London,2022,2,123214.05061003873,1011989.2779024013,988775.2272923631
2710,2715,2022-02-26 11:00:00,2022-02-26 13:30:00,3756.093801396994,3717.193658987865,-1,0.01035654178675216,1276.0714638578643,5,-2.375774116584717,1.035654178675216,1.0,0.43592283098193524,Bullish,9000.0,11,Saturday,London,2022,2,124490.1220738966,1013265.3493662592,988775.2272923631
2715,2716,2022-02-26 13:30:00,2022-02-26 14:00:00,3717.193658987865,3805.272891018322,1,0.023695088314134027,2949.8044367783114,1,0.0,2.3695088314134027,1.0,2.3695088314134027,Bullish,1800.0,13,Saturday,NY_overlap,2022,2,127439.92651067491,1016215.1538030375,988775.2272923631
2716,2723,2022-02-26 14:00:00,2022-02-26 17:30:00,3805.272891018322,4103.359295793802,-1,-0.07833509272858219,-9983.018460537438,7,-10.949608374232756,-0.0,0.0,-0.0,Bullish,12600.0,14,Saturday,NY_overlap,2022,2,117456.90805013747,1016215.1538030375,998758.2457529005
2723,2727,2022-02-26 17:30:00,2022-02-26 19:30:00,4103.359295793802,4177.771533909447,1,0.01813446806666974,2130.0185482449865,4,-1.681954734599822,1.813446806666974,1.0,1.0781781277237743,Bullish,7200.0,17,Saturday,NY,2022,2,119586.92659838244,1018345.1723512824,998758.2457529005
2727,2731,2022-02-26 19:30:00,2022-02-26 21:30:00,4177.771533909447,4037.58718934669,-1,0.03355481347530165,4012.717016093321,4,-0.0,3.355481347530165,1.0,3.355481347530165,Bullish,7200.0,19,Saturday,NY,2022,2,123599.64361447578,1022357.8893673758,998758.2457529005
2731,2732,2022-02-26 21:30:00,2022-02-26 22:00:00,4037.58718934669,4151.171534872234,1,0.028131738139361984,3477.072808280904,1,0.0,2.8131738139361984,1.0,2.8131738139361984,Bullish,1800.0,21,Saturday,Late,2022,2,127076.71642275667,1025834.9621756567,998758.2457529005
2732,2734,2022-02-26 22:00:00,2022-02-26 23:00:00,4151.171534872234,4131.421360650183,-1,0.004757735028807719,604.5973450704158,2,-2.310049468553199,0.4757735028807719,1.0,0.20595814477460186,Bullish,3600.0,22,Saturday,Late,2022,2,127681.31376782709,1026439.5595207271,998758.2457529005
2734,2735,2022-02-26 23:00:00,2022-02-26 23:30:00,4131.421360650183,4299.331206519367,1,0.0406421498103402,5189.243082133092,1,0.0,4.06421498103402,1.0,4.06421498103402,Bullish,1800.0,23,Saturday,Late,2022,2,132870.55684996018,1031628.8026028603,998758.2457529005
2735,2754,2022-02-26 23:30:00,2022-02-27 09:00:00,4299.331206519367,4964.60866972233,-1,-0.15473975631236736,-20560.357588051433,19,-17.487689751544156,-0.0,0.0,-0.0,Bullish,34200.0,23,Saturday,Late,2022,2,112310.19926190874,1031628.8026028603,1019318.603340952
2754,2755,2022-02-27 09:00:00,2022-02-27 09:30:00,4964.60866972233,4993.006291044349,1,0.005720012031402932,642.4156910273803,1,0.0,0.5720012031402932,1.0,0.5720012031402932,Bullish,1800.0,9,Sunday,London,2022,2,112952.61495293613,1032271.2182938877,1019318.603340952
2755,2756,2022-02-27 09:30:00,2022-02-27 10:00:00,4993.006291044349,4873.40794746968,-1,0.023953173019065854,2705.57352892361,1,-0.0,2.3953173019065854,1.0,2.3953173019065854,Bullish,1800.0,9,Sunday,London,2022,2,115658.18848185973,1034976.7918228112,1019318.603340952
2756,2762,2022-02-27 10:00:00,2022-02-27 13:00:00,4873.40794746968,4855.539470533183,1,-0.0036665259976388365,-424.06375490855226,6,-4.117755416601609,1.5235618478893764,-0.24065488399556312,0.3699981406731473,Bullish,10800.0,10,Sunday,London,2022,2,115234.12472695118,1034976.7918228112,1019742.6670958605
2762,2775,2022-02-27 13:00:00,2022-02-27 19:30:00,4855.539470533183,4985.400048333433,-1,-0.02674483002112016,-3081.9170784548755,13,-7.766357353458031,-0.0,0.0,-0.0,Bullish,23400.0,13,Sunday,NY_overlap,2022,2,112152.2076484963,1034976.7918228112,1022824.5841743153
2775,2782,2022-02-27 19:30:00,2022-02-27 23:00:00,4985.400048333433,5180.084484585136,1,0.039050915546242626,4379.646389206105,7,-0.21096983789925527,3.9050915546242626,1.0,18.51018891377765,Bullish,12600.0,19,Sunday,NY,2022,2,116531.85403770242,1039356.4382120173,1022824.5841743153
2782,2789,2022-02-27 23:00:00,2022-02-28 02:30:00,5180.084484585136,5192.277416887351,-1,-0.0023538095447088736,-274.2937902965658,7,-1.5885799983958115,0.9946873751621732,-0.23663812404627232,0.6261487467843192,Bullish,12600.0,23,Sunday,Late,2022,2,116257.56024740585,1039356.4382120173,1023098.8779646119
2789,2791,2022-02-28 02:30:00,2022-02-28 03:30:00,5192.277416887351,5206.702521558083,1,0.002778184506054382,322.9849525910274,2,-0.7217146645389971,0.2778184506054382,1.0,0.384942227525469,Bullish,3600.0,2,Monday,Asia,2022,2,116580.54519999688,1039679.4231646083,1023098.8779646119
2791,2792,2022-02-28 03:30:00,2022-02-28 04:00:00,5206.702521558083,5083.369561740052,-1,0.023687345168535767,2761.483614088417,1,-0.0,2.3687345168535767,1.0,2.3687345168535767,Bullish,1800.0,3,Monday,Asia,2022,2,119342.0288140853,1042440.9067786967,1023098.8779646119
2792,2793,2022-02-28 04:00:00,2022-02-28 04:30:00,5083.369561740052,5184.664335068323,1,0.019926698639159746,2378.092643164201,1,0.0,1.9926698639159746,1.0,1.9926698639159746,Bullish,1800.0,4,Monday,Asia,2022,2,121720.1214572495,1044818.9994218609,1023098.8779646119
2793,2797,2022-02-28 04:30:00,2022-02-28 06:30:00,5184.664335068323,5175.101996071582,-1,0.0018443506423478917,224.49458419634192,4,-3.502890385948154,0.18443506423478917,1.0,0.052652251116578036,Bullish,7200.0,4,Monday,Asia,2022,2,121944.61604144584,1045043.4940060573,1023098.8779646119
2797,2798,2022-02-28 06:30:00,2022-02-28 07:00:00,5175.101996071582,5282.521821406965,1,0.020757045062478996,2531.209890298995,1,0.0,2.0757045062478996,1.0,2.0757045062478996,Bullish,1800.0,6,Monday,Asia,2022,2,124475.82593174482,1047574.7038963563,1023098.8779646119
2798,2799,2022-02-28 07:00:00,2022-02-28 07:30:00,5282.521821406965,5183.88838247097,-1,0.018671657642054806,2324.1700065095515,1,-0.0,1.8671657642054806,1.0,1.8671657642054806,Bullish,1800.0,7,Monday,Asia,2022,2,126799.99593825437,1049898.873902866,1023098.8779646119
2799,2806,2022-02-28 07:30:00,2022-02-28 11:00:00,5183.88838247097,5094.790292639509,1,-0.017187501592962784,-2179.3751321764257,7,-4.349094218844584,0.0,0.0,0.0,Bullish,12600.0,7,Monday,Asia,2022,2,124620.62080607796,1049898.873902866,1025278.2530967883
2806,2810,2022-02-28 11:00:00,2022-02-28 13:00:00,5094.790292639509,5034.204597996134,-1,0.011891695469959496,1481.9504719031802,4,-1.325837463226076,1.1891695469959496,1.0,0.8969195546054483,Bullish,7200.0,11,Monday,London,2022,2,126102.57127798113,1051380.824374769,1025278.2530967883
2810,2819,2022-02-28 13:00:00,2022-02-28 17:30:00,5034.204597996134,4886.055558079511,1,-0.029428490048972966,-3711.008264003979,9,-4.746241884446379,0.0,0.0,0.0,Bullish,16200.0,13,Monday,NY_overlap,2022,2,122391.56301397715,1051380.824374769,1028989.2613607923
2819,2826,2022-02-28 17:30:00,2022-02-28 21:00:00,4886.055558079511,4931.182431762008,-1,-0.009235849479418246,-1130.3900535478285,7,-2.7852525888371282,0.4083085567647582,-2.2619779395755755,0.14659659895881516,Bearish,12600.0,17,Monday,NY,2022,2,121261.17296042934,1051380.824374769,1030119.6514143401
2826,2829,2022-02-28 21:00:00,2022-02-28 22:30:00,4931.182431762008,4990.269035536733,1,0.011982238457483474,1452.9802900460143,3,-1.1738071441972586,1.1982238457483474,1.0,1.0208012889270552,Sideways,5400.0,21,Monday,Late,2022,2,122714.15325047534,1052833.804664815,1030119.6514143401
2829,2831,2022-02-28 22:30:00,2022-02-28 23:30:00,4990.269035536733,4937.192029285673,-1,0.01063610115468483,1305.2001470835546,2,-0.8670991935033845,1.063610115468483,1.0,1.226630267260572,Sideways,3600.0,22,Monday,Late,2022,2,124019.3533975589,1054139.0048118986,1030119.6514143401
2831,2838,2022-02-28 23:30:00,2022-03-01 03:00:00,4937.192029285673,4812.561303060368,1,-0.025243240588180393,-3130.6503754051528,7,-5.448072019700911,0.0,0.0,0.0,Sideways,12600.0,23,Monday,Late,2022,2,120888.70302215374,1054139.0048118986,1033250.3017897453
2838,2840,2022-03-01 03:00:00,2022-03-01 04:00:00,4812.561303060368,4761.502439533648,-1,0.010609498832617748,1282.5685535902164,2,-0.0,1.0609498832617748,1.0,1.0609498832617748,Bearish,3600.0,3,Tuesday,Asia,2022,3,122171.27157574396,1055421.5733654888,1033250.3017897453
2840,2842,2022-03-01 04:00:00,2022-03-01 05:00:00,4761.502439533648,4796.626374499048,1,0.007376649578875405,901.2146590198862,2,-0.6782124128732914,0.7376649578875405,1.0,1.0876606559917925,Bearish,3600.0,4,Tuesday,Asia,2022,3,123072.48623476384,1056322.7880245086,1033250.3017897453
2842,2850,2022-03-01 05:00:00,2022-03-01 09:00:00,4796.626374499048,5023.057007259998,-1,-0.04720622685242959,-5809.787704490792,8,-6.600006761553878,-0.0,0.0,-0.0,Bearish,14400.0,5,Tuesday,Asia,2022,3,117262.69853027305,1056322.7880245086,1039060.0894942362
2850,2851,2022-03-01 09:00:00,2022-03-01 09:30:00,5023.057007259998,5179.641414662821,1,0.03117312966516339,3655.445306171174,1,0.0,3.117312966516339,1.0,3.117312966516339,Sideways,1800.0,9,Tuesday,London,2022,3,120918.14383644423,1059978.2333306798,1039060.0894942362
2851,2856,2022-03-01 09:30:00,2022-03-01 12:00:00,5179.641414662821,5276.909075624616,-1,-0.018778840690871768,-2270.7025597405086,5,-4.2387294358000815,-0.0,0.0,-0.0,Sideways,9000.0,9,Tuesday,London,2022,3,118647.44127670373,1059978.2333306798,1041330.7920539767
2856,2857,2022-03-01 12:00:00,2022-03-01 12:30:00,5276.909075624616,5348.400711003915,1,0.01354801349705581,1607.4371358079218,1,0.0,1.354801349705581,1.0,1.354801349705581,Bullish,1800.0,12,Tuesday,London,2022,3,120254.87841251164,1061585.6704664878,1041330.7920539767
2857,2858,2022-03-01 12:30:00,2022-03-01 13:00:00,5348.400711003915,5251.6363226423,-1,0.018092209912867863,2175.676503285567,1,-0.0,1.8092209912867863,1.0,1.8092209912867863,Bullish,1800.0,12,Tuesday,London,2022,3,122430.55491579721,1063761.3469697733,1041330.7920539767
2858,2865,2022-03-01 13:00:00,2022-03-01 16:30:00,5251.6363226423,5107.889869066021,1,-0.02737174563221756,-3351.1380067664504,7,-3.939824265062186,0.0,0.0,0.0,Bullish,12600.0,13,Tuesday,NY_overlap,2022,3,119079.41690903076,1063761.3469697733,1044681.9300607431
2865,2866,2022-03-01 16:30:00,2022-03-01 17:00:00,5107.889869066021,5056.235992454396,-1,0.010112566624516761,1204.1985371011835,1,-0.0,1.0112566624516761,1.0,1.0112566624516761,Bullish,1800.0,16,Tuesday,NY,2022,3,120283.61544613194,1064965.5455068746,1044681.9300607431
2866,2878,2022-03-01 17:00:00,2022-03-01 23:00:00,5056.235992454396,4420.412920872046,1,-0.12575027600199273,-15125.697840868677,12,-14.712290153674058,0.0,0.0,0.0,Bullish,21600.0,17,Tuesday,NY,2022,3,105157.91760526327,1064965.5455068746,1059807.6279016118
2878,2879,2022-03-01 23:00:00,2022-03-01 23:30:00,4420.412920872046,4307.37508406485,-1,0.025571782281573863,2689.0753741854815,1,-0.0,2.5571782281573863,1.0,2.5571782281573863,Bearish,1800.0,23,Tuesday,Late,2022,3,107846.99297944874,1067654.6208810601,1059807.6279016118
2879,2883,2022-03-01 23:30:00,2022-03-02 01:30:00,4307.37508406485,4418.784419369262,1,0.025864786123820815,2789.439407510653,4,-2.3570545675018706,2.5864786123820815,1.0,1.0973350587820148,Bearish,7200.0,23,Tuesday,Late,2022,3,110636.4323869594,1070444.0602885708,1059807.6279016118
2883,2888,2022-03-02 01:30:00,2022-03-02 04:00:00,4418.784419369262,4326.218875775064,-1,0.02094819181231089,2317.6332070717954,5,-1.7627940159170352,2.094819181231089,1.0,1.1883516521590463,Bearish,9000.0,1,Wednesday,Asia,2022,3,112954.0655940312,1072761.6934956426,1059807.6279016118
2888,2892,2022-03-02 04:00:00,2022-03-02 06:00:00,4326.218875775064,4391.532697943586,1,0.01509720706325135,1705.2909169091677,4,-0.08074944384476312,1.509720706325135,1.0,18.696360426054444,Bearish,7200.0,4,Wednesday,Asia,2022,3,114659.35651094036,1074466.9844125519,1059807.6279016118
2892,2895,2022-03-02 06:00:00,2022-03-02 07:30:00,4391.532697943586,4325.416249866728,-1,0.015055437958555462,1726.2468283183584,3,-0.0,1.5055437958555462,1.0,1.5055437958555462,Bearish,5400.0,6,Wednesday,Asia,2022,3,116385.60333925873,1076193.2312408702,1059807.6279016118
2895,2897,2022-03-02 07:30:00,2022-03-02 08:30:00,4325.416249866728,4343.620074692903,1,0.004208571793925087,489.8171674325586,2,-0.7462494084248039,0.42085717939250866,1.0,0.5639631665247966,Bearish,3600.0,7,Wednesday,Asia,2022,3,116875.42050669128,1076683.0484083027,1059807.6279016118
2897,2898,2022-03-02 08:30:00,2022-03-02 09:00:00,4343.620074692903,4315.655072846017,-1,0.0064381786081654235,752.4648321265198,1,-0.0,0.6438178608165424,1.0,0.6438178608165424,Bearish,1800.0,8,Wednesday,London,2022,3,117627.8853388178,1077435.5132404293,1059807.6279016118
2898,2899,2022-03-02 09:00:00,2022-03-02 09:30:00,4315.655072846017,4395.49374498358,1,0.018499780633513874,2176.0900751522568,1,0.0,1.8499780633513874,1.0,1.8499780633513874,Bearish,1800.0,9,Wednesday,London,2022,3,119803.97541397005,1079611.6033155816,1059807.6279016118
2899,2900,2022-03-02 09:30:00,2022-03-02 10:00:00,4395.49374498358,4329.733071230397,-1,0.014960929890580066,1792.3788767811875,1,-0.0,1.4960929890580066,1.0,1.4960929890580066,Bearish,1800.0,9,Wednesday,London,2022,3,121596.35429075125,1081403.9821923627,1059807.6279016118
2900,2902,2022-03-02 10:00:00,2022-03-02 11:00:00,4329.733071230397,4404.249215662778,1,0.017210332185952693,2092.7136499446274,2,-0.5644033876922361,1.7210332185952693,1.0,3.0492964006334646,Bearish,3600.0,10,Wednesday,London,2022,3,123689.06794069588,1083496.6958423073,1059807.6279016118
2902,2908,2022-03-02 11:00:00,2022-03-02 14:00:00,4404.249215662778,4378.614549984007,-1,0.005820439403748212,719.9247248549174,6,-1.7340151740055099,1.0243410603915537,0.5682130326322516,0.5907336197210803,Bearish,10800.0,11,Wednesday,London,2022,3,124408.99266555079,1084216.6205671623,1059807.6279016118
2908,2910,2022-03-02 14:00:00,2022-03-02 15:00:00,4378.614549984007,4480.93494693814,1,0.023368212886997863,2907.2158256655525,2,0.0,2.3368212886997863,1.0,2.3368212886997863,Bearish,3600.0,14,Wednesday,NY_overlap,2022,3,127316.20849121634,1087123.8363928278,1059807.6279016118
2910,2914,2022-03-02 15:00:00,2022-03-02 17:00:00,4480.93494693814,4446.048250826225,-1,0.007785584152644964,991.2310552040581,4,-2.612096030782207,0.7785584152644964,1.0,0.2980588791872834,Bearish,7200.0,15,Wednesday,NY_overlap,2022,3,128307.4395464204,1088115.0674480319,1059807.6279016118
2914,2916,2022-03-02 17:00:00,2022-03-02 18:00:00,4446.048250826225,4529.170447250997,1,0.01869574771468696,2398.8035196773294,2,0.0,1.869574771468696,1.0,1.869574771468696,Bearish,3600.0,17,Wednesday,NY,2022,3,130706.24306609773,1090513.8709677092,1059807.6279016118
2916,2917,2022-03-02 18:00:00,2022-03-02 18:30:00,4529.170447250997,4458.118165063521,-1,0.015687703303504996,2050.4807611367523,1,-0.0,1.5687703303504996,1.0,1.5687703303504996,Bearish,1800.0,18,Wednesday,NY,2022,3,132756.72382723447,1092564.351728846,1059807.6279016118
2917,2919,2022-03-02 18:30:00,2022-03-02 19:30:00,4458.118165063521,4588.094710059014,1,0.02915502465010178,3870.5255556497827,2,0.0,2.915502465010178,1.0,2.915502465010178,Bearish,3600.0,18,Wednesday,NY,2022,3,136627.24938288427,1096434.8772844959,1059807.6279016118
2919,2921,2022-03-02 19:30:00,2022-03-02 20:30:00,4588.094710059014,4449.656558794288,-1,0.030173342098019917,4122.5007355412545,2,-0.0,3.0173342098019917,1.0,3.0173342098019917,Bearish,3600.0,19,Wednesday,NY,2022,3,140749.75011842552,1100557.3780200372,1059807.6279016118
2921,2928,2022-03-02 20:30:00,2022-03-03 00:00:00,4449.656558794288,4380.149219896198,1,-0.015620832300127896,-2198.6282428848353,7,-4.380870612535381,0.6319840436313395,-2.4717130847753057,0.1442599198942298,Bearish,12600.0,20,Wednesday,NY,2022,3,138551.12187554067,1100557.3780200372,1062006.2561444966
2928,2930,2022-03-03 00:00:00,2022-03-03 01:00:00,4380.149219896198,4321.402698123421,-1,0.013411990967323484,1858.2463951072903,2,-0.0,1.3411990967323484,1.0,1.3411990967323484,Sideways,3600.0,0,Thursday,Asia,2022,3,140409.36827064797,1102415.6244151446,1062006.2561444966
2930,2931,2022-03-03 01:00:00,2022-03-03 01:30:00,4321.402698123421,4363.064664785297,1,0.00964084339558724,1353.6647307706555,1,0.0,0.964084339558724,1.0,0.964084339558724,Sideways,1800.0,1,Thursday,Asia,2022,3,141763.03300141863,1103769.2891459153,1062006.2561444966
2931,2934,2022-03-03 01:30:00,2022-03-03 03:00:00,4363.064664785297,4332.868824076803,-1,0.006920786884551,981.1117395103905,3,-1.662851478753602,0.6920786884551,1.0,0.41619994166517554,Bullish,5400.0,1,Thursday,Asia,2022,3,142744.144740929,1104750.4008854257,1062006.2561444966
2934,2935,2022-03-03 03:00:00,2022-03-03 03:30:00,4332.868824076803,4466.059305695506,1,0.03073956009897927,4387.892216041191,1,0.0,3.073956009897927,1.0,3.073956009897927,Sideways,1800.0,3,Thursday,Asia,2022,3,147132.03695697023,1109138.293101467,1062006.2561444966
2935,2940,2022-03-03 03:30:00,2022-03-03 06:00:00,4466.059305695506,4512.109042427299,-1,-0.010311044609968789,-1517.084996618899,5,-3.1444075870970867,1.1262063570444125,-0.9155555325605543,0.35816169686962396,Sideways,9000.0,3,Thursday,Asia,2022,3,145614.95196035132,1109138.293101467,1063523.3411411154
2940,2946,2022-03-03 06:00:00,2022-03-03 09:00:00,4512.109042427299,4451.418563707616,1,-0.013450578908667965,-1958.6054016246035,6,-3.235572916700735,0.6391786164961832,-2.1043537066994924,0.19754727615532894,Bullish,10800.0,6,Thursday,Asia,2022,3,143656.3465587267,1109138.293101467,1065481.94654274
2946,2949,2022-03-03 09:00:00,2022-03-03 10:30:00,4451.418563707616,4352.166763759052,-1,0.022296667574189466,3203.0578041424915,3,-0.0,2.2296667574189466,1.0,2.2296667574189466,Bullish,5400.0,9,Thursday,London,2022,3,146859.40436286922,1112341.3509056095,1065481.94654274
2949,2953,2022-03-03 10:30:00,2022-03-03 12:30:00,4352.166763759052,4372.452413617963,1,0.004661046085786991,684.5184518665616,4,-1.7106430001527118,0.6161098429982692,0.7565284240719531,0.3601627241588503,Sideways,7200.0,10,Thursday,London,2022,3,147543.92281473576,1113025.869357476,1065481.94654274
2953,2954,2022-03-03 12:30:00,2022-03-03 13:00:00,4372.452413617963,4317.35973238547,-1,0.012599949872732163,1859.046031491937,1,-0.0,1.2599949872732163,1.0,1.2599949872732163,Sideways,1800.0,12,Thursday,London,2022,3,149402.9688462277,1114884.9153889678,1065481.94654274
2954,2958,2022-03-03 13:00:00,2022-03-03 15:00:00,4317.35973238547,4310.042966202556,1,-0.0016947316500011134,-253.19793990783282,4,-0.9811557754133893,0.0,0.0,0.0,Sideways,7200.0,13,Thursday,NY_overlap,2022,3,149149.77090631987,1114884.9153889678,1065735.144482648
2958,2960,2022-03-03 15:00:00,2022-03-03 16:00:00,4310.042966202556,4270.021687930081,-1,0.00928558684595604,1384.9431508050827,2,-1.0944789900069418,0.928558684595604,1.0,0.8484024755831215,Sideways,3600.0,15,Thursday,NY_overlap,2022,3,150534.71405712495,1116269.858539773,1065735.144482648
2960,2962,2022-03-03 16:00:00,2022-03-03 17:00:00,4270.021687930081,4300.486375368456,1,0.007134550984714716,1073.9975924100106,2,-0.2661531601963363,0.7134550984714716,1.0,2.6806185504059727,Bearish,3600.0,16,Thursday,NY,2022,3,151608.71164953496,1117343.856132183,1065735.144482648
2962,2963,2022-03-03 17:00:00,2022-03-03 17:30:00,4300.486375368456,4155.712274849165,-1,0.03366458764955094,5103.844761761272,1,-0.0,3.3664587649550937,1.0,3.3664587649550937,Bearish,1800.0,17,Thursday,NY,2022,3,156712.55641129625,1122447.7008939444,1065735.144482648
2963,2965,2022-03-03 17:30:00,2022-03-03 18:30:00,4155.712274849165,4272.845260921453,1,0.028186019224957004,4417.103127800961,2,0.0,2.8186019224957004,1.0,2.8186019224957004,Bearish,3600.0,17,Thursday,NY,2022,3,161129.6595390972,1126864.8040217452,1065735.144482648
2965,2971,2022-03-03 18:30:00,2022-03-03 21:30:00,4272.845260921453,4389.03518275649,-1,-0.027192635056945802,-4381.540028696603,6,-4.653772105725196,-0.0,0.0,-0.0,Bearish,10800.0,18,Thursday,NY,2022,3,156748.11951040057,1126864.8040217452,1070116.6845113446
2971,2972,2022-03-03 21:30:00,2022-03-03 22:00:00,4389.03518275649,4498.310299175748,1,0.024897297895577264,3902.604626021997,1,0.0,2.4897297895577264,1.0,2.4897297895577264,Sideways,1800.0,21,Thursday,Late,2022,3,160650.7241364226,1130767.4086477673,1070116.6845113446
2972,2973,2022-03-03 22:00:00,2022-03-03 22:30:00,4498.310299175748,4343.458815084488,-1,0.03442436688274564,5530.299467650981,1,-0.0,3.442436688274564,1.0,3.442436688274564,Sideways,1800.0,22,Thursday,Late,2022,3,166181.02360407356,1136297.7081154182,1070116.6845113446
2973,2978,2022-03-03 22:30:00,2022-03-04 01:00:00,4343.458815084488,4399.469459461572,1,0.012895401283088859,2142.9709850089935,5,-0.030996179368414367,1.6420873657954527,0.7853054320798654,52.97708941085712,Sideways,9000.0,22,Thursday,Late,2022,3,168323.99458908255,1138440.6791004273,1070116.6845113446
2978,2980,2022-03-04 01:00:00,2022-03-04 02:00:00,4399.469459461572,4306.800575824318,-1,0.02106364971757191,3545.5176610869094,2,-2.0888175583644752,2.106364971757191,1.0,1.008400644337007,Sideways,3600.0,1,Friday,Asia,2022,3,171869.51225016947,1141986.1967615143,1070116.6845113446
2980,2983,2022-03-04 02:00:00,2022-03-04 03:30:00,4306.800575824318,4321.349185479442,1,0.0033780551012254634,580.584682601818,3,-1.95124678693821,0.33780551012254634,1.0,0.17312290397290664,Sideways,5400.0,2,Friday,Asia,2022,3,172450.0969327713,1142566.781444116,1070116.6845113446
2983,2988,2022-03-04 03:30:00,2022-03-04 06:00:00,4321.349185479442,4280.397401828366,-1,0.009476619891926719,1634.2440189577935,5,-1.5080170803416948,0.9476619891926719,1.0,0.6284159520115948,Sideways,9000.0,3,Friday,Asia,2022,3,174084.3409517291,1144201.0254630737,1070116.6845113446
2988,2997,2022-03-04 06:00:00,2022-03-04 10:30:00,4280.397401828366,3825.953979033395,1,-0.10616851197060717,-18482.275436228934,9,-12.577850953829428,0.0,0.0,0.0,Bearish,16200.0,6,Friday,Asia,2022,3,155602.06551550014,1144201.0254630737,1088598.9599475735
2997,3002,2022-03-04 10:30:00,2022-03-04 13:00:00,3825.953979033395,3835.550960063813,-1,-0.0025083890404877796,-390.3105158163427,5,-3.198878572012953,-0.0,0.0,-0.0,Bearish,9000.0,10,Friday,London,2022,3,155211.75499968382,1144201.0254630737,1088989.2704633898
3002,3007,2022-03-04 13:00:00,2022-03-04 15:30:00,3835.550960063813,3809.025486638696,1,-0.00691568791584396,-1073.3960584482484,5,-3.746136460375915,0.9025600430186076,-0.7662302324745593,0.2409309037631902,Bearish,9000.0,13,Friday,NY_overlap,2022,3,154138.35894123555,1144201.0254630737,1090062.6665218382
3007,3010,2022-03-04 15:30:00,2022-03-04 17:00:00,3809.025486638696,3740.011662239984,-1,0.01811849898111695,2792.7556994278193,3,-0.17808916431392152,1.8118498981116948,1.0,10.173835702423247,Bearish,5400.0,15,Friday,NY_overlap,2022,3,156931.11464066338,1146993.7811625015,1090062.6665218382
3010,3018,2022-03-04 17:00:00,2022-03-04 21:00:00,3740.011662239984,3596.860596019711,1,-0.038275566802520755,-6006.627361822764,8,-7.020323363462078,0.0,0.0,0.0,Bearish,14400.0,17,Friday,NY,2022,3,150924.48727884062,1146993.7811625015,1096069.293883661
3018,3022,2022-03-04 21:00:00,2022-03-04 23:00:00,3596.860596019711,3561.252382341341,-1,0.009899803655936457,1494.1227909334043,4,-3.8873261114242386,0.9899803655936457,1.0,0.2546687201478285,Bearish,7200.0,21,Friday,Late,2022,3,152418.61006977403,1148487.903953435,1096069.293883661
3022,3027,2022-03-04 23:00:00,2022-03-05 01:30:00,3561.252382341341,3592.213137879554,1,0.008693783033107527,1325.0943261544357,5,-1.2481063175502016,0.8693783033107527,1.0,0.6965578902101699,Bearish,9000.0,23,Friday,Late,2022,3,153743.70439592845,1149812.9982795892,1096069.293883661
3027,3029,2022-03-05 01:30:00,2022-03-05 02:30:00,3592.213137879554,3469.393422836328,-1,0.03419054224486384,5256.580620030861,2,-0.0,3.419054224486384,1.0,3.419054224486384,Bearish,3600.0,1,Saturday,Asia,2022,3,159000.28501595932,1155069.57889962,1096069.293883661
3029,3034,2022-03-05 02:30:00,2022-03-05 05:00:00,3469.393422836328,3451.850497130083,1,-0.005056482090146863,-803.9820935114465,5,-3.637948626697929,0.0,0.0,0.0,Bearish,9000.0,2,Saturday,Asia,2022,3,158196.30292244785,1155069.57889962,1096873.2759771724
3034,3037,2022-03-05 05:00:00,2022-03-05 06:30:00,3451.850497130083,3342.338634536924,-1,0.03172555204352234,5018.865041458956,3,-1.0968240296577614,3.1725552043522343,1.0,2.8924924313904365,Bearish,5400.0,5,Saturday,Asia,2022,3,163215.16796390683,1160088.443941079,1096873.2759771724
3037,3042,2022-03-05 06:30:00,2022-03-05 09:00:00,3342.338634536924,3341.890671639338,1,-0.00013402678380847188,-21.875204030962006,5,-1.160133098806504,0.1809503476911445,-0.07406826542120594,0.15597378255762082,Bearish,9000.0,6,Saturday,Asia,2022,3,163193.29275987585,1160088.443941079,1096895.1511812033
3042,3043,2022-03-05 09:00:00,2022-03-05 09:30:00,3341.890671639338,3248.451168454524,-1,0.02796007181736382,4562.896185678217,1,-0.0,2.796007181736382,1.0,2.796007181736382,Bearish,1800.0,9,Saturday,London,2022,3,167756.18894555408,1164651.3401267573,1096895.1511812033
3043,3056,2022-03-05 09:30:00,2022-03-05 16:00:00,3248.451168454524,2982.720613623168,1,-0.08180223160250844,-13722.830620878407,13,-9.425812851289429,0.5937229957974521,-13.777844580979504,0.0629890498744872,Bearish,23400.0,9,Saturday,London,2022,3,154033.35832467568,1164651.3401267573,1110617.9818020817
3056,3058,2022-03-05 16:00:00,2022-03-05 17:00:00,2982.720613623168,2852.045997338909,-1,0.043810545207426,6748.285408334866,2,-0.0,4.3810545207426,1.0,4.3810545207426,Bearish,3600.0,16,Saturday,NY,2022,3,160781.64373301054,1171399.625535092,1110617.9818020817
3058,3062,2022-03-05 17:00:00,2022-03-05 19:00:00,2852.045997338909,3011.944646260723,1,0.056064540709023225,9014.149010333056,4,0.0,5.6064540709023225,1.0,5.6064540709023225,Bearish,7200.0,17,Saturday,NY,2022,3,169795.7927433436,1180413.774545425,1110617.9818020817
3062,3065,2022-03-05 19:00:00,2022-03-05 20:30:00,3011.944646260723,2957.783412791585,-1,0.01798214769198314,3053.2930225881696,3,-2.3546207920436935,1.7982147691983141,1.0,0.7636961226514751,Bearish,5400.0,19,Saturday,NY,2022,3,172849.08576593176,1183467.0675680132,1110617.9818020817
3065,3068,2022-03-05 20:30:00,2022-03-05 22:00:00,2957.783412791585,3006.393597266551,1,0.016434666671244713,2840.7171089924827,3,0.0,1.6434666671244713,1.0,1.6434666671244713,Bearish,5400.0,20,Saturday,NY,2022,3,175689.80287492427,1186307.7846770056,1110617.9818020817
3068,3072,2022-03-05 22:00:00,2022-03-06 00:00:00,3006.393597266551,2941.542808175555,-1,0.02157095769162065,3789.79730466417,4,-0.7031211207130461,2.157095769162065,1.0,3.0678864645319153,Bearish,7200.0,22,Saturday,Late,2022,3,179479.60017958842,1190097.5819816699,1110617.9818020817
3072,3081,2022-03-06 00:00:00,2022-03-06 04:30:00,2941.542808175555,2928.12998724698,1,-0.004559791171930616,-818.3894964405252,9,-2.2757604479691107,0.0,0.0,0.0,Bearish,16200.0,0,Sunday,Asia,2022,3,178661.2106831479,1190097.5819816699,1111436.3712985222
3081,3082,2022-03-06 04:30:00,2022-03-06 05:00:00,2928.12998724698,2835.901838269639,-1,0.03149728645211325,5627.343330768474,1,-0.0,3.149728645211325,1.0,3.149728645211325,Bearish,1800.0,4,Sunday,Asia,2022,3,184288.55401391638,1195724.9253124383,1111436.3712985222
3082,3093,2022-03-06 05:00:00,2022-03-06 10:30:00,2835.901838269639,2709.604802231688,1,-0.044535052071834946,-8207.300349252944,11,-7.1287471361790145,0.0,0.0,0.0,Bearish,19800.0,5,Sunday,Asia,2022,3,176081.25366466344,1195724.9253124383,1119643.6716477752
3093,3099,2022-03-06 10:30:00,2022-03-06 13:30:00,2709.604802231688,2831.126310071095,-1,-0.04484842503206332,-7896.966904531395,6,-6.926768920740289,-0.0,0.0,-0.0,Bearish,10800.0,10,Sunday,London,2022,3,168184.28676013206,1195724.9253124383,1127540.6385523067
3099,3106,2022-03-06 13:30:00,2022-03-06 17:00:00,2831.126310071095,2731.82898775128,1,-0.03507343418998554,-5898.800513471157,7,-4.946090117711122,0.0,0.0,0.0,Bearish,12600.0,13,Sunday,NY_overlap,2022,3,162285.48624666088,1195724.9253124383,1133439.439065778
3106,3107,2022-03-06 17:00:00,2022-03-06 17:30:00,2731.82898775128,2658.999925483768,-1,0.026659451449580485,4326.4420415644245,1,-0.0,2.6659451449580485,1.0,2.6659451449580485,Bearish,1800.0,17,Sunday,NY,2022,3,166611.92828822532,1200051.3673540028,1133439.439065778
3107,3109,2022-03-06 17:30:00,2022-03-06 18:30:00,2658.999925483768,2705.805330852555,1,0.01760263508103388,2932.8089738050203,2,0.0,1.760263508103388,1.0,1.760263508103388,Bearish,3600.0,17,Sunday,NY,2022,3,169544.73726203034,1202984.1763278078,1133439.439065778
3109,3110,2022-03-06 18:30:00,2022-03-06 19:00:00,2705.805330852555,2640.355693979345,-1,0.02418859780004501,4101.049458745561,1,-0.0,2.418859780004501,1.0,2.418859780004501,Bearish,1800.0,18,Sunday,NY,2022,3,173645.78672077588,1207085.2257865535,1133439.439065778
3110,3114,2022-03-06 19:00:00,2022-03-06 21:00:00,2640.355693979345,2609.873298456801,1,-0.0115448064789343,-2004.7070035736597,4,-3.552785439587691,0.0,0.0,0.0,Bearish,7200.0,19,Sunday,NY,2022,3,171641.07971720223,1207085.2257865535,1135444.1460693516
3114,3116,2022-03-06 21:00:00,2022-03-06 22:00:00,2609.873298456801,2566.785785032462,-1,0.016509427277491273,2833.6959234212363,2,-0.0,1.6509427277491273,1.0,1.6509427277491273,Bearish,3600.0,21,Sunday,Late,2022,3,174474.77564062347,1209918.9217099748,1135444.1460693516
3116,3119,2022-03-06 22:00:00,2022-03-06 23:30:00,2566.785785032462,2559.595476702354,1,-0.002801288822790182,-488.7542388609039,3,-2.7995938186426095,0.0,0.0,0.0,Bearish,5400.0,22,Sunday,Late,2022,3,173986.02140176258,1209918.9217099748,1135932.9003082125
3119,3120,2022-03-06 23:30:00,2022-03-07 00:00:00,2559.595476702354,2498.096197301117,-1,0.024026952681003078,4180.3539033761435,1,-0.0,2.4026952681003078,1.0,2.4026952681003078,Bearish,1800.0,23,Sunday,Late,2022,3,178166.37530513873,1214099.2756133508,1135932.9003082125
3120,3123,2022-03-07 00:00:00,2022-03-07 01:30:00,2498.096197301117,2554.693468209703,1,0.022656161508004535,4036.5661742089787,3,0.0,2.2656161508004535,1.0,2.2656161508004535,Bearish,5400.0,0,Monday,Asia,2022,3,182202.9414793477,1218135.8417875597,1135932.9003082125
3123,3125,2022-03-07 01:30:00,2022-03-07 02:30:00,2554.693468209703,2524.571650927101,-1,0.011790775549957111,2148.3139875249617,2,-0.0,1.179077554995711,1.0,1.179077554995711,Bearish,3600.0,1,Monday,Asia,2022,3,184351.25546687265,1220284.1557750846,1135932.9003082125
3125,3126,2022-03-07 02:30:00,2022-03-07 03:00:00,2524.571650927101,2533.747853481407,1,0.003634756237136827,670.0718756322208,1,0.0,0.3634756237136827,1.0,0.3634756237136827,Bearish,1800.0,2,Monday,Asia,2022,3,185021.32734250487,1220954.227650717,1135932.9003082125
3126,3127,2022-03-07 03:00:00,2022-03-07 03:30:00,2533.747853481407,2488.411529285824,-1,0.01789298968059916,3310.5847008302026,1,-0.0,1.7892989680599158,1.0,1.7892989680599158,Bearish,1800.0,3,Monday,Asia,2022,3,188331.9120433351,1224264.8123515472,1135932.9003082125
3127,3128,2022-03-07 03:30:00,2022-03-07 04:00:00,2488.411529285824,2540.173564700442,1,0.020801235971396492,3917.5365433577063,1,0.0,2.0801235971396492,1.0,2.0801235971396492,Bearish,1800.0,3,Monday,Asia,2022,3,192249.4485866928,1228182.3488949048,1135932.9003082125
3128,3131,2022-03-07 04:00:00,2022-03-07 05:30:00,2540.173564700442,2486.719452296863,-1,0.02104348818773838,4045.599000433291,3,-1.01398836377522,2.104348818773838,1.0,2.0753185085271135,Bearish,5400.0,4,Monday,Asia,2022,3,196295.0475871261,1232227.947895338,1135932.9003082125
3131,3141,2022-03-07 05:30:00,2022-03-07 10:30:00,2486.719452296863,2323.437340895939,1,-0.0656616536497947,-12889.057427835856,10,-8.700503550727024,0.0,0.0,0.0,Bearish,18000.0,5,Monday,Asia,2022,3,183405.99015929023,1232227.947895338,1148821.9577360484
3141,3142,2022-03-07 10:30:00,2022-03-07 11:00:00,2323.437340895939,2275.125290087207,-1,0.020793352141832533,3813.6253383035983,1,-0.0,2.0793352141832533,1.0,2.0793352141832533,Bearish,1800.0,10,Monday,London,2022,3,187219.61549759383,1236041.5732336417,1148821.9577360484
3142,3148,2022-03-07 11:00:00,2022-03-07 14:00:00,2275.125290087207,2278.597921541379,1,0.0015263473485624957,285.76216371364256,6,-2.0263620986942565,0.15263473485624957,1.0,0.07532451132727169,Bearish,10800.0,11,Monday,London,2022,3,187505.37766130746,1236327.3353973553,1148821.9577360484
3148,3157,2022-03-07 14:00:00,2022-03-07 18:30:00,2278.597921541379,2490.394618543945,-1,-0.0929504477294063,-17428.708805289967,9,-10.469596140518544,-0.0,0.0,-0.0,Bearish,16200.0,14,Monday,NY_overlap,2022,3,170076.66885601752,1236327.3353973553,1166250.6665413384
3157,3158,2022-03-07 18:30:00,2022-03-07 19:00:00,2490.394618543945,2510.933734921409,1,0.008247334066868728,1402.6791050357863,1,0.0,0.8247334066868728,1.0,0.8247334066868728,Bearish,1800.0,18,Monday,NY,2022,3,171479.3479610533,1237730.014502391,1166250.6665413384
3158,3159,2022-03-07 19:00:00,2022-03-07 19:30:00,2510.933734921409,2499.85082233395,-1,0.004413861040345468,756.8860131891381,1,-0.0,0.4413861040345468,1.0,0.4413861040345468,Bearish,1800.0,19,Monday,NY,2022,3,172236.23397424244,1238486.90051558,1166250.6665413384
3159,3160,2022-03-07 19:30:00,2022-03-07 20:00:00,2499.85082233395,2550.608546623197,1,0.02030430129500993,3497.1363885308474,1,0.0,2.030430129500993,1.0,2.030430129500993,Bearish,1800.0,19,Monday,NY,2022,3,175733.3703627733,1241984.036904111,1166250.6665413384
3160,3162,2022-03-07 20:00:00,2022-03-07 21:00:00,2550.608546623197,2501.210384473325,-1,0.019367206392870928,3403.4644539306605,2,-0.0,1.9367206392870928,1.0,1.9367206392870928,Bearish,3600.0,20,Monday,NY,2022,3,179136.83481670395,1245387.5013580418,1166250.6665413384
3162,3166,2022-03-07 21:00:00,2022-03-07 23:00:00,2501.210384473325,2485.153234017911,1,-0.006419752034891424,-1150.0140598385449,4,-1.5361763201208967,0.0,0.0,0.0,Bearish,7200.0,21,Monday,Late,2022,3,177986.8207568654,1245387.5013580418,1167400.680601177
3166,3167,2022-03-07 23:00:00,2022-03-07 23:30:00,2485.153234017911,2474.228817925492,-1,0.004395872231490849,782.4073229364444,1,-0.0,0.43958722314908494,1.0,0.43958722314908494,Bearish,1800.0,23,Monday,Late,2022,3,178769.22807980183,1246169.9086809782,1167400.680601177
3167,3168,2022-03-07 23:30:00,2022-03-08 00:00:00,2474.228817925492,2533.81940299202,1,0.024084508528395387,4305.568998302651,1,0.0,2.4084508528395387,1.0,2.4084508528395387,Sideways,1800.0,23,Monday,Late,2022,3,183074.79707810452,1250475.4776792808,1167400.680601177
3168,3178,2022-03-08 00:00:00,2022-03-08 05:00:00,2533.81940299202,2497.213146242365,-1,0.014447066237802564,2644.8937198596414,10,-3.4783597369774544,1.4447066237802564,1.0,0.4153413485160809,Sideways,18000.0,0,Tuesday,Asia,2022,3,185719.69079796414,1253120.3713991405,1167400.680601177
3178,3188,2022-03-08 05:00:00,2022-03-08 10:00:00,2497.213146242365,2299.65214897529,1,-0.07911258899319473,-14692.76556604256,10,-10.34369232209017,0.0,0.0,0.0,Sideways,18000.0,5,Tuesday,Asia,2022,3,171026.92523192157,1253120.3713991405,1182093.4461672197
3188,3192,2022-03-08 10:00:00,2022-03-08 12:00:00,2299.65214897529,2318.730815575746,-1,-0.008296327167983897,-1418.895326258343,4,-4.670080001413823,-0.0,0.0,-0.0,Sideways,7200.0,10,Tuesday,London,2022,3,169608.02990566322,1253120.3713991405,1183512.341493478
3192,3197,2022-03-08 12:00:00,2022-03-08 14:30:00,2318.730815575746,2352.564355202022,1,0.014591404659395568,2474.8193978363997,5,-1.0313482350160608,1.4591404659395568,1.0,1.4147893179036994,Sideways,9000.0,12,Tuesday,London,2022,3,172082.84930349962,1255595.190796977,1183512.341493478
3197,3199,2022-03-08 14:30:00,2022-03-08 15:30:00,2352.564355202022,2328.215150884877,-1,0.010350069388454175,1781.069430854126,2,-0.0,1.0350069388454175,1.0,1.0350069388454175,Bullish,3600.0,14,Tuesday,NY_overlap,2022,3,173863.91873435376,1257376.260227831,1183512.341493478
3199,3205,2022-03-08 15:30:00,2022-03-08 18:30:00,2328.215150884877,2329.221531967229,1,0.0004322543309493998,75.15343186875897,6,-3.019536599148609,0.04322543309493998,1.0,0.014315253905890016,Sideways,10800.0,15,Tuesday,NY_overlap,2022,3,173939.07216622253,1257451.4136596997,1183512.341493478
3205,3209,2022-03-08 18:30:00,2022-03-08 20:30:00,2329.221531967229,2338.942265385056,-1,-0.004173382945510173,-725.914357336377,4,-2.0778954309522923,0.9001170726308572,-0.46364890439331774,0.43318689632920393,Bearish,7200.0,18,Tuesday,NY,2022,3,173213.15780888614,1257451.4136596997,1184238.2558508145
3209,3213,2022-03-08 20:30:00,2022-03-08 22:30:00,2338.942265385056,2387.881819241144,1,0.020923797299473357,3624.2770035948274,4,-2.3899266896620697,2.0923797299473357,1.0,0.8754995452363409,Bearish,7200.0,20,Tuesday,NY,2022,3,176837.434812481,1261075.6906632946,1184238.2558508145
3213,3234,2022-03-08 22:30:00,2022-03-09 09:00:00,2387.881819241144,2584.58321331713,-1,-0.08237484472263223,-14566.956233826731,21,-12.258845224399328,0.6772459450849477,-12.163209735024674,0.05524549275954597,Bearish,37800.0,22,Tuesday,Late,2022,3,162270.47857865423,1261075.6906632946,1198805.2120846412
3234,3241,2022-03-09 09:00:00,2022-03-09 12:30:00,2584.58321331713,2464.054012014278,1,-0.04663390239548948,-7567.305659706335,7,-6.151151557209955,0.0,0.0,0.0,Bullish,12600.0,9,Wednesday,London,2022,3,154703.1729189479,1261075.6906632946,1206372.5177443475
3241,3242,2022-03-09 12:30:00,2022-03-09 13:00:00,2464.054012014278,2413.640165599975,-1,0.02045971645446676,3165.183052528018,1,-0.0,2.045971645446676,1.0,2.045971645446676,Bullish,1800.0,12,Wednesday,London,2022,3,157868.35597147595,1264240.8737158226,1206372.5177443475
3242,3244,2022-03-09 13:00:00,2022-03-09 14:00:00,2413.640165599975,2454.612179210575,1,0.016975195472194837,2679.846201489843,2,0.0,1.6975195472194837,1.0,1.6975195472194837,Bullish,3600.0,13,Wednesday,NY_overlap,2022,3,160548.20217296577,1266920.7199173125,1206372.5177443475
3244,3246,2022-03-09 14:00:00,2022-03-09 15:00:00,2454.612179210575,2443.413828543256,-1,0.004562166994103611,732.4477089161788,2,-2.709700535590809,0.45621669941036114,1.0,0.16836425037310998,Bullish,3600.0,14,Wednesday,NY_overlap,2022,3,161280.64988188195,1267653.1676262286,1206372.5177443475
3246,3256,2022-03-09 15:00:00,2022-03-09 20:00:00,2443.413828543256,2274.407818091968,1,-0.06916798475845909,-11155.457532864397,10,-11.26325344274235,0.0,0.0,0.0,Bullish,18000.0,15,Wednesday,NY_overlap,2022,3,150125.19234901754,1267653.1676262286,1217527.9752772117
3256,3259,2022-03-09 20:00:00,2022-03-09 21:30:00,2274.407818091968,2222.838508517052,-1,0.02267373035068876,3403.898130166911,3,-1.9517980535543655,2.267373035068876,1.0,1.1616842382539656,Sideways,5400.0,20,Wednesday,NY,2022,3,153529.09047918447,1271057.0657563955,1217527.9752772117
3259,3261,2022-03-09 21:30:00,2022-03-09 22:30:00,2222.838508517052,2335.328152821986,1,0.05060630534963173,7769.540032840854,2,0.0,5.060630534963173,1.0,5.060630534963173,Bearish,3600.0,21,Wednesday,Late,2022,3,161298.63051202532,1278826.6057892363,1217527.9752772117
3261,3263,2022-03-09 22:30:00,2022-03-09 23:30:00,2335.328152821986,2282.998810498472,-1,0.022407704142255014,3614.331991064374,2,-0.0,2.2407704142255014,1.0,2.2407704142255014,Sideways,3600.0,22,Wednesday,Late,2022,3,164912.9625030897,1282440.9377803006,1217527.9752772117
3263,3266,2022-03-09 23:30:00,2022-03-10 01:00:00,2282.998810498472,2286.466261081934,1,0.0015188140123056915,250.47211826053592,3,-1.168928465416641,0.15188140123056915,1.0,0.12993216071304592,Bearish,5400.0,23,Wednesday,Late,2022,3,165163.43462135023,1282691.4098985612,1217527.9752772117
3266,3273,2022-03-10 01:00:00,2022-03-10 04:30:00,2286.466261081934,2261.914217240067,-1,0.01073798649897828,1773.5227310889422,7,-1.5093465524650629,1.073798649897828,1.0,0.7114328039137874,Bearish,12600.0,1,Thursday,Asia,2022,3,166936.95735243917,1284464.9326296502,1217527.9752772117
3273,3278,2022-03-10 04:30:00,2022-03-10 07:00:00,2261.914217240067,2284.89096349796,1,0.010158097987433168,1695.7619705100303,5,0.0,1.0869605831917095,0.9345415228954593,1.0869605831917095,Bearish,9000.0,4,Thursday,Asia,2022,3,168632.7193229492,1286160.6946001602,1217527.9752772117
3278,3281,2022-03-10 07:00:00,2022-03-10 08:30:00,2284.89096349796,2262.920923054188,-1,0.009615356178807821,1621.4636596910861,3,-3.0365851389414944,0.9615356178807821,1.0,0.3166503074621376,Bearish,5400.0,7,Thursday,Asia,2022,3,170254.18298264028,1287782.1582598514,1217527.9752772117
3281,3283,2022-03-10 08:30:00,2022-03-10 09:30:00,2262.920923054188,2297.408920058718,1,0.01524047820371166,2594.7551648376684,2,0.0,1.524047820371166,1.0,1.524047820371166,Bearish,3600.0,8,Thursday,London,2022,3,172848.93814747798,1290376.913424689,1217527.9752772117
3283,3284,2022-03-10 09:30:00,2022-03-10 10:00:00,2297.408920058718,2211.26105090535,-1,0.03749783871787449,6481.461605209998,1,-0.0,3.7497838717874488,1.0,3.7497838717874488,Bearish,1800.0,9,Thursday,London,2022,3,179330.39975268795,1296858.3750298992,1217527.9752772117
3284,3296,2022-03-10 10:00:00,2022-03-10 16:00:00,2211.26105090535,2059.051632651338,1,-0.06883376261328056,-12343.986165921242,12,-7.582697702880459,0.5541152102205515,-12.422283551083723,0.07307626282003282,Bearish,21600.0,10,Thursday,London,2022,3,166986.41358676672,1296858.3750298992,1229871.961443133
3296,3299,2022-03-10 16:00:00,2022-03-10 17:30:00,2059.051632651338,2048.198301830404,-1,0.005271033833648242,880.1910357754268,3,-0.3268305066743249,0.5271033833648242,1.0,1.6127728978802587,Bearish,5400.0,16,Thursday,NY,2022,3,167866.60462254216,1297738.5660656746,1229871.961443133
3299,3310,2022-03-10 17:30:00,2022-03-10 23:00:00,2048.198301830404,1891.069396232774,1,-0.07671567028310167,-12877.999091766747,11,-8.635677292286603,0.0,0.0,0.0,Bearish,19800.0,17,Thursday,NY,2022,3,154988.60553077538,1297738.5660656746,1242749.9605348997
3310,3312,2022-03-10 23:00:00,2022-03-11 00:00:00,1891.069396232774,1847.292961295263,-1,0.023149036743293827,3587.836924223797,2,-0.06084621509154786,2.3149036743293827,1.0,38.045154835784444,Bearish,3600.0,23,Thursday,Late,2022,3,158576.4424549992,1301326.4029898983,1242749.9605348997
3312,3320,2022-03-11 00:00:00,2022-03-11 04:00:00,1847.292961295263,1764.232637735297,1,-0.04496326532946171,-7130.114657106254,8,-6.571228654485173,0.0,0.0,0.0,Bearish,14400.0,0,Friday,Asia,2022,3,151446.32779789294,1301326.4029898983,1249880.075192006
3320,3331,2022-03-11 04:00:00,2022-03-11 09:30:00,1764.232637735297,1868.071218997236,-1,-0.05885764668498261,-8913.774453266453,11,-8.37794242188652,0.9998627688999062,-5.886572489316752,0.11934466943671836,Bearish,19800.0,4,Friday,Asia,2022,3,142532.5533446265,1301326.4029898983,1258793.8496452726
3331,3337,2022-03-11 09:30:00,2022-03-11 12:30:00,1868.071218997236,1836.100291256214,1,-0.017114405176791747,-2439.3598688226243,6,-2.8371391653759237,0.0,0.0,0.0,Bearish,10800.0,9,Friday,London,2022,3,140093.19347580386,1301326.4029898983,1261233.2095140952
3337,3338,2022-03-11 12:30:00,2022-03-11 13:00:00,1836.100291256214,1797.091831419469,-1,0.021245277299126397,2976.3187431136216,1,-0.0,2.1245277299126397,1.0,2.1245277299126397,Bearish,1800.0,12,Friday,London,2022,3,143069.5122189175,1304302.721733012,1261233.2095140952
3338,3340,2022-03-11 13:00:00,2022-03-11 14:00:00,1797.091831419469,1828.182914201015,1,0.017300775752226327,2475.213547879899,2,0.0,1.7300775752226327,1.0,1.7300775752226327,Bearish,3600.0,13,Friday,NY_overlap,2022,3,145544.72576679738,1306777.9352808918,1261233.2095140952
3340,3342,2022-03-11 14:00:00,2022-03-11 15:00:00,1828.182914201015,1793.258110277889,-1,0.019103561056082463,2780.4225550767956,2,-2.734556921544229,1.9103561056082463,1.0,0.6985980399813551,Bearish,3600.0,14,Friday,NY_overlap,2022,3,148325.14832187418,1309558.3578359687,1261233.2095140952
3342,3351,2022-03-11 15:00:00,2022-03-11 19:30:00,1793.258110277889,1698.89731536414,1,-0.05261975081720194,-7804.832344621546,9,-6.541140221349451,0.0,0.0,0.0,Bearish,16200.0,15,Friday,NY_overlap,2022,3,140520.31597725264,1309558.3578359687,1269038.0418587169
3351,3353,2022-03-11 19:30:00,2022-03-11 20:30:00,1698.89731536414,1683.640201621164,-1,0.008980597947266689,1261.9564612145832,2,-0.5515581996523133,0.8980597947266689,1.0,1.6282230874144927,Bearish,3600.0,19,Friday,NY,2022,3,141782.27243846722,1310820.3142971834,1269038.0418587169
3353,3355,2022-03-11 20:30:00,2022-03-11 21:30:00,1683.640201621164,1721.219359243075,1,0.022320183128037963,3164.6062851359616,2,0.0,2.2320183128037963,1.0,2.2320183128037963,Bearish,3600.0,20,Friday,NY,2022,3,144946.87872360318,1313984.9205823194,1269038.0418587169
3355,3359,2022-03-11 21:30:00,2022-03-11 23:30:00,1721.219359243075,1710.091638832502,-1,0.006465021643415891,937.0847080936741,4,-0.7107493668833564,0.6709572269876563,0.9635519796755733,0.9440138229455073,Bearish,7200.0,21,Friday,Late,2022,3,145883.96343169687,1314922.005290413,1269038.0418587169
3359,3363,2022-03-11 23:30:00,2022-03-12 01:30:00,1710.091638832502,1715.665407456081,1,0.0032593391471023025,475.48531294737086,4,-1.2527004960124377,0.32593391471023025,1.0,0.2601850288618343,Bearish,7200.0,23,Friday,Late,2022,3,146359.44874464424,1315397.4906033603,1269038.0418587169
3363,3364,2022-03-12 01:30:00,2022-03-12 02:00:00,1715.665407456081,1697.722691166886,-1,0.010458167548997643,1530.6516373504237,1,-0.0,1.0458167548997643,1.0,1.0458167548997643,Sideways,1800.0,1,Saturday,Asia,2022,3,147890.10038199465,1316928.1422407108,1269038.0418587169
3364,3365,2022-03-12 02:00:00,2022-03-12 02:30:00,1697.722691166886,1751.820307008388,1,0.03186481285958376,4712.4903724573205,1,0.0,3.1864812859583758,1.0,3.1864812859583758,Sideways,1800.0,2,Saturday,Asia,2022,3,152602.590754452,1321640.632613168,1269038.0418587169
3365,3368,2022-03-12 02:30:00,2022-03-12 04:00:00,1751.820307008388,1723.631023787675,-1,0.016091423936540727,2455.5929816443195,3,-0.5924374138009947,1.6091423936540727,1.0,2.716139048899769,Sideways,5400.0,2,Saturday,Asia,2022,3,155058.18373609628,1324096.2255948123,1269038.0418587169
3368,3373,2022-03-12 04:00:00,2022-03-12 06:30:00,1723.631023787675,1734.398576476676,1,0.006247017221434836,968.6511441238014,5,-1.01221762304472,0.6247017221434836,1.0,0.6171614758735378,Sideways,9000.0,4,Saturday,Asia,2022,3,156026.8348802201,1325064.8767389362,1269038.0418587169
3373,3378,2022-03-12 06:30:00,2022-03-12 09:00:00,1734.398576476676,1711.406616820938,-1,0.013256445183692844,2068.3611837747344,5,-2.5231607293494385,1.3256445183692844,1.0,0.525390437061488,Sideways,9000.0,6,Saturday,Asia,2022,3,158095.19606399484,1327133.2379227108,1269038.0418587169
3378,3389,2022-03-12 09:00:00,2022-03-12 14:30:00,1711.406616820938,1629.318962278373,1,-0.04796502113276202,-7583.039420197674,11,-6.768247068272348,0.0,0.0,0.0,Bearish,19800.0,9,Saturday,London,2022,3,150512.15664379715,1327133.2379227108,1276621.0812789146
3389,3390,2022-03-12 14:30:00,2022-03-12 15:00:00,1629.318962278373,1621.311566069994,-1,0.004914566388635078,739.701986122584,1,-0.0,0.49145663886350777,1.0,0.49145663886350777,Bearish,1800.0,14,Saturday,NY_overlap,2022,3,151251.85862991973,1327872.9399088335,1276621.0812789146
3390,3396,2022-03-12 15:00:00,2022-03-12 18:00:00,1621.311566069994,1581.871891658239,1,-0.024325783666217404,-3679.319992144729,6,-4.124012495527795,0.0,0.0,0.0,Bearish,10800.0,15,Saturday,NY_overlap,2022,3,147572.538637775,1327872.9399088335,1280300.4012710594
3396,3397,2022-03-12 18:00:00,2022-03-12 18:30:00,1581.871891658239,1566.689715967658,-1,0.00959760127899234,1416.3423855740573,1,-0.0,0.959760127899234,1.0,0.959760127899234,Bearish,1800.0,18,Saturday,NY,2022,3,148988.88102334907,1329289.2822944075,1280300.4012710594
3397,3405,2022-03-12 18:30:00,2022-03-12 22:30:00,1566.689715967658,1580.967764293122,1,0.00911351378638825,1357.8122212248518,8,-2.572618424384676,0.911351378638825,1.0,0.35425050602162417,Bearish,14400.0,18,Saturday,NY,2022,3,150346.69324457392,1330647.0945156324,1280300.4012710594
3405,3407,2022-03-12 22:30:00,2022-03-12 23:30:00,1580.967764293122,1545.378055840882,-1,0.0225113435302412,3384.506060264401,2,-0.07179795644434162,2.25113435302412,1.0,31.353738525541722,Bearish,3600.0,22,Saturday,Late,2022,3,153731.19930483832,1334031.6005758967,1280300.4012710594
3407,3417,2022-03-12 23:30:00,2022-03-13 04:30:00,1545.378055840882,1456.214440356121,1,-0.057696959748949395,-8869.822818448982,10,-7.98641463995764,0.0,0.0,0.0,Bearish,18000.0,23,Saturday,Late,2022,3,144861.37648638932,1334031.6005758967,1289170.2240895084
3417,3421,2022-03-13 04:30:00,2022-03-13 06:30:00,1456.214440356121,1450.908078607709,-1,0.0036439425412607696,527.8665323643472,4,-1.8803664679744259,0.36439425412607696,1.0,0.19378895568086302,Bearish,7200.0,4,Sunday,Asia,2022,3,145389.24301875368,1334559.467108261,1289170.2240895084
3421,3422,2022-03-13 06:30:00,2022-03-13 07:00:00,1450.908078607709,1490.866365836649,1,0.027540192116983775,4004.0476844793225,1,0.0,2.7540192116983775,1.0,2.7540192116983775,Bearish,1800.0,6,Sunday,Asia,2022,3,149393.290703233,1338563.5147927403,1289170.2240895084
3422,3425,2022-03-13 07:00:00,2022-03-13 08:30:00,1490.866365836649,1467.268414566194,-1,0.015828347738740645,2364.6489550855445,3,-0.444689991058822,1.5828347738740645,1.0,3.5594117378384906,Bearish,5400.0,7,Sunday,Asia,2022,3,151757.93965831856,1340928.163747826,1289170.2240895084
3425,3429,2022-03-13 08:30:00,2022-03-13 10:30:00,1467.268414566194,1472.74457492993,1,0.0037322144396838564,566.3931737294484,4,-1.7063491594815905,0.37322144396838564,1.0,0.21872513131003904,Bearish,7200.0,8,Sunday,London,2022,3,152324.332832048,1341494.5569215554,1289170.2240895084
3429,3430,2022-03-13 10:30:00,2022-03-13 11:00:00,1472.74457492993,1457.804706357484,-1,0.010144236024876685,1545.2139845801692,1,-0.0,1.0144236024876685,1.0,1.0144236024876685,Bearish,1800.0,10,Sunday,London,2022,3,153869.54681662816,1343039.7709061357,1289170.2240895084
3430,3431,2022-03-13 11:00:00,2022-03-13 11:30:00,1457.804706357484,1470.285119678062,1,0.008561100993947246,1317.2927301900488,1,0.0,0.8561100993947246,1.0,0.8561100993947246,Bearish,1800.0,11,Sunday,London,2022,3,155186.83954681823,1344357.0636363258,1289170.2240895084
3431,3433,2022-03-13 11:30:00,2022-03-13 12:30:00,1470.285119678062,1441.008862814834,-1,0.019911958892462,3090.073969707343,2,-0.649096250178105,1.9911958892462,1.0,3.0676434946278572,Bearish,3600.0,11,Sunday,London,2022,3,158276.91351652556,1347447.1376060331,1289170.2240895084
3433,3435,2022-03-13 12:30:00,2022-03-13 13:30:00,1441.008862814834,1460.869636608715,1,0.013782547981755933,2181.459154945749,2,-1.0882842065103926,1.3782547981755933,1.0,1.2664474867231583,Bearish,3600.0,12,Sunday,London,2022,3,160458.37267147133,1349628.596760979,1289170.2240895084
3435,3449,2022-03-13 13:30:00,2022-03-13 20:30:00,1460.869636608715,1596.868653182707,-1,-0.09309456036727703,-14937.80166109933,14,-11.744538830221085,-0.0,0.0,-0.0,Bearish,25200.0,13,Sunday,NY_overlap,2022,3,145520.571010372,1349628.596760979,1304108.0257506077
3449,3450,2022-03-13 20:30:00,2022-03-13 21:00:00,1596.868653182707,1635.993271200457,1,0.02450083664662772,3565.375739049116,1,0.0,2.450083664662772,1.0,2.450083664662772,Bullish,1800.0,20,Sunday,NY,2022,3,149085.9467494211,1353193.972500028,1304108.0257506077
3450,3452,2022-03-13 21:00:00,2022-03-13 22:00:00,1635.993271200457,1600.710645839021,-1,0.021566485622246057,3215.2599270503333,2,-0.0,2.1566485622246057,1.0,2.1566485622246057,Bullish,3600.0,21,Sunday,Late,2022,3,152301.20667647143,1356409.2324270785,1304108.0257506077
3452,3461,2022-03-13 22:00:00,2022-03-14 02:30:00,1600.710645839021,1549.161309322964,1,-0.03220403178429365,-4904.712900595365,9,-7.384593595087619,0.0,0.0,0.0,Bullish,16200.0,22,Sunday,Late,2022,3,147396.49377587606,1356409.2324270785,1309012.738651203
3461,3462,2022-03-14 02:30:00,2022-03-14 03:00:00,1549.161309322964,1515.756151540558,-1,0.021563382445308532,3178.3669663867563,1,-0.0,2.156338244530853,1.0,2.156338244530853,Bullish,1800.0,2,Monday,Asia,2022,3,150574.86074226283,1359587.5993934653,1309012.738651203
3462,3465,2022-03-14 03:00:00,2022-03-14 04:30:00,1515.756151540558,1539.083604188779,1,0.015389977223257079,2317.343677218533,3,-0.3888632480150145,1.5389977223257079,1.0,3.957683659182637,Bullish,5400.0,3,Monday,Asia,2022,3,152892.20441948134,1361904.9430706839,1309012.738651203
3465,3467,2022-03-14 04:30:00,2022-03-14 05:30:00,1539.083604188779,1515.491384472582,-1,0.015328744749140477,2343.6455756796386,2,-0.799889507106144,1.5328744749140477,1.0,1.9163577735376365,Bullish,3600.0,4,Monday,Asia,2022,3,155235.849995161,1364248.5886463635,1309012.738651203
3467,3475,2022-03-14 05:30:00,2022-03-14 09:30:00,1515.491384472582,1506.264118617519,1,-0.006088629700969461,-945.1736069357778,8,-4.19001310054038,0.08061851082050708,-7.5523966381932786,0.019240634548400297,Bullish,14400.0,5,Monday,Asia,2022,3,154290.6763882252,1364248.5886463635,1309957.9122581389
3475,3476,2022-03-14 09:30:00,2022-03-14 10:00:00,1506.264118617519,1463.419201833678,-1,0.028444491410420714,4388.719819232877,1,-0.0,2.8444491410420714,1.0,2.8444491410420714,Sideways,1800.0,9,Monday,London,2022,3,158679.39620745808,1368637.3084655963,1309957.9122581389
3476,3486,2022-03-14 10:00:00,2022-03-14 15:00:00,1463.419201833678,1432.29206586585,1,-0.021270143188517276,-3375.133478400101,10,-6.506088803858489,0.11923224495733464,-17.83925413475898,0.018326255381977415,Sideways,18000.0,10,Monday,London,2022,3,155304.26272905798,1368637.3084655963,1313333.045736539
3486,3491,2022-03-14 15:00:00,2022-03-14 17:30:00,1432.29206586585,1469.441605943074,-1,-0.02593712620670452,-4028.1462628427767,5,-5.445000613194817,-0.0,0.0,-0.0,Sideways,9000.0,15,Monday,NY_overlap,2022,3,151276.1164662152,1368637.3084655963,1317361.1919993816
3491,3494,2022-03-14 17:30:00,2022-03-14 19:00:00,1469.441605943074,1489.966423811553,1,0.013967766929606329,2112.989536816078,3,-2.0577738748681074,1.396776692960633,1.0,0.6787804578625818,Bearish,5400.0,17,Monday,NY,2022,3,153389.10600303128,1370750.2980024123,1317361.1919993816
3494,3498,2022-03-14 19:00:00,2022-03-14 21:00:00,1489.966423811553,1476.269959068651,-1,0.009192465362987567,1410.0240439924944,4,-0.0,1.1589284901878494,0.7931865892344722,1.1589284901878494,Bearish,7200.0,19,Monday,NY,2022,3,154799.1300470238,1372160.3220464047,1317361.1919993816
3498,3499,2022-03-14 21:00:00,2022-03-14 21:30:00,1476.269959068651,1558.607559457501,1,0.0557740810771461,8633.779229914393,1,0.0,5.57740810771461,1.0,5.57740810771461,Bearish,1800.0,21,Monday,Late,2022,3,163432.90927693818,1380794.101276319,1317361.1919993816
3499,3501,2022-03-14 21:30:00,2022-03-14 22:30:00,1558.607559457501,1493.575165019731,-1,0.04172467536369817,6819.185083324985,2,-0.0,4.172467536369817,1.0,4.172467536369817,Sideways,3600.0,21,Monday,Late,2022,3,170252.09436026315,1387613.286359644,1317361.1919993816
3501,3503,2022-03-14 22:30:00,2022-03-14 23:30:00,1493.575165019731,1518.942271827304,1,0.01698415145195442,2891.5873556271463,2,-0.6364985662410505,1.6984151451954421,1.0,2.668372303217773,Bearish,3600.0,22,Monday,Late,2022,3,173143.6817158903,1390504.8737152712,1317361.1919993816
3503,3510,2022-03-14 23:30:00,2022-03-15 03:00:00,1518.942271827304,1593.52875608059,-1,-0.04910422577387208,-8502.08643829653,7,-6.114324556339512,-0.0,0.0,-0.0,Bearish,12600.0,23,Monday,Late,2022,3,164641.59527759376,1390504.8737152712,1325863.2784376782
3510,3523,2022-03-15 03:00:00,2022-03-15 09:30:00,1593.52875608059,1461.413605402134,1,-0.08290728998415053,-13649.988483132625,13,-11.102041888640757,0.0,0.0,0.0,Bullish,23400.0,3,Tuesday,Asia,2022,3,150991.60679446114,1390504.8737152712,1339513.2669208108
3523,3526,2022-03-15 09:30:00,2022-03-15 11:00:00,1461.413605402134,1417.491367235029,-1,0.03005462519627977,4537.9961499915835,3,-0.12410736618111429,3.005462519627977,1.0,24.21663284064863,Sideways,5400.0,9,Tuesday,London,2022,3,155529.60294445272,1395042.8698652629,1339513.2669208108
3526,3533,2022-03-15 11:00:00,2022-03-15 14:30:00,1417.491367235029,1403.821268705251,1,-0.009643867219059632,-1499.9068394293693,7,-2.9608040624725884,1.4013114774633184,-0.688202970871055,0.4732874745831959,Bearish,12600.0,11,Tuesday,London,2022,3,154029.69610502335,1395042.8698652629,1341013.1737602402
3533,3537,2022-03-15 14:30:00,2022-03-15 16:30:00,1403.821268705251,1348.109691428614,-1,0.03968566263995976,6112.770556159486,4,-3.387146181307177,3.9685662639959762,1.0,1.171654853840532,Sideways,7200.0,14,Tuesday,NY_overlap,2022,3,160142.46666118284,1401155.6404214224,1341013.1737602402
3537,3543,2022-03-15 16:30:00,2022-03-15 19:30:00,1348.109691428614,1287.226509343012,1,-0.04516189036597107,-7232.336522288522,6,-7.4444937179186095,0.0,0.0,0.0,Bearish,10800.0,16,Tuesday,NY,2022,3,152910.1301388943,1401155.6404214224,1348245.5102825288
3543,3549,2022-03-15 19:30:00,2022-03-15 22:30:00,1287.226509343012,1276.883770302207,-1,0.008034902144832046,1228.61793261955,6,-2.4818013824789986,0.8034902144832046,1.0,0.3237528273437505,Bearish,10800.0,19,Tuesday,NY,2022,3,154138.74807151387,1402384.258354042,1348245.5102825288
3549,3563,2022-03-15 22:30:00,2022-03-16 05:30:00,1276.883770302207,1178.235751892038,1,-0.0772568503919675,-11908.274199366126,14,-10.65865918132195,0.0,0.0,0.0,Bearish,25200.0,22,Tuesday,Late,2022,3,142230.47387214773,1402384.258354042,1360153.784481895
3563,3571,2022-03-16 05:30:00,2022-03-16 09:30:00,1178.235751892038,1198.785480489145,-1,-0.017441100869760362,-2480.656041557946,8,-3.9094536161310423,0.32713413962304205,-5.331482947593856,0.08367771349766968,Bearish,14400.0,5,Wednesday,Asia,2022,3,139749.81783058977,1402384.258354042,1362634.4405234528
3571,3572,2022-03-16 09:30:00,2022-03-16 10:00:00,1198.785480489145,1207.204371861224,1,0.007022850634330169,981.4420967990837,1,0.0,0.7022850634330169,1.0,0.7022850634330169,Bearish,1800.0,9,Wednesday,London,2022,3,140731.25992738886,1403365.700450841,1362634.4405234528
3572,3574,2022-03-16 10:00:00,2022-03-16 11:00:00,1207.204371861224,1199.310786356119,-1,0.0065387317086459396,920.203951684912,2,-0.8950703068293819,0.653873170864594,1.0,0.7305271618056648,Bearish,3600.0,10,Wednesday,London,2022,3,141651.4638790738,1404285.904402526,1362634.4405234528
3574,3576,2022-03-16 11:00:00,2022-03-16 12:00:00,1199.310786356119,1215.793037402028,1,0.013743102483041225,1946.7305849629247,2,0.0,1.3743102483041225,1.0,1.3743102483041225,Bearish,3600.0,11,Wednesday,London,2022,3,143598.1944640367,1406232.634987489,1362634.4405234528
3576,3579,2022-03-16 12:00:00,2022-03-16 13:30:00,1215.793037402028,1201.785388338974,-1,0.011521409180781594,1654.4535560416145,3,-0.0,1.1521409180781594,1.0,1.1521409180781594,Bearish,5400.0,12,Wednesday,London,2022,3,145252.6480200783,1407887.0885435308,1362634.4405234528
3579,3582,2022-03-16 13:30:00,2022-03-16 15:00:00,1201.785388338974,1190.142629342474,1,-0.009687885299214494,-1407.190993425695,3,-2.876420120679535,0.0,0.0,0.0,Bearish,5400.0,13,Wednesday,NY_overlap,2022,3,143845.4570266526,1407887.0885435308,1364041.6315168785
3582,3583,2022-03-16 15:00:00,2022-03-16 15:30:00,1190.142629342474,1179.712064000705,-1,0.0087641305206686,1260.6803601868107,1,-0.0,0.87641305206686,1.0,0.87641305206686,Bearish,1800.0,15,Wednesday,NY_overlap,2022,3,145106.13738683943,1409147.7689037176,1364041.6315168785
3583,3589,2022-03-16 15:30:00,2022-03-16 18:30:00,1179.712064000705,1192.556696478854,1,0.010887938565779853,1579.9067093855201,6,-1.0589032513825702,1.0887938565779853,1.0,1.028227890656099,Bearish,10800.0,15,Wednesday,NY_overlap,2022,3,146686.04409622494,1410727.6756131032,1364041.6315168785
3589,3590,2022-03-16 18:30:00,2022-03-16 19:00:00,1192.556696478854,1167.116266684191,-1,0.021332679502600205,3129.20636620905,1,-0.0,2.1332679502600205,1.0,2.1332679502600205,Bearish,1800.0,18,Wednesday,NY,2022,3,149815.250462434,1413856.8819793123,1364041.6315168785
3590,3592,2022-03-16 19:00:00,2022-03-16 20:00:00,1167.116266684191,1187.71752174815,1,0.017651416274479415,2644.451350177819,2,0.0,1.7651416274479415,1.0,1.7651416274479415,Bearish,3600.0,19,Wednesday,NY,2022,3,152459.70181261183,1416501.3333294902,1364041.6315168785
3592,3595,2022-03-16 20:00:00,2022-03-16 21:30:00,1187.71752174815,1180.108186379779,-1,0.006406687810053602,976.7617131272679,3,-0.5410620104922215,0.6406687810053602,1.0,1.1840949255012807,Bearish,5400.0,20,Wednesday,NY,2022,3,153436.4635257391,1417478.0950426175,1364041.6315168785
3595,3598,2022-03-16 21:30:00,2022-03-16 23:00:00,1180.108186379779,1174.949147882706,1,-0.0043716657138862525,-670.7729268554325,3,-1.8977602519824943,0.0,0.0,0.0,Bearish,5400.0,21,Wednesday,Late,2022,3,152765.69059888367,1417478.0950426175,1364712.4044437339
3598,3599,2022-03-16 23:00:00,2022-03-16 23:30:00,1174.949147882706,1122.206531051693,-1,0.04488927620915073,6857.541280574954,1,-0.0,4.488927620915073,1.0,4.488927620915073,Bearish,1800.0,23,Wednesday,Late,2022,3,159623.23187945862,1424335.6363231924,1364712.4044437339
3599,3609,2022-03-16 23:30:00,2022-03-17 04:30:00,1122.206531051693,1103.559764468936,1,-0.01661616294932977,-2652.3256314077366,10,-5.7131872682274265,0.07555151498106483,-21.993156528355804,0.013224057156541525,Bearish,18000.0,23,Wednesday,Late,2022,3,156970.90624805086,1424335.6363231924,1367364.7300751416
3609,3612,2022-03-17 04:30:00,2022-03-17 06:00:00,1103.559764468936,1073.490932704532,-1,0.027247125830900498,4277.00603433113,3,-0.0,2.72471258309005,1.0,2.72471258309005,Bearish,5400.0,4,Thursday,Asia,2022,3,161247.912282382,1428612.6423575236,1367364.7300751416
3612,3613,2022-03-17 06:00:00,2022-03-17 06:30:00,1073.490932704532,1105.482711051244,1,0.029801628846656936,4805.450434137846,1,0.0,2.9801628846656936,1.0,2.9801628846656936,Bearish,1800.0,6,Thursday,Asia,2022,3,166053.36271651986,1433418.0927916614,1367364.7300751416
3613,3618,2022-03-17 06:30:00,2022-03-17 09:00:00,1105.482711051244,1129.06053909744,-1,-0.021328083931565933,-3541.6000571366985,5,-3.9891183733443025,-0.0,0.0,-0.0,Bearish,9000.0,6,Thursday,Asia,2022,3,162511.76265938315,1433418.0927916614,1370906.3301322784
3618,3619,2022-03-17 09:00:00,2022-03-17 09:30:00,1129.06053909744,1151.15736615997,1,0.019570985166299515,3180.5152963559767,1,0.0,1.9570985166299515,1.0,1.9570985166299515,Bearish,1800.0,9,Thursday,London,2022,3,165692.27795573912,1436598.6080880174,1370906.3301322784
3619,3620,2022-03-17 09:30:00,2022-03-17 10:00:00,1151.15736615997,1128.779903083315,-1,0.01943909993062176,3220.9087489139715,1,-0.0,1.9439099930621762,1.0,1.9439099930621762,Bearish,1800.0,9,Thursday,London,2022,3,168913.18670465308,1439819.5168369315,1370906.3301322784
3620,3622,2022-03-17 10:00:00,2022-03-17 11:00:00,1128.779903083315,1137.729430394375,1,0.007928496322988865,1339.2275796921742,2,0.0,0.7928496322988865,1.0,0.7928496322988865,Bearish,3600.0,10,Thursday,London,2022,3,170252.4142843453,1441158.7444166236,1370906.3301322784
3622,3629,2022-03-17 11:00:00,2022-03-17 14:30:00,1137.729430394375,1170.877627095404,-1,-0.02913539530179765,-4960.371391259822,7,-3.741267243628954,-0.0,0.0,-0.0,Bearish,12600.0,11,Thursday,London,2022,3,165292.04289308545,1441158.7444166236,1375866.7015235382
3629,3636,2022-03-17 14:30:00,2022-03-17 18:00:00,1170.877627095404,1172.184075118129,1,0.0011157852814780433,184.43042860554223,7,-2.7836552241216728,0.11157852814780433,1.0,0.040083458318014485,Sideways,12600.0,14,Thursday,NY_overlap,2022,3,165476.47332169098,1441343.1748452291,1375866.7015235382
3636,3638,2022-03-17 18:00:00,2022-03-17 19:00:00,1172.184075118129,1153.401091667318,-1,0.01602391966374228,2651.5817147461703,2,-0.10042519582911247,1.602391966374228,1.0,15.956075097935805,Sideways,3600.0,18,Thursday,NY,2022,3,168128.05503643717,1443994.7565599752,1375866.7015235382
3638,3640,2022-03-17 19:00:00,2022-03-17 20:00:00,1153.401091667318,1158.346350710205,1,0.004287544964725276,720.8565958005305,2,-1.3094368220521235,0.4287544964725276,1.0,0.32743427498899264,Sideways,3600.0,19,Thursday,NY,2022,3,168848.9116322377,1444715.6131557757,1375866.7015235382
3640,3647,2022-03-17 20:00:00,2022-03-17 23:30:00,1158.346350710205,1210.30740450734,-1,-0.0448579595949663,-7574.217655652957,7,-5.822038824156417,-0.0,0.0,-0.0,Sideways,12600.0,20,Thursday,NY,2022,3,161274.69397658473,1444715.6131557757,1383440.919179191
3647,3649,2022-03-17 23:30:00,2022-03-18 00:30:00,1210.30740450734,1228.240545301216,1,0.014817013204323715,2389.6092701743232,2,0.0,1.4817013204323715,1.0,1.4817013204323715,Bullish,3600.0,23,Thursday,Late,2022,3,163664.30324675905,1447105.22242595,1383440.919179191
3649,3651,2022-03-18 00:30:00,2022-03-18 01:30:00,1228.240545301216,1210.528338444935,-1,0.014420796418129322,2360.1695980364952,2,-0.0,1.4420796418129322,1.0,1.4420796418129322,Bullish,3600.0,0,Friday,Asia,2022,3,166024.47284479556,1449465.3920239864,1383440.919179191
3651,3654,2022-03-18 01:30:00,2022-03-18 03:00:00,1210.528338444935,1236.131479399487,1,0.02115038544859038,3511.481594566454,3,-0.7329735814470162,2.115038544859038,1.0,2.8855590411370455,Bullish,5400.0,1,Friday,Asia,2022,3,169535.95443936202,1452976.873618553,1383440.919179191
3654,3657,2022-03-18 03:00:00,2022-03-18 04:30:00,1236.131479399487,1221.387708851231,-1,0.011927348177734665,2022.1143572428323,3,-2.7438480787602026,1.1927348177734665,1.0,0.4346941898883845,Bullish,5400.0,3,Friday,Asia,2022,3,171558.06879660484,1454998.9879757958,1383440.919179191
3657,3660,2022-03-18 04:30:00,2022-03-18 06:00:00,1221.387708851231,1256.084344710428,1,0.028407552825163718,4873.544901922625,3,-0.8811509786579075,2.8407552825163718,1.0,3.223914347621974,Bullish,5400.0,4,Friday,Asia,2022,3,176431.61369852745,1459872.5328777183,1383440.919179191
3660,3664,2022-03-18 06:00:00,2022-03-18 08:00:00,1256.084344710428,1231.811850256322,-1,0.019323936769311212,3409.353347217888,4,-0.0,1.9323936769311212,1.0,1.9323936769311212,Bullish,7200.0,6,Friday,Asia,2022,3,179840.96704574535,1463281.8862249362,1383440.919179191
3664,3667,2022-03-18 08:00:00,2022-03-18 09:30:00,1231.811850256322,1240.190739679656,1,0.00680208541717664,1223.2936193528096,3,-0.5524841593430696,0.680208541717664,1.0,1.231181980903244,Bullish,5400.0,8,Friday,London,2022,3,181064.26066509815,1464505.179844289,1383440.919179191
3667,3669,2022-03-18 09:30:00,2022-03-18 10:30:00,1240.190739679656,1231.033849229934,-1,0.007383453332418188,1336.879518789555,2,-0.8215779659052957,0.7383453332418188,1.0,0.8986917418461157,Bullish,3600.0,9,Friday,London,2022,3,182401.14018388774,1465842.0593630786,1383440.919179191
3669,3672,2022-03-18 10:30:00,2022-03-18 12:00:00,1231.033849229934,1234.122344283369,1,0.0025088628191394236,457.6194387759939,3,-2.7131882980571453,0.25088628191394236,1.0,0.09246917440031586,Bullish,5400.0,10,Friday,London,2022,3,182858.75962266373,1466299.6788018546,1383440.919179191
3672,3676,2022-03-18 12:00:00,2022-03-18 14:00:00,1234.122344283369,1197.501449461671,-1,0.029673634053650644,5426.0839165473935,4,-1.48838872977064,2.9673634053650644,1.0,1.9936750030499988,Bullish,7200.0,12,Friday,London,2022,3,188284.84353921108,1471725.762718402,1383440.919179191
3676,3679,2022-03-18 14:00:00,2022-03-18 15:30:00,1197.501449461671,1237.650964264383,1,0.03352773795869801,6312.764895777126,3,0.0,3.352773795869801,1.0,3.352773795869801,Sideways,5400.0,14,Friday,NY_overlap,2022,3,194597.60843498824,1478038.5276141793,1383440.919179191
3679,3686,2022-03-18 15:30:00,2022-03-18 19:00:00,1237.650964264383,1269.189818740962,-1,-0.025482834326658876,-4958.898616112843,7,-6.7214810269979,-0.0,0.0,-0.0,Bullish,12600.0,15,Friday,NY_overlap,2022,3,189638.7098188754,1478038.5276141793,1388399.8177953039
3686,3691,2022-03-18 19:00:00,2022-03-18 21:30:00,1269.189818740962,1255.288307625847,1,-0.010953059116803554,-2077.1239994804973,5,-3.369314265806189,0.0,0.0,0.0,Bullish,9000.0,19,Friday,NY,2022,3,187561.5858193949,1478038.5276141793,1390476.9417947843
3691,3692,2022-03-18 21:30:00,2022-03-18 22:00:00,1255.288307625847,1241.890559595408,-1,0.010673044550043254,2001.8531613271632,1,-0.0,1.0673044550043254,1.0,1.0673044550043254,Bullish,1800.0,21,Friday,Late,2022,3,189563.43898072204,1480040.3807755064,1390476.9417947843
3692,3693,2022-03-18 22:00:00,2022-03-18 22:30:00,1241.890559595408,1272.411778562347,1,0.024576415958007303,4658.789926820562,1,0.0,2.4576415958007303,1.0,2.4576415958007303,Bullish,1800.0,22,Friday,Late,2022,3,194222.22890754262,1484699.170702327,1390476.9417947843
3693,3696,2022-03-18 22:30:00,2022-03-19 00:00:00,1272.411778562347,1240.481331308792,-1,0.02509442917105975,4873.895966765683,3,-0.10732199460994352,2.509442917105975,1.0,23.38237307484287,Bullish,5400.0,22,Friday,Late,2022,3,199096.1248743083,1489573.0666690927,1390476.9417947843
3696,3697,2022-03-19 00:00:00,2022-03-19 00:30:00,1240.481331308792,1269.203496367805,1,0.023154048621359724,4609.8813556640425,1,0.0,2.3154048621359724,1.0,2.3154048621359724,Sideways,1800.0,0,Saturday,Asia,2022,3,203706.00622997235,1494182.9480247567,1390476.9417947843
3697,3699,2022-03-19 00:30:00,2022-03-19 01:30:00,1269.203496367805,1240.384623041524,-1,0.022706266890025528,4625.402944558956,2,-0.0,2.270626689002553,1.0,2.270626689002553,Bullish,3600.0,0,Saturday,Asia,2022,3,208331.4091745313,1498808.3509693157,1390476.9417947843
3699,3700,2022-03-19 01:30:00,2022-03-19 02:00:00,1240.384623041524,1267.603145393585,1,0.02194361478403284,4571.544190340641,1,0.0,2.194361478403284,1.0,2.194361478403284,Sideways,1800.0,1,Saturday,Asia,2022,3,212902.95336487197,1503379.8951596564,1390476.9417947843
3700,3702,2022-03-19 02:00:00,2022-03-19 03:00:00,1267.603145393585,1259.138910477667,-1,0.006677353986282442,1421.6283843422327,2,-0.09699120503547931,0.6677353986282442,1.0,6.884494304241163,Bullish,3600.0,2,Saturday,Asia,2022,3,214324.58174921418,1504801.5235439986,1390476.9417947843
3702,3707,2022-03-19 03:00:00,2022-03-19 05:30:00,1259.138910477667,1220.268930677312,1,-0.03087028720731788,-6616.261394186524,5,-5.235238594331493,0.0,0.0,0.0,Bullish,9000.0,3,Saturday,Asia,2022,3,207708.32035502765,1504801.5235439986,1397093.2031889707
3707,3712,2022-03-19 05:30:00,2022-03-19 08:00:00,1220.268930677312,1260.380989495917,-1,-0.03287149071011797,-6827.6821229645,5,-7.867241328132413,-0.0,0.0,-0.0,Sideways,9000.0,5,Saturday,Asia,2022,3,200880.63823206315,1504801.5235439986,1403920.885311935
3712,3720,2022-03-19 08:00:00,2022-03-19 12:00:00,1260.380989495917,1187.665712360857,1,-0.05769309259745503,-11589.425262558289,8,-7.69109994294046,0.5243290198264638,-11.003223246454985,0.0681734763189155,Sideways,14400.0,8,Saturday,London,2022,3,189291.21296950488,1504801.5235439986,1415510.3105744934
3720,3722,2022-03-19 12:00:00,2022-03-19 13:00:00,1187.665712360857,1161.385369526742,-1,0.02212772715470135,4188.584313371671,2,-0.0,2.212772715470135,1.0,2.212772715470135,Bearish,3600.0,12,Saturday,London,2022,3,193479.79728287653,1508990.1078573703,1415510.3105744934
3722,3733,2022-03-19 13:00:00,2022-03-19 18:30:00,1161.385369526742,1065.856914769217,1,-0.0822538816693138,-15914.464351108556,11,-10.80091104409443,1.0792791127070878,-7.621187207357472,0.09992482192483206,Bearish,19800.0,13,Saturday,NY_overlap,2022,3,177565.33293176797,1508990.1078573703,1431424.774925602
3733,3741,2022-03-19 18:30:00,2022-03-19 22:30:00,1065.856914769217,1121.557582803743,-1,-0.05225904834194983,-9279.395317535684,8,-6.765588848584225,-0.0,0.0,-0.0,Bearish,14400.0,18,Saturday,NY,2022,3,168285.9376142323,1508990.1078573703,1440704.1702431375
3741,3745,2022-03-19 22:30:00,2022-03-20 00:30:00,1121.557582803743,1127.234543355233,1,0.005061675511388808,851.8088093330648,4,-1.7201260686982356,0.5061675511388808,1.0,0.29426189181699947,Bearish,7200.0,22,Saturday,Late,2022,3,169137.74642356535,1509841.9166667033,1440704.1702431375
3745,3755,2022-03-20 00:30:00,2022-03-20 05:30:00,1127.234543355233,1153.853462051099,-1,-0.023614356792717173,-3994.079091162198,10,-4.08872458701901,0.5160169223491384,-4.576275654917309,0.12620486202161976,Bearish,18000.0,0,Sunday,Asia,2022,3,165143.66733240316,1509841.9166667033,1444698.2493342997
3755,3757,2022-03-20 05:30:00,2022-03-20 06:30:00,1153.853462051099,1177.666999824923,1,0.02063826868577645,3408.279378160622,2,-1.0726408552743871,2.063826868577645,1.0,1.9240614026860905,Bearish,3600.0,5,Sunday,Asia,2022,3,168551.9467105638,1513250.196044864,1444698.2493342997
3757,3765,2022-03-20 06:30:00,2022-03-20 10:30:00,1177.666999824923,1211.185635706555,-1,-0.028461896178304302,-4797.308007927149,8,-5.148392123731549,-0.0,0.0,-0.0,Bearish,14400.0,6,Sunday,Asia,2022,3,163754.63870263664,1513250.196044864,1449495.5573422268
3765,3768,2022-03-20 10:30:00,2022-03-20 12:00:00,1211.185635706555,1223.74468295845,1,0.01036921746893782,1698.007460254982,3,-2.0054644958680035,1.036921746893782,1.0,0.5170481696535756,Sideways,5400.0,10,Sunday,London,2022,3,165452.64616289161,1514948.2035051188,1449495.5573422268
3768,3774,2022-03-20 12:00:00,2022-03-20 15:00:00,1223.74468295845,1277.740454265991,-1,-0.04412339604778026,-7300.332633798523,6,-7.614553296129545,-0.0,0.0,-0.0,Bullish,10800.0,12,Sunday,London,2022,3,158152.31352909308,1514948.2035051188,1456795.8899760253
3774,3778,2022-03-20 15:00:00,2022-03-20 17:00:00,1277.740454265991,1263.723489905554,1,-0.010970118629052172,-1734.9496408732052,4,-3.1293031411241845,0.0,0.0,0.0,Bullish,7200.0,15,Sunday,NY_overlap,2022,3,156417.36388821987,1514948.2035051188,1458530.8396168984
3778,3780,2022-03-20 17:00:00,2022-03-20 18:00:00,1263.723489905554,1242.423748237808,-1,0.016854748556852317,2636.3753382616196,2,-0.0,1.6854748556852317,1.0,1.6854748556852317,Bullish,3600.0,17,Sunday,NY,2022,3,159053.7392264815,1517584.5788433806,1458530.8396168984
3780,3782,2022-03-20 18:00:00,2022-03-20 19:00:00,1242.423748237808,1267.591714179813,1,0.020257151376655402,3221.9756725339116,2,-0.07497565510609094,2.0257151376655402,1.0,27.018305272546705,Bullish,3600.0,18,Sunday,NY,2022,3,162275.7148990154,1520806.5545159145,1458530.8396168984
3782,3792,2022-03-20 19:00:00,2022-03-21 00:00:00,1267.591714179813,1292.158241785716,-1,-0.019380473484554628,-3144.980189787517,10,-3.1373387432547473,0.6758093745682037,-2.867742622975219,0.21540848147851052,Bullish,18000.0,19,Sunday,NY,2022,3,159130.7347092279,1520806.5545159145,1461675.819806686
3792,3794,2022-03-21 00:00:00,2022-03-21 01:00:00,1292.158241785716,1329.20618851727,1,0.028671369754493137,4562.496134152431,2,0.0,2.8671369754493137,1.0,2.8671369754493137,Bullish,3600.0,0,Monday,Asia,2022,3,163693.23084338033,1525369.050650067,1461675.819806686
3794,3798,2022-03-21 01:00:00,2022-03-21 03:00:00,1329.20618851727,1319.341659252558,-1,0.0074213687461957,1214.8278273448616,4,-0.8277875101573073,0.74213687461957,1.0,0.8965306500922431,Bullish,7200.0,1,Monday,Asia,2022,3,164908.05867072518,1526583.8784774118,1461675.819806686
3798,3799,2022-03-21 03:00:00,2022-03-21 03:30:00,1319.341659252558,1353.68891481108,1,0.026033632241992954,4293.15575317466,1,0.0,2.6033632241992954,1.0,2.6033632241992954,Bullish,1800.0,3,Monday,Asia,2022,3,169201.21442389983,1530877.0342305864,1461675.819806686
3799,3800,2022-03-21 03:30:00,2022-03-21 04:00:00,1353.68891481108,1323.787639635188,-1,0.022088734604187032,3737.4407201156687,1,-0.0,2.2088734604187032,1.0,2.2088734604187032,Bullish,1800.0,3,Monday,Asia,2022,3,172938.6551440155,1534614.474950702,1461675.819806686
3800,3801,2022-03-21 04:00:00,2022-03-21 04:30:00,1323.787639635188,1341.670904505494,1,0.013509164411925179,2336.256725517737,1,0.0,1.3509164411925179,1.0,1.3509164411925179,Bullish,1800.0,4,Monday,Asia,2022,3,175274.91186953324,1536950.7316762197,1461675.819806686
3801,3806,2022-03-21 04:30:00,2022-03-21 07:00:00,1341.670904505494,1350.370545132995,-1,-0.006484183713223901,-1136.514728881183,5,-3.5615789931440878,-0.0,0.0,-0.0,Bullish,9000.0,4,Monday,Asia,2022,3,174138.39714065206,1536950.7316762197,1462812.334535567
3806,3807,2022-03-21 07:00:00,2022-03-21 07:30:00,1350.370545132995,1400.014223694754,1,0.03676300459950399,6401.850695032048,1,0.0,3.676300459950399,1.0,3.676300459950399,Bullish,1800.0,7,Monday,Asia,2022,3,180540.2478356841,1543352.582371252,1462812.334535567
3807,3812,2022-03-21 07:30:00,2022-03-21 10:00:00,1400.014223694754,1399.090536807167,-1,0.0006597696451607904,119.11497525179054,5,-4.780963012902695,0.06597696451607904,1.0,0.013799932009099992,Bullish,9000.0,7,Monday,Asia,2022,3,180659.3628109359,1543471.6973465036,1462812.334535567
3812,3824,2022-03-21 10:00:00,2022-03-21 16:00:00,1399.090536807167,1376.721929233157,1,-0.015987962884129625,-2888.375187291753,12,-3.456567425122925,1.6390501775723099,-0.9754407218826152,0.47418434995927233,Bullish,21600.0,10,Monday,London,2022,3,177770.98762364418,1543471.6973465036,1465700.7097228589
3824,3827,2022-03-21 16:00:00,2022-03-21 17:30:00,1376.721929233157,1365.203078319679,-1,0.00836686818804,1487.3864211047214,3,-0.3769872154012255,0.836686818804,1.0,2.219403694933046,Bullish,5400.0,16,Monday,NY,2022,3,179258.3740447489,1544959.0837676083,1465700.7097228589
3827,3830,2022-03-21 17:30:00,2022-03-21 19:00:00,1365.203078319679,1374.998012903398,1,0.007174708832164978,1286.1266394983936,3,-0.11589630335784307,0.7174708832164978,1.0,6.190627849459741,Bullish,5400.0,17,Monday,NY,2022,3,180544.5006842473,1546245.2104071067,1465700.7097228589
3830,3835,2022-03-21 19:00:00,2022-03-21 21:30:00,1374.998012903398,1408.949741336753,-1,-0.024692201817560377,-4458.041247946103,5,-5.815854947262489,-0.0,0.0,-0.0,Bullish,9000.0,19,Monday,NY,2022,3,176086.45943630117,1546245.2104071067,1470158.750970805
3835,3838,2022-03-21 21:30:00,2022-03-21 23:00:00,1408.949741336753,1420.797424119513,1,0.008408875373737024,1480.689092402457,3,-0.24101796691095023,0.8408875373737024,1.0,3.4888998034092125,Bullish,5400.0,21,Monday,Late,2022,3,177567.14852870363,1547725.899499509,1470158.750970805
3838,3839,2022-03-21 23:00:00,2022-03-21 23:30:00,1420.797424119513,1403.960970141526,-1,0.011850003168763168,2104.1712727333793,1,-0.0,1.1850003168763168,1.0,1.1850003168763168,Bullish,1800.0,23,Monday,Late,2022,3,179671.31980143703,1549830.0707722425,1470158.750970805
3839,3841,2022-03-21 23:30:00,2022-03-22 00:30:00,1403.960970141526,1435.857447518776,1,0.02271892029451128,4081.9383937784955,2,0.0,2.271892029451128,1.0,2.271892029451128,Bullish,3600.0,23,Monday,Late,2022,3,183753.25819521552,1553912.009166021,1470158.750970805
3841,3844,2022-03-22 00:30:00,2022-03-22 02:00:00,1435.857447518776,1418.070292377147,-1,0.012387828034298276,2276.303763264341,3,-1.2838252231973657,1.2387828034298276,1.0,0.964915458152972,Bullish,5400.0,0,Tuesday,Asia,2022,3,186029.56195847987,1556188.3129292852,1470158.750970805
3844,3851,2022-03-22 02:00:00,2022-03-22 05:30:00,1418.070292377147,1358.361953997989,1,-0.04210534463638427,-7832.838818817398,7,-5.843018740879202,0.0,0.0,0.0,Bullish,12600.0,2,Tuesday,Asia,2022,3,178196.72313966247,1556188.3129292852,1477991.5897896225
3851,3852,2022-03-22 05:30:00,2022-03-22 06:00:00,1358.361953997989,1339.710249723873,-1,0.013731026711414906,2446.8239653173127,1,-0.0,1.3731026711414906,1.0,1.3731026711414906,Sideways,1800.0,5,Tuesday,Asia,2022,3,180643.54710497975,1558635.1368946026,1477991.5897896225
3852,3853,2022-03-22 06:00:00,2022-03-22 06:30:00,1339.710249723873,1392.547732577353,1,0.03943948541438003,7124.488541248724,1,0.0,3.9439485414380027,1.0,3.9439485414380027,Sideways,1800.0,6,Tuesday,Asia,2022,3,187768.03564622847,1565759.6254358513,1477991.5897896225
3853,3857,2022-03-22 06:30:00,2022-03-22 08:30:00,1392.547732577353,1379.397094874079,-1,0.009443581283159697,1773.2027070043866,4,-1.2111923462296836,1.0862615175372237,0.8693653536185486,0.8968530233192468,Sideways,7200.0,6,Tuesday,Asia,2022,3,189541.23835323285,1567532.8281428558,1477991.5897896225
3857,3859,2022-03-22 08:30:00,2022-03-22 09:30:00,1379.397094874079,1404.351832770931,1,0.01809104716081067,3428.999481966793,2,0.0,1.809104716081067,1.0,1.809104716081067,Sideways,3600.0,8,Tuesday,London,2022,3,192970.23783519966,1570961.8276248225,1477991.5897896225
3859,3863,2022-03-22 09:30:00,2022-03-22 11:30:00,1404.351832770931,1403.689993313974,-1,0.00047127752569753323,90.94253622023744,4,-0.8229517615463644,0.058507140546237846,0.8055042876776475,0.07109425276191186,Sideways,7200.0,9,Tuesday,London,2022,3,193061.18037141988,1571052.7701610427,1477991.5897896225
3863,3864,2022-03-22 11:30:00,2022-03-22 12:00:00,1403.689993313974,1416.527098506999,1,0.00914525661233645,1765.5940363772088,1,0.0,0.914525661233645,1.0,0.914525661233645,Sideways,1800.0,11,Tuesday,London,2022,3,194826.7744077971,1572818.36419742,1477991.5897896225
3864,3867,2022-03-22 12:00:00,2022-03-22 13:30:00,1416.527098506999,1398.91260878473,-1,0.01243498252933839,2422.66753600831,3,-0.30737302867180905,1.243498252933839,1.0,4.045567232450826,Sideways,5400.0,12,Tuesday,London,2022,3,197249.4419438054,1575241.0317334284,1477991.5897896225
3867,3868,2022-03-22 13:30:00,2022-03-22 14:00:00,1398.91260878473,1449.942630850893,1,0.03647834878727263,7195.3339413210215,1,0.0,3.647834878727263,1.0,3.647834878727263,Sideways,1800.0,13,Tuesday,NY_overlap,2022,3,204444.77588512644,1582436.3656747495,1477991.5897896225
3868,3870,2022-03-22 14:00:00,2022-03-22 15:00:00,1449.942630850893,1386.399785403066,-1,0.04382438594176452,8959.666762167339,2,-0.0,4.3824385941764525,1.0,4.3824385941764525,Bullish,3600.0,14,Tuesday,NY_overlap,2022,3,213404.44264729376,1591396.0324369168,1477991.5897896225
3870,3886,2022-03-22 15:00:00,2022-03-22 23:00:00,1386.399785403066,1260.012459968448,1,-0.09116225115245069,-19454.429397661363,16,-12.955886348964285,0.0,0.0,0.0,Sideways,28800.0,15,Tuesday,NY_overlap,2022,3,193950.0132496324,1591396.0324369168,1497446.019187284
3886,3887,2022-03-22 23:00:00,2022-03-22 23:30:00,1260.012459968448,1237.852020831924,-1,0.017587476188194895,3411.0912397279963,1,-0.0,1.7587476188194895,1.0,1.7587476188194895,Bearish,1800.0,23,Tuesday,Late,2022,3,197361.1044893604,1594807.1236766449,1497446.019187284
3887,3892,2022-03-22 23:30:00,2022-03-23 02:00:00,1237.852020831924,1263.342291002684,1,0.02059234039431379,4064.1270442426435,5,-2.5835348972198524,2.059234039431379,1.0,0.7970606635301599,Bearish,9000.0,23,Tuesday,Late,2022,3,201425.23153360304,1598871.2507208874,1497446.019187284
3892,3898,2022-03-23 02:00:00,2022-03-23 05:00:00,1263.342291002684,1240.521071516531,-1,0.01806416174672687,3638.577962294917,6,-0.5387459318818344,1.806416174672687,1.0,3.353001976948378,Bearish,10800.0,2,Wednesday,Asia,2022,3,205063.80949589796,1602509.8286831824,1497446.019187284
3898,3905,2022-03-23 05:00:00,2022-03-23 08:30:00,1240.521071516531,1219.714126163248,1,-0.016772746413607154,-3439.483275282945,7,-5.223468635600403,0.0,0.0,0.0,Bearish,12600.0,5,Wednesday,Asia,2022,3,201624.326220615,1602509.8286831824,1500885.5024625668
3905,3910,2022-03-23 08:30:00,2022-03-23 11:00:00,1219.714126163248,1221.31283286579,-1,-0.0013107224621320412,-264.27353328959856,5,-1.9335125979413892,-0.0,0.0,-0.0,Bearish,9000.0,8,Wednesday,London,2022,3,201360.05268732543,1602509.8286831824,1501149.7759958564
3910,3911,2022-03-23 11:00:00,2022-03-23 11:30:00,1221.31283286579,1271.528149623317,1,0.04111585124320505,8279.089972616006,1,0.0,4.111585124320505,1.0,4.111585124320505,Bearish,1800.0,11,Wednesday,London,2022,3,209639.14265994143,1610788.9186557983,1501149.7759958564
3911,3913,2022-03-23 11:30:00,2022-03-23 12:30:00,1271.528149623317,1249.710967762919,-1,0.017158237406589283,3597.0381794731156,2,-1.0236035063744264,1.7158237406589283,1.0,1.6762581702521961,Bearish,3600.0,11,Wednesday,London,2022,3,213236.18083941453,1614385.9568352713,1501149.7759958564
3913,3914,2022-03-23 12:30:00,2022-03-23 13:00:00,1249.710967762919,1262.436785995424,1,0.010183009160338319,2171.3859828033173,1,0.0,1.0183009160338319,1.0,1.0183009160338319,Bearish,1800.0,12,Wednesday,London,2022,3,215407.56682221786,1616557.3428180746,1501149.7759958564
3914,3917,2022-03-23 13:00:00,2022-03-23 14:30:00,1262.436785995424,1266.607296431079,-1,-0.0033035400123948566,-711.6075159698158,3,-1.6695336943813643,-0.0,0.0,-0.0,Bearish,5400.0,13,Wednesday,NY_overlap,2022,3,214695.95930624806,1616557.3428180746,1501861.3835118262
3917,3918,2022-03-23 14:30:00,2022-03-23 15:00:00,1266.607296431079,1298.63241417468,1,0.02528417279281281,5428.409733017886,1,0.0,2.528417279281281,1.0,2.528417279281281,Bearish,1800.0,14,Wednesday,NY_overlap,2022,3,220124.36903926593,1621985.7525510925,1501861.3835118262
3918,3920,2022-03-23 15:00:00,2022-03-23 16:00:00,1298.63241417468,1282.315675941899,-1,0.012564554876870915,2765.7647145304427,2,-0.0,1.2564554876870915,1.0,1.2564554876870915,Bearish,3600.0,15,Wednesday,NY_overlap,2022,3,222890.13375379637,1624751.517265623,1501861.3835118262
3920,3921,2022-03-23 16:00:00,2022-03-23 16:30:00,1282.315675941899,1304.488576821606,1,0.017291296749858853,3854.059445352626,1,0.0,1.7291296749858853,1.0,1.7291296749858853,Bearish,1800.0,16,Wednesday,NY,2022,3,226744.19319914898,1628605.5767109755,1501861.3835118262
3921,3923,2022-03-23 16:30:00,2022-03-23 17:30:00,1304.488576821606,1268.62730595307,-1,0.027490674510858737,6233.350812465076,2,-0.0,2.7490674510858737,1.0,2.7490674510858737,Bearish,3600.0,16,Wednesday,NY,2022,3,232977.54401161408,1634838.9275234407,1501861.3835118262
3923,3926,2022-03-23 17:30:00,2022-03-23 19:00:00,1268.62730595307,1293.894729828655,1,0.01991713701653519,4640.245665855176,3,0.0,1.9917137016535191,1.0,1.9917137016535191,Bearish,5400.0,17,Wednesday,NY,2022,3,237617.78967746926,1639479.173189296,1501861.3835118262
3926,3930,2022-03-23 19:00:00,2022-03-23 21:00:00,1293.894729828655,1296.241134463187,-1,-0.00181344322721122,-430.9063713555069,4,-5.740108535200417,-0.0,0.0,-0.0,Sideways,7200.0,19,Wednesday,NY,2022,3,237186.88330611377,1639479.173189296,1502292.2898831817
3930,3934,2022-03-23 21:00:00,2022-03-23 23:00:00,1296.241134463187,1311.126712939521,1,0.011483649207366442,2723.7709644759707,4,-1.0245710564547261,1.1483649207366442,1.0,1.1208250647937255,Sideways,7200.0,21,Wednesday,Late,2022,3,239910.65427058973,1642202.944153772,1502292.2898831817
3934,3935,2022-03-23 23:00:00,2022-03-23 23:30:00,1311.126712939521,1302.1522105105,-1,0.00684487802776923,1642.1591660445001,1,-0.0,0.684487802776923,1.0,0.684487802776923,Bullish,1800.0,23,Wednesday,Late,2022,3,241552.81343663423,1643845.1033198165,1502292.2898831817
3935,3936,2022-03-23 23:30:00,2022-03-24 00:00:00,1302.1522105105,1317.532319313832,1,0.011811298770749934,2853.0524484153066,1,0.0,1.1811298770749934,1.0,1.1811298770749934,Bullish,1800.0,23,Wednesday,Late,2022,3,244405.86588504954,1646698.1557682317,1502292.2898831817
3936,3937,2022-03-24 00:00:00,2022-03-24 00:30:00,1317.532319313832,1282.159916689147,-1,0.026847464844814484,6561.677892215313,1,-0.0,2.6847464844814484,1.0,2.6847464844814484,Bullish,1800.0,0,Thursday,Asia,2022,3,250967.54377726486,1653259.833660447,1502292.2898831817
3937,3941,2022-03-24 00:30:00,2022-03-24 02:30:00,1282.159916689147,1296.112615438776,1,0.010882182922749895,2731.074719057439,4,0.0,1.0882182922749895,1.0,1.0882182922749895,Bullish,7200.0,0,Thursday,Asia,2022,3,253698.6184963223,1655990.9083795045,1502292.2898831817
3941,3956,2022-03-24 02:30:00,2022-03-24 10:00:00,1296.112615438776,1345.890422773393,-1,-0.03840546472712614,-9743.41334398114,15,-9.687894716183276,-0.0,0.0,-0.0,Bullish,27000.0,2,Thursday,Asia,2022,3,243955.20515234116,1655990.9083795045,1512035.7032271628
3956,3959,2022-03-24 10:00:00,2022-03-24 11:30:00,1345.890422773393,1369.426431498307,1,0.017487314217166983,4266.121327412425,3,-0.5583281865433998,1.7487314217166983,1.0,3.1320851496734643,Bullish,5400.0,10,Thursday,London,2022,3,248221.3264797536,1660257.0297069168,1512035.7032271628
3959,3960,2022-03-24 11:30:00,2022-03-24 12:00:00,1369.426431498307,1343.846581317803,-1,0.018679243800279854,4636.58667374418,1,-0.0,1.8679243800279854,1.0,1.8679243800279854,Bullish,1800.0,11,Thursday,London,2022,3,252857.91315349776,1664893.616380661,1512035.7032271628
3960,3962,2022-03-24 12:00:00,2022-03-24 13:00:00,1343.846581317803,1369.168414408413,1,0.01884280054184373,4764.551222978203,2,0.0,1.884280054184373,1.0,1.884280054184373,Bullish,3600.0,12,Thursday,London,2022,3,257622.46437647595,1669658.1676036392,1512035.7032271628
3962,3965,2022-03-24 13:00:00,2022-03-24 14:30:00,1369.168414408413,1342.816193884389,-1,0.01924688025717436,4958.428723412201,3,-0.47826148945369074,1.924688025717436,1.0,4.024342474063658,Bullish,5400.0,13,Thursday,NY_overlap,2022,3,262580.8930998881,1674616.5963270513,1512035.7032271628
3965,3969,2022-03-24 14:30:00,2022-03-24 16:30:00,1342.816193884389,1378.671258530573,1,0.026701394285740143,7011.275958561899,4,-1.5164669607015568,2.6701394285740143,1.0,1.7607633385818962,Bullish,7200.0,14,Thursday,NY_overlap,2022,3,269592.16905845003,1681627.872285613,1512035.7032271628
3969,3973,2022-03-24 16:30:00,2022-03-24 18:30:00,1378.671258530573,1353.009801688623,-1,0.018613180396101603,5017.967676061254,4,-1.5704182592457316,1.8613180396101603,1.0,1.1852371358087412,Bullish,7200.0,16,Thursday,NY,2022,3,274610.1367345113,1686645.8399616743,1512035.7032271628
3973,3981,2022-03-24 18:30:00,2022-03-24 22:30:00,1353.009801688623,1325.560472080128,1,-0.020287605880043746,-5571.182224734691,8,-4.90858327588517,0.0,0.0,0.0,Bullish,14400.0,18,Thursday,NY,2022,3,269038.9545097766,1686645.8399616743,1517606.8854518975
3981,3986,2022-03-24 22:30:00,2022-03-25 01:00:00,1325.560472080128,1341.258313890714,-1,-0.011842418464660609,-3186.0718825995655,5,-2.3570703451508246,-0.0,0.0,-0.0,Sideways,9000.0,22,Thursday,Late,2022,3,265852.88262717705,1686645.8399616743,1520792.957334497
3986,3987,2022-03-25 01:00:00,2022-03-25 01:30:00,1341.258313890714,1342.190197414221,1,0.0006947830360908291,184.710072945209,1,0.0,0.06947830360908291,1.0,0.06947830360908291,Sideways,1800.0,1,Friday,Asia,2022,3,266037.5927001223,1686830.5500346194,1520792.957334497
3987,3988,2022-03-25 01:30:00,2022-03-25 02:00:00,1342.190197414221,1317.620000400871,-1,0.01830604713153572,4870.096710728743,1,-0.0,1.8306047131535719,1.0,1.8306047131535719,Bullish,1800.0,1,Friday,Asia,2022,3,270907.689410851,1691700.646745348,1520792.957334497
3988,3990,2022-03-25 02:00:00,2022-03-25 03:00:00,1317.620000400871,1334.270259557217,1,0.012636616893550778,3423.3566846019685,2,-0.31560072206903156,1.2636616893550778,1.0,4.0039885874490375,Sideways,3600.0,2,Friday,Asia,2022,3,274331.04609545297,1695124.00342995,1520792.957334497
3990,3992,2022-03-25 03:00:00,2022-03-25 04:00:00,1334.270259557217,1322.03400731107,-1,0.009170744951032539,2515.820055891351,2,-0.050651049467909104,0.9170744951032539,1.0,18.10573531520375,Bullish,3600.0,3,Friday,Asia,2022,3,276846.8661513444,1697639.8234858413,1520792.957334497
3992,3993,2022-03-25 04:00:00,2022-03-25 04:30:00,1322.03400731107,1329.933939614447,1,0.005975589326514319,1654.323178452912,1,0.0,0.5975589326514319,1.0,0.5975589326514319,Sideways,1800.0,4,Friday,Asia,2022,3,278501.1893297973,1699294.1466642942,1520792.957334497
3993,3994,2022-03-25 04:30:00,2022-03-25 05:00:00,1329.933939614447,1302.109816396354,-1,0.02092143255337864,5826.643848599089,1,-0.0,2.092143255337864,1.0,2.092143255337864,Sideways,1800.0,4,Friday,Asia,2022,3,284327.83317839634,1705120.7905128933,1520792.957334497
3994,3998,2022-03-25 05:00:00,2022-03-25 07:00:00,1302.109816396354,1312.421929435152,1,0.007919541738297564,2251.7461422160177,4,-1.506033318724398,0.7919541738297564,1.0,0.5258543512838995,Sideways,7200.0,5,Friday,Asia,2022,3,286579.57932061236,1707372.5366551094,1520792.957334497
3998,3999,2022-03-25 07:00:00,2022-03-25 07:30:00,1312.421929435152,1327.127369118991,-1,-0.011204811009343674,-3211.070025424677,1,-1.1204811009343674,-0.0,0.0,-0.0,Bearish,1800.0,7,Friday,Asia,2022,3,283368.50929518766,1707372.5366551094,1524004.0273599217
