entry_i,exit_i,entry_time,exit_time,entry_price,exit_price,direction,ret,pnl,hold_bars,mae_pct,mfe_pct,trade_efficiency_pct,edge_ratio,entry_regime,hold_sec,hour,weekday,session,year,month,equity,cum_profit,cum_loss
1,6,2022-01-01 00:15:00,2022-01-01 01:30:00,198.2952013724897,198.1102146153125,-1,0.0009328856971667632,93.28856971667632,5,-0.0,0.7351601107316807,0.1268955814588869,0.7351601107316807,Sideways,4500.0,0,Saturday,Asia,2022,1,100093.28856971668,93.28856971667632,-0.0
6,12,2022-01-01 01:30:00,2022-01-01 03:00:00,198.1102146153125,198.264577247488,-1,-0.0007791755335546657,-77.99024152655012,6,-1.626416587099877,-0.0,0.0,-0.0,Sideways,5400.0,1,Saturday,Asia,2022,1,100015.29832819013,93.28856971667632,77.99024152655012
12,21,2022-01-01 03:00:00,2022-01-01 05:15:00,198.264577247488,190.2247746497068,1,-0.04055087756672415,-4055.7081173058286,9,-4.60401392907297,0.0,0.0,0.0,Sideways,8100.0,3,Saturday,Asia,2022,1,95959.5902108843,93.28856971667632,4133.698358832379
21,25,2022-01-01 05:15:00,2022-01-01 06:15:00,190.2247746497068,189.6424454707739,-1,0.003061268859459787,293.7581052791023,4,-0.6997346617364286,0.3061268859459787,1.0,0.4374899553872444,Bearish,3600.0,5,Saturday,Asia,2022,1,96253.3483161634,387.04667499577863,4133.698358832379
25,26,2022-01-01 06:15:00,2022-01-01 06:30:00,189.6424454707739,193.7221057879424,1,0.02151237982109455,2070.6385880294188,1,0.0,2.151237982109455,1.0,2.151237982109455,Bearish,900.0,6,Saturday,Asia,2022,1,98323.98690419282,2457.6852630251974,4133.698358832379
26,31,2022-01-01 06:30:00,2022-01-01 07:45:00,193.7221057879424,193.3683436656738,-1,0.0018261319266055231,179.5525716368899,5,-1.4300782300078696,0.18261319266055231,1.0,0.12769454763292734,Bearish,4500.0,6,Saturday,Asia,2022,1,98503.5394758297,2637.237834662087,4133.698358832379
31,34,2022-01-01 07:45:00,2022-01-01 08:30:00,193.3683436656738,194.353300093265,1,0.005093679807767204,501.74549002163354,3,-1.2235399767866917,0.5093679807767204,1.0,0.41630677414761913,Bearish,2700.0,7,Saturday,Asia,2022,1,99005.28496585134,3138.9833246837206,4133.698358832379
34,35,2022-01-01 08:30:00,2022-01-01 08:45:00,194.353300093265,192.6645228355903,-1,0.00868921318477378,860.278027487561,1,-0.0,0.8689213184773781,1.0,0.8689213184773781,Sideways,900.0,8,Saturday,London,2022,1,99865.5629933389,3999.2613521712815,4133.698358832379
35,45,2022-01-01 08:45:00,2022-01-01 11:15:00,192.6645228355903,185.7844087485601,1,-0.03571033206202323,-3566.232416053031,10,-5.046249582995421,0.0,0.0,0.0,Bearish,9000.0,8,Saturday,London,2022,1,96299.33057728587,3999.2613521712815,7699.93077488541
45,48,2022-01-01 11:15:00,2022-01-01 12:00:00,185.7844087485601,185.1575756468835,-1,0.0033739811962637534,324.9121305805497,3,-0.0,0.33739811962637534,1.0,0.33739811962637534,Bearish,2700.0,11,Saturday,London,2022,1,96624.24270786642,4324.173482751831,7699.93077488541
48,49,2022-01-01 12:00:00,2022-01-01 12:15:00,185.1575756468835,186.2946502090982,1,0.0061411182245292295,593.3808978246141,1,0.0,0.614111822452923,1.0,0.614111822452923,Bearish,900.0,12,Saturday,London,2022,1,97217.62360569104,4917.5543805764455,7699.93077488541
49,51,2022-01-01 12:15:00,2022-01-01 12:45:00,186.2946502090982,185.4935893440453,-1,0.0042999670905943255,418.03258213025754,2,-0.5489914098351756,0.42999670905943255,1.0,0.7832485196599543,Bearish,1800.0,12,Saturday,London,2022,1,97635.6561878213,5335.586962706703,7699.93077488541
51,54,2022-01-01 12:45:00,2022-01-01 13:30:00,185.4935893440453,186.0748542748207,1,0.003133611963793026,305.9522603229394,3,-0.5108137091590526,0.3133611963793026,1.0,0.6134549460216836,Bearish,2700.0,12,Saturday,London,2022,1,97941.60844814424,5641.539223029643,7699.93077488541
54,69,2022-01-01 13:30:00,2022-01-01 17:15:00,186.0748542748207,190.6136907222364,-1,-0.02439252990472407,-2389.043612988134,15,-3.6613632592802814,-0.0,0.0,-0.0,Bearish,13500.0,13,Saturday,NY_overlap,2022,1,95552.5648351561,5641.539223029643,10088.974387873544
69,73,2022-01-01 17:15:00,2022-01-01 18:15:00,190.6136907222364,193.1741358754663,1,0.013432640349852809,1283.5232379366446,4,-0.024222224107750545,1.343264034985281,1.0,55.455850338510736,Sideways,3600.0,17,Saturday,NY,2022,1,96836.08807309275,6925.062460966287,10088.974387873544
73,74,2022-01-01 18:15:00,2022-01-01 18:30:00,193.1741358754663,190.6603166541758,-1,0.013013228763249618,1260.150166633344,1,-0.0,1.3013228763249618,1.0,1.3013228763249618,Sideways,900.0,18,Saturday,NY,2022,1,98096.23823972608,8185.212627599632,10088.974387873544
74,90,2022-01-01 18:30:00,2022-01-01 22:30:00,190.6603166541758,176.5209858981202,1,-0.07415979897747604,-7274.797308304686,16,-8.192048093882065,0.0,0.0,0.0,Sideways,14400.0,18,Saturday,NY,2022,1,90821.4409314214,8185.212627599632,17363.77169617823
90,92,2022-01-01 22:30:00,2022-01-01 23:00:00,176.5209858981202,174.6378292527615,-1,0.010668174301074695,968.8989621311636,2,-0.0,1.0668174301074695,1.0,1.0668174301074695,Bearish,1800.0,22,Saturday,Late,2022,1,91790.33989355256,9154.111589730795,17363.77169617823
92,93,2022-01-01 23:00:00,2022-01-01 23:15:00,174.6378292527615,175.9689412488496,1,0.007622128617743806,699.6377765350782,1,0.0,0.7622128617743806,1.0,0.7622128617743806,Bearish,900.0,23,Saturday,Late,2022,1,92489.97767008764,9853.749366265874,17363.77169617823
93,95,2022-01-01 23:15:00,2022-01-01 23:45:00,175.9689412488496,174.2322516612338,-1,0.00986929611152143,912.8109769741002,2,-0.4864279332938315,0.9869296111521431,1.0,2.0289328461652687,Bearish,1800.0,23,Saturday,Late,2022,1,93402.78864706174,10766.560343239975,17363.77169617823
95,97,2022-01-01 23:45:00,2022-01-02 00:15:00,174.2322516612338,175.9622379335058,1,0.009929196551024866,927.4146468905102,2,0.0,0.9929196551024866,1.0,0.9929196551024866,Bearish,1800.0,23,Saturday,Late,2022,1,94330.20329395225,11693.974990130486,17363.77169617823
97,103,2022-01-02 00:15:00,2022-01-02 01:45:00,175.9622379335058,175.5085417707365,-1,0.002578372314977817,243.21838463935583,6,-2.103557568280956,0.2578372314977817,1.0,0.12257198727795615,Bearish,5400.0,0,Sunday,Asia,2022,1,94573.4216785916,11937.193374769842,17363.77169617823
103,105,2022-01-02 01:45:00,2022-01-02 02:15:00,175.5085417707365,177.3446785742794,1,0.010461808781599968,989.4090534230468,2,0.0,1.0461808781599968,1.0,1.0461808781599968,Bearish,1800.0,1,Sunday,Asia,2022,1,95562.83073201466,12926.60242819289,17363.77169617823
105,107,2022-01-02 02:15:00,2022-01-02 02:45:00,177.3446785742794,176.5718805591365,-1,0.004357604757896483,416.4250458758834,2,-0.0017849317916596164,0.43576047578964827,1.0,244.13284464191284,Bearish,1800.0,2,Sunday,Asia,2022,1,95979.25577789053,13343.027474068773,17363.77169617823
107,108,2022-01-02 02:45:00,2022-01-02 03:00:00,176.5718805591365,177.8614454724627,1,0.007303342464511475,700.9693744348766,1,0.0,0.7303342464511475,1.0,0.7303342464511475,Bearish,900.0,2,Sunday,Asia,2022,1,96680.22515232541,14043.99684850365,17363.77169617823
108,110,2022-01-02 03:00:00,2022-01-02 03:30:00,177.8614454724627,175.6544984127029,-1,0.012408237512617548,1199.6311964633953,2,-0.18075078069765826,1.2408237512617548,1.0,6.864832043725886,Bearish,1800.0,3,Sunday,Asia,2022,1,97879.8563487888,15243.628044967045,17363.77169617823
110,115,2022-01-02 03:30:00,2022-01-02 04:45:00,175.6544984127029,174.598518556253,1,-0.006011686953606321,-588.4230554328748,5,-1.7479922971267658,0.0,0.0,0.0,Bearish,4500.0,3,Sunday,Asia,2022,1,97291.43329335593,15243.628044967045,17952.194751611107
115,116,2022-01-02 04:45:00,2022-01-02 05:00:00,174.598518556253,172.1513641036742,-1,0.014015894709841659,1363.6264852092606,1,-0.0,1.4015894709841659,1.0,1.4015894709841659,Bearish,900.0,4,Sunday,Asia,2022,1,98655.05977856519,16607.254530176306,17952.194751611107
116,117,2022-01-02 05:00:00,2022-01-02 05:15:00,172.1513641036742,174.8959132798069,1,0.01594265134303474,1572.8232212759158,1,0.0,1.5942651343034742,1.0,1.5942651343034742,Bearish,900.0,5,Sunday,Asia,2022,1,100227.88299984111,18180.07775145222,17952.194751611107
117,124,2022-01-02 05:15:00,2022-01-02 07:00:00,174.8959132798069,176.8499695728132,-1,-0.011172681261454542,-1119.8141902675836,7,-2.13061798256331,-0.0,0.0,-0.0,Bearish,6300.0,5,Sunday,Asia,2022,1,99108.06880957352,18180.07775145222,19072.008941878692
124,125,2022-01-02 07:00:00,2022-01-02 07:15:00,176.8499695728132,178.856732137727,1,0.01134725988226748,1124.605013211879,1,0.0,1.134725988226748,1.0,1.134725988226748,Bearish,900.0,7,Sunday,Asia,2022,1,100232.67382278541,19304.6827646641,19072.008941878692
125,131,2022-01-02 07:15:00,2022-01-02 08:45:00,178.856732137727,180.1264352366402,-1,-0.007098995289344101,-711.5512793063177,6,-1.5017802993809282,-0.0,0.0,-0.0,Bearish,5400.0,7,Sunday,Asia,2022,1,99521.12254347908,19304.6827646641,19783.56022118501
131,133,2022-01-02 08:45:00,2022-01-02 09:15:00,180.1264352366402,181.3968098349075,1,0.007052682725877224,701.8909018223056,2,0.0,0.7052682725877224,1.0,0.7052682725877224,Sideways,1800.0,8,Sunday,London,2022,1,100223.01344530139,20006.573666486405,19783.56022118501
133,134,2022-01-02 09:15:00,2022-01-02 09:30:00,181.3968098349075,180.1173541194386,-1,0.007053352904239807,706.9082829560821,1,-0.0,0.7053352904239807,1.0,0.7053352904239807,Sideways,900.0,9,Sunday,London,2022,1,100929.92172825748,20713.48194944249,19783.56022118501
134,137,2022-01-02 09:30:00,2022-01-02 10:15:00,180.1173541194386,180.9267271317022,1,0.004493587062837312,453.5373905312805,3,0.0,0.4493587062837312,1.0,0.4493587062837312,Sideways,2700.0,9,Sunday,London,2022,1,101383.45911878876,21167.01933997377,19783.56022118501
137,143,2022-01-02 10:15:00,2022-01-02 11:45:00,180.9267271317022,181.9771220099541,-1,-0.005805636872474151,-588.5955485190159,6,-1.7252474468707923,-0.0,0.0,-0.0,Sideways,5400.0,10,Sunday,London,2022,1,100794.86357026974,21167.01933997377,20372.155769704026
143,147,2022-01-02 11:45:00,2022-01-02 12:45:00,181.9771220099541,182.2410033723106,1,0.0014500798751069244,146.16060317739627,4,-0.8012956283576234,0.14500798751069244,1.0,0.18096690207571486,Bullish,3600.0,11,Sunday,London,2022,1,100941.02417344713,21313.179943151164,20372.155769704026
147,149,2022-01-02 12:45:00,2022-01-02 13:15:00,182.2410033723106,180.7778636119135,-1,0.008028598028556488,810.4149076794107,2,-0.0,0.8028598028556488,1.0,0.8028598028556488,Bullish,1800.0,12,Sunday,London,2022,1,101751.43908112655,22123.594850830574,20372.155769704026
149,150,2022-01-02 13:15:00,2022-01-02 13:30:00,180.7778636119135,183.7743522776086,1,0.01657552869486212,1686.5838982327284,1,0.0,1.6575528694862118,1.0,1.6575528694862118,Sideways,900.0,13,Sunday,NY_overlap,2022,1,103438.02297935927,23810.178749063303,20372.155769704026
150,152,2022-01-02 13:30:00,2022-01-02 14:00:00,183.7743522776086,182.1555957349286,-1,0.008808392045015823,911.1226587635523,2,-0.0,0.8808392045015823,1.0,0.8808392045015823,Bullish,1800.0,13,Sunday,NY_overlap,2022,1,104349.14563812283,24721.301407826857,20372.155769704026
152,153,2022-01-02 14:00:00,2022-01-02 14:15:00,182.1555957349286,185.0435942495132,1,0.015854569292437226,1654.4107601262424,1,0.0,1.5854569292437226,1.0,1.5854569292437226,Sideways,900.0,14,Sunday,NY_overlap,2022,1,106003.55639824907,26375.7121679531,20372.155769704026
153,156,2022-01-02 14:15:00,2022-01-02 15:00:00,185.0435942495132,184.0475400274391,-1,0.005382808446376175,570.5968387264084,3,-0.0,0.5382808446376175,1.0,0.5382808446376175,Bullish,2700.0,14,Sunday,NY_overlap,2022,1,106574.15323697549,26946.30900667951,20372.155769704026
156,165,2022-01-02 15:00:00,2022-01-02 17:15:00,184.0475400274391,179.5882350680319,1,-0.024229092976425393,-2582.1950676624865,9,-4.214477522116622,0.0,0.0,0.0,Bullish,8100.0,15,Sunday,NY_overlap,2022,1,103991.95816931299,26946.30900667951,22954.350837366514
165,167,2022-01-02 17:15:00,2022-01-02 17:45:00,179.5882350680319,177.823678388263,-1,0.009825569470630735,1021.7802093795104,2,-0.0,1.0007972344933669,0.9817742427720365,1.0007972344933669,Sideways,1800.0,17,Sunday,NY,2022,1,105013.7383786925,27968.08921605902,22954.350837366514
167,174,2022-01-02 17:45:00,2022-01-02 19:30:00,177.823678388263,176.4335566806821,1,-0.007817416219147666,-820.9361016349206,7,-2.2385616983246814,0.0,0.0,0.0,Sideways,6300.0,17,Sunday,NY,2022,1,104192.80227705758,27968.08921605902,23775.286939001435
174,178,2022-01-02 19:30:00,2022-01-02 20:30:00,176.4335566806821,175.722935162631,-1,0.004027700463677841,419.65739804319855,4,-0.0944732135408799,0.40277004636778413,1.0,4.263325351936926,Sideways,3600.0,19,Sunday,NY,2022,1,104612.45967510078,28387.746614102216,23775.286939001435
178,181,2022-01-02 20:30:00,2022-01-02 21:15:00,175.722935162631,176.9001755744103,1,0.006699412405613225,700.8420101290836,3,-0.6982390723177523,0.6699412405613225,1.0,0.9594725748267033,Sideways,2700.0,20,Sunday,NY,2022,1,105313.30168522986,29088.5886242313,23775.286939001435
181,187,2022-01-02 21:15:00,2022-01-02 22:45:00,176.9001755744103,178.2787161688615,-1,-0.007792759899615476,-820.6812742687664,6,-1.878118613874813,-0.0,0.0,-0.0,Sideways,5400.0,21,Sunday,Late,2022,1,104492.6204109611,29088.5886242313,24595.9682132702
187,188,2022-01-02 22:45:00,2022-01-02 23:00:00,178.2787161688615,179.4230128978953,1,0.0064185829560827745,670.6945524062221,1,0.0,0.6418582956082775,1.0,0.6418582956082775,Sideways,900.0,22,Sunday,Late,2022,1,105163.31496336732,29759.28317663752,24595.9682132702
188,189,2022-01-02 23:00:00,2022-01-02 23:15:00,179.4230128978953,177.7550483906649,-1,0.009296268523701468,977.6264147420554,1,-0.0,0.9296268523701468,1.0,0.9296268523701468,Sideways,900.0,23,Sunday,Late,2022,1,106140.94137810938,30736.909591379575,24595.9682132702
189,192,2022-01-02 23:15:00,2022-01-03 00:00:00,177.7550483906649,178.5292419674743,1,0.004355395719101596,462.2858016996311,3,-0.21567888444059546,0.4355395719101596,1.0,2.0193890238250023,Sideways,2700.0,23,Sunday,Late,2022,1,106603.22717980901,31199.195393079208,24595.9682132702
192,197,2022-01-03 00:00:00,2022-01-03 01:15:00,178.5292419674743,181.796351963362,-1,-0.018300139293051743,-1950.853906479345,5,-2.6008622188813613,-0.0,0.0,-0.0,Sideways,4500.0,0,Monday,Asia,2022,1,104652.37327332966,31199.195393079208,26546.822119749544
197,200,2022-01-03 01:15:00,2022-01-03 02:00:00,181.796351963362,185.4242238952469,1,0.019955691589543134,2088.410485156314,3,-0.3150267873587631,1.9955691589543134,1.0,6.334601497496441,Sideways,2700.0,1,Monday,Asia,2022,1,106740.78375848598,33287.605878235525,26546.822119749544
200,204,2022-01-03 02:00:00,2022-01-03 03:00:00,185.4242238952469,184.5190558738112,-1,0.004881606094504054,521.0664605275647,4,-0.0,0.4881606094504054,1.0,0.4881606094504054,Sideways,3600.0,2,Monday,Asia,2022,1,107261.85021901355,33808.67233876309,26546.822119749544
204,208,2022-01-03 03:00:00,2022-01-03 04:00:00,184.5190558738112,182.9110698943332,1,-0.008714471098192011,-934.7302936721943,4,-2.01217180025256,0.0,0.0,0.0,Sideways,3600.0,3,Monday,Asia,2022,1,106327.11992534135,33808.67233876309,27481.552413421738
208,209,2022-01-03 04:00:00,2022-01-03 04:15:00,182.9110698943332,181.2593459846277,-1,0.009030202002862198,960.1553713083869,1,-0.0,0.9030202002862198,1.0,0.9030202002862198,Sideways,900.0,4,Monday,Asia,2022,1,107287.27529664974,34768.82771007148,27481.552413421738
209,211,2022-01-03 04:15:00,2022-01-03 04:45:00,181.2593459846277,182.2779793931294,1,0.005619756614305027,602.9283749791118,2,0.0,0.5619756614305027,1.0,0.5619756614305027,Sideways,1800.0,4,Monday,Asia,2022,1,107890.20367162884,35371.75608505059,27481.552413421738
211,213,2022-01-03 04:45:00,2022-01-03 05:15:00,182.2779793931294,181.1561098220233,-1,0.006154718056680442,664.0337846767047,2,-0.16164327441205995,0.6154718056680442,1.0,3.807593034146831,Sideways,1800.0,4,Monday,Asia,2022,1,108554.23745630555,36035.7898697273,27481.552413421738
213,219,2022-01-03 05:15:00,2022-01-03 06:45:00,181.1561098220233,179.4052285154524,1,-0.009665041429135601,-1049.181202323417,6,-2.014293634526687,0.0,0.0,0.0,Sideways,5400.0,5,Monday,Asia,2022,1,107505.05625398214,36035.7898697273,28530.733615745154
219,223,2022-01-03 06:45:00,2022-01-03 07:45:00,179.4052285154524,179.158919119634,-1,0.0013729220594994596,147.59606323882244,4,-0.14256373469865302,0.14289488597730715,0.960791598740273,1.0023228297108946,Sideways,3600.0,6,Monday,Asia,2022,1,107652.65231722096,36183.38593296612,28530.733615745154
223,225,2022-01-03 07:45:00,2022-01-03 08:15:00,179.158919119634,179.9366114255152,1,0.00434079592410308,467.2981943974788,2,-0.4821791912035689,0.434079592410308,1.0,0.9002453866306439,Sideways,1800.0,7,Monday,Asia,2022,1,108119.95051161843,36650.6841273636,28530.733615745154
225,227,2022-01-03 08:15:00,2022-01-03 08:45:00,179.9366114255152,179.0351821657763,-1,0.0050097045431583,541.6490072841054,2,-0.0,0.50097045431583,1.0,0.50097045431583,Sideways,1800.0,8,Monday,London,2022,1,108661.59951890254,37192.333134647706,28530.733615745154
227,230,2022-01-03 08:45:00,2022-01-03 09:30:00,179.0351821657763,179.3683194886945,1,0.0018607366378400325,202.19061935112285,3,-0.19802189081207233,0.18607366378400325,1.0,0.939662089988787,Sideways,2700.0,8,Monday,London,2022,1,108863.79013825367,37394.52375399883,28530.733615745154
230,236,2022-01-03 09:30:00,2022-01-03 11:00:00,179.3683194886945,180.9599295643333,-1,-0.008873418004783806,-965.993915481786,6,-1.9239853710809829,-0.0,0.0,-0.0,Sideways,5400.0,9,Monday,London,2022,1,107897.79622277188,37394.52375399883,29496.72753122694
236,251,2022-01-03 11:00:00,2022-01-03 14:45:00,180.9599295643333,171.8496611753254,1,-0.050344119888536376,-5432.019588748096,15,-6.196215370449599,0.0,0.0,0.0,Sideways,13500.0,11,Monday,London,2022,1,102465.77663402379,37394.52375399883,34928.747119975036
251,253,2022-01-03 14:45:00,2022-01-03 15:15:00,171.8496611753254,170.8874892921301,-1,0.005598916381997721,573.6973153903551,2,-0.0,0.5598916381997721,1.0,0.5598916381997721,Bearish,1800.0,14,Monday,NY_overlap,2022,1,103039.47394941414,37968.22106938918,34928.747119975036
253,254,2022-01-03 15:15:00,2022-01-03 15:30:00,170.8874892921301,172.8296541912414,1,0.011365167263890141,1171.0608562183427,1,0.0,1.1365167263890141,1.0,1.1365167263890141,Bearish,900.0,15,Monday,NY_overlap,2022,1,104210.53480563249,39139.28192560752,34928.747119975036
254,264,2022-01-03 15:30:00,2022-01-03 18:00:00,172.8296541912414,174.6299389699169,-1,-0.010416527112201646,-1085.5118611799041,10,-2.7450216397662874,0.3256180235845285,-3.199002007791985,0.11862129568211775,Bearish,9000.0,15,Monday,NY_overlap,2022,1,103125.02294445258,39139.28192560752,36014.25898115494
264,286,2022-01-03 18:00:00,2022-01-03 23:30:00,174.6299389699169,164.9556842661841,1,-0.05539860324522794,-5712.982230754757,22,-6.627742573969542,0.0,0.0,0.0,Bearish,19800.0,18,Monday,NY,2022,1,97412.04071369782,39139.28192560752,41727.2412119097
286,290,2022-01-03 23:30:00,2022-01-04 00:30:00,164.9556842661841,163.1757419129129,-1,0.010790427508996614,1051.1175638245834,4,-0.3671343904029012,1.0790427508996614,1.0,2.9390947269077587,Bearish,3600.0,23,Monday,Late,2022,1,98463.15827752241,40190.39948943211,41727.2412119097
290,292,2022-01-04 00:30:00,2022-01-04 01:00:00,163.1757419129129,165.6351771046533,1,0.015072308928449685,1484.0671396296557,2,0.0,1.5072308928449685,1.0,1.5072308928449685,Bearish,1800.0,0,Tuesday,Asia,2022,1,99947.22541715206,41674.46662906176,41727.2412119097
292,301,2022-01-04 01:00:00,2022-01-04 03:15:00,165.6351771046533,165.0450095291529,-1,0.0035630569895639397,356.1176601101063,9,-1.0461701639058019,0.5433136587703835,0.6558011071593116,0.5193358380074238,Bearish,8100.0,1,Tuesday,Asia,2022,1,100303.34307726217,42030.584289171864,41727.2412119097
301,307,2022-01-04 03:15:00,2022-01-04 04:45:00,165.0450095291529,165.2380429161274,1,0.0011695802710132153,117.3128111798358,6,-0.17107826040461127,0.32894881437151025,0.35555083949696425,1.9227972834977676,Bearish,5400.0,3,Tuesday,Asia,2022,1,100420.655888442,42147.8971003517,41727.2412119097
307,308,2022-01-04 04:45:00,2022-01-04 05:00:00,165.2380429161274,164.5152944186354,-1,0.004373983646483004,439.2383066251425,1,-0.0,0.4373983646483004,1.0,0.4373983646483004,Bearish,900.0,4,Tuesday,Asia,2022,1,100859.89419506714,42587.13540697684,41727.2412119097
308,309,2022-01-04 05:00:00,2022-01-04 05:15:00,164.5152944186354,166.4760900328486,1,0.011918622041447557,1202.110958051396,1,0.0,1.1918622041447557,1.0,1.1918622041447557,Bearish,900.0,5,Tuesday,Asia,2022,1,102062.00515311855,43789.24636502824,41727.2412119097
309,312,2022-01-04 05:15:00,2022-01-04 06:00:00,166.4760900328486,165.5064456961969,-1,0.0058245261314124885,594.4628160386951,3,-0.35230653862141637,0.5824526131412489,1.0,1.6532551891327347,Bearish,2700.0,5,Tuesday,Asia,2022,1,102656.46796915724,44383.70918106693,41727.2412119097
312,316,2022-01-04 06:00:00,2022-01-04 07:00:00,165.5064456961969,165.9835434100158,1,0.002882653372272115,295.9230135768355,4,-0.5920898859998247,0.2882653372272115,1.0,0.48686076902062947,Bearish,3600.0,6,Tuesday,Asia,2022,1,102952.39098273407,44679.63219464377,41727.2412119097
316,317,2022-01-04 07:00:00,2022-01-04 07:15:00,165.9835434100158,165.2209392951041,-1,0.0045944561686329655,473.0102478261355,1,-0.0,0.45944561686329655,1.0,0.45944561686329655,Bearish,900.0,7,Tuesday,Asia,2022,1,103425.40123056021,45152.6424424699,41727.2412119097
317,319,2022-01-04 07:15:00,2022-01-04 07:45:00,165.2209392951041,166.0063493934546,1,0.004753695879598396,491.65290367552507,2,-0.07276658791089963,0.47536958795983963,1.0,6.532800308596503,Bearish,1800.0,7,Tuesday,Asia,2022,1,103917.05413423573,45644.29534614542,41727.2412119097
319,321,2022-01-04 07:45:00,2022-01-04 08:15:00,166.0063493934546,165.3411104266127,-1,0.004007310378624229,416.42788954817877,2,-0.0,0.4007310378624229,1.0,0.4007310378624229,Bearish,1800.0,7,Tuesday,Asia,2022,1,104333.4820237839,46060.7232356936,41727.2412119097
321,322,2022-01-04 08:15:00,2022-01-04 08:30:00,165.3411104266127,165.9121520983363,1,0.0034537186199499192,360.33848954975275,1,0.0,0.3453718619949919,1.0,0.3453718619949919,Bearish,900.0,8,Tuesday,London,2022,1,104693.82051333366,46421.06172524335,41727.2412119097
322,327,2022-01-04 08:30:00,2022-01-04 09:45:00,165.9121520983363,167.2603885432623,-1,-0.008126206717678608,-850.7636275548907,5,-2.082888314648934,-0.0,0.0,-0.0,Bearish,4500.0,8,Tuesday,London,2022,1,103843.05688577877,46421.06172524335,42578.00483946459
327,328,2022-01-04 09:45:00,2022-01-04 10:00:00,167.2603885432623,170.2431442722647,1,0.017833007294676184,1851.8339909455674,1,0.0,1.7833007294676184,1.0,1.7833007294676184,Sideways,900.0,9,Tuesday,London,2022,1,105694.89087672434,48272.89571618892,42578.00483946459
328,333,2022-01-04 10:00:00,2022-01-04 11:15:00,170.2431442722647,169.8931078150878,-1,0.0020560972288967694,217.31897224017942,5,-1.4765981825401786,0.20560972288967694,1.0,0.1392455478551168,Sideways,4500.0,10,Tuesday,London,2022,1,105912.20984896451,48490.2146884291,42578.00483946459
333,335,2022-01-04 11:15:00,2022-01-04 11:45:00,169.8931078150878,172.5592184178741,1,0.0156928708708306,1662.0666328041134,2,0.0,1.56928708708306,1.0,1.56928708708306,Bullish,1800.0,11,Tuesday,London,2022,1,107574.27648176863,50152.28132123321,42578.00483946459
335,336,2022-01-04 11:45:00,2022-01-04 12:00:00,172.5592184178741,171.1790241202921,-1,0.007998380557332374,860.4200014808757,1,-0.0,0.7998380557332374,1.0,0.7998380557332374,Bullish,900.0,11,Tuesday,London,2022,1,108434.69648324951,51012.701322714085,42578.00483946459
336,347,2022-01-04 12:00:00,2022-01-04 14:45:00,171.1790241202921,167.5338758001111,1,-0.02129436324873224,-2309.047815680344,11,-2.9464851245064927,0.0,0.0,0.0,Bullish,9900.0,12,Tuesday,London,2022,1,106125.64866756916,51012.701322714085,44887.05265514494
347,355,2022-01-04 14:45:00,2022-01-04 16:45:00,167.5338758001111,167.7066559124402,-1,-0.001031314481945378,-109.44891837671129,8,-2.003121317999468,0.3936655944691947,-0.26197729657730623,0.1965260870281943,Sideways,7200.0,14,Tuesday,NY_overlap,2022,1,106016.19974919246,51012.701322714085,44996.50157352165
355,359,2022-01-04 16:45:00,2022-01-04 17:45:00,167.7066559124402,168.4155276028464,1,0.004226854840968963,448.11508713100676,4,-0.5137553859276944,0.4226854840968963,1.0,0.8227368426194656,Sideways,3600.0,16,Tuesday,NY,2022,1,106464.31483632346,51460.816409845094,44996.50157352165
359,369,2022-01-04 17:45:00,2022-01-04 20:15:00,168.4155276028464,170.0325327335376,-1,-0.009601282932203192,-1022.1940089266998,10,-3.44019560323372,0.09042288977803015,-10.618199612700273,0.02628422921447673,Sideways,9000.0,17,Tuesday,NY,2022,1,105442.12082739676,51460.816409845094,46018.69558244835
369,375,2022-01-04 20:15:00,2022-01-04 21:45:00,170.0325327335376,168.8336370595616,1,-0.007050978155191179,-743.4700905910036,6,-1.5595294594853648,0.39583565391938524,-1.78128930160171,0.25381736235364777,Sideways,5400.0,20,Tuesday,NY,2022,1,104698.65073680575,51460.816409845094,46762.16567303936
375,384,2022-01-04 21:45:00,2022-01-05 00:00:00,168.8336370595616,171.2576728845645,-1,-0.01435754075562401,-1503.2151450125327,9,-2.465373098380752,-0.0,0.0,-0.0,Sideways,8100.0,21,Tuesday,Late,2022,1,103195.43559179323,51460.816409845094,48265.38081805189
384,386,2022-01-05 00:00:00,2022-01-05 00:30:00,171.2576728845645,173.6552611207556,1,0.01399988798053542,1444.7245383876632,2,0.0,1.399988798053542,1.0,1.399988798053542,Sideways,1800.0,0,Wednesday,Asia,2022,1,104640.16013018088,52905.54094823276,48265.38081805189
386,393,2022-01-05 00:30:00,2022-01-05 02:15:00,173.6552611207556,174.175001608669,-1,-0.0029929440925604567,-313.18214910620515,7,-1.6763652540895402,-0.0,0.0,-0.0,Sideways,6300.0,0,Wednesday,Asia,2022,1,104326.97798107468,52905.54094823276,48578.5629671581
393,394,2022-01-05 02:15:00,2022-01-05 02:30:00,174.175001608669,175.4580183247496,1,0.007366250634308846,768.4986677286165,1,0.0,0.7366250634308846,1.0,0.7366250634308846,Bullish,900.0,2,Wednesday,Asia,2022,1,105095.47664880329,53674.039615961374,48578.5629671581
394,396,2022-01-05 02:30:00,2022-01-05 03:00:00,175.4580183247496,174.8711678706487,-1,0.0033446773177085998,351.5104569410263,2,-0.2069919563310707,0.33446773177086,1.0,1.615848932969645,Bullish,1800.0,2,Wednesday,Asia,2022,1,105446.98710574432,54025.5500729024,48578.5629671581
396,398,2022-01-05 03:00:00,2022-01-05 03:30:00,174.8711678706487,175.7373379764271,1,0.004953189918758483,522.2989534956287,2,-0.29374532116429597,0.49531899187584827,1.0,1.686219170785734,Bullish,1800.0,3,Wednesday,Asia,2022,1,105969.28605923995,54547.84902639803,48578.5629671581
398,400,2022-01-05 03:30:00,2022-01-05 04:00:00,175.7373379764271,174.4403176640285,-1,0.007380448158220032,782.1008221238094,2,-0.0,0.7380448158220032,1.0,0.7380448158220032,Bullish,1800.0,3,Wednesday,Asia,2022,1,106751.38688136375,55329.949848521836,48578.5629671581
400,401,2022-01-05 04:00:00,2022-01-05 04:15:00,174.4403176640285,175.3220637256691,1,0.00505471483570008,539.5978190007885,1,0.0,0.505471483570008,1.0,0.505471483570008,Bullish,900.0,4,Wednesday,Asia,2022,1,107290.98470036456,55869.547667522624,48578.5629671581
401,404,2022-01-05 04:15:00,2022-01-05 05:00:00,175.3220637256691,175.1990402253226,-1,0.0007017000469433654,75.28608900084573,3,-0.2173266784298855,0.07017000469433654,1.0,0.32287800651669635,Bullish,2700.0,4,Wednesday,Asia,2022,1,107366.2707893654,55944.83375652347,48578.5629671581
404,405,2022-01-05 05:00:00,2022-01-05 05:15:00,175.1990402253226,175.5926753672732,1,0.002246788232654451,241.22927379353754,1,0.0,0.22467882326544508,1.0,0.22467882326544508,Sideways,900.0,5,Wednesday,Asia,2022,1,107607.50006315894,56186.063030317004,48578.5629671581
405,407,2022-01-05 05:15:00,2022-01-05 05:45:00,175.5926753672732,175.5507927685953,-1,0.00023852133120183527,25.66668416236625,2,-0.5782119517780071,0.023852133120183527,1.0,0.04125153941705632,Bullish,1800.0,5,Wednesday,Asia,2022,1,107633.1667473213,56211.72971447937,48578.5629671581
407,413,2022-01-05 05:45:00,2022-01-05 07:15:00,175.5507927685953,174.9807323877678,1,-0.0032472674821749647,-349.51368238209227,6,-0.7907006098695324,0.0,0.0,0.0,Bullish,5400.0,5,Wednesday,Asia,2022,1,107283.65306493921,56211.72971447937,48928.07664954019
413,414,2022-01-05 07:15:00,2022-01-05 07:30:00,174.9807323877678,173.9296365042209,-1,0.006006923557832722,644.4447029661362,1,-0.0,0.6006923557832722,1.0,0.6006923557832722,Bullish,900.0,7,Wednesday,Asia,2022,1,107928.09776790535,56856.17441744551,48928.07664954019
414,415,2022-01-05 07:30:00,2022-01-05 07:45:00,173.9296365042209,175.3564344995852,1,0.008203305796764981,885.3671900532759,1,0.0,0.8203305796764981,1.0,0.8203305796764981,Sideways,900.0,7,Wednesday,Asia,2022,1,108813.46495795861,57741.54160749879,48928.07664954019
415,422,2022-01-05 07:45:00,2022-01-05 09:30:00,175.3564344995852,180.0848524843874,-1,-0.02696461067023681,-2934.112718270811,7,-4.168403303668966,-0.0,0.0,-0.0,Sideways,6300.0,7,Wednesday,Asia,2022,1,105879.35223968781,57741.54160749879,51862.189367811
422,427,2022-01-05 09:30:00,2022-01-05 10:45:00,180.0848524843874,177.8969827042036,1,-0.012149104991345583,-1286.3393667756286,5,-2.515056355195433,0.0,0.0,0.0,Bullish,4500.0,9,Wednesday,London,2022,1,104593.01287291218,57741.54160749879,53148.52873458663
427,432,2022-01-05 10:45:00,2022-01-05 12:00:00,177.8969827042036,178.666754546904,-1,-0.004327065198066471,-452.5807859632968,5,-1.8585669993474774,-0.0,0.0,-0.0,Bullish,4500.0,10,Wednesday,London,2022,1,104140.43208694889,57741.54160749879,53601.10952054993
432,434,2022-01-05 12:00:00,2022-01-05 12:30:00,178.666754546904,179.9753577736117,1,0.0073242681887086825,762.7524538928169,2,0.0,0.7324268188708682,1.0,0.7324268188708682,Bullish,1800.0,12,Wednesday,London,2022,1,104903.1845408417,58504.29406139161,53601.10952054993
434,442,2022-01-05 12:30:00,2022-01-05 14:30:00,179.9753577736117,182.2331066188969,-1,-0.012544766534789531,-1315.9859588208017,8,-3.0485395411749883,-0.0,0.0,-0.0,Bullish,7200.0,12,Wednesday,London,2022,1,103587.1985820209,58504.29406139161,54917.09547937073
442,454,2022-01-05 14:30:00,2022-01-05 17:30:00,182.2331066188969,177.5839840642008,1,-0.02551195356845226,-2642.7118005105617,12,-3.7663989471848014,0.26019010427804634,-9.805120621032337,0.06908192889989141,Bullish,10800.0,14,Wednesday,NY_overlap,2022,1,100944.48678151034,58504.29406139161,57559.80727988129
454,455,2022-01-05 17:30:00,2022-01-05 17:45:00,177.5839840642008,175.6576256605281,-1,0.010847590867069767,1095.0044928921566,1,-0.0,1.0847590867069767,1.0,1.0847590867069767,Sideways,900.0,17,Wednesday,NY,2022,1,102039.49127440249,59599.29855428376,57559.80727988129
455,460,2022-01-05 17:45:00,2022-01-05 19:00:00,175.6576256605281,174.6565097987124,1,-0.00569924509710984,-581.5480703572208,5,-1.573139080250907,0.0,0.0,0.0,Sideways,4500.0,17,Wednesday,NY,2022,1,101457.94320404527,59599.29855428376,58141.355350238504
460,467,2022-01-05 19:00:00,2022-01-05 20:45:00,174.6565097987124,175.6254692468017,-1,-0.005547800360868438,-562.868413920372,7,-0.8588671353461752,-0.0,0.0,-0.0,Sideways,6300.0,19,Wednesday,NY,2022,1,100895.0747901249,59599.29855428376,58704.22376415887
467,468,2022-01-05 20:45:00,2022-01-05 21:00:00,175.6254692468017,177.0278690975881,1,0.007985173544593493,805.6646819938875,1,0.0,0.7985173544593493,1.0,0.7985173544593493,Sideways,900.0,20,Wednesday,NY,2022,1,101700.73947211879,60404.963236277654,58704.22376415887
468,473,2022-01-05 21:00:00,2022-01-05 22:15:00,177.0278690975881,178.1952757526912,-1,-0.006594479507966877,-670.6634423939656,5,-1.3345575685562494,0.08551260772502456,-7.711704371327524,0.06407562306775104,Sideways,4500.0,21,Wednesday,Late,2022,1,101030.07602972482,60404.963236277654,59374.88720655284
473,474,2022-01-05 22:15:00,2022-01-05 22:30:00,178.1952757526912,179.0386622383544,1,0.004732934035993619,478.1686855001078,1,0.0,0.4732934035993619,1.0,0.4732934035993619,Sideways,900.0,22,Wednesday,Late,2022,1,101508.24471522492,60883.13192177776,59374.88720655284
474,481,2022-01-05 22:30:00,2022-01-06 00:15:00,179.0386622383544,182.4595860261192,-1,-0.01910717911425497,-1939.5362133474284,7,-3.057568101162733,-0.0,0.0,-0.0,Sideways,6300.0,22,Wednesday,Late,2022,1,99568.7085018775,60883.13192177776,61314.42341990027
481,483,2022-01-06 00:15:00,2022-01-06 00:45:00,182.4595860261192,184.1053607478511,1,0.009019941114501329,898.103887533883,2,-0.02840813454727531,0.9019941114501329,1.0,31.75126159548006,Sideways,1800.0,0,Thursday,Asia,2022,1,100466.81238941138,61781.23580931165,61314.42341990027
483,486,2022-01-06 00:45:00,2022-01-06 01:30:00,184.1053607478511,183.8039361680366,-1,0.00163723955994588,164.48823970560522,3,-0.4313214392187348,0.163723955994588,1.0,0.37958687212753905,Sideways,2700.0,0,Thursday,Asia,2022,1,100631.30062911699,61945.724049017255,61314.42341990027
486,487,2022-01-06 01:30:00,2022-01-06 01:45:00,183.8039361680366,185.0030710588317,1,0.006523989179963996,656.5175164700635,1,0.0,0.6523989179963996,1.0,0.6523989179963996,Sideways,900.0,1,Thursday,Asia,2022,1,101287.81814558705,62602.24156548732,61314.42341990027
487,497,2022-01-06 01:45:00,2022-01-06 04:15:00,185.0030710588317,188.7089441011335,-1,-0.020031413646767637,-2028.9381826528318,10,-2.9372471341509554,-0.0,0.0,-0.0,Sideways,9000.0,1,Thursday,Asia,2022,1,99258.87996293422,62602.24156548732,63343.3616025531
497,499,2022-01-06 04:15:00,2022-01-06 04:45:00,188.7089441011335,191.1777085884735,1,0.013082392565436196,1298.5436332806148,2,0.0,1.3082392565436196,1.0,1.3082392565436196,Bullish,1800.0,4,Thursday,Asia,2022,1,100557.42359621484,63900.78519876793,63343.3616025531
499,501,2022-01-06 04:45:00,2022-01-06 05:15:00,191.1777085884735,188.9830529302497,-1,0.011479662950391378,1154.3653300442795,2,-0.0,1.1479662950391378,1.0,1.1479662950391378,Bullish,1800.0,4,Thursday,Asia,2022,1,101711.78892625912,65055.15052881221,63343.3616025531
501,508,2022-01-06 05:15:00,2022-01-06 07:00:00,188.9830529302497,187.9237346870993,1,-0.005605361045476154,-570.1312995129458,7,-2.132583044337677,0.0,0.0,0.0,Bullish,6300.0,5,Thursday,Asia,2022,1,101141.65762674616,65055.15052881221,63913.49290206605
508,510,2022-01-06 07:00:00,2022-01-06 07:30:00,187.9237346870993,186.4791578101399,-1,0.007687037932513907,777.4797587341326,2,-0.0,0.7687037932513907,1.0,0.7687037932513907,Bullish,1800.0,7,Thursday,Asia,2022,1,101919.1373854803,65832.63028754634,63913.49290206605
510,514,2022-01-06 07:30:00,2022-01-06 08:30:00,186.4791578101399,188.3331319360619,1,0.009941991092696778,1013.2791560617848,4,-0.7396888867685525,0.9941991092696778,1.0,1.3440773912570099,Bullish,3600.0,7,Thursday,Asia,2022,1,102932.41654154209,66845.90944360814,63913.49290206605
514,518,2022-01-06 08:30:00,2022-01-06 09:30:00,188.3331319360619,187.8776869445403,-1,0.0024182945764222863,248.92090466045096,4,-0.48974530404832795,0.2640856375043188,0.9157236263493269,0.5392305660132657,Bullish,3600.0,8,Thursday,London,2022,1,103181.33744620254,67094.83034826859,63913.49290206605
518,519,2022-01-06 09:30:00,2022-01-06 09:45:00,187.8776869445403,188.9427740567993,1,0.005669045268656081,584.9396728630013,1,0.0,0.5669045268656081,1.0,0.5669045268656081,Bullish,900.0,9,Thursday,London,2022,1,103766.27711906553,67679.77002113158,63913.49290206605
519,522,2022-01-06 09:45:00,2022-01-06 10:30:00,188.9427740567993,187.4769018199138,-1,0.007758286836864303,805.04854188326,3,-1.0626122152082251,0.7758286836864303,1.0,0.7301145917416375,Bullish,2700.0,9,Thursday,London,2022,1,104571.3256609488,68484.81856301484,63913.49290206605
522,529,2022-01-06 10:30:00,2022-01-06 12:15:00,187.4769018199138,183.3733266103959,1,-0.021888430892994415,-2288.902235118492,7,-3.3583734733118042,0.0,0.0,0.0,Bullish,6300.0,10,Thursday,London,2022,1,102282.4234258303,68484.81856301484,66202.39513718455
529,541,2022-01-06 12:15:00,2022-01-06 15:15:00,183.3733266103959,195.1170505759778,-1,-0.0640427055704409,-6550.443128491618,12,-7.766071237906003,-0.0,0.0,-0.0,Sideways,10800.0,12,Thursday,London,2022,1,95731.98029733868,68484.81856301484,72752.83826567617
541,546,2022-01-06 15:15:00,2022-01-06 16:30:00,195.1170505759778,193.8338675261479,1,-0.006576478303879529,-629.5792914128706,5,-1.7534335563196612,0.29652468678742494,-2.2178518676234633,0.16911087718077566,Bullish,4500.0,15,Thursday,NY_overlap,2022,1,95102.40100592581,68484.81856301484,73382.41755708904
546,551,2022-01-06 16:30:00,2022-01-06 17:45:00,193.8338675261479,194.5907284299279,-1,-0.0039046886565263783,-371.3452664162615,5,-2.156550769465082,-0.0,0.0,-0.0,Sideways,4500.0,16,Thursday,NY,2022,1,94731.05573950955,68484.81856301484,73753.7628235053
551,556,2022-01-06 17:45:00,2022-01-06 19:00:00,194.5907284299279,195.6555510273188,1,0.005472113733179906,518.3791110708016,5,-0.5882822722304226,0.5472113733179906,1.0,0.9301850474658787,Sideways,4500.0,17,Thursday,NY,2022,1,95249.43485058036,69003.19767408563,73753.7628235053
556,557,2022-01-06 19:00:00,2022-01-06 19:15:00,195.6555510273188,193.3946633544779,-1,0.011555448649270494,1100.649953287917,1,-0.0,1.1555448649270494,1.0,1.1555448649270494,Bullish,900.0,19,Thursday,NY,2022,1,96350.08480386827,70103.84762737356,73753.7628235053
557,561,2022-01-06 19:15:00,2022-01-06 20:15:00,193.3946633544779,194.2301951596434,1,0.004320345715197016,416.2656760412615,4,-1.3289604384418396,0.4320345715197016,1.0,0.32509212390569525,Bullish,3600.0,19,Thursday,NY,2022,1,96766.35047990954,70520.11330341482,73753.7628235053
561,568,2022-01-06 20:15:00,2022-01-06 22:00:00,194.2301951596434,195.2229033935252,-1,-0.005110988191438848,-494.5716746314506,7,-1.424971553341292,0.6596200089489912,-0.7748382587093539,0.4629004750321545,Bullish,6300.0,20,Thursday,NY,2022,1,96271.77880527808,70520.11330341482,74248.33449813676
568,580,2022-01-06 22:00:00,2022-01-07 01:00:00,195.2229033935252,191.1533737441413,1,-0.020845554382421194,-2006.8386005778486,12,-3.700652697539797,0.0,0.0,0.0,Bullish,10800.0,22,Thursday,Late,2022,1,94264.94020470024,70520.11330341482,76255.1730987146
580,590,2022-01-07 01:00:00,2022-01-07 03:30:00,191.1533737441413,194.7247970894146,-1,-0.018683548583629195,-1761.2035900474182,10,-2.613146683535983,0.6608247690804037,-2.827307549265899,0.2528846823807869,Bullish,9000.0,1,Friday,Asia,2022,1,92503.73661465282,70520.11330341482,78016.37668876201
590,594,2022-01-07 03:30:00,2022-01-07 04:30:00,194.7247970894146,193.8642773940471,1,-0.004419158259399203,-408.78865168593154,4,-1.5847624935046212,0.0,0.0,0.0,Sideways,3600.0,3,Friday,Asia,2022,1,92094.9479629669,70520.11330341482,78425.16534044794
594,597,2022-01-07 04:30:00,2022-01-07 05:15:00,193.8642773940471,193.4737696639408,-1,0.0020143356752236885,185.5101391896734,3,-0.811228497079064,0.20143356752236885,1.0,0.2483068189143468,Sideways,2700.0,4,Friday,Asia,2022,1,92280.45810215655,70705.6234426045,78425.16534044794
597,598,2022-01-07 05:15:00,2022-01-07 05:30:00,193.4737696639408,194.8214702206054,1,0.006965805023624316,642.8076786303556,1,0.0,0.6965805023624316,1.0,0.6965805023624316,Sideways,900.0,5,Friday,Asia,2022,1,92923.26578078691,71348.43112123485,78425.16534044794
598,599,2022-01-07 05:30:00,2022-01-07 05:45:00,194.8214702206054,194.0061155322036,-1,0.004185137744205036,388.8966669339677,1,-0.0,0.41851377442050364,1.0,0.41851377442050364,Sideways,900.0,5,Friday,Asia,2022,1,93312.16244772088,71737.32778816883,78425.16534044794
599,605,2022-01-07 05:45:00,2022-01-07 07:15:00,194.0061155322036,193.1906259387188,1,-0.004203422099595899,-392.2304057938327,6,-1.3285148282810577,0.0,0.0,0.0,Sideways,5400.0,5,Friday,Asia,2022,1,92919.93204192705,71737.32778816883,78817.39574624177
605,606,2022-01-07 07:15:00,2022-01-07 07:30:00,193.1906259387188,192.2312818755719,-1,0.0049657899211486,461.42086200761435,1,-0.0,0.49657899211486,1.0,0.49657899211486,Sideways,900.0,7,Friday,Asia,2022,1,93381.35290393466,72198.74865017644,78817.39574624177
606,608,2022-01-07 07:30:00,2022-01-07 08:00:00,192.2312818755719,193.9190814562076,1,0.008780046432443678,819.8926144209559,2,-0.21773482363043328,0.8780046432443678,1.0,4.032449328062593,Sideways,1800.0,7,Friday,Asia,2022,1,94201.24551835562,73018.64126459739,78817.39574624177
608,617,2022-01-07 08:00:00,2022-01-07 10:15:00,193.9190814562076,195.8004078896836,-1,-0.009701605532310031,-913.9033246713747,9,-1.8400140878051197,-0.0,0.0,-0.0,Sideways,8100.0,8,Friday,London,2022,1,93287.34219368425,73018.64126459739,79731.29907091316
617,621,2022-01-07 10:15:00,2022-01-07 11:15:00,195.8004078896836,196.9356898381812,1,0.0057981592619418265,540.894867162247,4,-0.1599292142837938,0.5798159261941827,1.0,3.625453478220067,Sideways,3600.0,10,Friday,London,2022,1,93828.2370608465,73559.53613175964,79731.29907091316
621,628,2022-01-07 11:15:00,2022-01-07 13:00:00,196.9356898381812,197.3883045640725,-1,-0.0022982869497307767,-215.64421275318915,7,-1.4171636996021642,-0.0,0.0,-0.0,Sideways,6300.0,11,Friday,London,2022,1,93612.5928480933,73559.53613175964,79946.94328366635
628,631,2022-01-07 13:00:00,2022-01-07 13:45:00,197.3883045640725,197.7748262256478,1,0.0019581791455622888,183.31022707714982,3,-0.33553414468212583,0.19581791455622888,1.0,0.5836005594653874,Bullish,2700.0,13,Friday,NY_overlap,2022,1,93795.90307517046,73742.84635883679,79946.94328366635
631,633,2022-01-07 13:45:00,2022-01-07 14:15:00,197.7748262256478,196.941825153185,-1,0.0042118660314857115,395.0557780548367,2,-0.0,0.42118660314857115,1.0,0.42118660314857115,Bullish,1800.0,13,Friday,NY_overlap,2022,1,94190.9588532253,74137.90213689163,79946.94328366635
633,634,2022-01-07 14:15:00,2022-01-07 14:30:00,196.941825153185,197.5819507064016,1,0.003250328124656754,306.1515226490253,1,0.0,0.3250328124656754,1.0,0.3250328124656754,Sideways,900.0,14,Friday,NY_overlap,2022,1,94497.11037587431,74444.05365954066,79946.94328366635
634,635,2022-01-07 14:30:00,2022-01-07 14:45:00,197.5819507064016,197.2020235220672,-1,0.0019228840639343714,181.7069876296161,1,-0.0,0.19228840639343714,1.0,0.19228840639343714,Sideways,900.0,14,Friday,NY_overlap,2022,1,94678.81736350393,74625.76064717027,79946.94328366635
635,636,2022-01-07 14:45:00,2022-01-07 15:00:00,197.2020235220672,199.0322598733212,1,0.009281022164811636,878.716202488833,1,0.0,0.9281022164811636,1.0,0.9281022164811636,Sideways,900.0,14,Friday,NY_overlap,2022,1,95557.53356599277,75504.47684965911,79946.94328366635
636,639,2022-01-07 15:00:00,2022-01-07 15:45:00,199.0322598733212,198.7061459315441,-1,0.001638497909759229,156.57081900962655,3,-0.3678459619261609,0.1638497909759229,1.0,0.4454304462605819,Sideways,2700.0,15,Friday,NY_overlap,2022,1,95714.1043850024,75661.04766866873,79946.94328366635
639,643,2022-01-07 15:45:00,2022-01-07 16:45:00,198.7061459315441,198.0589757882746,1,-0.003256920616297676,-311.73323984198214,4,-1.1367449096764681,0.0,0.0,0.0,Sideways,3600.0,15,Friday,NY_overlap,2022,1,95402.3711451604,75661.04766866873,80258.67652350833
643,648,2022-01-07 16:45:00,2022-01-07 18:00:00,198.0589757882746,197.7814084873146,-1,0.0014014376266225925,133.70047259184133,5,-0.8969786586508599,0.14014376266225925,1.0,0.15623979602039653,Sideways,4500.0,16,Friday,NY,2022,1,95536.07161775226,75794.74814126057,80258.67652350833
648,652,2022-01-07 18:00:00,2022-01-07 19:00:00,197.7814084873146,199.1854483279902,1,0.007098947527040433,678.2055593540002,4,-0.5001302642252847,0.7098947527040433,1.0,1.419419706191325,Sideways,3600.0,18,Friday,NY,2022,1,96214.27717710625,76472.95370061457,80258.67652350833
652,655,2022-01-07 19:00:00,2022-01-07 19:45:00,199.1854483279902,198.3503756402547,-1,0.004192438226513495,403.37241357366526,3,-0.7522573322148451,0.4192438226513495,1.0,0.5573143719543211,Bullish,2700.0,19,Friday,NY,2022,1,96617.64959067991,76876.32611418824,80258.67652350833
655,660,2022-01-07 19:45:00,2022-01-07 21:00:00,198.3503756402547,197.3236066825654,1,-0.005176541533510992,-500.145275976366,5,-1.1989129299577628,0.007734386503011059,-66.92892230684001,0.006451166143719493,Sideways,4500.0,19,Friday,NY,2022,1,96117.50431470355,76876.32611418824,80758.8217994847
660,670,2022-01-07 21:00:00,2022-01-07 23:30:00,197.3236066825654,197.9761148701548,-1,-0.0033067923223149,-317.840625307931,10,-1.7333527787903646,-0.0,0.0,-0.0,Sideways,9000.0,21,Friday,Late,2022,1,95799.66368939562,76876.32611418824,81076.66242479262
670,675,2022-01-07 23:30:00,2022-01-08 00:45:00,197.9761148701548,198.8783405473132,1,0.004557245088631756,436.5825468410723,5,-0.68444132655755,0.4557245088631756,1.0,0.6658342960605212,Sideways,4500.0,23,Friday,Late,2022,1,96236.2462362367,77312.90866102932,81076.66242479262
675,680,2022-01-08 00:45:00,2022-01-08 02:00:00,198.8783405473132,198.841655797428,-1,0.00018445824610291428,17.751569192264412,5,-1.2329448065433457,0.018445824610291428,1.0,0.014960786981215888,Sideways,4500.0,0,Saturday,Asia,2022,1,96253.99780542895,77330.66023022158,81076.66242479262
680,682,2022-01-08 02:00:00,2022-01-08 02:30:00,198.841655797428,200.0852605119645,1,0.0062542464231107875,601.9962214847178,2,0.0,0.6254246423110787,1.0,0.6254246423110787,Sideways,1800.0,2,Saturday,Asia,2022,1,96855.99402691367,77932.6564517063,81076.66242479262
682,686,2022-01-08 02:30:00,2022-01-08 03:30:00,200.0852605119645,201.2916048979146,-1,-0.006029151686952838,-583.9594797788608,4,-1.4891207783504612,-0.0,0.0,-0.0,Sideways,3600.0,2,Saturday,Asia,2022,1,96272.03454713481,77932.6564517063,81660.62190457148
686,688,2022-01-08 03:30:00,2022-01-08 04:00:00,201.2916048979146,203.3040295792737,1,0.009997558926412742,962.4853383506238,2,-0.2712455752269416,0.9997558926412742,1.0,3.685796134387865,Sideways,1800.0,3,Saturday,Asia,2022,1,97234.51988548544,78895.14179005692,81660.62190457148
688,694,2022-01-08 04:00:00,2022-01-08 05:30:00,203.3040295792737,203.8453461171065,-1,-0.0026625962060515818,-258.8962637443407,6,-1.345630442931034,0.46346288062809604,-0.5745004222221999,0.3444206268242471,Sideways,5400.0,4,Saturday,Asia,2022,1,96975.62362174109,78895.14179005692,81919.51816831583
694,695,2022-01-08 05:30:00,2022-01-08 05:45:00,203.8453461171065,206.7706466728886,1,0.014350587891771571,1391.6572101431552,1,0.0,1.4350587891771571,1.0,1.4350587891771571,Sideways,900.0,5,Saturday,Asia,2022,1,98367.28083188426,80286.79900020007,81919.51816831583
695,710,2022-01-08 05:45:00,2022-01-08 09:30:00,206.7706466728886,217.1516205750845,-1,-0.05020525915662777,-4938.554826697533,15,-6.175981564920452,-0.0,0.0,-0.0,Bullish,13500.0,5,Saturday,Asia,2022,1,93428.72600518672,80286.79900020007,86858.07299501337
710,711,2022-01-08 09:30:00,2022-01-08 09:45:00,217.1516205750845,219.611523852962,1,0.011328044761364842,1058.3647901840468,1,0.0,1.1328044761364842,1.0,1.1328044761364842,Bullish,900.0,9,Saturday,London,2022,1,94487.09079537076,81345.16379038412,86858.07299501337
711,713,2022-01-08 09:45:00,2022-01-08 10:15:00,219.611523852962,217.7817114561307,-1,0.008332041801487722,787.2703902079951,2,-0.0,0.8332041801487722,1.0,0.8332041801487722,Bullish,1800.0,9,Saturday,London,2022,1,95274.36118557876,82132.43418059211,86858.07299501337
713,714,2022-01-08 10:15:00,2022-01-08 10:30:00,217.7817114561307,219.2477915557149,1,0.0067318788606340885,641.3754580256146,1,0.0,0.6731878860634088,1.0,0.6731878860634088,Bullish,900.0,10,Saturday,London,2022,1,95915.73664360438,82773.80963861773,86858.07299501337
714,715,2022-01-08 10:30:00,2022-01-08 10:45:00,219.2477915557149,217.6064801878373,-1,0.007486102168835496,718.0350041131411,1,-0.0,0.7486102168835496,1.0,0.7486102168835496,Bullish,900.0,10,Saturday,London,2022,1,96633.77164771751,83491.84464273088,86858.07299501337
715,722,2022-01-08 10:45:00,2022-01-08 12:30:00,217.6064801878373,217.4334389286939,1,-0.0007952026933849554,-76.84343548621173,7,-1.7201536724036903,0.0,0.0,0.0,Bullish,6300.0,10,Saturday,London,2022,1,96556.9282122313,83491.84464273088,86934.91643049958
722,724,2022-01-08 12:30:00,2022-01-08 13:00:00,217.4334389286939,213.2256626574938,-1,0.019352020056951802,1868.571611400756,2,-0.0,1.9352020056951802,1.0,1.9352020056951802,Bullish,1800.0,12,Saturday,London,2022,1,98425.49982363207,85360.41625413163,86934.91643049958
724,730,2022-01-08 13:00:00,2022-01-08 14:30:00,213.2256626574938,212.4972596292914,1,-0.003416113328593373,-336.2326618209743,6,-0.8840085418879928,0.0,0.0,0.0,Bullish,5400.0,13,Saturday,NY_overlap,2022,1,98089.26716181109,85360.41625413163,87271.14909232056
730,732,2022-01-08 14:30:00,2022-01-08 15:00:00,212.4972596292914,211.0732353225349,-1,0.006701377275362241,657.3331859150967,2,-0.0,0.6701377275362241,1.0,0.6701377275362241,Bullish,1800.0,14,Saturday,NY_overlap,2022,1,98746.60034772618,86017.74944004673,87271.14909232056
732,735,2022-01-08 15:00:00,2022-01-08 15:45:00,211.0732353225349,211.6772499387272,1,0.002861635276823593,282.5767550214542,3,-0.15480981486473144,0.2861635276823593,1.0,1.8484843995996063,Bullish,2700.0,15,Saturday,NY_overlap,2022,1,99029.17710274764,86300.32619506818,87271.14909232056
735,736,2022-01-08 15:45:00,2022-01-08 16:00:00,211.6772499387272,210.1813436964659,-1,0.007066920241520114,699.8312961684876,1,-0.0,0.7066920241520114,1.0,0.7066920241520114,Bullish,900.0,15,Saturday,NY_overlap,2022,1,99729.00839891612,87000.15749123666,87271.14909232056
736,739,2022-01-08 16:00:00,2022-01-08 16:45:00,210.1813436964659,210.9049962614917,1,0.003442991429681186,343.36612120807126,3,-0.2426535187948109,0.3442991429681186,1.0,1.418892026285676,Bullish,2700.0,16,Saturday,NY,2022,1,100072.3745201242,87343.52361244474,87271.14909232056
739,742,2022-01-08 16:45:00,2022-01-08 17:30:00,210.9049962614917,209.4687525514672,-1,0.0068099084207743354,681.483705931477,3,-0.6956282073170783,0.6809908420774335,1.0,0.978958062531566,Bullish,2700.0,16,Saturday,NY,2022,1,100753.85822605567,88025.00731837621,87271.14909232056
742,743,2022-01-08 17:30:00,2022-01-08 17:45:00,209.4687525514672,212.0772621144764,1,0.01245297702514514,1254.6854816838022,1,0.0,1.245297702514514,1.0,1.245297702514514,Sideways,900.0,17,Saturday,NY,2022,1,102008.54370773947,89279.69280006002,87271.14909232056
743,744,2022-01-08 17:45:00,2022-01-08 18:00:00,212.0772621144764,210.6689600891194,-1,0.006640513986816865,677.3891612660636,1,-0.0,0.6640513986816865,1.0,0.6640513986816865,Bullish,900.0,17,Saturday,NY,2022,1,102685.93286900554,89957.08196132608,87271.14909232056
744,747,2022-01-08 18:00:00,2022-01-08 18:45:00,210.6689600891194,210.9282372511547,1,0.001230732623950015,126.37892760262629,3,-0.37010945328536105,0.12307326239500149,1.0,0.332532069371678,Bullish,2700.0,18,Saturday,NY,2022,1,102812.31179660816,90083.4608889287,87271.14909232056
747,749,2022-01-08 18:45:00,2022-01-08 19:15:00,210.9282372511547,209.9239618206087,-1,0.004761218524526933,489.5118834754498,2,-0.17220026923243648,0.47612185245269334,1.0,2.764930941019741,Sideways,1800.0,18,Saturday,NY,2022,1,103301.82368008362,90572.97277240416,87271.14909232056
749,752,2022-01-08 19:15:00,2022-01-08 20:00:00,209.9239618206087,210.440563924617,1,0.0024609010783140928,254.2155692861301,3,-0.4729011708503039,0.24609010783140928,1.0,0.5203837989847326,Sideways,2700.0,19,Saturday,NY,2022,1,103556.03924936974,90827.18834169029,87271.14909232056
752,753,2022-01-08 20:00:00,2022-01-08 20:15:00,210.440563924617,209.2317108215638,-1,0.005744392053075087,594.8664889120114,1,-0.0,0.5744392053075087,1.0,0.5744392053075087,Sideways,900.0,20,Saturday,NY,2022,1,104150.90573828176,91422.0548306023,87271.14909232056
753,762,2022-01-08 20:15:00,2022-01-08 22:30:00,209.2317108215638,208.6552273099543,1,-0.002755239678277732,-286.96070801867785,9,-1.6783698437434436,0.0,0.0,0.0,Sideways,8100.0,20,Saturday,NY,2022,1,103863.94503026307,91422.0548306023,87558.10980033924
762,764,2022-01-08 22:30:00,2022-01-08 23:00:00,208.6552273099543,207.3130530987334,-1,0.00643249741942542,668.104558378511,2,-0.3427193929105954,0.643249741942542,1.0,1.8768991637142212,Bearish,1800.0,22,Saturday,Late,2022,1,104532.04958864159,92090.15938898081,87558.10980033924
764,768,2022-01-08 23:00:00,2022-01-09 00:00:00,207.3130530987334,209.2336359098142,1,0.00926416731784907,968.4023974668719,4,-0.2425148609756289,0.926416731784907,1.0,3.820041081432967,Bearish,3600.0,23,Saturday,Late,2022,1,105500.45198610846,93058.56178644768,87558.10980033924
768,773,2022-01-09 00:00:00,2022-01-09 01:15:00,209.2336359098142,211.2298451147115,-1,-0.009540575042904287,-1006.5349792337885,5,-2.1399125842021194,-0.0,0.0,-0.0,Sideways,4500.0,0,Sunday,Asia,2022,1,104493.91700687468,93058.56178644768,88564.64477957303
773,774,2022-01-09 01:15:00,2022-01-09 01:30:00,211.2298451147115,212.7329457743498,1,0.0071159483112910316,743.573312265255,1,0.0,0.7115948311291032,1.0,0.7115948311291032,Sideways,900.0,1,Sunday,Asia,2022,1,105237.49031913994,93802.13509871294,88564.64477957303
774,775,2022-01-09 01:30:00,2022-01-09 01:45:00,212.7329457743498,211.9872611826188,-1,0.0035052614394854853,368.88491680390825,1,-0.0,0.35052614394854853,1.0,0.35052614394854853,Sideways,900.0,1,Sunday,Asia,2022,1,105606.37523594384,94171.02001551684,88564.64477957303
775,776,2022-01-09 01:45:00,2022-01-09 02:00:00,211.9872611826188,212.9581413123715,1,0.004579898453975106,483.66647467301414,1,0.0,0.45798984539751064,1.0,0.45798984539751064,Sideways,900.0,1,Sunday,Asia,2022,1,106090.04171061685,94654.68649018985,88564.64477957303
776,785,2022-01-09 02:00:00,2022-01-09 04:15:00,212.9581413123715,214.8862068710139,-1,-0.009053730215527578,-960.5106162019928,9,-1.6970941267787198,0.08307605068814672,-10.898123033693226,0.0489519404830153,Sideways,8100.0,2,Sunday,Asia,2022,1,105129.53109441485,94654.68649018985,89525.15539577503
785,800,2022-01-09 04:15:00,2022-01-09 08:00:00,214.8862068710139,203.0265654930505,1,-0.05519033329618128,-5802.13386037201,15,-6.471065312154723,0.2379379375715418,-23.1952642186734,0.03676951569699328,Sideways,13500.0,4,Sunday,Asia,2022,1,99327.39723404284,94654.68649018985,95327.28925614704
800,803,2022-01-09 08:00:00,2022-01-09 08:45:00,203.0265654930505,202.1224239188361,-1,0.00445331659932624,442.3363468702343,3,-0.3405146627406097,0.445331659932624,1.0,1.307819335438896,Sideways,2700.0,8,Sunday,London,2022,1,99769.73358091309,95097.02283706008,95327.28925614704
803,804,2022-01-09 08:45:00,2022-01-09 09:00:00,202.1224239188361,204.3522845110377,1,0.011032227641882164,1100.6824126345684,1,0.0,1.1032227641882164,1.0,1.1032227641882164,Bearish,900.0,8,Sunday,London,2022,1,100870.41599354765,96197.70524969466,95327.28925614704
804,805,2022-01-09 09:00:00,2022-01-09 09:15:00,204.3522845110377,201.1209181976725,-1,0.015812724193894123,1595.0360674293356,1,-0.0,1.5812724193894123,1.0,1.5812724193894123,Sideways,900.0,9,Sunday,London,2022,1,102465.45206097698,97792.74131712399,95327.28925614704
805,814,2022-01-09 09:15:00,2022-01-09 11:30:00,201.1209181976725,200.3506992839931,1,-0.0038296310527102806,-392.4048770427141,9,-2.5987856235609064,0.0,0.0,0.0,Bearish,8100.0,9,Sunday,London,2022,1,102073.04718393428,97792.74131712399,95719.69413318975
814,815,2022-01-09 11:30:00,2022-01-09 11:45:00,200.3506992839931,197.5857434144859,-1,0.013800580079772584,1408.6672616482904,1,-0.0,1.3800580079772584,1.0,1.3800580079772584,Bearish,900.0,11,Sunday,London,2022,1,103481.71444558256,99201.40857877229,95719.69413318975
815,816,2022-01-09 11:45:00,2022-01-09 12:00:00,197.5857434144859,198.5255185541077,1,0.004756290223077331,492.1890666848045,1,0.0,0.4756290223077331,1.0,0.4756290223077331,Bearish,900.0,11,Sunday,London,2022,1,103973.90351226737,99693.59764545709,95719.69413318975
816,820,2022-01-09 12:00:00,2022-01-09 13:00:00,198.5255185541077,199.8208289082206,-1,-0.006524654178197586,-678.393763974828,4,-1.6309935801845032,-0.0,0.0,-0.0,Bearish,3600.0,12,Sunday,London,2022,1,103295.50974829253,99693.59764545709,96398.08789716459
820,822,2022-01-09 13:00:00,2022-01-09 13:30:00,199.8208289082206,201.2306796758123,1,0.007055574612991222,728.8091762160401,2,0.0,0.7055574612991222,1.0,0.7055574612991222,Bearish,1800.0,13,Sunday,NY_overlap,2022,1,104024.31892450858,100422.40682167312,96398.08789716459
822,823,2022-01-09 13:30:00,2022-01-09 13:45:00,201.2306796758123,199.7666057499962,-1,0.007275599964055024,756.8393310280029,1,-0.0,0.7275599964055024,1.0,0.7275599964055024,Bearish,900.0,13,Sunday,NY_overlap,2022,1,104781.15825553657,101179.24615270113,96398.08789716459
823,824,2022-01-09 13:45:00,2022-01-09 14:00:00,199.7666057499962,201.0147289871154,1,0.00624790731380398,654.6629650136192,1,0.0,0.624790731380398,1.0,0.624790731380398,Bearish,900.0,13,Sunday,NY_overlap,2022,1,105435.8212205502,101833.90911771475,96398.08789716459
824,826,2022-01-09 14:00:00,2022-01-09 14:30:00,201.0147289871154,198.0793142696238,-1,0.014602983235520783,1539.677529707061,2,-0.14898076904925617,1.4602983235520783,1.0,9.801924992542313,Bearish,1800.0,14,Sunday,NY_overlap,2022,1,106975.49875025726,103373.5866474218,96398.08789716459
826,831,2022-01-09 14:30:00,2022-01-09 15:45:00,198.0793142696238,197.5128702685681,1,-0.0028596827646761858,-305.9159900187495,5,-1.380060369223135,0.37986116698243144,-0.7528231399363984,0.275249674183647,Bearish,4500.0,14,Sunday,NY_overlap,2022,1,106669.58276023851,103373.5866474218,96704.00388718334
831,832,2022-01-09 15:45:00,2022-01-09 16:00:00,197.5128702685681,196.4552705007224,-1,0.005354586596851174,571.1715181396801,1,-0.0,0.5354586596851174,1.0,0.5354586596851174,Bearish,900.0,15,Sunday,NY_overlap,2022,1,107240.7542783782,103944.75816556149,96704.00388718334
832,833,2022-01-09 16:00:00,2022-01-09 16:15:00,196.4552705007224,197.4251852225222,1,0.004937076614578428,529.4558200775325,1,0.0,0.49370766145784284,1.0,0.49370766145784284,Bearish,900.0,16,Sunday,NY,2022,1,107770.21009845572,104474.21398563903,96704.00388718334
833,834,2022-01-09 16:15:00,2022-01-09 16:30:00,197.4251852225222,196.7701596643309,-1,0.003317841933150656,357.5645222091127,1,-0.0,0.3317841933150656,1.0,0.3317841933150656,Bearish,900.0,16,Sunday,NY,2022,1,108127.77462066484,104831.77850784814,96704.00388718334
834,835,2022-01-09 16:30:00,2022-01-09 16:45:00,196.7701596643309,198.2465012792021,1,0.007502873491538109,811.2690139003932,1,0.0,0.7502873491538109,1.0,0.7502873491538109,Bearish,900.0,16,Sunday,NY,2022,1,108939.04363456523,105643.04752174854,96704.00388718334
835,837,2022-01-09 16:45:00,2022-01-09 17:15:00,198.2465012792021,196.6090049327405,-1,0.00825990035584745,899.8256452828261,2,-0.0,0.8259900355847449,1.0,0.8259900355847449,Bearish,1800.0,16,Sunday,NY,2022,1,109838.86927984806,106542.87316703136,96704.00388718334
837,839,2022-01-09 17:15:00,2022-01-09 17:45:00,196.6090049327405,199.0731931862429,1,0.012533445527306286,1376.6594848998914,2,0.0,1.2533445527306286,1.0,1.2533445527306286,Bearish,1800.0,17,Sunday,NY,2022,1,111215.52876474796,107919.53265193125,96704.00388718334
839,844,2022-01-09 17:45:00,2022-01-09 19:00:00,199.0731931862429,199.3864659826535,-1,-0.0015736563592343433,-175.01502408625564,5,-1.4045553371091257,-0.0,0.0,-0.0,Bearish,4500.0,17,Sunday,NY,2022,1,111040.5137406617,107919.53265193125,96879.0189112696
844,848,2022-01-09 19:00:00,2022-01-09 20:00:00,199.3864659826535,197.9137558622085,1,-0.007386209054796811,-820.1684480405651,4,-1.7237338880355169,0.0,0.0,0.0,Bearish,3600.0,19,Sunday,NY,2022,1,110220.34529262113,107919.53265193125,97699.18735931016
848,854,2022-01-09 20:00:00,2022-01-09 21:30:00,197.9137558622085,200.8177641180376,-1,-0.014673099619467278,-1617.274106570711,6,-2.700069365350455,-0.0,0.0,-0.0,Sideways,5400.0,20,Sunday,NY,2022,1,108603.07118605042,107919.53265193125,99316.46146588087
854,855,2022-01-09 21:30:00,2022-01-09 21:45:00,200.8177641180376,202.8090608329547,1,0.00991593907870958,1076.9014376416355,1,0.0,0.9915939078709579,1.0,0.9915939078709579,Sideways,900.0,21,Sunday,Late,2022,1,109679.97262369205,108996.43408957288,99316.46146588087
855,864,2022-01-09 21:45:00,2022-01-10 00:00:00,202.8090608329547,204.1455471597484,-1,-0.0065898748374684235,-722.7772917670937,9,-2.532949928682404,-0.0,0.0,-0.0,Sideways,8100.0,21,Sunday,Late,2022,1,108957.19533192496,108996.43408957288,100039.23875764797
864,866,2022-01-10 00:00:00,2022-01-10 00:30:00,204.1455471597484,205.9925513858138,1,0.009047487205881222,985.7888307542921,2,0.0,0.9047487205881222,1.0,0.9047487205881222,Sideways,1800.0,0,Monday,Asia,2022,1,109942.98416267925,109982.22292032717,100039.23875764797
866,869,2022-01-10 00:30:00,2022-01-10 01:15:00,205.9925513858138,205.5423217966618,-1,0.0021856595596446704,240.29793435102246,3,-0.5056728256400023,0.21856595596446704,1.0,0.4322280037252153,Bullish,2700.0,0,Monday,Asia,2022,1,110183.28209703027,110222.5208546782,100039.23875764797
869,870,2022-01-10 01:15:00,2022-01-10 01:30:00,205.5423217966618,206.6388200699345,1,0.005334659371793116,587.7902784538471,1,0.0,0.5334659371793116,1.0,0.5334659371793116,Sideways,900.0,1,Monday,Asia,2022,1,110771.07237548413,110810.31113313204,100039.23875764797
870,872,2022-01-10 01:30:00,2022-01-10 02:00:00,206.6388200699345,205.6699639614534,-1,0.004688645183674622,519.3662549837866,2,-0.910532159133326,0.46886451836746224,1.0,0.5149346057296238,Bullish,1800.0,1,Monday,Asia,2022,1,111290.4386304679,111329.67738811583,100039.23875764797
872,876,2022-01-10 02:00:00,2022-01-10 03:00:00,205.6699639614534,205.9800406096045,1,0.0015076418655337598,167.78612451290903,4,-0.6690194529140769,0.15076418655337598,1.0,0.22535097581495708,Sideways,3600.0,2,Monday,Asia,2022,1,111458.22475498082,111497.46351262873,100039.23875764797
876,881,2022-01-10 03:00:00,2022-01-10 04:15:00,205.9800406096045,206.0318462785046,-1,-0.00025150819830299653,-28.032657294175667,5,-0.25998709288144184,0.0009682138114808225,-25.976514207985783,0.003724084148755581,Bullish,4500.0,3,Monday,Asia,2022,1,111430.19209768664,111497.46351262873,100067.27141494214
881,886,2022-01-10 04:15:00,2022-01-10 05:30:00,206.0318462785046,204.0199104400297,1,-0.00976516919503434,-1088.1346792690883,5,-1.6041583505726709,0.0,0.0,0.0,Bullish,4500.0,4,Monday,Asia,2022,1,110342.05741841756,111497.46351262873,101155.40609421123
886,887,2022-01-10 05:30:00,2022-01-10 05:45:00,204.0199104400297,201.8585942755787,-1,0.010593653138017078,1168.9254828258795,1,-0.0,1.0593653138017078,1.0,1.0593653138017078,Bullish,900.0,5,Monday,Asia,2022,1,111510.98290124343,112666.38899545462,101155.40609421123
887,889,2022-01-10 05:45:00,2022-01-10 06:15:00,201.8585942755787,205.4431948181469,1,0.017757978328504898,1980.209617750561,2,0.0,1.7757978328504898,1.0,1.7757978328504898,Sideways,1800.0,5,Monday,Asia,2022,1,113491.192518994,114646.59861320518,101155.40609421123
889,893,2022-01-10 06:15:00,2022-01-10 07:15:00,205.4431948181469,205.7266604030872,-1,-0.0013797759774483165,-156.59242108966998,4,-1.6971341460927825,-0.0,0.0,-0.0,Bullish,3600.0,6,Monday,Asia,2022,1,113334.60009790433,114646.59861320518,101311.99851530089
893,894,2022-01-10 07:15:00,2022-01-10 07:30:00,205.7266604030872,208.2144381873428,1,0.01209263679963124,1370.514155815408,1,0.0,1.209263679963124,1.0,1.209263679963124,Sideways,900.0,7,Monday,Asia,2022,1,114705.11425371973,116017.11276902059,101311.99851530089
894,897,2022-01-10 07:30:00,2022-01-10 08:15:00,208.2144381873428,205.6047682739335,-1,0.01253356845052811,1437.6644011246437,3,-0.0,1.253356845052811,1.0,1.253356845052811,Bullish,2700.0,7,Monday,Asia,2022,1,116142.77865484438,117454.77717014523,101311.99851530089
897,902,2022-01-10 08:15:00,2022-01-10 09:30:00,205.6047682739335,205.5717011218675,1,-0.00016082872174416618,-18.67909463087425,5,-1.2363458953212891,0.0,0.0,0.0,Bullish,4500.0,8,Monday,London,2022,1,116124.09956021351,117454.77717014523,101330.67760993176
902,903,2022-01-10 09:30:00,2022-01-10 09:45:00,205.5717011218675,202.6807300107836,-1,0.014063079185058003,1633.0624074088416,1,-0.0,1.4063079185058003,1.0,1.4063079185058003,Sideways,900.0,9,Monday,London,2022,1,117757.16196762235,119087.83957755407,101330.67760993176
903,907,2022-01-10 09:45:00,2022-01-10 10:45:00,202.6807300107836,203.2074698977337,1,0.002598865155666541,306.0349850678349,4,-1.3330625183362255,0.2598865155666541,1.0,0.19495448412353114,Sideways,3600.0,9,Monday,London,2022,1,118063.19695269018,119393.8745626219,101330.67760993176
907,911,2022-01-10 10:45:00,2022-01-10 11:45:00,203.2074698977337,203.0128229120673,-1,0.0009578731813567609,113.08957006622317,4,-0.9705502793843301,0.09578731813567609,1.0,0.09869382366922701,Sideways,3600.0,10,Monday,London,2022,1,118176.2865227564,119506.96413268812,101330.67760993176
911,912,2022-01-10 11:45:00,2022-01-10 12:00:00,203.0128229120673,205.4253727822122,1,0.011883731458627533,1404.375253814261,1,0.0,1.1883731458627533,1.0,1.1883731458627533,Sideways,900.0,11,Monday,London,2022,1,119580.66177657066,120911.33938650238,101330.67760993176
912,924,2022-01-10 12:00:00,2022-01-10 15:00:00,205.4253727822122,208.1309810384723,-1,-0.013170759870683169,-1574.9681814365933,12,-1.8926888925137941,0.37378634540148337,-3.5236064753880925,0.19748958578450534,Sideways,10800.0,12,Monday,London,2022,1,118005.69359513407,120911.33938650238,102905.64579136836
924,928,2022-01-10 15:00:00,2022-01-10 16:00:00,208.1309810384723,207.904238662998,1,-0.0010894215476376923,-128.55794534647026,4,-1.387940432192325,0.0,0.0,0.0,Sideways,3600.0,15,Monday,NY_overlap,2022,1,117877.13564978761,120911.33938650238,103034.20373671483
928,930,2022-01-10 16:00:00,2022-01-10 16:30:00,207.904238662998,207.0658944299229,-1,0.004032357581867374,475.3227616662299,2,-0.312486235525955,0.4032357581867374,1.0,1.2904112640610845,Sideways,1800.0,16,Monday,NY,2022,1,118352.45841145383,121386.66214816862,103034.20373671483
930,942,2022-01-10 16:30:00,2022-01-10 19:30:00,207.0658944299229,203.9403771000087,1,-0.015094312554557177,-1786.4489988627136,12,-2.80410172748663,0.0,0.0,0.0,Sideways,10800.0,16,Monday,NY,2022,1,116566.00941259111,121386.66214816862,104820.65273557755
942,944,2022-01-10 19:30:00,2022-01-10 20:00:00,203.9403771000087,200.8402045517118,-1,0.015201367146519651,1771.9627058854628,2,-0.0,1.520136714651965,1.0,1.520136714651965,Sideways,1800.0,19,Monday,NY,2022,1,118337.97211847658,123158.62485405408,104820.65273557755
944,945,2022-01-10 20:00:00,2022-01-10 20:15:00,200.8402045517118,202.8071887907587,1,0.009793777313846785,1158.9757467005693,1,0.0,0.9793777313846785,1.0,0.9793777313846785,Bearish,900.0,20,Monday,NY,2022,1,119496.94786517715,124317.60060075465,104820.65273557755
945,955,2022-01-10 20:15:00,2022-01-10 22:45:00,202.8071887907587,208.4825672252584,-1,-0.02798410878992641,-3344.015589123281,10,-3.715598762268324,0.0704252924587645,-39.73587870623569,0.018953955193959315,Sideways,9000.0,20,Monday,NY,2022,1,116152.93227605388,124317.60060075465,108164.66832470083
955,960,2022-01-10 22:45:00,2022-01-11 00:00:00,208.4825672252584,205.0760874268132,1,-0.016339398750614187,-1897.8690765115284,5,-2.8618851007076174,0.0,0.0,0.0,Bullish,4500.0,22,Monday,Late,2022,1,114255.06319954235,124317.60060075465,110062.53740121236
960,963,2022-01-11 00:00:00,2022-01-11 00:45:00,205.0760874268132,203.8399837247986,-1,0.006027536986513482,688.6766193316768,3,-0.8205764140342131,0.6027536986513482,1.0,0.7345491392910265,Sideways,2700.0,0,Tuesday,Asia,2022,1,114943.73981887402,125006.27722008633,110062.53740121236
963,968,2022-01-11 00:45:00,2022-01-11 02:00:00,203.8399837247986,202.6435930404969,1,-0.005869264029754406,-674.6351575643664,5,-1.684444223111703,0.0,0.0,0.0,Sideways,4500.0,0,Tuesday,Asia,2022,1,114269.10466130966,125006.27722008633,110737.17255877673
968,969,2022-01-11 02:00:00,2022-01-11 02:15:00,202.6435930404969,201.5341609744176,-1,0.0054747946847626405,625.5998868323238,1,-0.0,0.547479468476264,1.0,0.547479468476264,Sideways,900.0,2,Tuesday,Asia,2022,1,114894.70454814198,125631.87710691865,110737.17255877673
969,970,2022-01-11 02:15:00,2022-01-11 02:30:00,201.5341609744176,203.7008017636754,1,0.010750737139461064,1235.2027673131156,1,0.0,1.0750737139461064,1.0,1.0750737139461064,Bearish,900.0,2,Tuesday,Asia,2022,1,116129.9073154551,126867.07987423176,110737.17255877673
970,972,2022-01-11 02:30:00,2022-01-11 03:00:00,203.7008017636754,202.0628641034938,-1,0.008040899427003034,933.7889051907581,2,-0.0,0.8040899427003034,1.0,0.8040899427003034,Sideways,1800.0,2,Tuesday,Asia,2022,1,117063.69622064586,127800.86877942251,110737.17255877673
972,975,2022-01-11 03:00:00,2022-01-11 03:45:00,202.0628641034938,202.6370248032244,1,0.0028414954043041174,332.63595482181836,3,-0.11842162089639174,0.28414954043041174,1.0,2.3994734937720286,Bearish,2700.0,3,Tuesday,Asia,2022,1,117396.33217546767,128133.50473424433,110737.17255877673
975,978,2022-01-11 03:45:00,2022-01-11 04:30:00,202.6370248032244,202.795605308021,-1,-0.0007825840561497266,-91.87249781097812,3,-0.9917793127409924,-0.0,0.0,-0.0,Sideways,2700.0,3,Tuesday,Asia,2022,1,117304.45967765669,128133.50473424433,110829.04505658771
978,990,2022-01-11 04:30:00,2022-01-11 07:30:00,202.795605308021,199.450005245643,1,-0.01649739922764326,-1935.218502485283,12,-3.1167728985843635,0.0,0.0,0.0,Sideways,10800.0,4,Tuesday,Asia,2022,1,115369.24117517141,128133.50473424433,112764.26355907299
990,999,2022-01-11 07:30:00,2022-01-11 09:45:00,199.450005245643,200.773501616796,-1,-0.006635729939054036,-765.5591277120302,9,-1.4818206417021695,0.3269272968524306,-2.0297264874915877,0.22062541690395723,Sideways,8100.0,7,Tuesday,Asia,2022,1,114603.68204745938,128133.50473424433,113529.82268678502
999,1004,2022-01-11 09:45:00,2022-01-11 11:00:00,200.773501616796,201.1545897349899,1,0.0018980996751316592,217.52921166317455,5,-0.9541136016034235,0.18980996751316592,1.0,0.1989385406456665,Sideways,4500.0,9,Tuesday,London,2022,1,114821.21125912256,128351.0339459075,113529.82268678502
1004,1013,2022-01-11 11:00:00,2022-01-11 13:15:00,201.1545897349899,203.9303360968014,-1,-0.013799070483394793,-1584.4259871533955,9,-2.2291332642010886,-0.0,0.0,-0.0,Bearish,8100.0,11,Tuesday,London,2022,1,113236.78527196916,128351.0339459075,115114.24867393842
1013,1015,2022-01-11 13:15:00,2022-01-11 13:45:00,203.9303360968014,204.5185665895311,1,0.002884467823612402,326.62786356630164,2,-0.3188430443910706,0.2884467823612402,1.0,0.9046670060252328,Sideways,1800.0,13,Tuesday,NY_overlap,2022,1,113563.41313553546,128677.66180947381,115114.24867393842
1015,1016,2022-01-11 13:45:00,2022-01-11 14:00:00,204.5185665895311,203.3907172392225,-1,0.0055146550707652064,626.2630521012844,1,-0.0,0.5514655070765206,1.0,0.5514655070765206,Sideways,900.0,13,Tuesday,NY_overlap,2022,1,114189.67618763674,129303.9248615751,115114.24867393842
1016,1025,2022-01-11 14:00:00,2022-01-11 16:15:00,203.3907172392225,201.054562434657,1,-0.01148604437938927,-1311.5876883592855,9,-2.7481686182208476,0.0,0.0,0.0,Sideways,8100.0,14,Tuesday,NY_overlap,2022,1,112878.08849927745,129303.9248615751,116425.8363622977
1025,1029,2022-01-11 16:15:00,2022-01-11 17:15:00,201.054562434657,200.1194629236373,-1,0.0046509738435983605,524.9930371255202,4,-0.1805183516371267,0.46509738435983605,1.0,2.5764548598070665,Sideways,3600.0,16,Tuesday,NY,2022,1,113403.08153640298,129828.91789870062,116425.8363622977
1029,1033,2022-01-11 17:15:00,2022-01-11 18:15:00,200.1194629236373,201.0282832618032,1,0.004541389052761469,515.0075130388366,4,-0.9562404365898614,0.45413890527614686,1.0,0.47492125191410456,Sideways,3600.0,17,Tuesday,NY,2022,1,113918.08904944181,130343.92541173946,116425.8363622977
1033,1036,2022-01-11 18:15:00,2022-01-11 19:00:00,201.0282832618032,200.4203603015931,-1,0.0030240668146104266,344.49591267825235,3,-1.6348417485941624,0.30240668146104266,1.0,0.1849761187717949,Sideways,2700.0,18,Tuesday,NY,2022,1,114262.58496212006,130688.42132441771,116425.8363622977
1036,1037,2022-01-11 19:00:00,2022-01-11 19:15:00,200.4203603015931,201.8086749591705,1,0.0069270140792496715,791.4985347640672,1,0.0,0.6927014079249671,1.0,0.6927014079249671,Sideways,900.0,19,Tuesday,NY,2022,1,115054.08349688414,131479.91985918177,116425.8363622977
1037,1043,2022-01-11 19:15:00,2022-01-11 20:45:00,201.8086749591705,202.1826869460527,-1,-0.0018532998492650776,-213.22971560210695,6,-1.3159885025970874,0.019566094654999144,-9.471996747146262,0.014867982977347973,Sideways,5400.0,19,Tuesday,NY,2022,1,114840.85378128203,131479.91985918177,116639.06607789981
1043,1050,2022-01-11 20:45:00,2022-01-11 22:30:00,202.1826869460527,201.4803852754558,1,-0.003473599452085141,-398.9111267716509,7,-1.2654229161676245,0.0,0.0,0.0,Sideways,6300.0,20,Tuesday,NY,2022,1,114441.94265451038,131479.91985918177,117037.97720467146
1050,1055,2022-01-11 22:30:00,2022-01-11 23:45:00,201.4803852754558,202.2822689754159,-1,-0.003979959135296474,-455.47425512889356,5,-1.5715957861914598,-0.0,0.0,-0.0,Sideways,4500.0,22,Tuesday,Late,2022,1,113986.46839938148,131479.91985918177,117493.45145980036
1055,1058,2022-01-11 23:45:00,2022-01-12 00:30:00,202.2822689754159,204.7733309486322,1,0.012314781645637263,1403.7184688957145,3,0.0,1.2314781645637263,1.0,1.2314781645637263,Sideways,2700.0,23,Tuesday,Late,2022,1,115390.1868682772,132883.63832807748,117493.45145980036
1058,1067,2022-01-12 00:30:00,2022-01-12 02:45:00,204.7733309486322,207.3173393311571,-1,-0.01242353372257754,-1433.5538778125654,9,-2.494389336095537,0.5086723039793628,-2.442345224103566,0.2039265870080998,Sideways,8100.0,0,Wednesday,Asia,2022,1,113956.63299046463,132883.63832807748,118927.00533761292
1067,1070,2022-01-12 02:45:00,2022-01-12 03:30:00,207.3173393311571,208.5576051270916,1,0.005982450864630229,681.7399575641546,3,-0.16083586957420515,0.5982450864630229,1.0,3.719599912922468,Sideways,2700.0,2,Wednesday,Asia,2022,1,114638.37294802879,133565.37828564164,118927.00533761292
1070,1072,2022-01-12 03:30:00,2022-01-12 04:00:00,208.5576051270916,206.2293606541901,-1,0.01116355585058959,1279.7718790260378,2,-0.0,1.116355585058959,1.0,1.116355585058959,Bullish,1800.0,3,Wednesday,Asia,2022,1,115918.14482705483,134845.15016466766,118927.00533761292
1072,1082,2022-01-12 04:00:00,2022-01-12 06:30:00,206.2293606541901,204.0365954437121,1,-0.010632652904136508,-1232.5173992375005,10,-1.867009262588415,0.38708381842753603,-2.746860601750262,0.20732827960954217,Bullish,9000.0,4,Wednesday,Asia,2022,1,114685.62742781732,134845.15016466766,120159.52273685043
1082,1084,2022-01-12 06:30:00,2022-01-12 07:00:00,204.0365954437121,203.5461934724136,-1,0.0024035000693479747,275.6469134759748,2,-0.5729448329990561,0.24035000693479747,1.0,0.4194993882337594,Sideways,1800.0,6,Wednesday,Asia,2022,1,114961.2743412933,135120.79707814363,120159.52273685043
1084,1087,2022-01-12 07:00:00,2022-01-12 07:45:00,203.5461934724136,204.3006028068789,1,0.0037063298585713333,426.0844036705457,3,-0.3430668474959431,0.37063298585713333,1.0,1.0803520904523316,Sideways,2700.0,7,Wednesday,Asia,2022,1,115387.35874496384,135546.88148181417,120159.52273685043
1087,1092,2022-01-12 07:45:00,2022-01-12 09:00:00,204.3006028068789,203.1021135519168,-1,0.005866303077407098,676.897217699458,5,-0.5533204696122951,0.5866303077407098,1.0,1.0601999021502937,Sideways,4500.0,7,Wednesday,Asia,2022,1,116064.2559626633,136223.77869951364,120159.52273685043
1092,1093,2022-01-12 09:00:00,2022-01-12 09:15:00,203.1021135519168,204.9181249997934,1,0.008941371491008043,1037.7736293896176,1,0.0,0.8941371491008043,1.0,0.8941371491008043,Sideways,900.0,9,Wednesday,London,2022,1,117102.02959205292,137261.55232890326,120159.52273685043
1093,1095,2022-01-12 09:15:00,2022-01-12 09:45:00,204.9181249997934,203.4271618048493,-1,0.007275897117180796,852.0223195248378,2,-0.14773028988503967,0.7275897117180796,1.0,4.925122074046381,Sideways,1800.0,9,Wednesday,London,2022,1,117954.05191157776,138113.5746484281,120159.52273685043
1095,1101,2022-01-12 09:45:00,2022-01-12 11:15:00,203.4271618048493,202.2163106632582,1,-0.0059522589355726074,-702.0930594776836,6,-1.2705113435077076,0.0,0.0,0.0,Sideways,5400.0,9,Wednesday,London,2022,1,117251.95885210007,138113.5746484281,120861.61579632811
1101,1102,2022-01-12 11:15:00,2022-01-12 11:30:00,202.2163106632582,201.1971177738778,-1,0.005040112175113465,590.9630253663723,1,-0.0,0.5040112175113465,1.0,0.5040112175113465,Sideways,900.0,11,Wednesday,London,2022,1,117842.92187746645,138704.53767379446,120861.61579632811
1102,1109,2022-01-12 11:30:00,2022-01-12 13:15:00,201.1971177738778,199.9018042782799,1,-0.006438032064920884,-758.6765096710955,7,-1.6667097001050513,0.0,0.0,0.0,Sideways,6300.0,11,Wednesday,London,2022,1,117084.24536779535,138704.53767379446,121620.29230599922
1109,1111,2022-01-12 13:15:00,2022-01-12 13:45:00,199.9018042782799,198.5123797998265,-1,0.006950534956248866,813.7981402548806,2,-0.0,0.6950534956248866,1.0,0.6950534956248866,Sideways,1800.0,13,Wednesday,NY_overlap,2022,1,117898.04350805024,139518.33581404935,121620.29230599922
1111,1113,2022-01-12 13:45:00,2022-01-12 14:15:00,198.5123797998265,200.2062083483485,1,0.00853260915127807,1005.977924954569,2,0.0,0.853260915127807,1.0,0.853260915127807,Bearish,1800.0,13,Wednesday,NY_overlap,2022,1,118904.02143300479,140524.31373900393,121620.29230599922
1113,1116,2022-01-12 14:15:00,2022-01-12 15:00:00,200.2062083483485,197.8235747525616,-1,0.011900897656686227,1415.064590042615,3,-0.0,1.1900897656686227,1.0,1.1900897656686227,Bearish,2700.0,14,Wednesday,NY_overlap,2022,1,120319.0860230474,141939.37832904654,121620.29230599922
1116,1117,2022-01-12 15:00:00,2022-01-12 15:15:00,197.8235747525616,199.5471143513791,1,0.008712508612652936,1048.2810732423297,1,0.0,0.8712508612652936,1.0,0.8712508612652936,Bearish,900.0,15,Wednesday,NY_overlap,2022,1,121367.36709628974,142987.65940228887,121620.29230599922
1117,1118,2022-01-12 15:15:00,2022-01-12 15:30:00,199.5471143513791,197.9639619991522,-1,0.00793372711689111,962.8955714375113,1,-0.0,0.7933727116891109,1.0,0.7933727116891109,Bearish,900.0,15,Wednesday,NY_overlap,2022,1,122330.26266772725,143950.5549737264,121620.29230599922
1118,1127,2022-01-12 15:30:00,2022-01-12 17:45:00,197.9639619991522,195.6059365871008,1,-0.011911387245631455,-1457.1231304951114,9,-2.277448403944904,0.0,0.0,0.0,Bearish,8100.0,15,Wednesday,NY_overlap,2022,1,120873.13953723214,143950.5549737264,123077.41543649432
1127,1128,2022-01-12 17:45:00,2022-01-12 18:00:00,195.6059365871008,194.5810685924712,-1,0.0052394524037017165,633.3090614913236,1,-0.0,0.5239452403701716,1.0,0.5239452403701716,Bearish,900.0,17,Wednesday,NY,2022,1,121506.44859872347,144583.86403521773,123077.41543649432
1128,1129,2022-01-12 18:00:00,2022-01-12 18:15:00,194.5810685924712,196.3423403456319,1,0.009051609007500572,1099.82886460561,1,0.0,0.9051609007500572,1.0,0.9051609007500572,Bearish,900.0,18,Wednesday,NY,2022,1,122606.27746332908,145683.69289982333,123077.41543649432
1129,1131,2022-01-12 18:15:00,2022-01-12 18:45:00,196.3423403456319,194.8920759211647,-1,0.007386406935530165,905.6198581946693,2,-0.0,0.7386406935530165,1.0,0.7386406935530165,Bearish,1800.0,18,Wednesday,NY,2022,1,123511.89732152375,146589.312758018,123077.41543649432
1131,1138,2022-01-12 18:45:00,2022-01-12 20:30:00,194.8920759211647,190.244700646649,1,-0.0238458913865518,-2945.2512884759917,7,-4.305543785632504,0.0,0.0,0.0,Bearish,6300.0,18,Wednesday,NY,2022,1,120566.64603304776,146589.312758018,126022.66672497032
1138,1149,2022-01-12 20:30:00,2022-01-12 23:15:00,190.244700646649,192.2556934010471,-1,-0.010570558588820944,-1274.456795749967,11,-1.7192946492451622,0.38991550478363335,-2.710986985420499,0.22678806390447476,Bearish,9900.0,20,Wednesday,NY,2022,1,119292.18923729779,146589.312758018,127297.12352072028
1149,1150,2022-01-12 23:15:00,2022-01-12 23:30:00,192.2556934010471,194.3122021798409,1,0.010696737986863658,1276.0372921507308,1,0.0,1.0696737986863658,1.0,1.0696737986863658,Bearish,900.0,23,Wednesday,Late,2022,1,120568.22652944851,147865.35005016872,127297.12352072028
1150,1152,2022-01-12 23:30:00,2022-01-13 00:00:00,194.3122021798409,192.967066425014,-1,0.0069225490717353955,834.6394646422164,2,-0.0,0.6922549071735395,1.0,0.6922549071735395,Bearish,1800.0,23,Wednesday,Late,2022,1,121402.86599409074,148699.98951481094,127297.12352072028
1152,1159,2022-01-13 00:00:00,2022-01-13 01:45:00,192.967066425014,193.8182793401427,1,0.004411182337476616,535.5301781921733,7,-1.3142342989908018,0.44111823374766157,1.0,0.33564656932663794,Bearish,6300.0,0,Thursday,Asia,2022,1,121938.3961722829,149235.5196930031,127297.12352072028
1159,1164,2022-01-13 01:45:00,2022-01-13 03:00:00,193.8182793401427,193.8678956210971,-1,-0.0002559938160802133,-31.215475362843566,5,-1.2456589711372201,-0.0,0.0,-0.0,Bearish,4500.0,1,Thursday,Asia,2022,1,121907.18069692006,149235.5196930031,127328.33899608313
1164,1165,2022-01-13 03:00:00,2022-01-13 03:15:00,193.8678956210971,195.1900803791652,1,0.00682002945269633,831.410562848168,1,0.0,0.682002945269633,1.0,0.682002945269633,Sideways,900.0,3,Thursday,Asia,2022,1,122738.59125976823,150066.93025585127,127328.33899608313
1165,1169,2022-01-13 03:15:00,2022-01-13 04:15:00,195.1900803791652,193.5865168782179,-1,0.00821539443926822,1008.3459401191144,4,-0.6552422071729014,0.821539443926822,1.0,1.2537950622433562,Sideways,3600.0,3,Thursday,Asia,2022,1,123746.93719988734,151075.2761959704,127328.33899608313
1169,1173,2022-01-13 04:15:00,2022-01-13 05:15:00,193.5865168782179,194.2946372356091,1,0.003657901225820659,452.6540732750198,4,-0.4268177932435169,0.3657901225820659,1.0,0.8570170418677175,Sideways,3600.0,4,Thursday,Asia,2022,1,124199.59127316237,151527.9302692454,127328.33899608313
1173,1174,2022-01-13 05:15:00,2022-01-13 05:30:00,194.2946372356091,193.4170310363073,-1,0.0045168832850367435,560.9950578301423,1,-0.0,0.45168832850367435,1.0,0.45168832850367435,Sideways,900.0,5,Thursday,Asia,2022,1,124760.5863309925,152088.92532707556,127328.33899608313
1174,1176,2022-01-13 05:30:00,2022-01-13 06:00:00,193.4170310363073,193.6174467674823,1,0.0010361845081645615,129.2749867857017,2,-0.18222805142223963,0.10361845081645615,1.0,0.5686196499811239,Sideways,1800.0,5,Thursday,Asia,2022,1,124889.86131777821,152218.20031386125,127328.33899608313
1176,1177,2022-01-13 06:00:00,2022-01-13 06:15:00,193.6174467674823,190.7972395064353,-1,0.014565873624156622,1819.1299368932032,1,-0.0,1.4565873624156622,1.0,1.4565873624156622,Sideways,900.0,6,Thursday,Asia,2022,1,126708.99125467142,154037.33025075446,127328.33899608313
1177,1182,2022-01-13 06:15:00,2022-01-13 07:30:00,190.7972395064353,190.8354793453623,1,0.00020042134270870093,25.39518616052628,5,-1.4915472310252254,0.5565598334201782,0.03601074505809542,0.3731426144900708,Sideways,4500.0,6,Thursday,Asia,2022,1,126734.38644083194,154062.72543691497,127328.33899608313
1182,1185,2022-01-13 07:30:00,2022-01-13 08:15:00,190.8354793453623,190.0042884958918,-1,0.0043555362573133305,551.9962151914023,3,-0.5804451612619443,0.43555362573133305,1.0,0.7503785969795959,Sideways,2700.0,7,Thursday,Asia,2022,1,127286.38265602334,154614.72165210638,127328.33899608313
1185,1188,2022-01-13 08:15:00,2022-01-13 09:00:00,190.0042884958918,191.1058116710008,1,0.005797359542928371,737.924925175729,3,-0.24554734318704696,0.5797359542928371,1.0,2.360994612151923,Sideways,2700.0,8,Thursday,London,2022,1,128024.30758119907,155352.6465772821,127328.33899608313
1188,1193,2022-01-13 09:00:00,2022-01-13 10:15:00,191.1058116710008,191.5842238202829,-1,-0.0025033888038199503,-320.49461821557526,5,-0.5962784717118641,-0.0,0.0,-0.0,Sideways,4500.0,9,Thursday,London,2022,1,127703.81296298349,155352.6465772821,127648.8336142987
1193,1196,2022-01-13 10:15:00,2022-01-13 11:00:00,191.5842238202829,191.2437942922415,1,-0.0017769183769574814,-226.91925206146635,3,-1.3785279954126262,0.0,0.0,0.0,Sideways,2700.0,10,Thursday,London,2022,1,127476.89371092203,155352.6465772821,127875.75286636016
1196,1198,2022-01-13 11:00:00,2022-01-13 11:30:00,191.2437942922415,190.4390153936311,-1,0.004208130787138553,536.4394410737199,2,-0.0,0.4208130787138553,1.0,0.4208130787138553,Sideways,1800.0,11,Thursday,London,2022,1,128013.33315199574,155889.08601835583,127875.75286636016
1198,1204,2022-01-13 11:30:00,2022-01-13 13:00:00,190.4390153936311,189.0769375182786,1,-0.007152304755079331,-915.5903714165735,6,-1.3020486171758106,0.0,0.0,0.0,Sideways,5400.0,11,Thursday,London,2022,1,127097.74278057917,155889.08601835583,128791.34323777673
1204,1205,2022-01-13 13:00:00,2022-01-13 13:15:00,189.0769375182786,187.82034622387,-1,0.00664592578503731,844.6821659654905,1,-0.0,0.664592578503731,1.0,0.664592578503731,Sideways,900.0,13,Thursday,NY_overlap,2022,1,127942.42494654466,156733.76818432132,128791.34323777673
1205,1206,2022-01-13 13:15:00,2022-01-13 13:30:00,187.82034622387,188.8871602879319,1,0.005679970703441839,726.7092254236798,1,0.0,0.5679970703441839,1.0,0.5679970703441839,Sideways,900.0,13,Thursday,NY_overlap,2022,1,128669.13417196834,157460.477409745,128791.34323777673
1206,1208,2022-01-13 13:30:00,2022-01-13 14:00:00,188.8871602879319,187.7246267167685,-1,0.0061546458181236385,791.9129485530941,2,-0.2668920982381584,0.6154645818123639,1.0,2.3060427261625422,Sideways,1800.0,13,Thursday,NY_overlap,2022,1,129461.04712052143,158252.39035829811,128791.34323777673
1208,1209,2022-01-13 14:00:00,2022-01-13 14:15:00,187.7246267167685,188.9575072656314,1,0.006567495008116264,850.2347807095289,1,0.0,0.6567495008116264,1.0,0.6567495008116264,Sideways,900.0,14,Thursday,NY_overlap,2022,1,130311.28190123096,159102.62513900764,128791.34323777673
1209,1211,2022-01-13 14:15:00,2022-01-13 14:45:00,188.9575072656314,188.0555761696081,-1,0.0047731953552678785,622.0012055099587,2,-0.22443824458988626,0.47731953552678785,1.0,2.1267299447961245,Sideways,1800.0,14,Thursday,NY_overlap,2022,1,130933.28310674091,159724.6263445176,128791.34323777673
1211,1213,2022-01-13 14:45:00,2022-01-13 15:15:00,188.0555761696081,189.0510351662641,1,0.0052934298303295435,693.0861465802057,2,-0.18373272915458427,0.5293429830329544,1.0,2.881048931611904,Bearish,1800.0,14,Thursday,NY_overlap,2022,1,131626.3692533211,160417.7124910978,128791.34323777673
1213,1215,2022-01-13 15:15:00,2022-01-13 15:45:00,189.0510351662641,188.5753501314514,-1,0.0025161726006650564,331.19466384022803,2,-0.10146134064994428,0.25161726006650564,1.0,2.479932341270949,Sideways,1800.0,15,Thursday,NY_overlap,2022,1,131957.56391716134,160748.90715493803,128791.34323777673
1215,1216,2022-01-13 15:45:00,2022-01-13 16:00:00,188.5753501314514,188.8896987423556,1,0.0016669655428722674,219.96871217127278,1,0.0,0.16669655428722674,1.0,0.16669655428722674,Bearish,900.0,15,Thursday,NY_overlap,2022,1,132177.53262933262,160968.8758671093,128791.34323777673
1216,1217,2022-01-13 16:00:00,2022-01-13 16:15:00,188.8896987423556,188.0836773148237,-1,0.004267153968154247,564.0218828600941,1,-0.0,0.4267153968154247,1.0,0.4267153968154247,Bearish,900.0,16,Thursday,NY,2022,1,132741.55451219273,161532.89774996942,128791.34323777673
1217,1220,2022-01-13 16:15:00,2022-01-13 17:00:00,188.0836773148237,189.9050343506273,1,0.00968375917467279,1285.4372463677746,3,-0.20016433014726775,0.968375917467279,1.0,4.8379045195255905,Bearish,2700.0,16,Thursday,NY,2022,1,134026.9917585605,162818.3349963372,128791.34323777673
1220,1223,2022-01-13 17:00:00,2022-01-13 17:45:00,189.9050343506273,186.8957653348524,-1,0.01584617820198908,2123.8155952826714,3,-0.3284368189070408,1.584617820198908,1.0,4.824726489168106,Sideways,2700.0,17,Thursday,NY,2022,1,136150.80735384318,164942.15059161987,128791.34323777673
1223,1226,2022-01-13 17:45:00,2022-01-13 18:30:00,186.8957653348524,188.2838140715608,1,0.007426860283439307,1011.1730236944543,3,-0.10095780119643294,0.7426860283439307,1.0,7.356400590568443,Bearish,2700.0,17,Thursday,NY,2022,1,137161.98037753763,165953.32361531432,128791.34323777673
1226,1228,2022-01-13 18:30:00,2022-01-13 19:00:00,188.2838140715608,185.3178271723589,-1,0.015752744938949625,2160.6776922085637,2,-0.3699200486777743,1.5752744938949625,1.0,4.25841881110676,Sideways,1800.0,18,Thursday,NY,2022,1,139322.6580697462,168114.00130752288,128791.34323777673
1228,1239,2022-01-13 19:00:00,2022-01-13 21:45:00,185.3178271723589,183.7937571731113,1,-0.008224087355773513,-1145.8017106041561,11,-2.8507064097048618,0.9026818542233528,-0.9110726350923862,0.31665198883697354,Bearish,9900.0,19,Thursday,NY,2022,1,138176.85635914202,168114.00130752288,129937.14494838088
1239,1255,2022-01-13 21:45:00,2022-01-14 01:45:00,183.7937571731113,190.9911071322577,-1,-0.039159926157706026,-5410.995491727954,16,-4.537586528634496,-0.0,0.0,-0.0,Bearish,14400.0,21,Thursday,Late,2022,1,132765.86086741407,168114.00130752288,135348.14044010884
1255,1259,2022-01-14 01:45:00,2022-01-14 02:45:00,190.9911071322577,191.9087139831854,1,0.004804448043187026,637.8666804464885,4,-1.0735740706762975,0.4804448043187026,1.0,0.44751900911321996,Sideways,3600.0,1,Friday,Asia,2022,1,133403.72754786056,168751.86798796937,135348.14044010884
1259,1265,2022-01-14 02:45:00,2022-01-14 04:15:00,191.9087139831854,191.6225934261375,-1,0.0014909200896054964,198.8942974293635,6,-0.5803599145213889,0.14909200896054964,1.0,0.2568957731746563,Sideways,5400.0,2,Friday,Asia,2022,1,133602.62184528992,168950.76228539873,135348.14044010884
1265,1269,2022-01-14 04:15:00,2022-01-14 05:15:00,191.6225934261375,192.7249078352287,1,0.005752528391262279,768.5528753121083,4,-0.5254628965081443,0.5752528391262279,1.0,1.0947544402258513,Sideways,3600.0,4,Friday,Asia,2022,1,134371.17472060205,169719.31516071083,135348.14044010884
1269,1276,2022-01-14 05:15:00,2022-01-14 07:00:00,192.7249078352287,196.7230162238749,-1,-0.02074515657345355,-2787.5510585377724,7,-3.031445208330452,-0.0,0.0,-0.0,Sideways,6300.0,5,Friday,Asia,2022,1,131583.62366206426,169719.31516071083,138135.6914986466
1276,1283,2022-01-14 07:00:00,2022-01-14 08:45:00,196.7230162238749,193.8948237238321,1,-0.014376520624430955,-1891.7146794150278,7,-2.1199483057007806,0.0,0.0,0.0,Bullish,6300.0,7,Friday,Asia,2022,1,129691.90898264924,169719.31516071083,140027.40617806162
1283,1284,2022-01-14 08:45:00,2022-01-14 09:00:00,193.8948237238321,192.4638026076262,-1,0.007380398758061402,957.1780039861567,1,-0.0,0.7380398758061402,1.0,0.7380398758061402,Bullish,900.0,8,Friday,London,2022,1,130649.08698663539,170676.493164697,140027.40617806162
1284,1285,2022-01-14 09:00:00,2022-01-14 09:15:00,192.4638026076262,193.4402338079207,1,0.00507332385136916,662.8251291689015,1,0.0,0.507332385136916,1.0,0.507332385136916,Bullish,900.0,9,Friday,London,2022,1,131311.9121158043,171339.3182938659,140027.40617806162
1285,1291,2022-01-14 09:15:00,2022-01-14 10:45:00,193.4402338079207,193.8066503991195,-1,-0.0018942108577197914,-248.73244967770353,6,-0.8703086464761034,-0.0,0.0,-0.0,Bullish,5400.0,9,Friday,London,2022,1,131063.17966612658,171339.3182938659,140276.13862773933
1291,1296,2022-01-14 10:45:00,2022-01-14 12:00:00,193.8066503991195,194.1884402418874,1,0.001969952228066729,258.18820280079615,5,-0.4131698269361439,0.19699522280667292,1.0,0.4767899540668028,Bullish,4500.0,10,Friday,London,2022,1,131321.3678689274,171597.50649666667,140276.13862773933
1296,1297,2022-01-14 12:00:00,2022-01-14 12:15:00,194.1884402418874,192.2745827617563,-1,0.009855671520648368,1294.2602653583754,1,-0.0,0.9855671520648368,1.0,0.9855671520648368,Bullish,900.0,12,Friday,London,2022,1,132615.62813428577,172891.76676202504,140276.13862773933
1297,1310,2022-01-14 12:15:00,2022-01-14 15:30:00,192.2745827617563,187.8708887803095,1,-0.022903151930920185,-3037.3158795739605,13,-3.200420597100029,0.0,0.0,0.0,Sideways,11700.0,12,Friday,London,2022,1,129578.3122547118,172891.76676202504,143313.4545073133
1310,1312,2022-01-14 15:30:00,2022-01-14 16:00:00,187.8708887803095,187.2631477193729,-1,0.0032348868144616016,419.1711737529554,2,-0.2740143077501811,0.32348868144616016,1.0,1.180553979469878,Sideways,1800.0,15,Friday,NY_overlap,2022,1,129997.48342846475,173310.937935778,143313.4545073133
1312,1313,2022-01-14 16:00:00,2022-01-14 16:15:00,187.2631477193729,189.0437943707894,1,0.009508793764830381,1236.1192598682267,1,0.0,0.9508793764830381,1.0,0.9508793764830381,Sideways,900.0,16,Friday,NY,2022,1,131233.602688333,174547.05719564622,143313.4545073133
1313,1317,2022-01-14 16:15:00,2022-01-14 17:15:00,189.0437943707894,188.8950000260999,-1,0.0007870892836485677,103.29256233058076,4,-1.0027222244759937,0.18560482842008286,0.4240672456360531,0.18510094210495526,Sideways,3600.0,16,Friday,NY,2022,1,131336.89525066357,174650.3497579768,143313.4545073133
1317,1320,2022-01-14 17:15:00,2022-01-14 18:00:00,188.8950000260999,190.9349053110308,1,0.010799149181550893,1418.3267248536388,3,-1.4810914514808315,1.0799149181550893,1.0,0.7291345291847873,Sideways,2700.0,17,Friday,NY,2022,1,132755.2219755172,176068.67648283043,143313.4545073133
1320,1330,2022-01-14 18:00:00,2022-01-14 20:30:00,190.9349053110308,191.6480629850302,-1,-0.0037350827646609464,-495.8517415194924,10,-0.9659506321771261,0.31072152934141783,-1.202067578830971,0.321674337166789,Sideways,9000.0,18,Friday,NY,2022,1,132259.3702339977,176068.67648283043,143809.30624883279
1330,1332,2022-01-14 20:30:00,2022-01-14 21:00:00,191.6480629850302,191.7323199523055,1,0.00043964424144404823,58.147070500393454,2,-0.24867514835102966,0.04396442414440482,1.0,0.17679460306320868,Sideways,1800.0,20,Friday,NY,2022,1,132317.51730449812,176126.82355333082,143809.30624883279
1332,1338,2022-01-14 21:00:00,2022-01-14 22:30:00,191.7323199523055,194.8294747302537,-1,-0.01615353519280771,-2137.395672403153,6,-2.172481947820737,-0.0,0.0,-0.0,Sideways,5400.0,21,Friday,Late,2022,1,130180.12163209496,176126.82355333082,145946.70192123594
1338,1341,2022-01-14 22:30:00,2022-01-14 23:15:00,194.8294747302537,195.7943287341557,1,0.004952299980471864,644.6910138164486,3,-0.4564658864281812,0.49522999804718637,1.0,1.084922253275775,Sideways,2700.0,22,Friday,Late,2022,1,130824.8126459114,176771.51456714727,145946.70192123594
1341,1348,2022-01-14 23:15:00,2022-01-15 01:00:00,195.7943287341557,198.4979812006202,-1,-0.01380863523445286,-1806.512117443026,7,-1.8937594530884727,-0.0,0.0,-0.0,Sideways,6300.0,23,Friday,Late,2022,1,129018.30052846837,176771.51456714727,147753.21403867897
1348,1349,2022-01-15 01:00:00,2022-01-15 01:15:00,198.4979812006202,199.2262681725358,1,0.003668989314201454,473.36676597538224,1,0.0,0.3668989314201454,1.0,0.3668989314201454,Bullish,900.0,1,Saturday,Asia,2022,1,129491.66729444376,177244.88133312264,147753.21403867897
1349,1353,2022-01-15 01:15:00,2022-01-15 02:15:00,199.2262681725358,199.0730396805466,-1,0.0007691179149955651,99.59436115880199,4,-0.932232446982173,0.07691179149955651,1.0,0.08250280469054226,Bullish,3600.0,1,Saturday,Asia,2022,1,129591.26165560256,177344.47569428146,147753.21403867897
1353,1354,2022-01-15 02:15:00,2022-01-15 02:30:00,199.0730396805466,200.810482540291,1,0.008727665295775289,1131.0291569873373,1,0.0,0.8727665295775289,1.0,0.8727665295775289,Bullish,900.0,2,Saturday,Asia,2022,1,130722.2908125899,178475.5048512688,147753.21403867897
1354,1356,2022-01-15 02:30:00,2022-01-15 03:00:00,200.810482540291,200.0005519299531,-1,0.004033308421413584,527.2433164008944,2,-0.2629154594236738,0.4033308421413584,1.0,1.53407046898453,Bullish,1800.0,2,Saturday,Asia,2022,1,131249.53412899078,179002.7481676697,147753.21403867897
1356,1357,2022-01-15 03:00:00,2022-01-15 03:15:00,200.0005519299531,200.5896731403101,1,0.0029455979229664475,386.6083551206691,1,0.0,0.29455979229664475,1.0,0.29455979229664475,Bullish,900.0,3,Saturday,Asia,2022,1,131636.14248411145,179389.35652279036,147753.21403867897
1357,1362,2022-01-15 03:15:00,2022-01-15 04:30:00,200.5896731403101,203.4283034331931,-1,-0.01415142787982604,-1862.8393767424077,5,-2.606918754631793,-0.0,0.0,-0.0,Bullish,4500.0,3,Saturday,Asia,2022,1,129773.30310736905,179389.35652279036,149616.05341542137
1362,1363,2022-01-15 04:30:00,2022-01-15 04:45:00,203.4283034331931,205.2919878012872,1,0.00916138185611981,1188.9027844965872,1,0.0,0.916138185611981,1.0,0.916138185611981,Bullish,900.0,4,Saturday,Asia,2022,1,130962.20589186564,180578.25930728693,149616.05341542137
1363,1365,2022-01-15 04:45:00,2022-01-15 05:15:00,205.2919878012872,203.6822405491168,-1,0.007841257076864339,1026.908323751356,2,-0.0,0.7841257076864339,1.0,0.7841257076864339,Bullish,1800.0,4,Saturday,Asia,2022,1,131989.11421561698,181605.1676310383,149616.05341542137
1365,1368,2022-01-15 05:15:00,2022-01-15 06:00:00,203.6822405491168,205.6635940026532,1,0.009727669178200227,1283.9464382132066,3,-0.01827003541310379,0.9727669178200227,1.0,53.2438441319236,Bullish,2700.0,5,Saturday,Asia,2022,1,133273.0606538302,182889.1140692515,149616.05341542137
1368,1377,2022-01-15 06:00:00,2022-01-15 08:15:00,205.6635940026532,210.1760972603451,-1,-0.021941186429104587,-2924.1690697830513,9,-3.2089139974919245,-0.0,0.0,-0.0,Bullish,8100.0,6,Saturday,Asia,2022,1,130348.89158404715,182889.1140692515,152540.22248520443
1377,1381,2022-01-15 08:15:00,2022-01-15 09:15:00,210.1760972603451,212.2012847012844,1,0.00963566964720397,1255.998858183084,4,-0.4852333664769226,0.963566964720397,1.0,1.985780515706196,Bullish,3600.0,8,Saturday,London,2022,1,131604.89044223024,184145.11292743456,152540.22248520443
1381,1386,2022-01-15 09:15:00,2022-01-15 10:30:00,212.2012847012844,210.7938349561031,-1,0.0066326165139036775,872.8847696576204,5,-0.27726440851718603,0.6632616513903677,1.0,2.39216297157468,Bullish,4500.0,9,Saturday,London,2022,1,132477.77521188784,185017.99769709219,152540.22248520443
1386,1402,2022-01-15 10:30:00,2022-01-15 14:30:00,210.7938349561031,207.30609296472,1,-0.016545749509749186,-2191.944084264756,16,-3.2467265431984305,0.26842694679691803,-6.16396740609917,0.08267617959980209,Bullish,14400.0,10,Saturday,London,2022,1,130285.8311276231,185017.99769709219,154732.16656946918
1402,1419,2022-01-15 14:30:00,2022-01-15 18:45:00,207.30609296472,214.8168718930902,-1,-0.03623038194853456,-4720.305424236058,17,-4.672518750971966,0.5861131110260653,-6.1814658752657285,0.12543836467304567,Bullish,15300.0,14,Saturday,NY_overlap,2022,1,125565.52570338704,185017.99769709219,159452.47199370523
1419,1422,2022-01-15 18:45:00,2022-01-15 19:30:00,214.8168718930902,215.1429890809533,1,0.001518117199031721,190.62318417577148,3,-0.8005236865701759,0.1518117199031721,1.0,0.18964050964388784,Sideways,2700.0,18,Saturday,NY,2022,1,125756.14888756281,185208.62088126797,159452.47199370523
1422,1427,2022-01-15 19:30:00,2022-01-15 20:45:00,215.1429890809533,216.1193565480331,-1,-0.004538225815540864,-570.7098013445379,5,-2.315145934938423,-0.0,0.0,-0.0,Sideways,4500.0,19,Saturday,NY,2022,1,125185.43908621828,185208.62088126797,160023.18179504978
1427,1429,2022-01-15 20:45:00,2022-01-15 21:15:00,216.1193565480331,220.6265341499833,1,0.020855038965232664,2610.747210022842,2,0.0,2.0855038965232664,1.0,2.0855038965232664,Sideways,1800.0,20,Saturday,NY,2022,1,127796.18629624111,187819.36809129082,160023.18179504978
1429,1445,2022-01-15 21:15:00,2022-01-16 01:15:00,220.6265341499833,228.9571555903087,-1,-0.037758928101831124,-4825.447010047984,16,-5.106890281937471,0.7067396448973917,-5.342692797050202,0.1383894319008683,Bullish,14400.0,21,Saturday,Late,2022,1,122970.73928619313,187819.36809129082,164848.62880509777
1445,1456,2022-01-16 01:15:00,2022-01-16 04:00:00,228.9571555903087,222.2872317854901,1,-0.029131755186344255,-3582.353471969144,11,-4.349591436696487,0.0,0.0,0.0,Bullish,9900.0,1,Sunday,Asia,2022,1,119388.38581422398,187819.36809129082,168430.9822770669
1456,1460,2022-01-16 04:00:00,2022-01-16 05:00:00,222.2872317854901,221.4463301332717,-1,0.0037829507590876332,451.64038474216585,4,-0.7175587057608457,0.3782950759087633,1.0,0.527197388689818,Bullish,3600.0,4,Sunday,Asia,2022,1,119840.02619896614,188271.008476033,168430.9822770669
1460,1463,2022-01-16 05:00:00,2022-01-16 05:45:00,221.4463301332717,222.4026949458858,1,0.004318720531690579,517.555581663812,3,-0.02273270728658794,0.43187205316905786,1.0,18.997827567324457,Bullish,2700.0,5,Sunday,Asia,2022,1,120357.58178062996,188788.5640576968,168430.9822770669
1463,1472,2022-01-16 05:45:00,2022-01-16 08:00:00,222.4026949458858,229.1254305067722,-1,-0.03022776123518711,-3638.140244909389,9,-3.955053386887486,-0.0,0.0,-0.0,Bullish,8100.0,5,Sunday,Asia,2022,1,116719.44153572057,188788.5640576968,172069.1225219763
1472,1475,2022-01-16 08:00:00,2022-01-16 08:45:00,229.1254305067722,228.9342807594537,1,-0.0008342581043740971,-97.37414003919349,3,-0.8568655111835133,0.0,0.0,0.0,Bullish,2700.0,8,Sunday,London,2022,1,116622.06739568137,188788.5640576968,172166.4966620155
1475,1478,2022-01-16 08:45:00,2022-01-16 09:30:00,228.9342807594537,228.9825604299783,-1,-0.00021088877718278276,-24.594285185603326,3,-0.5873598047728246,-0.0,0.0,-0.0,Bullish,2700.0,8,Sunday,London,2022,1,116597.47311049578,188788.5640576968,172191.0909472011
1478,1483,2022-01-16 09:30:00,2022-01-16 10:45:00,228.9825604299783,229.391543583193,1,0.001786088654291973,208.2534238417699,5,-1.2692983693463722,0.1786088654291973,1.0,0.1407146418388391,Bullish,4500.0,9,Sunday,London,2022,1,116805.72653433755,188996.81748153857,172191.0909472011
1483,1490,2022-01-16 10:45:00,2022-01-16 12:30:00,229.391543583193,230.6929740282037,-1,-0.005673402012479789,-662.6858439890746,7,-2.1974507141313104,-0.0,0.0,-0.0,Sideways,6300.0,10,Sunday,London,2022,1,116143.04069034847,188996.81748153857,172853.77679119018
1490,1504,2022-01-16 12:30:00,2022-01-16 16:00:00,230.6929740282037,226.4196963569673,1,-0.018523657641666857,-2151.3939232101984,14,-3.9107862277913297,0.09762935038899467,-18.973451700601448,0.02496412350417123,Sideways,12600.0,12,Sunday,London,2022,1,113991.64676713827,188996.81748153857,175005.17071440036
1504,1513,2022-01-16 16:00:00,2022-01-16 18:15:00,226.4196963569673,232.7618289314163,-1,-0.028010516207256808,-3192.96486926282,9,-3.8987379940746303,-0.0,0.0,-0.0,Bullish,8100.0,16,Sunday,NY,2022,1,110798.68189787545,188996.81748153857,178198.13558366318
1513,1519,2022-01-16 18:15:00,2022-01-16 19:45:00,232.7618289314163,229.6500102353667,1,-0.013369110864679179,-1481.2798619530188,6,-2.627975139677541,0.0,0.0,0.0,Bullish,5400.0,18,Sunday,NY,2022,1,109317.40203592244,188996.81748153857,179679.4154456162
1519,1522,2022-01-16 19:45:00,2022-01-16 20:30:00,229.6500102353667,229.0747192205569,-1,0.0025050772443693248,273.8485362537622,3,-0.0,0.2505077244369325,1.0,0.2505077244369325,Sideways,2700.0,19,Sunday,NY,2022,1,109591.2505721762,189270.66601779233,179679.4154456162
1522,1523,2022-01-16 20:30:00,2022-01-16 20:45:00,229.0747192205569,231.521953727024,1,0.010683127823070127,1170.7773381526654,1,0.0,1.0683127823070127,1.0,1.0683127823070127,Sideways,900.0,20,Sunday,NY,2022,1,110762.02791032886,190441.443355945,179679.4154456162
1523,1534,2022-01-16 20:45:00,2022-01-16 23:30:00,231.521953727024,239.3043680232631,-1,-0.033614152657915675,-3723.1717148781104,11,-4.32925407833511,0.3019701477137704,-11.131614469976565,0.06975108003591655,Sideways,9900.0,20,Sunday,NY,2022,1,107038.85619545075,190441.443355945,183402.58716049432
1534,1535,2022-01-16 23:30:00,2022-01-16 23:45:00,239.3043680232631,242.0062380392586,1,0.011290516919159721,1208.5240168822409,1,0.0,1.129051691915972,1.0,1.129051691915972,Bullish,900.0,23,Sunday,Late,2022,1,108247.380212333,191649.96737282723,183402.58716049432
1535,1537,2022-01-16 23:45:00,2022-01-17 00:15:00,242.0062380392586,239.3821855867851,-1,0.01084291245437985,1173.716867058296,2,-0.0,1.084291245437985,1.0,1.084291245437985,Bullish,1800.0,23,Sunday,Late,2022,1,109421.09707939129,192823.68423988554,183402.58716049432
1537,1538,2022-01-17 00:15:00,2022-01-17 00:30:00,239.3821855867851,241.0571558811471,1,0.006997054898869148,765.6254233589913,1,0.0,0.6997054898869148,1.0,0.6997054898869148,Bullish,900.0,0,Monday,Asia,2022,1,110186.72250275029,193589.30966324452,183402.58716049432
1538,1540,2022-01-17 00:30:00,2022-01-17 01:00:00,241.0571558811471,238.9637677532393,-1,0.008684198236122764,956.8833412025322,2,-0.3707469087885995,0.8684198236122764,1.0,2.3423521626918022,Bullish,1800.0,0,Monday,Asia,2022,1,111143.60584395281,194546.19300444706,183402.58716049432
1540,1542,2022-01-17 01:00:00,2022-01-17 01:30:00,238.9637677532393,241.0673937952483,1,0.008803117149463802,978.4101826581458,2,0.0,0.8803117149463802,1.0,0.8803117149463802,Bullish,1800.0,1,Monday,Asia,2022,1,112122.01602661096,195524.6031871052,183402.58716049432
1542,1556,2022-01-17 01:30:00,2022-01-17 05:00:00,241.0673937952483,250.8611485672497,-1,-0.040626625682608,-4555.1391758924965,14,-5.279648095713796,-0.0,0.0,-0.0,Bullish,12600.0,1,Monday,Asia,2022,1,107566.87685071846,195524.6031871052,187957.7263363868
1556,1561,2022-01-17 05:00:00,2022-01-17 06:15:00,250.8611485672497,246.7792223627131,1,-0.016271655566634347,-1750.2911704934636,5,-2.5590567449708,0.0,0.0,0.0,Bullish,4500.0,5,Monday,Asia,2022,1,105816.58568022499,195524.6031871052,189708.01750688028
1561,1563,2022-01-17 06:15:00,2022-01-17 06:45:00,246.7792223627131,244.5257855017618,-1,0.009131388126506268,966.2523140678393,2,-0.36154815164779475,0.9131388126506268,1.0,2.5256354056545387,Bullish,1800.0,6,Monday,Asia,2022,1,106782.83799429284,196490.85550117306,189708.01750688028
1563,1567,2022-01-17 06:45:00,2022-01-17 07:45:00,244.5257855017618,243.2218313037847,1,-0.005332583618130049,-569.4284125858007,4,-1.1522398018493196,0.0,0.0,0.0,Bullish,3600.0,6,Monday,Asia,2022,1,106213.40958170703,196490.85550117306,190277.4459194661
1567,1571,2022-01-17 07:45:00,2022-01-17 08:45:00,243.2218313037847,239.1681167761809,-1,0.01666673795635021,1770.2310649488068,4,-0.9868265626221895,1.6666737956350208,1.0,1.6889227132337676,Bullish,3600.0,7,Monday,Asia,2022,1,107983.64064665584,198261.08656612187,190277.4459194661
1571,1574,2022-01-17 08:45:00,2022-01-17 09:30:00,239.1681167761809,243.8703001882725,1,0.019660577987876238,2123.0207883483786,3,-0.8694000171557525,1.9660577987876238,1.0,2.2613960892473797,Bullish,2700.0,8,Monday,London,2022,1,110106.66143500422,200384.10735447024,190277.4459194661
1574,1576,2022-01-17 09:30:00,2022-01-17 10:00:00,243.8703001882725,238.3606705951033,-1,0.022592458322787334,2487.5801595315875,2,-0.0,2.2592458322787334,1.0,2.2592458322787334,Bullish,1800.0,9,Monday,London,2022,1,112594.24159453581,202871.68751400182,190277.4459194661
1576,1577,2022-01-17 10:00:00,2022-01-17 10:15:00,238.3606705951033,241.1308281279017,1,0.011621705568633844,1308.5371245353208,1,0.0,1.1621705568633844,1.0,1.1621705568633844,Sideways,900.0,10,Monday,London,2022,1,113902.77871907112,204180.22463853715,190277.4459194661
1577,1580,2022-01-17 10:15:00,2022-01-17 11:00:00,241.1308281279017,240.7686656965982,-1,0.001501933345127604,171.0743814608637,3,-0.7292591913830471,0.1501933345127604,1.0,0.20595329656101735,Sideways,2700.0,10,Monday,London,2022,1,114073.853100532,204351.29901999803,190277.4459194661
1580,1582,2022-01-17 11:00:00,2022-01-17 11:30:00,240.7686656965982,243.9483142204908,1,0.013206238921053881,1506.486558690828,2,-0.03125128794601029,1.320623892105388,1.0,42.258222905465445,Sideways,1800.0,11,Monday,London,2022,1,115580.33965922282,205857.78557868887,190277.4459194661
1582,1603,2022-01-17 11:30:00,2022-01-17 16:45:00,243.9483142204908,258.8709096236538,-1,-0.061171135577823055,-7070.180627425155,21,-7.095417206894705,0.11880528795039647,-51.488563037163125,0.016743946759741186,Sideways,18900.0,11,Monday,London,2022,1,108510.15903179767,205857.78557868887,197347.62654689123
1603,1607,2022-01-17 16:45:00,2022-01-17 17:45:00,258.8709096236538,259.2475551097333,1,0.0014549548523126177,157.87738240852775,4,-0.33159022098421254,0.2132231011035879,0.682362673079111,0.6430319340260029,Sideways,3600.0,16,Monday,NY,2022,1,108668.03641420619,206015.6629610974,197347.62654689123
1607,1609,2022-01-17 17:45:00,2022-01-17 18:15:00,259.2475551097333,258.3405489432159,-1,0.003498610299848326,380.1871114630345,2,-0.3248557539156094,0.3498610299848326,1.0,1.076973474435423,Bullish,1800.0,17,Monday,NY,2022,1,109048.22352566922,206395.85007256045,197347.62654689123
1609,1610,2022-01-17 18:15:00,2022-01-17 18:30:00,258.3405489432159,259.5637712328996,1,0.004734921771621048,516.3348077282894,1,0.0,0.4734921771621048,1.0,0.4734921771621048,Bullish,900.0,18,Monday,NY,2022,1,109564.55833339752,206912.18488028875,197347.62654689123
1610,1611,2022-01-17 18:30:00,2022-01-17 18:45:00,259.5637712328996,258.8629209315852,-1,0.0027001083317037544,295.8361768154485,1,-0.0,0.27001083317037544,1.0,0.27001083317037544,Bullish,900.0,18,Monday,NY,2022,1,109860.39451021297,207208.0210571042,197347.62654689123
1611,1612,2022-01-17 18:45:00,2022-01-17 19:00:00,258.8629209315852,261.1601533629827,1,0.008874320134881986,974.9363110280606,1,0.0,0.8874320134881986,1.0,0.8874320134881986,Bullish,900.0,18,Monday,NY,2022,1,110835.33082124102,208182.95736813225,197347.62654689123
1612,1613,2022-01-17 19:00:00,2022-01-17 19:15:00,261.1601533629827,259.2486500596474,-1,0.007319276232306993,811.2344025797915,1,-0.0,0.7319276232306993,1.0,0.7319276232306993,Bullish,900.0,19,Monday,NY,2022,1,111646.56522382081,208994.19177071203,197347.62654689123
1613,1616,2022-01-17 19:15:00,2022-01-17 20:00:00,259.2486500596474,259.7095602575517,1,0.0017778692301706478,198.4929929656712,3,-0.01210266809776872,0.17778692301706478,1.0,14.689894953811221,Bullish,2700.0,19,Monday,NY,2022,1,111845.05821678649,209192.6847636777,197347.62654689123
1616,1625,2022-01-17 20:00:00,2022-01-17 22:15:00,259.7095602575517,264.8515046061985,-1,-0.01979882582507786,-2214.4008270298473,9,-3.2420414538990805,-0.0,0.0,-0.0,Bullish,8100.0,20,Monday,NY,2022,1,109630.65738975664,209192.6847636777,199562.02737392107
1625,1628,2022-01-17 22:15:00,2022-01-17 23:00:00,264.8515046061985,266.5281549962573,1,0.006330529979626798,694.020163292048,3,-0.04835426746992999,0.6330529979626798,1.0,13.091977835386622,Bullish,2700.0,22,Monday,Late,2022,1,110324.67755304869,209886.70492696975,199562.02737392107
1628,1633,2022-01-17 23:00:00,2022-01-18 00:15:00,266.5281549962573,267.1379564753018,-1,-0.0022879439474343677,-252.4166782601458,5,-1.0320244716682136,0.1182805835388101,-1.9343360330004205,0.11461025080889382,Bullish,4500.0,23,Monday,Late,2022,1,110072.26087478854,209886.70492696975,199814.4440521812
1633,1634,2022-01-18 00:15:00,2022-01-18 00:30:00,267.1379564753018,268.7270906543671,1,0.005948739744934928,654.7912330807,1,0.0,0.5948739744934928,1.0,0.5948739744934928,Bullish,900.0,0,Tuesday,Asia,2022,1,110727.05210786924,210541.49616005045,199814.4440521812
1634,1640,2022-01-18 00:30:00,2022-01-18 02:00:00,268.7270906543671,268.4169600772532,-1,0.001154072618278712,127.78705894041194,6,-0.808259338827555,0.1154072618278712,1.0,0.14278494077814022,Bullish,5400.0,0,Tuesday,Asia,2022,1,110854.83916680966,210669.28321899087,199814.4440521812
1640,1645,2022-01-18 02:00:00,2022-01-18 03:15:00,268.4169600772532,268.7102067312442,1,0.0010925041916376443,121.10937645305637,5,-0.7655344959073718,0.14963474395568443,0.7301139847315129,0.19546440396304487,Bullish,4500.0,2,Tuesday,Asia,2022,1,110975.94854326271,210790.39259544393,199814.4440521812
1645,1664,2022-01-18 03:15:00,2022-01-18 08:00:00,268.7102067312442,291.3339000391607,-1,-0.08419365078507801,-9343.47025719424,19,-9.495979429095769,-0.0,0.0,-0.0,Bullish,17100.0,3,Tuesday,Asia,2022,1,101632.47828606848,210790.39259544393,209157.91430937545
1664,1665,2022-01-18 08:00:00,2022-01-18 08:15:00,291.3339000391607,292.9363947839006,1,0.005500543343992748,559.033851969921,1,0.0,0.5500543343992748,1.0,0.5500543343992748,Bullish,900.0,8,Tuesday,London,2022,1,102191.5121380384,211349.42644741386,209157.91430937545
1665,1667,2022-01-18 08:15:00,2022-01-18 08:45:00,292.9363947839006,292.4656336956793,-1,0.0016070419947941117,164.22605151733976,2,-0.1269875386733288,0.16070419947941117,1.0,1.2655115703346087,Bullish,1800.0,8,Tuesday,London,2022,1,102355.73818955573,211513.6524989312,209157.91430937545
1667,1673,2022-01-18 08:45:00,2022-01-18 10:15:00,292.4656336956793,289.1535904148133,1,-0.011324555432424832,-1159.1332309543861,6,-1.8960413665903841,0.0,0.0,0.0,Bullish,5400.0,8,Tuesday,London,2022,1,101196.60495860135,211513.6524989312,210317.04754032983
1673,1674,2022-01-18 10:15:00,2022-01-18 10:30:00,289.1535904148133,287.3255688606936,-1,0.006321974254226981,639.7623311634557,1,-0.0,0.6321974254226981,1.0,0.6321974254226981,Bullish,900.0,10,Tuesday,London,2022,1,101836.3672897648,212153.41483009464,210317.04754032983
1674,1678,2022-01-18 10:30:00,2022-01-18 11:30:00,287.3255688606936,286.3303264972275,1,-0.0034638141235130426,-352.7422473055487,4,-1.295836463218547,0.0,0.0,0.0,Bullish,3600.0,10,Tuesday,London,2022,1,101483.62504245926,212153.41483009464,210669.78978763538
1678,1679,2022-01-18 11:30:00,2022-01-18 11:45:00,286.3303264972275,282.0723164980927,-1,0.01487097106067814,1509.1600511391216,1,-0.0,1.487097106067814,1.0,1.487097106067814,Bullish,900.0,11,Tuesday,London,2022,1,102992.78509359837,213662.57488123377,210669.78978763538
1679,1682,2022-01-18 11:45:00,2022-01-18 12:30:00,282.0723164980927,288.4116563516016,1,0.02247416525028534,2314.6768717806526,3,-0.28498669826834133,2.247416525028534,1.0,7.88604008076329,Bullish,2700.0,11,Tuesday,London,2022,1,105307.46196537903,215977.25175301443,210669.78978763538
1682,1687,2022-01-18 12:30:00,2022-01-18 13:45:00,288.4116563516016,284.4501606510046,-1,0.01373556031233214,1446.4569951640854,5,-0.5061700840313099,1.373556031233214,1.0,2.7136254681306897,Bullish,4500.0,12,Tuesday,London,2022,1,106753.91896054312,217423.7087481785,210669.78978763538
1687,1689,2022-01-18 13:45:00,2022-01-18 14:15:00,284.4501606510046,287.0741300814784,1,0.00922470714893775,984.7736394124424,2,0.0,0.922470714893775,1.0,0.922470714893775,Bullish,1800.0,13,Tuesday,NY_overlap,2022,1,107738.69259995555,218408.48238759095,210669.78978763538
1689,1690,2022-01-18 14:15:00,2022-01-18 14:30:00,287.0741300814784,285.3758754057683,-1,0.005915735685511403,637.3536285238998,1,-0.0,0.5915735685511403,1.0,0.5915735685511403,Bullish,900.0,14,Tuesday,NY_overlap,2022,1,108376.04622847945,219045.83601611486,210669.78978763538
1690,1691,2022-01-18 14:30:00,2022-01-18 14:45:00,285.3758754057683,286.595568802337,1,0.004273989154950364,463.1980462369201,1,0.0,0.4273989154950364,1.0,0.4273989154950364,Bullish,900.0,14,Tuesday,NY_overlap,2022,1,108839.24427471637,219509.03406235177,210669.78978763538
1691,1692,2022-01-18 14:45:00,2022-01-18 15:00:00,286.595568802337,286.0826717990677,-1,0.0017896194467090787,194.78082811915203,1,-0.0,0.17896194467090787,1.0,0.17896194467090787,Bullish,900.0,14,Tuesday,NY_overlap,2022,1,109034.02510283553,219703.8148904709,210669.78978763538
1692,1694,2022-01-18 15:00:00,2022-01-18 15:30:00,286.0826717990677,286.9856687827661,1,0.0031564197090991897,344.15714579700557,2,-0.6625280428147251,0.31564197090991897,1.0,0.47642054450846505,Bullish,1800.0,15,Tuesday,NY_overlap,2022,1,109378.18224863254,220047.97203626792,210669.78978763538
1694,1702,2022-01-18 15:30:00,2022-01-18 17:30:00,286.9856687827661,290.9235095737271,-1,-0.01372138479131424,-1500.8201264079823,8,-2.1664367999325806,0.4199992589121404,-3.2670021434929755,0.19386637954322541,Bullish,7200.0,15,Tuesday,NY_overlap,2022,1,107877.36212222456,220047.97203626792,212170.60991404337
1702,1707,2022-01-18 17:30:00,2022-01-18 18:45:00,290.9235095737271,291.3076053724851,1,0.0013202638704614689,142.4265836506615,5,-1.7309023913020694,0.1320263870461469,1.0,0.07627604405054302,Bullish,4500.0,17,Tuesday,NY,2022,1,108019.78870587521,220190.3986199186,212170.60991404337
1707,1709,2022-01-18 18:45:00,2022-01-18 19:15:00,291.3076053724851,289.6224450494317,-1,0.0057848140315411856,624.8743893898605,2,-0.5772154943809671,0.5784814031541186,1.0,1.0021931302701932,Sideways,1800.0,18,Tuesday,NY,2022,1,108644.66309526507,220815.27300930844,212170.60991404337
1709,1710,2022-01-18 19:15:00,2022-01-18 19:30:00,289.6224450494317,291.5434538894336,1,0.006632803751359884,720.6187289435043,1,0.0,0.6632803751359884,1.0,0.6632803751359884,Sideways,900.0,19,Tuesday,NY,2022,1,109365.28182420858,221535.89173825196,212170.60991404337
1710,1713,2022-01-18 19:30:00,2022-01-18 20:15:00,291.5434538894336,290.9754839888784,-1,0.001948148356541668,213.05979404854813,3,-0.7487283220609209,0.1948148356541668,1.0,0.2601942919935591,Sideways,2700.0,19,Tuesday,NY,2022,1,109578.34161825712,221748.9515323005,212170.60991404337
1713,1718,2022-01-18 20:15:00,2022-01-18 21:30:00,290.9754839888784,285.9369308500654,1,-0.017316074432599304,-1897.466719662533,5,-2.9878604279843013,0.0,0.0,0.0,Sideways,4500.0,20,Tuesday,NY,2022,1,107680.87489859459,221748.9515323005,214068.0766337059
1718,1725,2022-01-18 21:30:00,2022-01-18 23:15:00,285.9369308500654,292.0626268166499,-1,-0.021423241651133962,-2306.873404158115,7,-3.4901616771994437,-0.0,0.0,-0.0,Sideways,6300.0,21,Tuesday,Late,2022,1,105374.00149443648,221748.9515323005,216374.950037864
1725,1727,2022-01-18 23:15:00,2022-01-18 23:45:00,292.0626268166499,292.4558575958779,1,0.0013463919828222704,141.87471081001107,2,-0.736429929981719,0.13463919828222704,1.0,0.18282689608442354,Sideways,1800.0,23,Tuesday,Late,2022,1,105515.87620524649,221890.82624311052,216374.950037864
1727,1735,2022-01-18 23:45:00,2022-01-19 01:45:00,292.4558575958779,297.9042663271124,-1,-0.01862984990631733,-1965.7449364373003,8,-3.459428602201542,0.11117839512660987,-16.75671778235481,0.032137791499976955,Sideways,7200.0,23,Tuesday,Late,2022,1,103550.13126880919,221890.82624311052,218340.6949743013
1735,1743,2022-01-19 01:45:00,2022-01-19 03:45:00,297.9042663271124,294.5291402870068,1,-0.011329565976740952,-1173.1780441101587,8,-1.5673248284630015,0.0,0.0,0.0,Sideways,7200.0,1,Wednesday,Asia,2022,1,102376.95322469903,221890.82624311052,219513.87301841145
1743,1744,2022-01-19 03:45:00,2022-01-19 04:00:00,294.5291402870068,289.9465453751071,-1,0.015559054385702265,1592.8885830655875,1,-0.0,1.5559054385702265,1.0,1.5559054385702265,Bullish,900.0,3,Wednesday,Asia,2022,1,103969.84180776462,223483.71482617612,219513.87301841145
1744,1749,2022-01-19 04:00:00,2022-01-19 05:15:00,289.9465453751071,291.2125957684368,1,0.004366495871477971,453.98388501182154,5,0.0,0.5139299519038909,0.84962860313978,0.5139299519038909,Sideways,4500.0,4,Wednesday,Asia,2022,1,104423.82569277643,223937.69871118793,219513.87301841145
1749,1757,2022-01-19 05:15:00,2022-01-19 07:15:00,291.2125957684368,299.1381161035496,-1,-0.02721558219073361,-2841.955210812595,8,-4.4230176683095035,-0.0,0.0,-0.0,Sideways,7200.0,5,Wednesday,Asia,2022,1,101581.87048196384,223937.69871118793,222355.82822922405
1757,1758,2022-01-19 07:15:00,2022-01-19 07:30:00,299.1381161035496,301.4276270005122,1,0.0076536916351044315,777.4763123860677,1,0.0,0.7653691635104432,1.0,0.7653691635104432,Sideways,900.0,7,Wednesday,Asia,2022,1,102359.34679434991,224715.175023574,222355.82822922405
1758,1764,2022-01-19 07:30:00,2022-01-19 09:00:00,301.4276270005122,305.0424896600134,-1,-0.011992472937774501,-1227.5416963595153,6,-2.4010941066243685,-0.0,0.0,-0.0,Sideways,5400.0,7,Wednesday,Asia,2022,1,101131.8050979904,224715.175023574,223583.36992558357
1764,1771,2022-01-19 09:00:00,2022-01-19 10:45:00,305.0424896600134,301.8218821966008,1,-0.010557897907934488,-1067.73927346971,7,-1.9387373972211686,0.1562818666785537,-6.755676862786878,0.08061012641658208,Bullish,6300.0,9,Wednesday,London,2022,1,100064.06582452069,224715.175023574,224651.1091990533
1771,1783,2022-01-19 10:45:00,2022-01-19 13:45:00,301.8218821966008,310.4385487635202,-1,-0.02854884643952582,-2856.713649338842,12,-4.125081328910496,0.020620880363964034,-138.44630265842716,0.004998902741491004,Bullish,10800.0,10,Wednesday,London,2022,1,97207.35217518185,224715.175023574,227507.82284839213
1783,1784,2022-01-19 13:45:00,2022-01-19 14:00:00,310.4385487635202,312.7258419391065,1,0.007367941850960902,716.2181183126169,1,0.0,0.7367941850960902,1.0,0.7367941850960902,Bullish,900.0,13,Wednesday,NY_overlap,2022,1,97923.57029349446,225431.39314188663,227507.82284839213
1784,1786,2022-01-19 14:00:00,2022-01-19 14:30:00,312.7258419391065,310.346068349909,-1,0.007609775944454555,745.1764296145382,2,-0.09834107582709084,0.7609775944454555,1.0,7.738145917616885,Bullish,1800.0,14,Wednesday,NY_overlap,2022,1,98668.746723109,226176.56957150117,227507.82284839213
1786,1788,2022-01-19 14:30:00,2022-01-19 15:00:00,310.346068349909,312.6533917533925,1,0.007434679020589474,733.5704612501543,2,0.0,0.7434679020589474,1.0,0.7434679020589474,Bullish,1800.0,14,Wednesday,NY_overlap,2022,1,99402.31718435916,226910.1400327513,227507.82284839213
1788,1792,2022-01-19 15:00:00,2022-01-19 16:00:00,312.6533917533925,312.4512342656344,-1,0.0006465865814676564,64.2722044581984,4,-0.17128696274806288,0.06465865814676564,1.0,0.3774873295048655,Bullish,3600.0,15,Wednesday,NY_overlap,2022,1,99466.58938881735,226974.4122372095,227507.82284839213
1792,1793,2022-01-19 16:00:00,2022-01-19 16:15:00,312.4512342656344,312.9767466925374,1,0.0016819022275207374,167.29307825694232,1,0.0,0.16819022275207374,1.0,0.16819022275207374,Bullish,900.0,16,Wednesday,NY,2022,1,99633.88246707429,227141.70531546645,227507.82284839213
1793,1794,2022-01-19 16:15:00,2022-01-19 16:30:00,312.9767466925374,312.0233010273859,-1,0.0030463786055267006,303.52252793325675,1,-0.0,0.30463786055267006,1.0,0.30463786055267006,Bullish,900.0,16,Wednesday,NY,2022,1,99937.40499500754,227445.2278433997,227507.82284839213
1794,1797,2022-01-19 16:30:00,2022-01-19 17:15:00,312.0233010273859,312.0231614865422,1,-4.47212894827409e-07,-0.044693296189356455,3,-0.7131138461127784,0.0,0.0,0.0,Bullish,2700.0,16,Wednesday,NY,2022,1,99937.36030171136,227445.2278433997,227507.86754168832
1797,1800,2022-01-19 17:15:00,2022-01-19 18:00:00,312.0231614865422,308.2513099819064,-1,0.012088370256444936,1208.0798137788274,3,-0.0,1.2088370256444936,1.0,1.2088370256444936,Bullish,2700.0,17,Wednesday,NY,2022,1,101145.44011549019,228653.30765717855,227507.86754168832
1800,1802,2022-01-19 18:00:00,2022-01-19 18:30:00,308.2513099819064,310.9930010634512,1,0.008894337161797328,899.6216467655498,2,0.0,0.8894337161797328,1.0,0.8894337161797328,Bullish,1800.0,18,Wednesday,NY,2022,1,102045.06176225573,229552.9293039441,227507.86754168832
1802,1806,2022-01-19 18:30:00,2022-01-19 19:30:00,310.9930010634512,310.373933380057,-1,0.0019906161272994494,203.13254565521444,4,-0.40258979607992185,0.19906161272994494,1.0,0.49445270264730545,Bullish,3600.0,18,Wednesday,NY,2022,1,102248.19430791095,229756.06184959933,227507.86754168832
1806,1807,2022-01-19 19:30:00,2022-01-19 19:45:00,310.373933380057,311.2258628717111,1,0.0027448487132162303,280.6558245747522,1,0.0,0.274484871321623,1.0,0.274484871321623,Bullish,900.0,19,Wednesday,NY,2022,1,102528.8501324857,230036.71767417408,227507.86754168832
1807,1808,2022-01-19 19:45:00,2022-01-19 20:00:00,311.2258628717111,309.4756391294898,-1,0.005623644918426152,576.5858470396292,1,-0.0,0.5623644918426152,1.0,0.5623644918426152,Bullish,900.0,19,Wednesday,NY,2022,1,103105.43597952533,230613.3035212137,227507.86754168832
1808,1809,2022-01-19 20:00:00,2022-01-19 20:15:00,309.4756391294898,312.0598752371594,1,0.008350370048313627,860.9685444217458,1,0.0,0.8350370048313627,1.0,0.8350370048313627,Sideways,900.0,20,Wednesday,NY,2022,1,103966.40452394707,231474.27206563545,227507.86754168832
1809,1813,2022-01-19 20:15:00,2022-01-19 21:15:00,312.0598752371594,310.1343067629414,-1,0.006170509658618095,641.525703286811,4,-0.9530283602525502,0.6170509658618095,1.0,0.6474633826198966,Sideways,3600.0,20,Wednesday,NY,2022,1,104607.93022723388,232115.79776892226,227507.86754168832
1813,1814,2022-01-19 21:15:00,2022-01-19 21:30:00,310.1343067629414,315.5145896175586,1,0.017348235062333073,1814.7629629661892,1,0.0,1.7348235062333073,1.0,1.7348235062333073,Sideways,900.0,21,Wednesday,Late,2022,1,106422.69319020008,233930.56073188846,227507.86754168832
1814,1818,2022-01-19 21:30:00,2022-01-19 22:30:00,315.5145896175586,312.7805466083264,-1,0.008665345753254061,922.1894324855595,4,-0.3459850062325076,0.8665345753254061,1.0,2.5045437221724014,Bullish,3600.0,21,Wednesday,Late,2022,1,107344.88262268563,234852.750164374,227507.86754168832
1818,1820,2022-01-19 22:30:00,2022-01-19 23:00:00,312.7805466083264,315.8417146173962,1,0.009786951401754118,1050.5791494552236,2,0.0,0.9786951401754118,1.0,0.9786951401754118,Bullish,1800.0,22,Wednesday,Late,2022,1,108395.46177214086,235903.32931382922,227507.86754168832
1820,1827,2022-01-19 23:00:00,2022-01-20 00:45:00,315.8417146173962,318.3225334970613,-1,-0.007854627064288522,-851.4059276815087,7,-2.037968035201221,0.34317190190474856,-2.2888316382233027,0.16838924653244874,Bullish,6300.0,23,Wednesday,Late,2022,1,107544.05584445935,235903.32931382922,228359.27346936983
1827,1831,2022-01-20 00:45:00,2022-01-20 01:45:00,318.3225334970613,320.2686108811159,1,0.00611353950559268,657.4748339967671,4,0.0,0.611353950559268,1.0,0.611353950559268,Bullish,3600.0,0,Thursday,Asia,2022,1,108201.53067845613,236560.80414782598,228359.27346936983
1831,1832,2022-01-20 01:45:00,2022-01-20 02:00:00,320.2686108811159,317.9417089011501,-1,0.0072654699864718175,786.1349736346318,1,-0.0,0.7265469986471818,1.0,0.7265469986471818,Sideways,900.0,1,Thursday,Asia,2022,1,108987.66565209076,237346.93912146063,228359.27346936983
1832,1836,2022-01-20 02:00:00,2022-01-20 03:00:00,317.9417089011501,320.7640368840525,1,0.008876872407387992,967.4696019726716,4,-1.0373652428065983,0.8876872407387992,1.0,0.8557133053129443,Sideways,3600.0,2,Thursday,Asia,2022,1,109955.13525406343,238314.4087234333,228359.27346936983
1836,1841,2022-01-20 03:00:00,2022-01-20 04:15:00,320.7640368840525,320.6966089838087,-1,0.00021021028697232325,23.113700535837268,5,-1.414959645223357,0.021021028697232325,1.0,0.014856274359622511,Bullish,4500.0,3,Thursday,Asia,2022,1,109978.24895459926,238337.52242396915,228359.27346936983
1841,1851,2022-01-20 04:15:00,2022-01-20 06:45:00,320.6966089838087,316.4256078328785,1,-0.013317886847833305,-1464.677875300193,10,-2.139354720012576,0.0,0.0,0.0,Sideways,9000.0,4,Thursday,Asia,2022,1,108513.57107929907,238337.52242396915,229823.95134467003
1851,1853,2022-01-20 06:45:00,2022-01-20 07:15:00,316.4256078328785,313.7718737780759,-1,0.008386597004513385,910.0595901626989,2,-0.0,0.8386597004513385,1.0,0.8386597004513385,Sideways,1800.0,6,Thursday,Asia,2022,1,109423.63066946177,239247.58201413185,229823.95134467003
1853,1854,2022-01-20 07:15:00,2022-01-20 07:30:00,313.7718737780759,317.0377112666007,1,0.010408318149110585,1138.9159610385313,1,0.0,1.0408318149110585,1.0,1.0408318149110585,Sideways,900.0,7,Thursday,Asia,2022,1,110562.54663050029,240386.49797517038,229823.95134467003
1854,1855,2022-01-20 07:30:00,2022-01-20 07:45:00,317.0377112666007,313.757782703328,-1,0.010345547064950056,1143.8300297865749,1,-0.0,1.0345547064950056,1.0,1.0345547064950056,Sideways,900.0,7,Thursday,Asia,2022,1,111706.37666028687,241530.32800495694,229823.95134467003
1855,1856,2022-01-20 07:45:00,2022-01-20 08:00:00,313.757782703328,315.4791469867174,1,0.0054862839371128125,612.8528999444048,1,0.0,0.5486283937112812,1.0,0.5486283937112812,Sideways,900.0,7,Thursday,Asia,2022,1,112319.22956023128,242143.18090490135,229823.95134467003
1856,1857,2022-01-20 08:00:00,2022-01-20 08:15:00,315.4791469867174,313.8881496818104,-1,0.005043114006435534,566.4386797872498,1,-0.0,0.5043114006435534,1.0,0.5043114006435534,Sideways,900.0,8,Thursday,London,2022,1,112885.66824001852,242709.6195846886,229823.95134467003
1857,1859,2022-01-20 08:15:00,2022-01-20 08:45:00,313.8881496818104,317.6035677150022,1,0.011836757892765837,1336.2003245201836,2,0.0,1.1836757892765837,1.0,1.1836757892765837,Sideways,1800.0,8,Thursday,London,2022,1,114221.86856453872,244045.81990920877,229823.95134467003
1859,1867,2022-01-20 08:45:00,2022-01-20 10:45:00,317.6035677150022,319.30192098646,-1,-0.005347399853460777,-610.7900032240298,8,-1.1766410994051846,-0.0,0.0,-0.0,Sideways,7200.0,8,Thursday,London,2022,1,113611.07856131467,244045.81990920877,230434.74134789407
1867,1869,2022-01-20 10:45:00,2022-01-20 11:15:00,319.30192098646,319.7317736321459,1,0.0013462263063057645,152.94622264701252,2,-0.49325428662305715,0.13462263063057645,1.0,0.2729274418520249,Sideways,1800.0,10,Thursday,London,2022,1,113764.0247839617,244198.76613185578,230434.74134789407
1869,1874,2022-01-20 11:15:00,2022-01-20 12:30:00,319.7317736321459,324.063272743187,-1,-0.013547290160859982,-1541.1942536155937,5,-3.1278654009393447,-0.0,0.0,-0.0,Sideways,4500.0,11,Thursday,London,2022,1,112222.8305303461,244198.76613185578,231975.93560150967
1874,1883,2022-01-20 12:30:00,2022-01-20 14:45:00,324.063272743187,314.007144150959,1,-0.031031373926156847,-3482.428617238896,9,-4.018052677155948,0.0,0.0,0.0,Sideways,8100.0,12,Thursday,London,2022,1,108740.4019131072,244198.76613185578,235458.36421874855
1883,1900,2022-01-20 14:45:00,2022-01-20 19:00:00,314.007144150959,334.045077314246,-1,-0.06381362187623907,-6939.1188903532775,17,-7.167819701663558,-0.0,0.0,-0.0,Sideways,15300.0,14,Thursday,NY_overlap,2022,1,101801.28302275392,244198.76613185578,242397.48310910183
1900,1901,2022-01-20 19:00:00,2022-01-20 19:15:00,334.045077314246,336.2592266325254,1,0.006628295007611973,674.7689360282125,1,0.0,0.6628295007611973,1.0,0.6628295007611973,Bullish,900.0,19,Thursday,NY,2022,1,102476.05195878213,244873.535067884,242397.48310910183
1901,1905,2022-01-20 19:15:00,2022-01-20 20:15:00,336.2592266325254,334.9384847214741,-1,0.003927749207889075,402.5002319087057,4,-1.0991223798002991,0.3927749207889075,1.0,0.3573532192659668,Bullish,3600.0,19,Thursday,NY,2022,1,102878.55219069084,245276.03529979268,242397.48310910183
1905,1907,2022-01-20 20:15:00,2022-01-20 20:45:00,334.9384847214741,339.0066768391688,1,0.012146087425808139,1249.5718891486947,2,0.0,1.2146087425808139,1.0,1.2146087425808139,Bullish,1800.0,20,Thursday,NY,2022,1,104128.12407983953,246525.6071889414,242397.48310910183
1907,1909,2022-01-20 20:45:00,2022-01-20 21:15:00,339.0066768391688,336.6943693669065,-1,0.0068208316538829195,710.2404047832168,2,-0.0,0.682083165388292,1.0,0.682083165388292,Bullish,1800.0,20,Thursday,NY,2022,1,104838.36448462275,247235.8475937246,242397.48310910183
1909,1910,2022-01-20 21:15:00,2022-01-20 21:30:00,336.6943693669065,339.6010714312533,1,0.008633058134629001,905.0756953351714,1,0.0,0.8633058134629001,1.0,0.8633058134629001,Bullish,900.0,21,Thursday,Late,2022,1,105743.44017995792,248140.92328905978,242397.48310910183
1910,1911,2022-01-20 21:30:00,2022-01-20 21:45:00,339.6010714312533,336.1607689155791,-1,0.010130423031867841,1071.2257818679836,1,-0.0,1.0130423031867841,1.0,1.0130423031867841,Bullish,900.0,21,Thursday,Late,2022,1,106814.66596182591,249212.14907092776,242397.48310910183
1911,1914,2022-01-20 21:45:00,2022-01-20 22:30:00,336.1607689155791,338.9121906438742,1,0.008184838870909594,874.2608299475754,3,-0.3435968084456231,0.8184838870909594,1.0,2.382105616154147,Bullish,2700.0,21,Thursday,Late,2022,1,107688.92679177348,250086.40990087533,242397.48310910183
1914,1915,2022-01-20 22:30:00,2022-01-20 22:45:00,338.9121906438742,336.214790980678,-1,0.007958992735173198,857.0953859943222,1,-0.0,0.7958992735173198,1.0,0.7958992735173198,Bullish,900.0,22,Thursday,Late,2022,1,108546.02217776781,250943.50528686965,242397.48310910183
1915,1916,2022-01-20 22:45:00,2022-01-20 23:00:00,336.214790980678,338.4271828321578,1,0.006580293047270924,714.26463504528,1,0.0,0.6580293047270924,1.0,0.6580293047270924,Bullish,900.0,22,Thursday,Late,2022,1,109260.28681281308,251657.76992191494,242397.48310910183
1916,1922,2022-01-20 23:00:00,2022-01-21 00:30:00,338.4271828321578,337.6316507948353,-1,0.0023506741706296186,256.8353340864633,6,-0.9797264462200639,0.23506741706296186,1.0,0.2399316849819542,Bullish,5400.0,23,Thursday,Late,2022,1,109517.12214689955,251914.6052560014,242397.48310910183
1922,1924,2022-01-21 00:30:00,2022-01-21 01:00:00,337.6316507948353,342.7823319754462,1,0.015255326828765625,1670.7194916967965,2,0.0,1.5255326828765625,1.0,1.5255326828765625,Sideways,1800.0,0,Friday,Asia,2022,1,111187.84163859635,253585.3247476982,242397.48310910183
1924,1928,2022-01-21 01:00:00,2022-01-21 02:00:00,342.7823319754462,340.8217875733279,-1,0.0057195024924993065,635.9391373875692,4,-0.24985119447116233,0.5719502492499307,1.0,2.289163557774965,Bullish,3600.0,1,Friday,Asia,2022,1,111823.78077598392,254221.26388508576,242397.48310910183
1928,1931,2022-01-21 02:00:00,2022-01-21 02:45:00,340.8217875733279,341.0391746109025,1,0.0006378319858080239,71.32478415290686,3,-1.299445832056778,0.06378319858080239,1.0,0.04908492297816339,Bullish,2700.0,2,Friday,Asia,2022,1,111895.10556013683,254292.58866923867,242397.48310910183
1931,1937,2022-01-21 02:45:00,2022-01-21 04:15:00,341.0391746109025,340.1936356628607,-1,0.002479301531873812,277.4217066244288,6,-2.066914936592501,0.2479301531873812,1.0,0.11995179327317496,Bullish,5400.0,2,Friday,Asia,2022,1,112172.52726676126,254570.0103758631,242397.48310910183
1937,1942,2022-01-21 04:15:00,2022-01-21 05:30:00,340.1936356628607,341.8377149102607,1,0.004832774852464583,542.1045689122009,5,-1.5628364143062012,0.4832774852464583,1.0,0.3092310115265662,Bullish,4500.0,4,Friday,Asia,2022,1,112714.63183567346,255112.1149447753,242397.48310910183
1942,1944,2022-01-21 05:30:00,2022-01-21 06:00:00,341.8377149102607,339.2780551581303,-1,0.007487938400250305,844.0002199924137,2,-0.0,0.7928722271117072,0.9444066955816494,0.7928722271117072,Bullish,1800.0,5,Friday,Asia,2022,1,113558.63205566586,255956.11516476772,242397.48310910183
1944,1948,2022-01-21 06:00:00,2022-01-21 07:00:00,339.2780551581303,338.6148313706831,1,-0.0019548089756000753,-221.9854331992818,4,-1.8722777411914748,0.0,0.0,0.0,Sideways,3600.0,6,Friday,Asia,2022,1,113336.64662246658,255956.11516476772,242619.4685423011
1948,1952,2022-01-21 07:00:00,2022-01-21 08:00:00,338.6148313706831,336.3696490493118,-1,0.006630490201161465,751.4775248627634,4,-0.729417994335213,0.6630490201161465,1.0,0.9090110543823987,Sideways,3600.0,7,Friday,Asia,2022,1,114088.12414732935,256707.5926896305,242619.4685423011
1952,1958,2022-01-21 08:00:00,2022-01-21 09:30:00,336.3696490493118,336.4013580618814,1,9.426835227022146e-05,10.75489947696919,6,-1.246365660427895,0.009426835227022146,1.0,0.007563458723490328,Sideways,5400.0,8,Friday,London,2022,1,114098.87904680631,256718.34758910746,242619.4685423011
1958,1959,2022-01-21 09:30:00,2022-01-21 09:45:00,336.4013580618814,332.5725863406156,-1,0.011381558455425433,1298.623061569741,1,-0.0,1.1381558455425433,1.0,1.1381558455425433,Sideways,900.0,9,Friday,London,2022,1,115397.50210837605,258016.9706506772,242619.4685423011
1959,1960,2022-01-21 09:45:00,2022-01-21 10:00:00,332.5725863406156,334.2699252945255,1,0.005103664654342532,588.9501527099361,1,0.0,0.5103664654342532,1.0,0.5103664654342532,Sideways,900.0,9,Friday,London,2022,1,115986.452261086,258605.92080338713,242619.4685423011
1960,1961,2022-01-21 10:00:00,2022-01-21 10:15:00,334.2699252945255,332.4370303730624,-1,0.0054832779821520905,635.9859599111467,1,-0.0,0.548327798215209,1.0,0.548327798215209,Sideways,900.0,10,Friday,London,2022,1,116622.43822099714,259241.90676329826,242619.4685423011
1961,1963,2022-01-21 10:15:00,2022-01-21 10:45:00,332.4370303730624,335.6807990070409,1,0.009757543046087003,1137.9484610810005,2,-0.24053368949444875,0.9757543046087003,1.0,4.056622199823778,Sideways,1800.0,10,Friday,London,2022,1,117760.38668207814,260379.85522437925,242619.4685423011
1963,1965,2022-01-21 10:45:00,2022-01-21 11:15:00,335.6807990070409,333.0981069655223,-1,0.007693892677681724,906.0357768142085,2,-0.0,0.7693892677681724,1.0,0.7693892677681724,Sideways,1800.0,10,Friday,London,2022,1,118666.42245889235,261285.89100119346,242619.4685423011
1965,1973,2022-01-21 11:15:00,2022-01-21 13:15:00,333.0981069655223,329.3775965555703,1,-0.011169413251385096,-1325.434311506813,8,-2.491535595164218,0.0,0.0,0.0,Sideways,7200.0,11,Friday,London,2022,1,117340.98814738553,261285.89100119346,243944.9028538079
1973,1977,2022-01-21 13:15:00,2022-01-21 14:15:00,329.3775965555703,327.3202007914347,-1,0.006246313609822307,732.9486112550115,4,-0.18375998327564425,0.6246313609822307,1.0,3.3991696660380577,Sideways,3600.0,13,Friday,NY_overlap,2022,1,118073.93675864054,262018.83961244847,243944.9028538079
1977,1978,2022-01-21 14:15:00,2022-01-21 14:30:00,327.3202007914347,330.2768175182833,1,0.009032796386228892,1066.5378292612659,1,0.0,0.9032796386228892,1.0,0.9032796386228892,Bearish,900.0,14,Friday,NY_overlap,2022,1,119140.47458790182,263085.37744170974,243944.9028538079
1978,1985,2022-01-21 14:30:00,2022-01-21 16:15:00,330.2768175182833,332.6350759027317,-1,-0.007140247996115789,-850.6925349325493,7,-1.3424768410748689,-0.0,0.0,-0.0,Bearish,6300.0,14,Friday,NY_overlap,2022,1,118289.78205296927,263085.37744170974,244795.59538874045
1985,1986,2022-01-21 16:15:00,2022-01-21 16:30:00,332.6350759027317,335.1341375331091,1,0.007512922753546647,888.7019950978257,1,0.0,0.7512922753546647,1.0,0.7512922753546647,Bearish,900.0,16,Friday,NY,2022,1,119178.4840480671,263974.07943680754,244795.59538874045
1986,1988,2022-01-21 16:30:00,2022-01-21 17:00:00,335.1341375331091,334.2351211997853,-1,0.0026825567217394486,319.7030434698597,2,-0.46323814405231367,0.26825567217394486,1.0,0.5790880470837277,Bearish,1800.0,16,Friday,NY,2022,1,119498.18709153695,264293.7824802774,244795.59538874045
1988,1999,2022-01-21 17:00:00,2022-01-21 19:45:00,334.2351211997853,329.5694874456552,1,-0.01395913672202398,-1668.0915316447638,11,-2.709330810953503,0.0964031312703062,-14.479961945306263,0.03558189752265016,Sideways,9900.0,17,Friday,NY,2022,1,117830.09555989219,264293.7824802774,246463.6869203852
1999,2000,2022-01-21 19:45:00,2022-01-21 20:00:00,329.5694874456552,326.5128529097536,-1,0.009274628423863618,1092.8303534663412,1,-0.0,0.9274628423863618,1.0,0.9274628423863618,Sideways,900.0,19,Friday,NY,2022,1,118922.92591335853,265386.61283374374,246463.6869203852
2000,2002,2022-01-21 20:00:00,2022-01-21 20:30:00,326.5128529097536,330.2093572724814,1,0.011321160345713954,1346.3455130465918,2,0.0,1.1321160345713954,1.0,1.1321160345713954,Bearish,1800.0,20,Friday,NY,2022,1,120269.27142640512,266732.95834679034,246463.6869203852
2002,2010,2022-01-21 20:30:00,2022-01-21 22:30:00,330.2093572724814,335.2001689137021,-1,-0.015114083024311276,-1817.759753612113,8,-3.4148927855621958,-0.0,0.0,-0.0,Sideways,7200.0,20,Friday,NY,2022,1,118451.51167279301,266732.95834679034,248281.4466739973
2010,2027,2022-01-21 22:30:00,2022-01-22 02:45:00,335.2001689137021,315.4426464606098,1,-0.05894245971629841,-6981.823455108246,17,-6.862221456746987,0.0,0.0,0.0,Sideways,15300.0,22,Friday,Late,2022,1,111469.68821768476,266732.95834679034,255263.27012910554
2027,2028,2022-01-22 02:45:00,2022-01-22 03:00:00,315.4426464606098,313.8312109727157,-1,0.0051084896287012516,569.4417461746041,1,-0.0,0.5108489628701252,1.0,0.5108489628701252,Bearish,900.0,2,Saturday,Asia,2022,1,112039.12996385936,267302.40009296493,255263.27012910554
2028,2030,2022-01-22 03:00:00,2022-01-22 03:30:00,313.8312109727157,314.6054345927306,1,0.002467006444691,276.4012556784133,2,-0.402476532590168,0.2467006444691,1.0,0.6129565937209791,Bearish,1800.0,3,Saturday,Asia,2022,1,112315.53121953778,267578.8013486433,255263.27012910554
2030,2039,2022-01-22 03:30:00,2022-01-22 05:45:00,314.6054345927306,318.5386278313022,-1,-0.012501987588559249,-1404.1673773090988,9,-2.1058926429930347,-0.0,0.0,-0.0,Bearish,8100.0,3,Saturday,Asia,2022,1,110911.36384222867,267578.8013486433,256667.43750641463
2039,2046,2022-01-22 05:45:00,2022-01-22 07:30:00,318.5386278313022,308.7368809873192,1,-0.030770983446233857,-3412.8517407884356,7,-4.254282653674791,0.0,0.0,0.0,Bearish,6300.0,5,Saturday,Asia,2022,1,107498.51210144024,267578.8013486433,260080.28924720307
2046,2048,2022-01-22 07:30:00,2022-01-22 08:00:00,308.7368809873192,306.9004303610088,-1,0.005948270969239444,639.4302787694313,2,-0.0,0.5948270969239444,1.0,0.5948270969239444,Bearish,1800.0,7,Saturday,Asia,2022,1,108137.94238020967,268218.2316274127,260080.28924720307
2048,2050,2022-01-22 08:00:00,2022-01-22 08:30:00,306.9004303610088,313.4232324097015,1,0.021253805480233146,2298.342792381634,2,-0.11120143562715068,2.1253805480233146,1.0,19.112887671248615,Bearish,1800.0,8,Saturday,London,2022,1,110436.2851725913,270516.5744197944,260080.28924720307
2050,2054,2022-01-22 08:30:00,2022-01-22 09:30:00,313.4232324097015,309.791317953485,-1,0.011587891645086779,1279.7237062658903,4,-0.6255387450163186,1.1587891645086779,1.0,1.8524658524204576,Bearish,3600.0,8,Saturday,London,2022,1,111716.0088788572,271796.2981260603,260080.28924720307
2054,2061,2022-01-22 09:30:00,2022-01-22 11:15:00,309.791317953485,309.3951909262387,1,-0.0012786898931292923,-142.85013145413683,7,-1.450559890952352,0.017245776462582185,-7.414510421746681,0.01188904820142216,Bearish,6300.0,9,Saturday,London,2022,1,111573.15874740307,271796.2981260603,260223.13937865722
2061,2062,2022-01-22 11:15:00,2022-01-22 11:30:00,309.3951909262387,306.7011851455671,-1,0.008707329201228187,971.5042232345298,1,-0.0,0.8707329201228187,1.0,0.8707329201228187,Bearish,900.0,11,Saturday,London,2022,1,112544.66297063758,272767.8023492948,260223.13937865722
2062,2064,2022-01-22 11:30:00,2022-01-22 12:00:00,306.7011851455671,307.2848392698945,1,0.0019030057678142143,214.17314276982995,2,-0.488097449523317,0.19030057678142143,1.0,0.3898823420758943,Bearish,1800.0,11,Saturday,London,2022,1,112758.83611340742,272981.97549206467,260223.13937865722
2064,2073,2022-01-22 12:00:00,2022-01-22 14:15:00,307.2848392698945,317.5090039155602,-1,-0.03327259707949848,-3751.7793211546036,9,-4.601931226218037,-0.0,0.0,-0.0,Bearish,8100.0,12,Saturday,London,2022,1,109007.05679225281,272981.97549206467,263974.9186998118
2073,2075,2022-01-22 14:15:00,2022-01-22 14:45:00,317.5090039155602,319.3937013593674,1,0.005935886606568408,647.0535284345746,2,0.0,0.5935886606568408,1.0,0.5935886606568408,Sideways,1800.0,14,Saturday,NY_overlap,2022,1,109654.1103206874,273629.02902049926,263974.9186998118
2075,2080,2022-01-22 14:45:00,2022-01-22 16:00:00,319.3937013593674,324.6251793980841,-1,-0.016379402650869457,-1796.0688252653968,5,-2.9653750855095584,-0.0,0.0,-0.0,Sideways,4500.0,14,Saturday,NY_overlap,2022,1,107858.04149542199,273629.02902049926,265770.9875250772
2080,2082,2022-01-22 16:00:00,2022-01-22 16:30:00,324.6251793980841,329.7474794405585,1,0.015779121175911737,1701.905106552778,2,0.0,1.5779121175911737,1.0,1.5779121175911737,Bullish,1800.0,16,Saturday,NY,2022,1,109559.94660197478,275330.934127052,265770.9875250772
2082,2083,2022-01-22 16:30:00,2022-01-22 16:45:00,329.7474794405585,324.3472142926509,-1,0.01637697172718211,1794.2601479321206,1,-0.0,1.637697172718211,1.0,1.637697172718211,Bullish,900.0,16,Saturday,NY,2022,1,111354.2067499069,277125.1942749841,265770.9875250772
2083,2086,2022-01-22 16:45:00,2022-01-22 17:30:00,324.3472142926509,327.1256823226566,1,0.00856633850259847,953.8978287080367,3,0.0,0.856633850259847,1.0,0.856633850259847,Sideways,2700.0,16,Saturday,NY,2022,1,112308.10457861493,278079.0921036922,265770.9875250772
2086,2087,2022-01-22 17:30:00,2022-01-22 17:45:00,327.1256823226566,325.4605818743181,-1,0.005090093925111394,571.6588008563823,1,-0.0,0.5090093925111394,1.0,0.5090093925111394,Bullish,900.0,17,Saturday,NY,2022,1,112879.76337947132,278650.75090454856,265770.9875250772
2087,2089,2022-01-22 17:45:00,2022-01-22 18:15:00,325.4605818743181,326.4989257762578,1,0.003190382982663831,360.1296761729848,2,-0.300929593272814,0.3190382982663831,1.0,1.0601758863148838,Sideways,1800.0,17,Saturday,NY,2022,1,113239.8930556443,279010.88058072154,265770.9875250772
2089,2101,2022-01-22 18:15:00,2022-01-22 21:15:00,326.4989257762578,335.4337856898696,-1,-0.0273656640442812,-3098.8848697710905,12,-4.632123491704587,-0.0,0.0,-0.0,Sideways,10800.0,18,Saturday,NY,2022,1,110141.00818587322,279010.88058072154,268869.87239484827
2101,2104,2022-01-22 21:15:00,2022-01-22 22:00:00,335.4337856898696,338.6223871433588,1,0.009505904263434228,1046.9898792930353,3,-0.3494258815432416,0.9505904263434228,1.0,2.720435080953747,Bullish,2700.0,21,Saturday,Late,2022,1,111187.99806516625,280057.87046001456,268869.87239484827
2104,2109,2022-01-22 22:00:00,2022-01-22 23:15:00,338.6223871433588,338.9446777154876,-1,-0.0009517698308361133,-105.82538210948925,5,-0.8079350602795854,-0.0,0.0,-0.0,Bullish,4500.0,22,Saturday,Late,2022,1,111082.17268305675,280057.87046001456,268975.69777695776
2109,2112,2022-01-22 23:15:00,2022-01-23 00:00:00,338.9446777154876,340.025412228375,1,0.0031885277567171855,354.1885908763776,3,-0.16413257705230055,0.31885277567171855,1.0,1.9426538070508494,Bullish,2700.0,23,Saturday,Late,2022,1,111436.36127393313,280412.0590508909,268975.69777695776
2112,2113,2022-01-23 00:00:00,2022-01-23 00:15:00,340.025412228375,339.0288414707015,-1,0.002930871405000035,326.60564473502353,1,-0.0,0.2930871405000035,1.0,0.2930871405000035,Bullish,900.0,0,Sunday,Asia,2022,1,111762.96691866816,280738.66469562595,268975.69777695776
2113,2115,2022-01-23 00:15:00,2022-01-23 00:45:00,339.0288414707015,339.6921926213893,1,0.0019566215895090444,218.677833980651,2,-0.9522594198228318,0.19566215895090444,1.0,0.20547148694765074,Bullish,1800.0,0,Sunday,Asia,2022,1,111981.6447526488,280957.3425296066,268975.69777695776
2115,2122,2022-01-23 00:45:00,2022-01-23 02:30:00,339.6921926213893,344.3661832415485,-1,-0.013759487917841762,-1540.810087994118,7,-2.31119738463057,-0.0,0.0,-0.0,Bullish,6300.0,0,Sunday,Asia,2022,1,110440.83466465469,280957.3425296066,270516.50786495185
2122,2123,2022-01-23 02:30:00,2022-01-23 02:45:00,344.3661832415485,347.8748612352922,1,0.01018879949452689,1125.2595204063603,1,0.0,1.018879949452689,1.0,1.018879949452689,Bullish,900.0,2,Sunday,Asia,2022,1,111566.09418506105,282082.60205001297,270516.50786495185
2123,2124,2022-01-23 02:45:00,2022-01-23 03:00:00,347.8748612352922,344.9328816413777,-1,0.008457005440024035,943.515065445294,1,-0.0,0.8457005440024035,1.0,0.8457005440024035,Bullish,900.0,2,Sunday,Asia,2022,1,112509.60925050634,283026.11711545824,270516.50786495185
2124,2126,2022-01-23 03:00:00,2022-01-23 03:30:00,344.9328816413777,346.700587429243,1,0.005124781898013353,576.5872088395499,2,-0.21304859223016948,0.5124781898013353,1.0,2.4054521291916053,Bullish,1800.0,3,Sunday,Asia,2022,1,113086.1964593459,283602.7043242978,270516.50786495185
2126,2127,2022-01-23 03:30:00,2022-01-23 03:45:00,346.700587429243,344.9352475290914,-1,0.005091828408026244,575.8155076873337,1,-0.0,0.5091828408026244,1.0,0.5091828408026244,Bullish,900.0,3,Sunday,Asia,2022,1,113662.01196703324,284178.5198319851,270516.50786495185
2127,2133,2022-01-23 03:45:00,2022-01-23 05:15:00,344.9352475290914,344.5619044165264,1,-0.001082357095250286,-123.02288511294118,6,-0.9541090757518522,0.005243014906874954,-20.64379206381875,0.005495194459546861,Bullish,5400.0,3,Sunday,Asia,2022,1,113538.98908192028,284178.5198319851,270639.5307500648
2133,2134,2022-01-23 05:15:00,2022-01-23 05:30:00,344.5619044165264,342.4376323562103,-1,0.006165139073958992,699.9836580067494,1,-0.0,0.6165139073958992,1.0,0.6165139073958992,Bullish,900.0,5,Sunday,Asia,2022,1,114238.97273992703,284878.5034899919,270639.5307500648
2134,2140,2022-01-23 05:30:00,2022-01-23 07:00:00,342.4376323562103,339.2531921523794,1,-0.00929932899582242,-1062.3457916533694,6,-2.3044515410616806,0.0,0.0,0.0,Bullish,5400.0,5,Sunday,Asia,2022,1,113176.62694827367,284878.5034899919,271701.8765417182
2140,2141,2022-01-23 07:00:00,2022-01-23 07:15:00,339.2531921523794,336.043894696535,-1,0.009459888750001588,1070.6383000310996,1,-0.0,0.9459888750001588,1.0,0.9459888750001588,Bullish,900.0,7,Sunday,Asia,2022,1,114247.26524830477,285949.14179002296,271701.8765417182
2141,2143,2022-01-23 07:15:00,2022-01-23 07:45:00,336.043894696535,338.2308262871763,1,0.00650787479003645,743.5068973400492,2,0.0,0.650787479003645,1.0,0.650787479003645,Sideways,1800.0,7,Sunday,Asia,2022,1,114990.77214564482,286692.648687363,271701.8765417182
2143,2144,2022-01-23 07:45:00,2022-01-23 08:00:00,338.2308262871763,336.8603336000294,-1,0.00405194494597394,465.9362780291859,1,-0.0,0.405194494597394,1.0,0.405194494597394,Sideways,900.0,7,Sunday,Asia,2022,1,115456.708423674,287158.5849653922,271701.8765417182
2144,2150,2022-01-23 08:00:00,2022-01-23 09:30:00,336.8603336000294,336.6110304994215,1,-0.000740078530302446,-85.4470310837506,6,-1.5062680525744776,0.0,0.0,0.0,Sideways,5400.0,8,Sunday,London,2022,1,115371.26139259026,287158.5849653922,271787.32357280195
2150,2155,2022-01-23 09:30:00,2022-01-23 10:45:00,336.6110304994215,332.7890433350506,-1,0.011354313489668644,1309.9614695499733,5,-0.0,1.1354313489668644,1.0,1.1354313489668644,Sideways,4500.0,9,Sunday,London,2022,1,116681.22286214022,288468.54643494217,271787.32357280195
2155,2159,2022-01-23 10:45:00,2022-01-23 11:45:00,332.7890433350506,333.9005166365334,1,0.003339873483646283,389.70052227668424,4,-0.8279464808762294,0.3339873483646283,1.0,0.4033924366840282,Sideways,3600.0,10,Sunday,London,2022,1,117070.9233844169,288858.24695721886,271787.32357280195
2159,2160,2022-01-23 11:45:00,2022-01-23 12:00:00,333.9005166365334,329.1812282342838,-1,0.014133815813728523,1654.6588682584706,1,-0.0,1.4133815813728523,1.0,1.4133815813728523,Sideways,900.0,11,Sunday,London,2022,1,118725.58225267538,290512.9058254773,271787.32357280195
2160,2161,2022-01-23 12:00:00,2022-01-23 12:15:00,329.1812282342838,333.0710490021047,1,0.011816654274867888,1402.9391590622545,1,0.0,1.1816654274867888,1.0,1.1816654274867888,Sideways,900.0,12,Sunday,London,2022,1,120128.52141173763,291915.84498453955,271787.32357280195
2161,2162,2022-01-23 12:15:00,2022-01-23 12:30:00,333.0710490021047,330.5817186224862,-1,0.007473871977395241,897.8251898651093,1,-0.0,0.7473871977395241,1.0,0.7473871977395241,Sideways,900.0,12,Sunday,London,2022,1,121026.34660160274,292813.6701744047,271787.32357280195
2162,2166,2022-01-23 12:30:00,2022-01-23 13:30:00,330.5817186224862,331.1629107348321,1,0.0017580890884338896,212.77509937329555,4,-1.2058029367286838,0.17580890884338896,1.0,0.14580235583133888,Sideways,3600.0,12,Sunday,London,2022,1,121239.12170097604,293026.445273778,271787.32357280195
2166,2168,2022-01-23 13:30:00,2022-01-23 14:00:00,331.1629107348321,329.6248178931355,-1,0.004644520240155048,563.0975546388038,2,-0.0,0.4644520240155048,1.0,0.4644520240155048,Bearish,1800.0,13,Sunday,NY_overlap,2022,1,121802.21925561485,293589.5428284168,271787.32357280195
2168,2172,2022-01-23 14:00:00,2022-01-23 15:00:00,329.6248178931355,331.5994810760661,1,0.005990638676881321,729.6730856026644,4,-0.21386367908848847,0.5990638676881321,1.0,2.8011482372388388,Bearish,3600.0,14,Sunday,NY_overlap,2022,1,122531.8923412175,294319.21591401944,271787.32357280195
2172,2176,2022-01-23 15:00:00,2022-01-23 16:00:00,331.5994810760661,328.9886025807348,-1,0.007873590413527976,964.7659328892513,4,-0.8379972804514857,0.7873590413527976,1.0,0.9395723109370882,Bearish,3600.0,15,Sunday,NY_overlap,2022,1,123496.65827410677,295283.9818469087,271787.32357280195
2176,2178,2022-01-23 16:00:00,2022-01-23 16:30:00,328.9886025807348,331.0728008432507,1,0.006335168592974227,782.3721508353913,2,-0.05834003267066734,0.6335168592974227,1.0,10.859041901358882,Bearish,1800.0,16,Sunday,NY,2022,1,124279.03042494215,296066.3539977441,271787.32357280195
2178,2182,2022-01-23 16:30:00,2022-01-23 17:30:00,331.0728008432507,330.7793686921561,-1,0.0008863070308018361,110.14937844686143,4,-0.27656260657706877,0.08863070308018361,1.0,0.3204724752096419,Bearish,3600.0,16,Sunday,NY,2022,1,124389.17980338901,296176.50337619096,271787.32357280195
2182,2183,2022-01-23 17:30:00,2022-01-23 17:45:00,330.7793686921561,333.6338558870948,1,0.008629580515329138,1073.4264423490977,1,0.0,0.8629580515329138,1.0,0.8629580515329138,Bearish,900.0,17,Sunday,NY,2022,1,125462.6062457381,297249.92981854005,271787.32357280195
2183,2188,2022-01-23 17:45:00,2022-01-23 19:00:00,333.6338558870948,334.5500949038041,-1,-0.002746241127936866,-344.5505692901944,5,-0.8462502559274165,-0.0,0.0,-0.0,Bearish,4500.0,17,Sunday,NY,2022,1,125118.05567644793,297249.92981854005,272131.8741420921
2188,2193,2022-01-23 19:00:00,2022-01-23 20:15:00,334.5500949038041,336.4083042950262,1,0.005554353203087281,694.9498733105306,5,-1.3903564345762343,0.5554353203087281,1.0,0.39949131495767765,Sideways,4500.0,19,Sunday,NY,2022,1,125813.00554975845,297944.87969185057,272131.8741420921
2193,2198,2022-01-23 20:15:00,2022-01-23 21:30:00,336.4083042950262,340.3528655777596,-1,-0.011725516975568118,-1475.2225323209373,5,-2.1364757221068897,-0.0,0.0,-0.0,Sideways,4500.0,20,Sunday,NY,2022,1,124337.78301743751,297944.87969185057,273607.0966744131
2198,2200,2022-01-23 21:30:00,2022-01-23 22:00:00,340.3528655777596,344.8548833205239,1,0.01322750062680389,1644.6781027985592,2,-0.09528464276005177,1.322750062680389,1.0,13.882090800417567,Sideways,1800.0,21,Sunday,Late,2022,1,125982.46112023607,299589.55779464915,273607.0966744131
2200,2210,2022-01-23 22:00:00,2022-01-24 00:30:00,344.8548833205239,348.043426000729,-1,-0.009246041840855979,-1164.8391067317132,10,-2.0716430071644254,0.04793863110763574,-19.2872462713756,0.023140391921700858,Sideways,9000.0,22,Sunday,Late,2022,1,124817.62201350435,299589.55779464915,274771.93578114477
2210,2211,2022-01-24 00:30:00,2022-01-24 00:45:00,348.043426000729,350.7121271833324,1,0.007667724724091718,957.0671663152812,1,0.0,0.7667724724091718,1.0,0.7667724724091718,Bullish,900.0,0,Monday,Asia,2022,1,125774.68917981964,300546.62496096443,274771.93578114477
2211,2223,2022-01-24 00:45:00,2022-01-24 03:45:00,350.7121271833324,359.7560625163548,-1,-0.025787347034893715,-3243.3955580858974,12,-3.4852215824856314,-0.0,0.0,-0.0,Bullish,10800.0,0,Monday,Asia,2022,1,122531.29362173374,300546.62496096443,278015.33133923064
2223,2224,2022-01-24 03:45:00,2022-01-24 04:00:00,359.7560625163548,366.7446518265215,1,0.019425911161258025,2380.2820243698193,1,0.0,1.9425911161258025,1.0,1.9425911161258025,Bullish,900.0,3,Monday,Asia,2022,1,124911.57564610356,302926.90698533424,278015.33133923064
2224,2237,2022-01-24 04:00:00,2022-01-24 07:15:00,366.7446518265215,376.2254097743481,-1,-0.025851114394195074,-3229.1034311865715,13,-4.261204126145568,-0.0,0.0,-0.0,Bullish,11700.0,4,Monday,Asia,2022,1,121682.47221491698,302926.90698533424,281244.4347704172
2237,2238,2022-01-24 07:15:00,2022-01-24 07:30:00,376.2254097743481,379.3956356035171,1,0.008426400096342324,1025.3451955949477,1,0.0,0.8426400096342324,1.0,0.8426400096342324,Bullish,900.0,7,Monday,Asia,2022,1,122707.81741051194,303952.2521809292,281244.4347704172
2238,2239,2022-01-24 07:30:00,2022-01-24 07:45:00,379.3956356035171,378.1826889997483,-1,0.0031970494384822024,392.3029587496534,1,-0.0,0.31970494384822024,1.0,0.31970494384822024,Bullish,900.0,7,Monday,Asia,2022,1,123100.1203692616,304344.5551396788,281244.4347704172
2239,2241,2022-01-24 07:45:00,2022-01-24 08:15:00,378.1826889997483,378.796883737692,1,0.0016240688847186657,199.92307519683996,2,-0.4512379850685089,0.16240688847186657,1.0,0.35991404501819424,Bullish,1800.0,7,Monday,Asia,2022,1,123300.04344445842,304544.4782148757,281244.4347704172
2241,2251,2022-01-24 08:15:00,2022-01-24 10:45:00,378.796883737692,378.6756667958559,-1,0.0003200051189440334,39.45664506824836,10,-1.3122383035139684,0.03200051189440334,1.0,0.024386204707415555,Bullish,9000.0,8,Monday,London,2022,1,123339.50008952667,304583.9348599439,281244.4347704172
2251,2257,2022-01-24 10:45:00,2022-01-24 12:15:00,378.6756667958559,375.6071373540753,1,-0.008103318250535563,-999.4592220873932,6,-2.0603134491210318,0.0,0.0,0.0,Bullish,5400.0,10,Monday,London,2022,1,122340.04086743928,304583.9348599439,282243.8939925046
2257,2262,2022-01-24 12:15:00,2022-01-24 13:30:00,375.6071373540753,373.440456221831,-1,0.005768476998353145,705.7157117214066,5,-0.5654940025303645,0.5768476998353145,1.0,1.0200774849143344,Bullish,4500.0,12,Monday,London,2022,1,123045.75657916069,305289.6505716653,282243.8939925046
2262,2264,2022-01-24 13:30:00,2022-01-24 14:00:00,373.440456221831,374.7937150023395,1,0.0036237605164681774,445.88835441051657,2,-0.27007353320888106,0.36237605164681774,1.0,1.3417681004919049,Bullish,1800.0,13,Monday,NY_overlap,2022,1,123491.64493357121,305735.53892607585,282243.8939925046
2264,2266,2022-01-24 14:00:00,2022-01-24 14:30:00,374.7937150023395,373.186354155286,-1,0.004288654752504395,529.6130299389449,2,-0.3042449888603471,0.4288654752504395,1.0,1.4096057156336435,Bullish,1800.0,14,Monday,NY_overlap,2022,1,124021.25796351016,306265.1519560148,282243.8939925046
2266,2278,2022-01-24 14:30:00,2022-01-24 17:30:00,373.186354155286,363.3960929661614,1,-0.026234242169130284,-3253.6037155349,12,-3.9050167525369495,0.0,0.0,0.0,Bullish,10800.0,14,Monday,NY_overlap,2022,1,120767.65424797525,306265.1519560148,285497.49770803953
2278,2284,2022-01-24 17:30:00,2022-01-24 19:00:00,363.3960929661614,363.276311054024,-1,0.00032961805164088975,39.80719889445819,6,-0.8784416844838772,0.08864115274899165,0.37185668441641445,0.1009072705845832,Sideways,5400.0,17,Monday,NY,2022,1,120807.46144686971,306304.95915490924,285497.49770803953
2284,2289,2022-01-24 19:00:00,2022-01-24 20:15:00,363.276311054024,364.6446748912143,1,0.0037667301598061087,455.0491085615374,5,-1.7467433025972423,0.37667301598061087,1.0,0.21564302861246623,Bearish,4500.0,19,Monday,NY,2022,1,121262.51055543125,306760.0082634708,285497.49770803953
2289,2293,2022-01-24 20:15:00,2022-01-24 21:15:00,364.6446748912143,363.677205449673,-1,0.0026531840670097617,321.7317609312729,4,-0.19719173131111933,0.38670096120635433,0.6861074404193036,1.9610404484772068,Bearish,3600.0,20,Monday,NY,2022,1,121584.24231636252,307081.74002440204,285497.49770803953
2293,2294,2022-01-24 21:15:00,2022-01-24 21:30:00,363.677205449673,365.9366209652098,1,0.006212694888982906,755.3658008197239,1,0.0,0.6212694888982906,1.0,0.6212694888982906,Bearish,900.0,21,Monday,Late,2022,1,122339.60811718224,307837.10582522175,285497.49770803953
2294,2301,2022-01-24 21:30:00,2022-01-24 23:15:00,365.9366209652098,366.9739283201843,-1,-0.0028346639706036125,-346.7916793075414,7,-1.1354637520891275,0.2443917748044755,-1.159885177343416,0.21523520619202655,Bearish,6300.0,21,Monday,Late,2022,1,121992.8164378747,307837.10582522175,285844.28938734706
2301,2306,2022-01-24 23:15:00,2022-01-25 00:30:00,366.9739283201843,366.3360155306347,1,-0.001738305477093749,-212.0607809800497,5,-0.8617770918171619,0.0,0.0,0.0,Bearish,4500.0,23,Monday,Late,2022,1,121780.75565689465,307837.10582522175,286056.3501683271
2306,2307,2022-01-25 00:30:00,2022-01-25 00:45:00,366.3360155306347,363.1324354976136,-1,0.008744922413322587,1064.9632596553383,1,-0.0,0.8744922413322587,1.0,0.8744922413322587,Sideways,900.0,0,Tuesday,Asia,2022,1,122845.71891654999,308902.0690848771,286056.3501683271
2307,2308,2022-01-25 00:45:00,2022-01-25 01:00:00,363.1324354976136,365.9843918121283,1,0.007853763629257049,964.801239236734,1,0.0,0.7853763629257049,1.0,0.7853763629257049,Bearish,900.0,0,Tuesday,Asia,2022,1,123810.52015578673,309866.8703241138,286056.3501683271
2308,2309,2022-01-25 01:00:00,2022-01-25 01:15:00,365.9843918121283,363.8736115322314,-1,0.005767405187542707,714.0654362188445,1,-0.0,0.5767405187542707,1.0,0.5767405187542707,Bearish,900.0,1,Tuesday,Asia,2022,1,124524.58559200558,310580.9357603327,286056.3501683271
2309,2312,2022-01-25 01:15:00,2022-01-25 02:00:00,363.8736115322314,367.0848364848955,1,0.008825110837639372,1098.943269860559,3,-0.18444292818907693,0.8825110837639372,1.0,4.784737980624844,Sideways,2700.0,1,Tuesday,Asia,2022,1,125623.52886186613,311679.87903019326,286056.3501683271
2312,2313,2022-01-25 02:00:00,2022-01-25 02:15:00,367.0848364848955,362.4724477890235,-1,0.012564912078741775,1578.4485951706263,1,-0.0,1.2564912078741775,1.0,1.2564912078741775,Sideways,900.0,2,Tuesday,Asia,2022,1,127201.97745703676,313258.3276253639,286056.3501683271
2313,2318,2022-01-25 02:15:00,2022-01-25 03:30:00,362.4724477890235,357.6561496168554,1,-0.013287349704911744,-1690.1771576279461,5,-2.5098096623131227,0.0,0.0,0.0,Sideways,4500.0,2,Tuesday,Asia,2022,1,125511.80029940882,313258.3276253639,287746.52732595504
2318,2320,2022-01-25 03:30:00,2022-01-25 04:00:00,357.6561496168554,355.2518722782476,-1,0.006722315109591648,843.7298715847646,2,-0.36361682063945633,0.6722315109591648,1.0,1.8487360122036678,Bearish,1800.0,3,Tuesday,Asia,2022,1,126355.53017099357,314102.05749694863,287746.52732595504
2320,2322,2022-01-25 04:00:00,2022-01-25 04:30:00,355.2518722782476,356.4981659457216,1,0.003508197323441209,443.28013274787423,2,-0.15520189056179579,0.3508197323441209,1.0,2.260408884674231,Sideways,1800.0,4,Tuesday,Asia,2022,1,126798.81030374145,314545.3376296965,287746.52732595504
2322,2324,2022-01-25 04:30:00,2022-01-25 05:00:00,356.4981659457216,355.6134417449841,-1,0.0024817075801513155,314.67756868496366,2,-0.0,0.24817075801513155,1.0,0.24817075801513155,Sideways,1800.0,4,Tuesday,Asia,2022,1,127113.48787242641,314860.0151983815,287746.52732595504
2324,2332,2022-01-25 05:00:00,2022-01-25 07:00:00,355.6134417449841,352.4671695590609,1,-0.008847450114609079,-1124.630242845258,8,-1.1300319614716448,0.0,0.0,0.0,Sideways,7200.0,5,Tuesday,Asia,2022,1,125988.85762958115,314860.0151983815,288871.1575688003
2332,2333,2022-01-25 07:00:00,2022-01-25 07:15:00,352.4671695590609,351.6138791471624,-1,0.002420907493216995,305.0073694973019,1,-0.0,0.2420907493216995,1.0,0.2420907493216995,Bearish,900.0,7,Tuesday,Asia,2022,1,126293.86499907846,315165.0225678788,288871.1575688003
2333,2334,2022-01-25 07:15:00,2022-01-25 07:30:00,351.6138791471624,354.3426337464431,1,0.007760656677999522,980.1233267954675,1,0.0,0.7760656677999522,1.0,0.7760656677999522,Bearish,900.0,7,Tuesday,Asia,2022,1,127273.98832587393,316145.1458946743,288871.1575688003
2334,2335,2022-01-25 07:30:00,2022-01-25 07:45:00,354.3426337464431,348.8008186404367,-1,0.015639707385513013,1990.5279352038656,1,-0.0,1.5639707385513013,1.0,1.5639707385513013,Sideways,900.0,7,Tuesday,Asia,2022,1,129264.51626107779,318135.67382987816,288871.1575688003
2335,2338,2022-01-25 07:45:00,2022-01-25 08:30:00,348.8008186404367,348.704228135771,1,-0.00027692166848169997,-35.79614551849747,3,-1.0269150965919627,0.0,0.0,0.0,Bearish,2700.0,7,Tuesday,Asia,2022,1,129228.72011555929,318135.67382987816,288906.9537143188
2338,2339,2022-01-25 08:30:00,2022-01-25 08:45:00,348.704228135771,347.7643863333837,-1,0.0026952406267393147,348.3024965969792,1,-0.0,0.2695240626739315,1.0,0.2695240626739315,Bearish,900.0,8,Tuesday,London,2022,1,129577.02261215627,318483.97632647515,288906.9537143188
2339,2340,2022-01-25 08:45:00,2022-01-25 09:00:00,347.7643863333837,350.0373809837852,1,0.006536019039691254,846.9178868995568,1,0.0,0.6536019039691254,1.0,0.6536019039691254,Bearish,900.0,8,Tuesday,London,2022,1,130423.94049905584,319330.8942133747,288906.9537143188
2340,2342,2022-01-25 09:00:00,2022-01-25 09:30:00,350.0373809837852,346.8038361290774,-1,0.009237712971168599,1204.8189268990484,2,-0.0,0.9237712971168599,1.0,0.9237712971168599,Bearish,1800.0,9,Tuesday,London,2022,1,131628.7594259549,320535.71314027376,288906.9537143188
2342,2344,2022-01-25 09:30:00,2022-01-25 10:00:00,346.8038361290774,349.3622056877737,1,0.007376993251436037,971.0244699801658,2,0.0,0.7376993251436037,1.0,0.7376993251436037,Bearish,1800.0,9,Tuesday,London,2022,1,132599.78389593505,321506.7376102539,288906.9537143188
2344,2348,2022-01-25 10:00:00,2022-01-25 11:00:00,349.3622056877737,348.7779499313794,-1,0.001672349632794834,221.75319990704108,4,-1.6939329613203435,0.1672349632794834,1.0,0.09872584517697286,Bearish,3600.0,10,Tuesday,London,2022,1,132821.5370958421,321728.49081016093,288906.9537143188
2348,2351,2022-01-25 11:00:00,2022-01-25 11:45:00,348.7779499313794,353.2357910488325,1,0.012781315786534408,1697.6340088748502,3,0.0,1.2781315786534408,1.0,1.2781315786534408,Bearish,2700.0,11,Tuesday,London,2022,1,134519.17110471695,323426.12481903576,288906.9537143188
2351,2357,2022-01-25 11:45:00,2022-01-25 13:15:00,353.2357910488325,353.4883099929025,-1,-0.0007148736070039519,-96.16420505881068,6,-1.9611691769284345,-0.0,0.0,-0.0,Bearish,5400.0,11,Tuesday,London,2022,1,134423.00689965812,323426.12481903576,289003.11791937763
2357,2360,2022-01-25 13:15:00,2022-01-25 14:00:00,353.4883099929025,356.8564735574527,1,0.009528359126268926,1280.830684572867,3,-0.5861828741273278,0.9528359126268926,1.0,1.6254925803579894,Sideways,2700.0,13,Tuesday,NY_overlap,2022,1,135703.837584231,324706.9555036086,289003.11791937763
2360,2372,2022-01-25 14:00:00,2022-01-25 17:00:00,356.8564735574527,371.4914022441441,-1,-0.04101068572694744,-5565.30743510761,12,-5.853936571148721,0.18698837036293936,-21.93221195914313,0.03194232942060159,Sideways,10800.0,14,Tuesday,NY_overlap,2022,1,130138.53014912338,324706.9555036086,294568.4253544852
2372,2378,2022-01-25 17:00:00,2022-01-25 18:30:00,371.4914022441441,365.4321165580876,1,-0.016310702345876504,-2122.650828992225,6,-2.777259463612436,0.0,0.0,0.0,Bullish,5400.0,17,Tuesday,NY,2022,1,128015.87932013115,324706.9555036086,296691.0761834775
2378,2381,2022-01-25 18:30:00,2022-01-25 19:15:00,365.4321165580876,364.4602811069923,-1,0.0026594144495256655,340.44727923269033,3,-0.14135648876121287,0.26594144495256655,1.0,1.8813529345781177,Bullish,2700.0,18,Tuesday,NY,2022,1,128356.32659936385,325047.4027828413,296691.0761834775
2381,2382,2022-01-25 19:15:00,2022-01-25 19:30:00,364.4602811069923,367.3244139435514,1,0.00785855958805648,1008.6958410851388,1,0.0,0.785855958805648,1.0,0.785855958805648,Bullish,900.0,19,Tuesday,NY,2022,1,129365.02244044899,326056.09862392646,296691.0761834775
2382,2386,2022-01-25 19:30:00,2022-01-25 20:30:00,367.3244139435514,369.8366587655659,-1,-0.006839308052093207,-884.7672396361804,4,-1.9816737720396604,-0.0,0.0,-0.0,Bullish,3600.0,19,Tuesday,NY,2022,1,128480.2552008128,326056.09862392646,297575.84342311363
2386,2388,2022-01-25 20:30:00,2022-01-25 21:00:00,369.8366587655659,371.8586541958963,1,0.005467266108988067,702.4357449335411,2,-0.03749065075048241,0.5467266108988067,1.0,14.583012029786431,Bullish,1800.0,20,Tuesday,NY,2022,1,129182.69094574635,326758.53436886,297575.84342311363
2388,2391,2022-01-25 21:00:00,2022-01-25 21:45:00,371.8586541958963,368.4476040630281,-1,0.009172974984928639,1184.9895925310975,3,-0.3177475658875828,0.9172974984928639,1.0,2.8868749818130732,Bullish,2700.0,21,Tuesday,Late,2022,1,130367.68053827743,327943.5239613911,297575.84342311363
2391,2398,2022-01-25 21:45:00,2022-01-25 23:30:00,368.4476040630281,367.8732040592099,1,-0.001558973372289718,-203.23974256634688,7,-1.2258900760650282,0.48678029139426204,-0.32026222093429946,0.3970831487246989,Bullish,6300.0,21,Tuesday,Late,2022,1,130164.4407957111,327943.5239613911,297779.08316568
2398,2399,2022-01-25 23:30:00,2022-01-25 23:45:00,367.8732040592099,366.0467233344162,-1,0.004964973541535134,646.2630045994214,1,-0.0,0.49649735415351337,1.0,0.49649735415351337,Bullish,900.0,23,Tuesday,Late,2022,1,130810.70380031051,328589.78696599056,297779.08316568
2399,2400,2022-01-25 23:45:00,2022-01-26 00:00:00,366.0467233344162,372.5407353562014,1,0.01774093744817473,2320.7045136730194,1,0.0,1.7740937448174732,1.0,1.7740937448174732,Bullish,900.0,23,Tuesday,Late,2022,1,133131.40831398353,330910.4914796636,297779.08316568
2400,2402,2022-01-26 00:00:00,2022-01-26 00:30:00,372.5407353562014,367.4080062399149,-1,0.013777631891392694,1834.2355369327604,2,-0.0,1.3777631891392694,1.0,1.3777631891392694,Bullish,1800.0,0,Wednesday,Asia,2022,1,134965.6438509163,332744.72701659636,297779.08316568
2402,2405,2022-01-26 00:30:00,2022-01-26 01:15:00,367.4080062399149,368.0110827225727,1,0.0016414353318801034,221.53737640684042,3,-0.7025017790096344,0.16414353318801034,1.0,0.2336556832915283,Bullish,2700.0,0,Wednesday,Asia,2022,1,135187.18122732313,332966.2643930032,297779.08316568
2405,2406,2022-01-26 01:15:00,2022-01-26 01:30:00,368.0110827225727,366.4718754232346,-1,0.004182502570169722,565.4207329372784,1,-0.0,0.41825025701697216,1.0,0.41825025701697216,Sideways,900.0,1,Wednesday,Asia,2022,1,135752.60196026042,333531.6851259405,297779.08316568
2406,2409,2022-01-26 01:30:00,2022-01-26 02:15:00,366.4718754232346,366.3364782786111,1,-0.00036946121572678514,-50.15532135831213,3,-0.46523722089670816,0.0,0.0,0.0,Sideways,2700.0,1,Wednesday,Asia,2022,1,135702.44663890213,333531.6851259405,297829.2384870383
2409,2415,2022-01-26 02:15:00,2022-01-26 03:45:00,366.3364782786111,374.4373656603063,-1,-0.022113242502523,-3000.8211107117268,6,-3.507367489949731,-0.0,0.0,-0.0,Bullish,5400.0,2,Wednesday,Asia,2022,1,132701.62552819037,333531.6851259405,300830.05959775
2415,2418,2022-01-26 03:45:00,2022-01-26 04:30:00,374.4373656603063,377.2850721173774,1,0.007605294551865205,1009.234949653202,3,-0.6306180833950625,0.7605294551865205,1.0,1.206006416898249,Bullish,2700.0,3,Wednesday,Asia,2022,1,133710.86047784358,334540.9200755937,300830.05959775
2418,2421,2022-01-26 04:30:00,2022-01-26 05:15:00,377.2850721173774,374.7218909130602,-1,0.006793751976276963,908.3984226210423,3,-0.0,0.6793751976276963,1.0,0.6793751976276963,Sideways,2700.0,4,Wednesday,Asia,2022,1,134619.25890046463,335449.3184982147,300830.05959775
2421,2423,2022-01-26 05:15:00,2022-01-26 05:45:00,374.7218909130602,380.0283894544232,1,0.014161165040112778,1906.3655428671489,2,0.0,1.4161165040112778,1.0,1.4161165040112778,Sideways,1800.0,5,Wednesday,Asia,2022,1,136525.6244433318,337355.68404108187,300830.05959775
2423,2426,2022-01-26 05:45:00,2022-01-26 06:30:00,380.0283894544232,376.98353883961,-1,0.00801216619417422,1093.8659928033876,3,-0.6938732119626589,0.801216619417422,1.0,1.1547017605005043,Sideways,2700.0,5,Wednesday,Asia,2022,1,137619.49043613515,338449.5500338852,300830.05959775
2426,2427,2022-01-26 06:30:00,2022-01-26 06:45:00,376.98353883961,379.6677862320615,1,0.007120330507570216,979.8962561886801,1,0.0,0.7120330507570216,1.0,0.7120330507570216,Bullish,900.0,6,Wednesday,Asia,2022,1,138599.38669232384,339429.4462900739,300830.05959775
2427,2432,2022-01-26 06:45:00,2022-01-26 08:00:00,379.6677862320615,377.119837938364,-1,0.00671099415355747,930.1396737788357,5,-0.7386093602815391,0.671099415355747,1.0,0.90859857922724,Bullish,4500.0,6,Wednesday,Asia,2022,1,139529.52636610268,340359.58596385276,300830.05959775
2432,2458,2022-01-26 08:00:00,2022-01-26 14:30:00,377.119837938364,356.5465074304439,1,-0.0545538272937065,-7611.869683749029,26,-6.6511270508855524,0.0,0.0,0.0,Sideways,23400.0,8,Wednesday,London,2022,1,131917.65668235364,340359.58596385276,308441.92928149906
2458,2459,2022-01-26 14:30:00,2022-01-26 14:45:00,356.5465074304439,353.4457627493874,-1,0.00869660651958959,1147.235953152737,1,-0.0,0.8696606519589589,1.0,0.8696606519589589,Sideways,900.0,14,Wednesday,NY_overlap,2022,1,133064.8926355064,341506.8219170055,308441.92928149906
2459,2460,2022-01-26 14:45:00,2022-01-26 15:00:00,353.4457627493874,357.2762783224069,1,0.010837633313871331,1442.108513333275,1,0.0,1.083763331387133,1.0,1.083763331387133,Bearish,900.0,14,Wednesday,NY_overlap,2022,1,134507.00114883966,342948.9304303388,308441.92928149906
2460,2464,2022-01-26 15:00:00,2022-01-26 16:00:00,357.2762783224069,354.3244355979019,-1,0.008262073089110089,1111.3066744887271,4,-0.28759428884568283,0.8262073089110089,1.0,2.8728223784524967,Sideways,3600.0,15,Wednesday,NY_overlap,2022,1,135618.3078233284,344060.2371048275,308441.92928149906
2464,2479,2022-01-26 16:00:00,2022-01-26 19:45:00,354.3244355979019,343.5230757704106,1,-0.030484377430149978,-4134.239682124601,15,-3.941813997049326,0.0,0.0,0.0,Bearish,13500.0,16,Wednesday,NY,2022,1,131484.06814120378,344060.2371048275,312576.16896362364
2479,2481,2022-01-26 19:45:00,2022-01-26 20:15:00,343.5230757704106,341.9723796196856,-1,0.0045140960246914386,593.5317093064658,2,-0.00368866045550309,0.45140960246914386,1.0,122.37765115943068,Bearish,1800.0,19,Wednesday,NY,2022,1,132077.59985051025,344653.76881413395,312576.16896362364
2481,2482,2022-01-26 20:15:00,2022-01-26 20:30:00,341.9723796196856,342.943408790174,1,0.0028394959018860355,375.0338035064673,1,0.0,0.28394959018860355,1.0,0.28394959018860355,Bearish,900.0,20,Wednesday,NY,2022,1,132452.63365401674,345028.8026176404,312576.16896362364
2482,2483,2022-01-26 20:30:00,2022-01-26 20:45:00,342.943408790174,341.2976306265392,-1,0.004798978844470891,635.637386800079,1,-0.0,0.47989788444708914,1.0,0.47989788444708914,Bearish,900.0,20,Wednesday,NY,2022,1,133088.2710408168,345664.4400044405,312576.16896362364
2483,2484,2022-01-26 20:45:00,2022-01-26 21:00:00,341.2976306265392,344.1425031662409,1,0.008335459389152922,1109.3518784333044,1,0.0,0.8335459389152922,1.0,0.8335459389152922,Bearish,900.0,20,Wednesday,NY,2022,1,134197.6229192501,346773.7918828738,312576.16896362364
2484,2487,2022-01-26 21:00:00,2022-01-26 21:45:00,344.1425031662409,342.1933984042013,-1,0.005663656026521302,760.0491757914435,3,-0.4721376473493466,0.5663656026521302,1.0,1.1995772966459968,Bearish,2700.0,21,Wednesday,Late,2022,1,134957.67209504155,347533.84105866525,312576.16896362364
2487,2495,2022-01-26 21:45:00,2022-01-26 23:45:00,342.1933984042013,338.0332136655072,1,-0.012157407939763942,-1640.7354742603156,8,-2.446301136030038,0.0,0.0,0.0,Bearish,7200.0,21,Wednesday,Late,2022,1,133316.93662078126,347533.84105866525,314216.90443788393
2495,2497,2022-01-26 23:45:00,2022-01-27 00:15:00,338.0332136655072,336.1515309249401,-1,0.005566561700144246,742.1169533737981,2,-0.34416384628286334,0.5566561700144246,1.0,1.617416169730149,Bearish,1800.0,23,Wednesday,Late,2022,1,134059.05357415503,348275.958012039,314216.90443788393
2497,2500,2022-01-27 00:15:00,2022-01-27 01:00:00,336.1515309249401,336.2305092844951,1,0.00023494868322537776,31.496998111688075,3,-0.35923796041960054,0.023494868322537776,1.0,0.0654019644669374,Bearish,2700.0,0,Thursday,Asia,2022,1,134090.55057226674,348307.4550101507,314216.90443788393
2500,2502,2022-01-27 01:00:00,2022-01-27 01:30:00,336.2305092844951,333.7010251756508,-1,0.007523065394116402,1008.7719806882343,2,-0.0,0.7523065394116402,1.0,0.7523065394116402,Bearish,1800.0,1,Thursday,Asia,2022,1,135099.32255295495,349316.2269908389,314216.90443788393
2502,2505,2022-01-27 01:30:00,2022-01-27 02:15:00,333.7010251756508,336.1785970684209,1,0.007424525865528997,1003.0484147098583,3,0.0,0.7424525865528997,1.0,0.7424525865528997,Bearish,2700.0,1,Thursday,Asia,2022,1,136102.3709676648,350319.27540554875,314216.90443788393
2505,2506,2022-01-27 02:15:00,2022-01-27 02:30:00,336.1785970684209,330.988677329928,-1,0.015437983809054368,2101.1461993727194,1,-0.0,1.5437983809054368,1.0,1.5437983809054368,Bearish,900.0,2,Thursday,Asia,2022,1,138203.51716703756,352420.42160492146,314216.90443788393
2506,2508,2022-01-27 02:30:00,2022-01-27 03:00:00,330.988677329928,334.3888829878654,1,0.010272876055358315,1419.7476022715607,2,0.0,1.0272876055358315,1.0,1.0272876055358315,Bearish,1800.0,2,Thursday,Asia,2022,1,139623.2647693091,353840.169207193,314216.90443788393
2508,2511,2022-01-27 03:00:00,2022-01-27 03:45:00,334.3888829878654,331.5897591157143,-1,0.008370864028552805,1168.7673646065127,3,-0.0,0.8370864028552805,1.0,0.8370864028552805,Bearish,2700.0,3,Thursday,Asia,2022,1,140792.03213391564,355008.9365717995,314216.90443788393
2511,2519,2022-01-27 03:45:00,2022-01-27 05:45:00,331.5897591157143,326.7388768590902,1,-0.014629167889745553,-2059.670275625501,8,-1.9512080119917563,0.0,0.0,0.0,Bearish,7200.0,3,Thursday,Asia,2022,1,138732.36185829013,355008.9365717995,316276.5747135094
2519,2520,2022-01-27 05:45:00,2022-01-27 06:00:00,326.7388768590902,324.6780724420148,-1,0.006307190735567625,875.011467436022,1,-0.0,0.6307190735567625,1.0,0.6307190735567625,Bearish,900.0,5,Thursday,Asia,2022,1,139607.37332572613,355883.94803923555,316276.5747135094
2520,2524,2022-01-27 06:00:00,2022-01-27 07:00:00,324.6780724420148,324.5671287708221,1,-0.0003417036153944286,-47.70434420112029,4,-0.2952769818078571,0.0,0.0,0.0,Bearish,3600.0,6,Thursday,Asia,2022,1,139559.66898152503,355883.94803923555,316324.27905771055
2524,2525,2022-01-27 07:00:00,2022-01-27 07:15:00,324.5671287708221,320.7595013593969,-1,0.01173140183925947,1637.2305573763038,1,-0.0,1.173140183925947,1.0,1.173140183925947,Bearish,900.0,7,Thursday,Asia,2022,1,141196.89953890134,357521.17859661183,316324.27905771055
2525,2534,2022-01-27 07:15:00,2022-01-27 09:30:00,320.7595013593969,317.7351227625337,1,-0.00942880439720628,-1331.317947244285,9,-2.167096438312588,0.20406856354071579,-4.620410039454727,0.09416681229913977,Bearish,8100.0,7,Thursday,Asia,2022,1,139865.58159165704,357521.17859661183,317655.5970049548
2534,2538,2022-01-27 09:30:00,2022-01-27 10:30:00,317.7351227625337,315.0808837597028,-1,0.008353621657416266,1168.3841515111872,4,-0.0,0.8353621657416266,1.0,0.8353621657416266,Bearish,3600.0,9,Thursday,London,2022,1,141033.96574316823,358689.562748123,317655.5970049548
2538,2539,2022-01-27 10:30:00,2022-01-27 10:45:00,315.0808837597028,317.816877614475,1,0.008683465090376208,1224.6635180881142,1,0.0,0.8683465090376208,1.0,0.8683465090376208,Bearish,900.0,10,Thursday,London,2022,1,142258.62926125634,359914.22626621113,317655.5970049548
2539,2541,2022-01-27 10:45:00,2022-01-27 11:15:00,317.816877614475,316.0804228182272,-1,0.005463695978897065,777.257900658134,2,-0.0,0.5463695978897065,1.0,0.5463695978897065,Bearish,1800.0,10,Thursday,London,2022,1,143035.8871619145,360691.48416686925,317655.5970049548
2541,2544,2022-01-27 11:15:00,2022-01-27 12:00:00,316.0804228182272,319.4714553980389,1,0.010728385357045234,1534.5441173598563,3,-0.2701354240937426,1.0728385357045234,1.0,3.9714840780460774,Bearish,2700.0,11,Thursday,London,2022,1,144570.43127927434,362226.0282842291,317655.5970049548
2544,2549,2022-01-27 12:00:00,2022-01-27 13:15:00,319.4714553980389,323.7779998840974,-1,-0.01348021681840983,-1948.8407591756345,5,-3.2177122631570576,-0.0,0.0,-0.0,Bearish,4500.0,12,Thursday,London,2022,1,142621.5905200987,362226.0282842291,319604.4377641305
2549,2557,2022-01-27 13:15:00,2022-01-27 15:15:00,323.7779998840974,320.7426865445995,1,-0.009374674439228348,-1337.03097913086,8,-2.4743057800741486,0.2985807678203889,-3.1397449030835363,0.12067254185998029,Bearish,7200.0,13,Thursday,NY_overlap,2022,1,141284.55954096784,362226.0282842291,320941.46874326136
2557,2558,2022-01-27 15:15:00,2022-01-27 15:30:00,320.7426865445995,317.4213051807481,-1,0.010355283232278967,1463.0416303945024,1,-0.0,1.0355283232278967,1.0,1.0355283232278967,Bearish,900.0,15,Thursday,NY_overlap,2022,1,142747.60117136233,363689.06991462363,320941.46874326136
2558,2560,2022-01-27 15:30:00,2022-01-27 16:00:00,317.4213051807481,318.9994747978462,1,0.004971845277365494,709.7189867390903,2,0.0,0.4971845277365494,1.0,0.4971845277365494,Bearish,1800.0,15,Thursday,NY_overlap,2022,1,143457.32015810144,364398.78890136274,320941.46874326136
2560,2564,2022-01-27 16:00:00,2022-01-27 17:00:00,318.9994747978462,317.9798096520644,-1,0.0031964477259028845,458.5538247834849,4,-0.6646809895036299,0.31964477259028845,1.0,0.48089952569426214,Bearish,3600.0,16,Thursday,NY,2022,1,143915.87398288492,364857.3427261462,320941.46874326136
2564,2567,2022-01-27 17:00:00,2022-01-27 17:45:00,317.9798096520644,321.0121753103995,1,0.00953634654242097,1372.4316472561752,3,-0.478912344562088,0.953634654242097,1.0,1.9912509357303991,Sideways,2700.0,17,Thursday,NY,2022,1,145288.3056301411,366229.7743734024,320941.46874326136
2567,2569,2022-01-27 17:45:00,2022-01-27 18:15:00,321.0121753103995,317.9502804870347,-1,0.009538251377550266,1385.796381318636,2,-0.0,0.9538251377550266,1.0,0.9538251377550266,Sideways,1800.0,17,Thursday,NY,2022,1,146674.10201145973,367615.57075472106,320941.46874326136
2569,2570,2022-01-27 18:15:00,2022-01-27 18:30:00,317.9502804870347,319.7504738547725,1,0.005661870670408797,830.4497962872308,1,0.0,0.5661870670408797,1.0,0.5661870670408797,Sideways,900.0,18,Thursday,NY,2022,1,147504.55180774696,368446.0205510083,320941.46874326136
2570,2573,2022-01-27 18:30:00,2022-01-27 19:15:00,319.7504738547725,318.2058119422189,-1,0.004830835413414336,712.5702125126728,3,-0.7781733421869053,0.4830835413414336,1.0,0.620791686314801,Sideways,2700.0,18,Thursday,NY,2022,1,148217.12202025965,369158.590763521,320941.46874326136
2573,2584,2022-01-27 19:15:00,2022-01-27 22:00:00,318.2058119422189,313.7988769421869,1,-0.013849322779912687,-2052.706764368278,11,-2.645649414157547,0.038166685716389814,-36.28641711995813,0.014426206855734593,Sideways,9900.0,19,Thursday,NY,2022,1,146164.41525589136,369158.590763521,322994.17550762964
2584,2587,2022-01-27 22:00:00,2022-01-27 22:45:00,313.7988769421869,311.0234610451076,-1,0.008844569248062206,1292.7612923332497,3,-0.0,0.8844569248062206,1.0,0.8844569248062206,Sideways,2700.0,22,Thursday,Late,2022,1,147457.1765482246,370451.3520558542,322994.17550762964
2587,2594,2022-01-27 22:45:00,2022-01-28 00:30:00,311.0234610451076,308.6444930394638,1,-0.0076488378003702895,-1127.8760259179344,7,-1.4172202456352423,0.37733056444382296,-2.027092030470553,0.2662469475763745,Sideways,6300.0,22,Thursday,Late,2022,1,146329.30052230667,370451.3520558542,324122.0515335476
2594,2595,2022-01-28 00:30:00,2022-01-28 00:45:00,308.6444930394638,306.9627595512682,-1,0.0054487720536796624,797.3150033204365,1,-0.0,0.5448772053679662,1.0,0.5448772053679662,Bearish,900.0,0,Friday,Asia,2022,1,147126.6155256271,371248.6670591747,324122.0515335476
2595,2596,2022-01-28 00:45:00,2022-01-28 01:00:00,306.9627595512682,309.171886425487,1,0.007196726004966125,1058.8299399759321,1,0.0,0.7196726004966125,1.0,0.7196726004966125,Bearish,900.0,0,Friday,Asia,2022,1,148185.44546560306,372307.4969991506,324122.0515335476
2596,2598,2022-01-28 01:00:00,2022-01-28 01:30:00,309.171886425487,308.4295144593473,-1,0.0024011625853912477,355.8173473515407,2,-0.2345903361768098,0.24011625853912477,1.0,1.0235556265972956,Bearish,1800.0,1,Friday,Asia,2022,1,148541.2628129546,372663.3143465021,324122.0515335476
2598,2600,2022-01-28 01:30:00,2022-01-28 02:00:00,308.4295144593473,311.7228954631771,1,0.010677904835413976,1586.109468448944,2,-0.03831377873395603,1.0677904835413976,1.0,27.869620768965188,Bearish,1800.0,1,Friday,Asia,2022,1,150127.37228140354,374249.4238149511,324122.0515335476
2600,2611,2022-01-28 02:00:00,2022-01-28 04:45:00,311.7228954631771,318.1759134914018,-1,-0.02070113591956857,-3107.8071388450016,11,-3.5619697831048347,0.33497020379323894,-6.1799932307849055,0.09404072021668249,Bearish,9900.0,2,Friday,Asia,2022,1,147019.56514255854,374249.4238149511,327229.85867239255
2611,2614,2022-01-28 04:45:00,2022-01-28 05:30:00,318.1759134914018,320.2309723732773,1,0.006458876347128273,949.5811918643543,3,-0.0765775648823186,0.6458876347128273,1.0,8.434423785940465,Sideways,2700.0,4,Friday,Asia,2022,1,147969.14633442287,375199.0050068154,327229.85867239255
2614,2615,2022-01-28 05:30:00,2022-01-28 05:45:00,320.2309723732773,317.3123243012158,-1,0.009114196701308974,1348.6199054167002,1,-0.0,0.9114196701308974,1.0,0.9114196701308974,Sideways,900.0,5,Friday,Asia,2022,1,149317.76623983958,376547.6249122321,327229.85867239255
2615,2617,2022-01-28 05:45:00,2022-01-28 06:15:00,317.3123243012158,318.7859522919293,1,0.004644093146897621,693.4456149044992,2,-0.3570108292078711,0.4644093146897621,1.0,1.3008269685269345,Sideways,1800.0,5,Friday,Asia,2022,1,150011.2118547441,377241.0705271366,327229.85867239255
2617,2622,2022-01-28 06:15:00,2022-01-28 07:30:00,318.7859522919293,318.2765604084104,-1,0.0015979119526962071,239.7047084611382,5,-0.7529866395773466,0.1597911952696207,1.0,0.21220986783950369,Sideways,4500.0,6,Friday,Asia,2022,1,150250.91656320522,377480.77523559774,327229.85867239255
2622,2625,2022-01-28 07:30:00,2022-01-28 08:15:00,318.2765604084104,323.0293454354765,1,0.01493287793787701,2243.6785970924834,3,-0.010176794476601803,1.493287793787701,1.0,146.73459282498294,Sideways,2700.0,7,Friday,Asia,2022,1,152494.5951602977,379724.45383269025,327229.85867239255
2625,2631,2022-01-28 08:15:00,2022-01-28 09:45:00,323.0293454354765,325.0380524503323,-1,-0.006218342213299088,-948.2635783852328,6,-1.2468875942420965,0.19819699797671841,-3.1374552978998893,0.15895338031427744,Sideways,5400.0,8,Friday,London,2022,1,151546.33158191247,379724.45383269025,328178.1222507778
2631,2632,2022-01-28 09:45:00,2022-01-28 10:00:00,325.0380524503323,333.0560816808476,1,0.02466797093469708,3738.340502722578,1,0.0,2.466797093469708,1.0,2.466797093469708,Bullish,900.0,9,Friday,London,2022,1,155284.67208463507,383462.79433541285,328178.1222507778
2632,2634,2022-01-28 10:00:00,2022-01-28 10:30:00,333.0560816808476,327.7794800726933,-1,0.01584298230353487,2460.172311847085,2,-0.0,1.584298230353487,1.0,1.584298230353487,Bullish,1800.0,10,Friday,London,2022,1,157744.84439648213,385922.96664725995,328178.1222507778
2634,2636,2022-01-28 10:30:00,2022-01-28 11:00:00,327.7794800726933,331.5737163864889,1,0.011575576094495554,1825.9874498258373,2,-0.15442255508213432,1.1575576094495554,1.0,7.49603973871481,Bullish,1800.0,10,Friday,London,2022,1,159570.83184630796,387748.9540970858,328178.1222507778
2636,2638,2022-01-28 11:00:00,2022-01-28 11:30:00,331.5737163864889,327.7921743249271,-1,0.011404830584201053,1819.8783033871741,2,-0.0,1.1404830584201053,1.0,1.1404830584201053,Bullish,1800.0,11,Friday,London,2022,1,161390.71014969514,389568.832400473,328178.1222507778
2638,2640,2022-01-28 11:30:00,2022-01-28 12:00:00,327.7921743249271,331.6837552914427,1,0.011872098455462332,1916.0464006941622,2,0.0,1.1872098455462332,1.0,1.1872098455462332,Bullish,1800.0,11,Friday,London,2022,1,163306.7565503893,391484.8788011672,328178.1222507778
2640,2641,2022-01-28 12:00:00,2022-01-28 12:15:00,331.6837552914427,328.5537985608176,-1,0.009436569264222427,1541.0555195032564,1,-0.0,0.9436569264222427,1.0,0.9436569264222427,Bullish,900.0,12,Friday,London,2022,1,164847.81206989256,393025.93432067044,328178.1222507778
2641,2642,2022-01-28 12:15:00,2022-01-28 12:30:00,328.5537985608176,329.8502014163581,1,0.003945785625426357,650.4541272483667,1,0.0,0.3945785625426357,1.0,0.3945785625426357,Bullish,900.0,12,Friday,London,2022,1,165498.26619714094,393676.3884479188,328178.1222507778
2642,2644,2022-01-28 12:30:00,2022-01-28 13:00:00,329.8502014163581,328.609195890857,-1,0.003762330658499846,622.6592008420713,2,-0.255341117392871,0.3762330658499846,1.0,1.4734527274395364,Bullish,1800.0,12,Friday,London,2022,1,166120.925397983,394299.0476487609,328178.1222507778
2644,2649,2022-01-28 13:00:00,2022-01-28 14:15:00,328.609195890857,326.6986214993686,1,-0.005814123327586351,-965.8475475566439,5,-1.489010463904139,0.0,0.0,0.0,Bullish,4500.0,13,Friday,NY_overlap,2022,1,165155.07785042637,394299.0476487609,329143.9697983344
2649,2667,2022-01-28 14:15:00,2022-01-28 18:45:00,326.6986214993686,349.7582225724227,-1,-0.07058371096646554,-11657.258279638596,18,-8.609476090860824,0.06648660655435013,-106.1623003856667,0.007722491572388166,Bullish,16200.0,14,Friday,NY_overlap,2022,1,153497.81957078777,394299.0476487609,340801.228077973
2667,2674,2022-01-28 18:45:00,2022-01-28 20:30:00,349.7582225724227,349.7821638713358,1,6.845099662555754e-05,10.50707872947042,7,-0.9451399582690811,0.07461253360898645,0.09174195448754094,0.07894337019210469,Bullish,6300.0,18,Friday,NY,2022,1,153508.32664951723,394309.55472749035,340801.228077973
2674,2675,2022-01-28 20:30:00,2022-01-28 20:45:00,349.7821638713358,346.9678155834217,-1,0.008046002851504142,1235.1284339516435,1,-0.0,0.8046002851504142,1.0,0.8046002851504142,Bullish,900.0,20,Friday,NY,2022,1,154743.45508346887,395544.683161442,340801.228077973
2675,2676,2022-01-28 20:45:00,2022-01-28 21:00:00,346.9678155834217,349.7605289759913,1,0.00804891193690005,1245.5164427784878,1,0.0,0.804891193690005,1.0,0.804891193690005,Bullish,900.0,20,Friday,NY,2022,1,155988.97152624736,396790.19960422046,340801.228077973
2676,2680,2022-01-28 21:00:00,2022-01-28 22:00:00,349.7605289759913,353.2795812368493,-1,-0.010061319014929682,-1569.4548053363555,4,-2.7005675528481765,-0.0,0.0,-0.0,Bullish,3600.0,21,Friday,Late,2022,1,154419.51672091102,396790.19960422046,342370.6828833094
2680,2687,2022-01-28 22:00:00,2022-01-28 23:45:00,353.2795812368493,345.953623667077,1,-0.02073699686838326,-3202.1970346587846,7,-2.7617762312583727,0.0,0.0,0.0,Bullish,6300.0,22,Friday,Late,2022,1,151217.31968625222,396790.19960422046,345572.8799179682
2687,2692,2022-01-28 23:45:00,2022-01-29 01:00:00,345.953623667077,342.6666418249312,-1,0.009501221022933937,1436.7491768347397,5,-0.49684746529032875,0.9501221022933937,1.0,1.9123013976496743,Bullish,4500.0,23,Friday,Late,2022,1,152654.06886308698,398226.9487810552,345572.8799179682
2692,2697,2022-01-29 01:00:00,2022-01-29 02:15:00,342.6666418249312,340.6187392109323,1,-0.005976369929364789,-912.3171867485336,5,-1.4799939678974083,0.0,0.0,0.0,Bullish,4500.0,1,Saturday,Asia,2022,1,151741.75167633843,398226.9487810552,346485.19710471673
2697,2707,2022-01-29 02:15:00,2022-01-29 04:45:00,340.6187392109323,348.9793031726352,-1,-0.024545226082014038,-3724.535600976555,10,-3.1032040313293097,-0.0,0.0,-0.0,Bullish,9000.0,2,Saturday,Asia,2022,1,148017.21607536188,398226.9487810552,350209.7327056933
2707,2710,2022-01-29 04:45:00,2022-01-29 05:30:00,348.9793031726352,352.5966926746253,1,0.010365627614886463,1534.2913424293858,3,-0.40747955032884864,1.0365627614886463,1.0,2.543839956268009,Bullish,2700.0,4,Saturday,Asia,2022,1,149551.50741779126,399761.24012348463,350209.7327056933
2710,2713,2022-01-29 05:30:00,2022-01-29 06:15:00,352.5966926746253,350.7358439022388,-1,0.005277555947195589,789.2664473848286,3,-0.16710252351335164,0.5277555947195589,1.0,3.158274235621527,Bullish,2700.0,5,Saturday,Asia,2022,1,150340.7738651761,400550.5065708695,350209.7327056933
2713,2714,2022-01-29 06:15:00,2022-01-29 06:30:00,350.7358439022388,352.1773003974823,1,0.004109806625995471,617.8715085883869,1,0.0,0.41098066259954713,1.0,0.41098066259954713,Sideways,900.0,6,Saturday,Asia,2022,1,150958.64537376448,401168.37807945785,350209.7327056933
2714,2716,2022-01-29 06:30:00,2022-01-29 07:00:00,352.1773003974823,351.6094455136185,-1,0.0016124119391651703,243.40752212085857,2,-0.3601840342277063,0.16124119391651703,1.0,0.4476633570453633,Sideways,1800.0,6,Saturday,Asia,2022,1,151202.05289588534,401411.7856015787,350209.7327056933
2716,2717,2022-01-29 07:00:00,2022-01-29 07:15:00,351.6094455136185,353.1103456999425,1,0.004268657186190072,645.4297296607117,1,0.0,0.42686571861900724,1.0,0.42686571861900724,Sideways,900.0,7,Saturday,Asia,2022,1,151847.48262554605,402057.21533123945,350209.7327056933
2717,2718,2022-01-29 07:15:00,2022-01-29 07:30:00,353.1103456999425,349.809093252172,-1,0.00934906747415376,1419.6323608466191,1,-0.0,0.934906747415376,1.0,0.934906747415376,Sideways,900.0,7,Saturday,Asia,2022,1,153267.11498639267,403476.84769208607,350209.7327056933
2718,2721,2022-01-29 07:30:00,2022-01-29 08:15:00,349.809093252172,352.4787385742054,1,0.007631720768644934,1169.6918245919428,3,-0.179807218153627,0.7631720768644934,1.0,4.244390657400864,Sideways,2700.0,7,Saturday,Asia,2022,1,154436.80681098462,404646.539516678,350209.7327056933
2721,2727,2022-01-29 08:15:00,2022-01-29 09:45:00,352.4787385742054,357.992792975507,-1,-0.015643651085470278,-2415.9555205052206,6,-3.1519261962915657,0.19296021581591827,-8.107189878142618,0.06121977603503146,Sideways,5400.0,8,Saturday,London,2022,1,152020.8512904794,404646.539516678,352625.6882261985
2727,2728,2022-01-29 09:45:00,2022-01-29 10:00:00,357.992792975507,361.5778622688702,1,0.01001436163997993,1522.3917816404685,1,0.0,1.001436163997993,1.0,1.001436163997993,Sideways,900.0,9,Saturday,London,2022,1,153543.24307211986,406168.9312983185,352625.6882261985
2728,2736,2022-01-29 10:00:00,2022-01-29 12:00:00,361.5778622688702,359.6280341363227,-1,0.005392553958675772,827.9902232564754,8,-1.3825445483380383,0.5392553958675772,1.0,0.39004558407598366,Sideways,7200.0,10,Saturday,London,2022,1,154371.23329537635,406996.92152157496,352625.6882261985
2736,2739,2022-01-29 12:00:00,2022-01-29 12:45:00,359.6280341363227,362.1685384503715,1,0.007064255488730353,1090.5178321089347,3,-0.3518294090226859,0.7064255488730353,1.0,2.007863841841275,Bullish,2700.0,12,Saturday,London,2022,1,155461.75112748527,408087.4393536839,352625.6882261985
2739,2742,2022-01-29 12:45:00,2022-01-29 13:30:00,362.1685384503715,359.3906623958043,-1,0.007670119736112424,1192.4102455335214,3,-0.781475434932255,0.7670119736112424,1.0,0.9814921100849876,Bullish,2700.0,12,Saturday,London,2022,1,156654.1613730188,409279.8495992174,352625.6882261985
2742,2747,2022-01-29 13:30:00,2022-01-29 14:45:00,359.3906623958043,360.6017456079034,1,0.0033698238124098,527.8969233078856,5,-0.8116649523404851,0.33698238124098,1.0,0.41517424187070157,Bullish,4500.0,13,Saturday,NY_overlap,2022,1,157182.05829632666,409807.7465225253,352625.6882261985
2747,2748,2022-01-29 14:45:00,2022-01-29 15:00:00,360.6017456079034,358.2745716438949,-1,0.006453584854630656,1014.3877508408456,1,-0.0,0.6453584854630656,1.0,0.6453584854630656,Bullish,900.0,14,Saturday,NY_overlap,2022,1,158196.44604716753,410822.1342733662,352625.6882261985
2748,2751,2022-01-29 15:00:00,2022-01-29 15:45:00,358.2745716438949,357.0706206199933,1,-0.003360414383799082,-531.6056127627965,3,-1.4144794845693642,0.0,0.0,0.0,Bullish,2700.0,15,Saturday,NY_overlap,2022,1,157664.84043440473,410822.1342733662,353157.2938389613
2751,2753,2022-01-29 15:45:00,2022-01-29 16:15:00,357.0706206199933,355.8886249317949,-1,0.0033102574671253215,521.91121535111,2,-0.0,0.33102574671253215,1.0,0.33102574671253215,Bullish,1800.0,15,Saturday,NY_overlap,2022,1,158186.75164975584,411344.0454887173,353157.2938389613
2753,2756,2022-01-29 16:15:00,2022-01-29 17:00:00,355.8886249317949,356.6426722345414,1,0.00211877326197496,335.16185979417565,3,-0.38501463363438404,0.211877326197496,1.0,0.5503098004287755,Sideways,2700.0,16,Saturday,NY,2022,1,158521.91350955,411679.2073485115,353157.2938389613
2756,2758,2022-01-29 17:00:00,2022-01-29 17:30:00,356.6426722345414,355.1928678314411,-1,0.004065145637274892,644.4146651158142,2,-0.12668207701436174,0.4065145637274892,1.0,3.2089351020144963,Sideways,1800.0,17,Saturday,NY,2022,1,159166.32817466583,412323.6220136273,353157.2938389613
2758,2759,2022-01-29 17:30:00,2022-01-29 17:45:00,355.1928678314411,357.5982970118017,1,0.006772177591984008,1077.9026410628435,1,0.0,0.6772177591984008,1.0,0.6772177591984008,Sideways,900.0,17,Saturday,NY,2022,1,160244.23081572866,413401.5246546902,353157.2938389613
2759,2774,2022-01-29 17:45:00,2022-01-29 21:30:00,357.5982970118017,375.7378110048559,-1,-0.050725951842146344,-8128.541135340426,15,-5.951290737680637,-0.0,0.0,-0.0,Sideways,13500.0,17,Saturday,NY,2022,1,152115.68968038826,413401.5246546902,361285.8349743017
2774,2783,2022-01-29 21:30:00,2022-01-29 23:45:00,375.7378110048559,364.219965155612,1,-0.030653944085215046,-4662.945845946539,9,-4.5056904679313,0.0,0.0,0.0,Bullish,8100.0,21,Saturday,Late,2022,1,147452.7438344417,413401.5246546902,365948.78082024824
2783,2785,2022-01-29 23:45:00,2022-01-30 00:15:00,364.219965155612,361.5338228317619,-1,0.0073750551337911086,1087.4721154077831,2,-0.1809619149542252,0.7375055133791109,1.0,4.075473635243442,Sideways,1800.0,23,Saturday,Late,2022,1,148540.2159498495,414488.99677009793,365948.78082024824
2785,2787,2022-01-30 00:15:00,2022-01-30 00:45:00,361.5338228317619,363.7294925861137,1,0.006073207029853922,902.1154837226445,2,0.0,0.6073207029853922,1.0,0.6073207029853922,Sideways,1800.0,0,Sunday,Asia,2022,1,149442.33143357214,415391.1122538206,365948.78082024824
2787,2788,2022-01-30 00:45:00,2022-01-30 01:00:00,363.7294925861137,362.6765432418488,-1,0.00289486930734828,432.61601848561656,1,-0.0,0.289486930734828,1.0,0.289486930734828,Sideways,900.0,0,Sunday,Asia,2022,1,149874.94745205776,415823.7282723062,365948.78082024824
2788,2790,2022-01-30 01:00:00,2022-01-30 01:30:00,362.6765432418488,363.9618202062837,1,0.003543865707294591,531.1366866579258,2,-0.15924067014467802,0.3543865707294591,1.0,2.2254777652435234,Sideways,1800.0,1,Sunday,Asia,2022,1,150406.0841387157,416354.8649589641,365948.78082024824
2790,2791,2022-01-30 01:30:00,2022-01-30 01:45:00,363.9618202062837,361.3267525326455,-1,0.007239956301308359,1088.9334766152087,1,-0.0,0.7239956301308359,1.0,0.7239956301308359,Sideways,900.0,1,Sunday,Asia,2022,1,151495.0176153309,417443.79843557935,365948.78082024824
2791,2792,2022-01-30 01:45:00,2022-01-30 02:00:00,361.3267525326455,366.1041813658729,1,0.01322190731724393,2003.0530819341395,1,0.0,1.322190731724393,1.0,1.322190731724393,Sideways,900.0,1,Sunday,Asia,2022,1,153498.07069726504,419446.8515175135,365948.78082024824
2792,2797,2022-01-30 02:00:00,2022-01-30 03:15:00,366.1041813658729,367.4182685168316,-1,-0.0035893803399240642,-550.9629571770366,5,-1.1973323762958454,-0.0,0.0,-0.0,Sideways,4500.0,2,Sunday,Asia,2022,1,152947.107740088,419446.8515175135,366499.74377742526
2797,2800,2022-01-30 03:15:00,2022-01-30 04:00:00,367.4182685168316,369.3619673551725,1,0.005290152953436822,809.1135937308453,3,0.0,0.5290152953436822,1.0,0.5290152953436822,Sideways,2700.0,3,Sunday,Asia,2022,1,153756.22133381883,420255.96511124435,366499.74377742526
2800,2802,2022-01-30 04:00:00,2022-01-30 04:30:00,369.3619673551725,365.758370307742,-1,0.00975627532318557,1500.0880279853936,2,-0.0,0.975627532318557,1.0,0.975627532318557,Bullish,1800.0,4,Sunday,Asia,2022,1,155256.30936180422,421756.05313922977,366499.74377742526
2802,2805,2022-01-30 04:30:00,2022-01-30 05:15:00,365.758370307742,366.2095303371611,1,0.0012334920156154006,191.50741797169985,3,-0.6765571370486834,0.12334920156154006,1.0,0.18231897175694733,Sideways,2700.0,4,Sunday,Asia,2022,1,155447.81677977592,421947.56055720145,366499.74377742526
2805,2807,2022-01-30 05:15:00,2022-01-30 05:45:00,366.2095303371611,363.4600328836435,-1,0.00750798989580137,1167.100637706939,2,-0.03917894698419744,0.750798989580137,1.0,19.16332743406725,Bullish,1800.0,5,Sunday,Asia,2022,1,156614.91741748288,423114.6611949084,366499.74377742526
2807,2808,2022-01-30 05:45:00,2022-01-30 06:00:00,363.4600328836435,365.5601948523367,1,0.005778247341339693,904.9597301817048,1,0.0,0.5778247341339693,1.0,0.5778247341339693,Sideways,900.0,5,Sunday,Asia,2022,1,157519.87714766458,424019.6209250901,366499.74377742526
2808,2810,2022-01-30 06:00:00,2022-01-30 06:30:00,365.5601948523367,365.1239510831942,-1,0.00119335686785782,187.97742721828533,2,-0.42452967659249996,0.11933568678578199,1.0,0.281100929724474,Sideways,1800.0,6,Sunday,Asia,2022,1,157707.85457488286,424207.5983523084,366499.74377742526
2810,2815,2022-01-30 06:30:00,2022-01-30 07:45:00,365.1239510831942,363.2299844380775,1,-0.005187188184992864,-818.060319931404,5,-1.183645373729314,0.0,0.0,0.0,Sideways,4500.0,6,Sunday,Asia,2022,1,156889.79425495147,424207.5983523084,367317.8040973567
2815,2816,2022-01-30 07:45:00,2022-01-30 08:00:00,363.2299844380775,360.659867879331,-1,0.007075727965362044,1110.109504689656,1,-0.0,0.7075727965362044,1.0,0.7075727965362044,Sideways,900.0,7,Sunday,Asia,2022,1,157999.9037596411,425317.707856998,367317.8040973567
2816,2822,2022-01-30 08:00:00,2022-01-30 09:30:00,360.659867879331,361.8382635548515,1,0.003267332410587853,516.2382064236364,6,-0.849061379701721,0.3267332410587853,1.0,0.38481698599171726,Sideways,5400.0,8,Sunday,London,2022,1,158516.14196606475,425833.94606342167,367317.8040973567
2822,2833,2022-01-30 09:30:00,2022-01-30 12:15:00,361.8382635548515,368.194701924069,-1,-0.01756707073146213,-2784.664277996349,11,-2.5352506419025422,0.006846954131800587,-256.56767072342586,0.002700701074140105,Bearish,9900.0,9,Sunday,London,2022,1,155731.4776880684,425833.94606342167,370102.468375353
2833,2835,2022-01-30 12:15:00,2022-01-30 12:45:00,368.194701924069,369.3069822913945,1,0.003020902694995442,470.4496406435079,2,-0.22722734194737804,0.3020902694995442,1.0,1.329462673420275,Sideways,1800.0,12,Sunday,London,2022,1,156201.9273287119,426304.39570406516,370102.468375353
2835,2836,2022-01-30 12:45:00,2022-01-30 13:00:00,369.3069822913945,368.165532076368,-1,0.0030907896946444913,482.78730727119,1,-0.0,0.3090789694644491,1.0,0.3090789694644491,Sideways,900.0,12,Sunday,London,2022,1,156684.7146359831,426787.18301133637,370102.468375353
2836,2843,2022-01-30 13:00:00,2022-01-30 14:45:00,368.165532076368,361.6519256110749,1,-0.017692059407511285,-2772.075279588763,7,-2.9981926871656017,0.0,0.0,0.0,Sideways,6300.0,13,Sunday,NY_overlap,2022,1,153912.63935639433,426787.18301133637,372874.5436549418
2843,2844,2022-01-30 14:45:00,2022-01-30 15:00:00,361.6519256110749,359.1721499696069,-1,0.006856801985162919,1055.348491080588,1,-0.0,0.6856801985162919,1.0,0.6856801985162919,Sideways,900.0,14,Sunday,NY_overlap,2022,1,154967.98784747493,427842.53150241694,372874.5436549418
2844,2846,2022-01-30 15:00:00,2022-01-30 15:30:00,359.1721499696069,360.4710977770826,1,0.0036165048085872176,560.442473227478,2,-0.32295009543480413,0.36165048085872176,1.0,1.1198339494893579,Sideways,1800.0,15,Sunday,NY_overlap,2022,1,155528.4303207024,428402.9739756444,372874.5436549418
2846,2848,2022-01-30 15:30:00,2022-01-30 16:00:00,360.4710977770826,357.320257554656,-1,0.008740895572091345,1359.4577679245438,2,-0.08284400073352849,0.8740895572091345,1.0,10.55103024322405,Sideways,1800.0,15,Sunday,NY_overlap,2022,1,156887.88808862693,429762.4317435689,372874.5436549418
2848,2854,2022-01-30 16:00:00,2022-01-30 17:30:00,357.320257554656,360.7294040187713,1,0.009540870947104985,1496.8470934174377,6,-0.4013837957708266,0.9540870947104985,1.0,2.3769945492648694,Sideways,5400.0,16,Sunday,NY,2022,1,158384.7351820444,431259.27883698634,372874.5436549418
2854,2856,2022-01-30 17:30:00,2022-01-30 18:00:00,360.7294040187713,354.5843858081129,-1,0.017034980077029083,2698.080808331651,2,-0.0,1.7034980077029083,1.0,1.7034980077029083,Sideways,1800.0,17,Sunday,NY,2022,1,161082.81599037602,433957.359645318,372874.5436549418
2856,2867,2022-01-30 18:00:00,2022-01-30 20:45:00,354.5843858081129,347.9100550303282,1,-0.018822968649828353,-3032.0567954129147,11,-2.6038140521536413,0.6316301123938661,-2.980061950892376,0.242578809293789,Bearish,9900.0,18,Sunday,NY,2022,1,158050.75919496312,433957.359645318,375906.6004503547
2867,2871,2022-01-30 20:45:00,2022-01-30 21:45:00,347.9100550303282,349.1023700145399,-1,-0.003427078254774063,-541.6523199875894,4,-0.8830318150496508,-0.0,0.0,-0.0,Bearish,3600.0,20,Sunday,NY,2022,1,157509.10687497552,433957.359645318,376448.2527703423
2871,2873,2022-01-30 21:45:00,2022-01-30 22:15:00,349.1023700145399,350.0968656695827,1,0.002848722152763994,448.6996820168138,2,-0.5387271897079771,0.2848722152763994,1.0,0.5287875212513731,Sideways,1800.0,21,Sunday,Late,2022,1,157957.80655699235,434406.0593273348,376448.2527703423
2873,2874,2022-01-30 22:15:00,2022-01-30 22:30:00,350.0968656695827,345.762612812416,-1,0.01238015327237263,1955.5418557433497,1,-0.0,1.238015327237263,1.0,1.238015327237263,Bearish,900.0,22,Sunday,Late,2022,1,159913.34841273568,436361.60118307814,376448.2527703423
2874,2881,2022-01-30 22:30:00,2022-01-31 00:15:00,345.762612812416,341.2748837882326,1,-0.012979220013640158,-2075.550532166789,7,-2.9341870933126235,0.0,0.0,0.0,Bearish,6300.0,22,Sunday,Late,2022,1,157837.7978805689,436361.60118307814,378523.80330250907
2881,2882,2022-01-31 00:15:00,2022-01-31 00:30:00,341.2748837882326,337.4449454064525,-1,0.011222444321910996,1771.3258986077244,1,-0.0,1.1222444321910996,1.0,1.1222444321910996,Bearish,900.0,0,Monday,Asia,2022,1,159609.12377917662,438132.92708168586,378523.80330250907
2882,2884,2022-01-31 00:30:00,2022-01-31 01:00:00,337.4449454064525,340.0289696432619,1,0.007657617255748095,1222.2255804262556,2,0.0,0.7657617255748095,1.0,0.7657617255748095,Bearish,1800.0,0,Monday,Asia,2022,1,160831.3493596029,439355.15266211214,378523.80330250907
2884,2888,2022-01-31 01:00:00,2022-01-31 02:00:00,340.0289696432619,340.1963172393979,-1,-0.0004921568780200669,-79.15425478857678,4,-0.6564857451412331,-0.0,0.0,-0.0,Bearish,3600.0,1,Monday,Asia,2022,1,160752.1951048143,439355.15266211214,378602.95755729766
2888,2891,2022-01-31 02:00:00,2022-01-31 02:45:00,340.1963172393979,342.5183839364736,1,0.006825666767702243,1097.2409159621172,3,-0.53015187486527,0.6825666767702243,1.0,1.2874927150709183,Bearish,2700.0,2,Monday,Asia,2022,1,161849.43602077643,440452.3935780743,378602.95755729766
2891,2894,2022-01-31 02:45:00,2022-01-31 03:30:00,342.5183839364736,339.1931269460004,-1,0.009708258436399442,1571.276152675193,3,-0.3850045959935766,0.9708258436399442,1.0,2.5215954659828044,Bearish,2700.0,2,Monday,Asia,2022,1,163420.7121734516,442023.6697307495,378602.95755729766
2894,2904,2022-01-31 03:30:00,2022-01-31 06:00:00,339.1931269460004,331.0330447813651,1,-0.02405733346694372,-3931.466568162151,10,-2.845635957307635,0.0,0.0,0.0,Bearish,9000.0,3,Monday,Asia,2022,1,159489.24560528947,442023.6697307495,382534.4241254598
2904,2905,2022-01-31 06:00:00,2022-01-31 06:15:00,331.0330447813651,330.1786068545049,-1,0.002581125782849081,411.6618039189617,1,-0.0,0.2581125782849081,1.0,0.2581125782849081,Bearish,900.0,6,Monday,Asia,2022,1,159900.90740920842,442435.33153466845,382534.4241254598
2905,2909,2022-01-31 06:15:00,2022-01-31 07:15:00,330.1786068545049,327.8836853081885,1,-0.006950545852074774,-1111.398588736065,4,-1.9434905587368934,0.0,0.0,0.0,Bearish,3600.0,6,Monday,Asia,2022,1,158789.50882047237,442435.33153466845,383645.8227141959
2909,2910,2022-01-31 07:15:00,2022-01-31 07:30:00,327.8836853081885,324.8780827194329,-1,0.009166673193667929,1455.5715339403196,1,-0.0,0.9166673193667929,1.0,0.9166673193667929,Bearish,900.0,7,Monday,Asia,2022,1,160245.0803544127,443890.9030686088,383645.8227141959
2910,2911,2022-01-31 07:30:00,2022-01-31 07:45:00,324.8780827194329,326.278157637794,1,0.004309539463670742,690.5824976464298,1,0.0,0.4309539463670742,1.0,0.4309539463670742,Bearish,900.0,7,Monday,Asia,2022,1,160935.66285205912,444581.4855662552,383645.8227141959
2911,2912,2022-01-31 07:45:00,2022-01-31 08:00:00,326.278157637794,325.6944951799541,-1,0.0017888493120884474,287.88964978340397,1,-0.0,0.17888493120884474,1.0,0.17888493120884474,Bearish,900.0,7,Monday,Asia,2022,1,161223.55250184253,444869.3752160386,383645.8227141959
2912,2913,2022-01-31 08:00:00,2022-01-31 08:15:00,325.6944951799541,331.3160371667394,1,0.01726016886984616,2782.7457419783073,1,0.0,1.726016886984616,1.0,1.726016886984616,Bearish,900.0,8,Monday,London,2022,1,164006.29824382084,447652.1209580169,383645.8227141959
2913,2916,2022-01-31 08:15:00,2022-01-31 09:00:00,331.3160371667394,330.3171809855618,-1,0.0030148138608664388,494.44846121486563,3,-1.613961991543733,0.3014813860866439,1.0,0.18679584009179853,Bearish,2700.0,8,Monday,London,2022,1,164500.7467050357,448146.56941923173,383645.8227141959
2916,2920,2022-01-31 09:00:00,2022-01-31 10:00:00,330.3171809855618,331.0657636006333,1,0.002266253946700658,372.8004664554921,4,-0.597080793145377,0.22662539467006582,1.0,0.37955566025867316,Bearish,3600.0,9,Monday,London,2022,1,164873.5471714912,448519.36988568725,383645.8227141959
2920,2934,2022-01-31 10:00:00,2022-01-31 13:30:00,331.0657636006333,334.9143291692117,-1,-0.011624776680988935,-1916.618166471078,14,-3.01159586170503,-0.0,0.0,-0.0,Bearish,12600.0,10,Monday,London,2022,1,162956.92900502012,448519.36988568725,385562.44088066695
2934,2945,2022-01-31 13:30:00,2022-01-31 16:15:00,334.9143291692117,326.5745327690366,1,-0.024901282727624263,-4057.8365615793964,11,-3.339924761366231,0.0,0.0,0.0,Sideways,9900.0,13,Monday,NY_overlap,2022,1,158899.09244344072,448519.36988568725,389620.2774422463
2945,2948,2022-01-31 16:15:00,2022-01-31 17:00:00,326.5745327690366,324.6804302128371,-1,0.005799908952297428,921.6002687746474,3,-0.0,0.5799908952297428,1.0,0.5799908952297428,Sideways,2700.0,16,Monday,NY,2022,1,159820.69271221536,449440.9701544619,389620.2774422463
2948,2949,2022-01-31 17:00:00,2022-01-31 17:15:00,324.6804302128371,329.2116358348403,1,0.013955893858563773,2230.440623893812,1,0.0,1.3955893858563773,1.0,1.3955893858563773,Sideways,900.0,17,Monday,NY,2022,1,162051.13333610917,451671.4107783557,389620.2774422463
2949,2960,2022-01-31 17:15:00,2022-01-31 20:00:00,329.2116358348403,337.2133153160459,-1,-0.024305579178312886,-3938.746652236136,11,-3.1997545983914577,0.10374726141855195,-23.427682664562937,0.03242350568718818,Sideways,9900.0,17,Monday,NY,2022,1,158112.38668387305,451671.4107783557,393559.0240944825
2960,2962,2022-01-31 20:00:00,2022-01-31 20:30:00,337.2133153160459,338.9802308376874,1,0.005239756087286995,828.4703406022979,2,-0.17264658607160088,0.5239756087286995,1.0,3.0349607290316976,Bullish,1800.0,20,Monday,NY,2022,1,158940.85702447535,452499.881118958,393559.0240944825
2962,2964,2022-01-31 20:30:00,2022-01-31 21:00:00,338.9802308376874,335.4065915630483,-1,0.010542323562078737,1675.6059419861122,2,-0.0,1.0542323562078737,1.0,1.0542323562078737,Bullish,1800.0,20,Monday,NY,2022,1,160616.46296646143,454175.4870609441,393559.0240944825
2964,2970,2022-01-31 21:00:00,2022-01-31 22:30:00,335.4065915630483,328.2677414498343,1,-0.0212841676126454,-3418.587719128414,6,-3.1487013493941785,0.0,0.0,0.0,Sideways,5400.0,21,Monday,Late,2022,1,157197.87524733302,454175.4870609441,396977.6118136109
2970,2971,2022-01-31 22:30:00,2022-01-31 22:45:00,328.2677414498343,327.3159249194401,-1,0.002899512837266416,455.7972572706461,1,-0.0,0.2899512837266416,1.0,0.2899512837266416,Sideways,900.0,22,Monday,Late,2022,1,157653.6725046037,454631.28431821475,396977.6118136109
2971,2972,2022-01-31 22:45:00,2022-01-31 23:00:00,327.3159249194401,327.5725672182443,1,0.0007840813088069165,123.61329787562649,1,0.0,0.07840813088069165,1.0,0.07840813088069165,Sideways,900.0,22,Monday,Late,2022,1,157777.2858024793,454754.89761609037,396977.6118136109
2972,2973,2022-01-31 23:00:00,2022-01-31 23:15:00,327.5725672182443,327.3961060744786,-1,0.0005386932894416718,84.99356508811626,1,-0.0,0.05386932894416718,1.0,0.05386932894416718,Sideways,900.0,23,Monday,Late,2022,1,157862.27936756742,454839.8911811785,396977.6118136109
2973,2979,2022-01-31 23:15:00,2022-02-01 00:45:00,327.3961060744786,324.9688734046954,1,-0.00741374935360728,-1170.3513716202733,6,-1.9514767620081086,0.0,0.0,0.0,Sideways,5400.0,23,Monday,Late,2022,1,156691.92799594716,454839.8911811785,398147.96318523114
2979,2982,2022-02-01 00:45:00,2022-02-01 01:30:00,324.9688734046954,324.946757470503,-1,6.805554624567112e-05,10.663754752051535,3,-0.9386420438802334,0.006805554624567112,1.0,0.007250425941324519,Bearish,2700.0,0,Tuesday,Asia,2022,2,156702.5917506992,454850.5549359306,398147.96318523114
2982,2989,2022-02-01 01:30:00,2022-02-01 03:15:00,324.946757470503,320.5509747690456,1,-0.013527701386146118,-2119.82586763862,7,-2.7180724425274194,0.0,0.0,0.0,Bearish,6300.0,1,Tuesday,Asia,2022,2,154582.76588306058,454850.5549359306,400267.7890528698
2989,2991,2022-02-01 03:15:00,2022-02-01 03:45:00,320.5509747690456,316.8948369709507,-1,0.011405792169963402,1763.1389007202954,2,-0.0,1.1405792169963402,1.0,1.1405792169963402,Sideways,1800.0,3,Tuesday,Asia,2022,2,156345.9047837809,456613.69383665087,400267.7890528698
2991,2999,2022-02-01 03:45:00,2022-02-01 05:45:00,316.8948369709507,312.0492220911029,1,-0.015290924037023701,-2390.67335354853,8,-2.919647812395032,0.0,0.0,0.0,Sideways,7200.0,3,Tuesday,Asia,2022,2,153955.23143023235,456613.69383665087,402658.4624064183
2999,3001,2022-02-01 05:45:00,2022-02-01 06:15:00,312.0492220911029,310.2532117529885,-1,0.005755535380216559,886.0947814661291,2,-0.1595058376522296,0.5755535380216559,1.0,3.608354067119065,Bearish,1800.0,5,Tuesday,Asia,2022,2,154841.32621169847,457499.788618117,402658.4624064183
3001,3002,2022-02-01 06:15:00,2022-02-01 06:30:00,310.2532117529885,316.4777890162977,1,0.020062893879935206,3106.565096013731,1,0.0,2.0062893879935206,1.0,2.0062893879935206,Bearish,900.0,6,Tuesday,Asia,2022,2,157947.8913077122,460606.3537141307,402658.4624064183
3002,3016,2022-02-01 06:30:00,2022-02-01 10:00:00,316.4777890162977,323.186218178531,-1,-0.021197156309404885,-3348.0461407904636,14,-3.2519355498875413,-0.0,0.0,-0.0,Bearish,12600.0,6,Tuesday,Asia,2022,2,154599.84516692173,460606.3537141307,406006.50854720874
3016,3018,2022-02-01 10:00:00,2022-02-01 10:30:00,323.186218178531,324.7968734411547,1,0.00498367557781787,770.4754726928107,2,-0.7968958638348012,0.498367557781787,1.0,0.6253860515520256,Sideways,1800.0,10,Tuesday,London,2022,2,155370.32063961454,461376.8291868235,406006.50854720874
3018,3030,2022-02-01 10:30:00,2022-02-01 13:30:00,324.7968734411547,333.0254562932818,-1,-0.02533455068377677,-3936.2372629989563,12,-3.5148831006902803,-0.0,0.0,-0.0,Sideways,10800.0,10,Tuesday,London,2022,2,151434.0833766156,461376.8291868235,409942.7458102077
3030,3031,2022-02-01 13:30:00,2022-02-01 13:45:00,333.0254562932818,334.3508859595141,1,0.003979965018244824,602.702354408899,1,0.0,0.39799650182448243,1.0,0.39799650182448243,Sideways,900.0,13,Tuesday,NY_overlap,2022,2,152036.7857310245,461979.5315412324,409942.7458102077
3031,3032,2022-02-01 13:45:00,2022-02-01 14:00:00,334.3508859595141,333.7719641907844,-1,0.0017314796910685715,263.24860678861245,1,-0.0,0.17314796910685715,1.0,0.17314796910685715,Sideways,900.0,13,Tuesday,NY_overlap,2022,2,152300.0343378131,462242.78014802106,409942.7458102077
3032,3041,2022-02-01 14:00:00,2022-02-01 16:15:00,333.7719641907844,325.3216169115022,1,-0.02531772642968888,-3855.890604596968,9,-3.0413292294104055,0.08602056747819553,-29.432177875490545,0.02828387227740929,Sideways,8100.0,14,Tuesday,NY_overlap,2022,2,148444.14373321613,462242.78014802106,413798.63641480467
3041,3045,2022-02-01 16:15:00,2022-02-01 17:15:00,325.3216169115022,326.3556466139884,-1,-0.003178484455791608,-471.8274034093219,4,-1.210231814290097,-0.0,0.0,-0.0,Sideways,3600.0,16,Tuesday,NY,2022,2,147972.3163298068,462242.78014802106,414270.463818214
3045,3048,2022-02-01 17:15:00,2022-02-01 18:00:00,326.3556466139884,326.6413986173879,1,0.0008755846769137321,129.56229278581023,3,-0.4400941072770559,0.08755846769137321,1.0,0.19895396517148056,Bullish,2700.0,17,Tuesday,NY,2022,2,148101.87862259263,462372.34244080685,414270.463818214
3048,3049,2022-02-01 18:00:00,2022-02-01 18:15:00,326.6413986173879,323.608621796492,-1,0.009284728860864178,1375.0857867953866,1,-0.0,0.9284728860864178,1.0,0.9284728860864178,Bullish,900.0,18,Tuesday,NY,2022,2,149476.96440938802,463747.4282276022,414270.463818214
3049,3056,2022-02-01 18:15:00,2022-02-01 20:00:00,323.608621796492,317.9566530880238,1,-0.017465445379952094,-2610.681757453205,7,-3.222734321508236,0.0,0.0,0.0,Bullish,6300.0,18,Tuesday,NY,2022,2,146866.28265193483,463747.4282276022,416881.1455756672
3056,3057,2022-02-01 20:00:00,2022-02-01 20:15:00,317.9566530880238,313.4926175132837,-1,0.014039761493854663,2061.967579922206,1,-0.0,1.4039761493854663,1.0,1.4039761493854663,Sideways,900.0,20,Tuesday,NY,2022,2,148928.250231857,465809.39580752444,416881.1455756672
3057,3059,2022-02-01 20:15:00,2022-02-01 20:45:00,313.4926175132837,316.0882949864696,1,0.008279867940035102,1233.1062444602758,2,0.0,0.8279867940035102,1.0,0.8279867940035102,Sideways,1800.0,20,Tuesday,NY,2022,2,150161.35647631728,467042.5020519847,416881.1455756672
3059,3060,2022-02-01 20:45:00,2022-02-01 21:00:00,316.0882949864696,311.8489712863941,-1,0.013411833868308687,2013.9391665002424,1,-0.0,1.3411833868308687,1.0,1.3411833868308687,Sideways,900.0,20,Tuesday,NY,2022,2,152175.29564281754,469056.44121848495,416881.1455756672
3060,3068,2022-02-01 21:00:00,2022-02-01 23:00:00,311.8489712863941,305.4435565685059,1,-0.020540118158689058,-3125.6985533369066,8,-3.2272355770909256,0.03263173435794631,-62.94522360772785,0.01011135802715741,Bearish,7200.0,21,Tuesday,Late,2022,2,149049.5970894806,469056.44121848495,420006.8441290041
3068,3069,2022-02-01 23:00:00,2022-02-01 23:15:00,305.4435565685059,302.5425212025345,-1,0.009497778897558096,1415.640117926003,1,-0.0,0.9497778897558096,1.0,0.9497778897558096,Bearish,900.0,23,Tuesday,Late,2022,2,150465.23720740664,470472.08133641095,420006.8441290041
3069,3073,2022-02-01 23:15:00,2022-02-02 00:15:00,302.5425212025345,302.662362701172,1,0.0003961145632065399,59.601471714180185,4,-1.101947720681462,0.03961145632065399,1.0,0.03594676551094242,Bearish,3600.0,23,Tuesday,Late,2022,2,150524.83867912082,470531.6828081251,420006.8441290041
3073,3075,2022-02-02 00:15:00,2022-02-02 00:45:00,302.662362701172,299.5688645079208,-1,0.010220954352046507,1538.5075049884554,2,-0.0,1.0220954352046507,1.0,1.0220954352046507,Bearish,1800.0,0,Wednesday,Asia,2022,2,152063.34618410928,472070.19031311356,420006.8441290041
3075,3077,2022-02-02 00:45:00,2022-02-02 01:15:00,299.5688645079208,301.1224656602098,1,0.005186123580769975,788.6193054161955,2,-0.919175894435964,0.5186123580769975,1.0,0.5642144895403667,Bearish,1800.0,0,Wednesday,Asia,2022,2,152851.96548952546,472858.80961852975,420006.8441290041
3077,3078,2022-02-02 01:15:00,2022-02-02 01:30:00,301.1224656602098,297.2476799353867,-1,0.012867806845057617,1966.8695678066226,1,-0.0,1.2867806845057617,1.0,1.2867806845057617,Bearish,900.0,1,Wednesday,Asia,2022,2,154818.83505733206,474825.67918633635,420006.8441290041
3078,3086,2022-02-02 01:30:00,2022-02-02 03:30:00,297.2476799353867,291.0007987113906,1,-0.021015744262004032,-3253.6330445062695,8,-2.766581964071102,0.0,0.0,0.0,Bearish,7200.0,1,Wednesday,Asia,2022,2,151565.20201282582,474825.67918633635,423260.47717351036
3086,3087,2022-02-02 03:30:00,2022-02-02 03:45:00,291.0007987113906,286.0931218464306,-1,0.016864822662659762,2556.120253776505,1,-0.0,1.6864822662659762,1.0,1.6864822662659762,Bearish,900.0,3,Wednesday,Asia,2022,2,154121.3222666023,477381.79944011284,423260.47717351036
3087,3098,2022-02-02 03:45:00,2022-02-02 06:30:00,286.0931218464306,281.0154691510186,1,-0.017748251557538786,-2735.3839979681566,11,-3.130718433988411,0.3531719093167629,-5.02538596341767,0.11280858268267706,Bearish,9900.0,3,Wednesday,Asia,2022,2,151385.93826863414,477381.79944011284,425995.8611714785
3098,3099,2022-02-02 06:30:00,2022-02-02 06:45:00,281.0154691510186,278.6097061146762,-1,0.008560963008942046,1296.0094175917586,1,-0.0,0.8560963008942046,1.0,0.8560963008942046,Bearish,900.0,6,Wednesday,Asia,2022,2,152681.94768622593,478677.8088577046,425995.8611714785
3099,3100,2022-02-02 06:45:00,2022-02-02 07:00:00,278.6097061146762,283.4747555957657,1,0.01746188081145683,2666.1139725579587,1,0.0,1.7461880811456831,1.0,1.7461880811456831,Bearish,900.0,6,Wednesday,Asia,2022,2,155348.06165878387,481343.9228302625,425995.8611714785
3100,3106,2022-02-02 07:00:00,2022-02-02 08:30:00,283.4747555957657,283.1494383982881,-1,0.0011476055312011901,178.27829482100358,6,-1.7829803450956527,0.11476055312011901,1.0,0.06436445215775072,Bearish,5400.0,7,Wednesday,Asia,2022,2,155526.33995360488,481522.2011250835,425995.8611714785
3106,3110,2022-02-02 08:30:00,2022-02-02 09:30:00,283.1494383982881,280.8856442445621,1,-0.007995050834399553,-1243.440994017175,4,-2.6567621986541834,0.0,0.0,0.0,Bearish,3600.0,8,Wednesday,London,2022,2,154282.8989595877,481522.2011250835,427239.3021654957
3110,3114,2022-02-02 09:30:00,2022-02-02 10:30:00,280.8856442445621,278.9465420308297,-1,0.006903529081906723,1065.0964798083883,4,-0.4132004692775304,0.6903529081906723,1.0,1.6707457021956806,Bearish,3600.0,9,Wednesday,London,2022,2,155347.9954393961,482587.2976048919,427239.3021654957
3114,3116,2022-02-02 10:30:00,2022-02-02 11:00:00,278.9465420308297,280.8196578714992,1,0.0067149634730461205,1043.156114986478,2,0.0,0.671496347304612,1.0,0.671496347304612,Bearish,1800.0,10,Wednesday,London,2022,2,156391.15155438258,483630.45371987834,427239.3021654957
3116,3117,2022-02-02 11:00:00,2022-02-02 11:15:00,280.8196578714992,278.9079701063712,-1,0.006807528289215381,1064.6371883894274,1,-0.0,0.6807528289215381,1.0,0.6807528289215381,Bearish,900.0,11,Wednesday,London,2022,2,157455.78874277198,484695.09090826777,427239.3021654957
3117,3118,2022-02-02 11:15:00,2022-02-02 11:30:00,278.9079701063712,284.8805546836186,1,0.02141417678013835,3371.7860951938314,1,0.0,2.141417678013835,1.0,2.141417678013835,Bearish,900.0,11,Wednesday,London,2022,2,160827.57483796583,488066.8770034616,427239.3021654957
3118,3124,2022-02-02 11:30:00,2022-02-02 13:00:00,284.8805546836186,283.4721360098422,-1,0.004943891924601651,795.1141484946855,6,-0.42301304149159336,1.0047284479725027,0.49206250052720263,2.3751713290675696,Bearish,5400.0,11,Wednesday,London,2022,2,161622.6889864605,488861.99115195626,427239.3021654957
3124,3125,2022-02-02 13:00:00,2022-02-02 13:15:00,283.4721360098422,285.3238390235321,1,0.006532222319112213,1055.755336272287,1,0.0,0.6532222319112213,1.0,0.6532222319112213,Bearish,900.0,13,Wednesday,NY_overlap,2022,2,162678.4443227328,489917.74648822856,427239.3021654957
3125,3126,2022-02-02 13:15:00,2022-02-02 13:30:00,285.3238390235321,283.6601595463802,-1,0.0058308463914039654,948.5530200384158,1,-0.0,0.5830846391403965,1.0,0.5830846391403965,Bearish,900.0,13,Wednesday,NY_overlap,2022,2,163626.9973427712,490866.29950826697,427239.3021654957
3126,3127,2022-02-02 13:30:00,2022-02-02 13:45:00,283.6601595463802,285.4196964385513,1,0.006202975049386161,1014.9741819231838,1,0.0,0.6202975049386161,1.0,0.6202975049386161,Bearish,900.0,13,Wednesday,NY_overlap,2022,2,164641.9715246944,491881.27369019017,427239.3021654957
3127,3128,2022-02-02 13:45:00,2022-02-02 14:00:00,285.4196964385513,282.7175183640976,-1,0.009467384725620809,1558.7288864089849,1,-0.0,0.9467384725620809,1.0,0.9467384725620809,Bearish,900.0,13,Wednesday,NY_overlap,2022,2,166200.70041110337,493440.00257659913,427239.3021654957
3128,3134,2022-02-02 14:00:00,2022-02-02 15:30:00,282.7175183640976,281.342555636579,1,-0.00486338001081299,-808.297164162477,6,-3.1298010731999226,0.0,0.0,0.0,Bearish,5400.0,14,Wednesday,NY_overlap,2022,2,165392.40324694093,493440.00257659913,428047.5993296582
3134,3135,2022-02-02 15:30:00,2022-02-02 15:45:00,281.342555636579,277.5143171177589,-1,0.013607036838625963,2250.500523810001,1,-0.0,1.3607036838625963,1.0,1.3607036838625963,Bearish,900.0,15,Wednesday,NY_overlap,2022,2,167642.9037707509,495690.5031004091,428047.5993296582
3135,3136,2022-02-02 15:45:00,2022-02-02 16:00:00,277.5143171177589,280.1180928491956,1,0.009382491535857795,1572.9081256756906,1,0.0,0.9382491535857795,1.0,0.9382491535857795,Bearish,900.0,15,Wednesday,NY_overlap,2022,2,169215.8118964266,497263.4112260848,428047.5993296582
3136,3139,2022-02-02 16:00:00,2022-02-02 16:45:00,280.1180928491956,278.247999089181,-1,0.006676090576631766,1129.700087218825,3,-0.3562154770815118,0.6676090576631766,1.0,1.8741719566284019,Bearish,2700.0,16,Wednesday,NY,2022,2,170345.51198364544,498393.11131330364,428047.5993296582
3139,3140,2022-02-02 16:45:00,2022-02-02 17:00:00,278.247999089181,280.5218367784204,1,0.008171982176628623,1392.0604877990256,1,0.0,0.8171982176628623,1.0,0.8171982176628623,Bearish,900.0,16,Wednesday,NY,2022,2,171737.57247144444,499785.17180110264,428047.5993296582
3140,3141,2022-02-02 17:00:00,2022-02-02 17:15:00,280.5218367784204,276.7781957288576,-1,0.01334527497950122,2291.8851289434415,1,-0.0,1.334527497950122,1.0,1.334527497950122,Sideways,900.0,17,Wednesday,NY,2022,2,174029.4576003879,502077.05693004606,428047.5993296582
3141,3145,2022-02-02 17:15:00,2022-02-02 18:15:00,276.7781957288576,277.2146923125475,1,0.001577062754313019,274.455375734868,4,-0.8501469277177764,0.1577062754313019,1.0,0.18550472899392245,Sideways,3600.0,17,Wednesday,NY,2022,2,174303.91297612275,502351.51230578095,428047.5993296582
3145,3146,2022-02-02 18:15:00,2022-02-02 18:30:00,277.2146923125475,273.220758646528,-1,0.014407366480837736,2511.260353291045,1,-0.0,1.4407366480837736,1.0,1.4407366480837736,Sideways,900.0,18,Wednesday,NY,2022,2,176815.1733294138,504862.772659072,428047.5993296582
3146,3150,2022-02-02 18:30:00,2022-02-02 19:30:00,273.220758646528,272.9915361801893,1,-0.0008389643139642411,-148.34162059077983,4,-1.2667515850417255,0.0,0.0,0.0,Sideways,3600.0,18,Wednesday,NY,2022,2,176666.831708823,504862.772659072,428195.940950249
3150,3155,2022-02-02 19:30:00,2022-02-02 20:45:00,272.9915361801893,270.7613929929871,-1,0.008169275935830389,1443.240096938283,5,-1.7311784862799051,0.8169275935830389,1.0,0.4718910268683608,Bearish,4500.0,19,Wednesday,NY,2022,2,178110.0718057613,506306.0127560103,428195.940950249
3155,3157,2022-02-02 20:45:00,2022-02-02 21:15:00,270.7613929929871,274.6049946744586,1,0.014195530754899988,2528.367002076126,2,0.0,1.4195530754899988,1.0,1.4195530754899988,Bearish,1800.0,20,Wednesday,NY,2022,2,180638.43880783743,508834.3797580864,428195.940950249
3157,3159,2022-02-02 21:15:00,2022-02-02 21:45:00,274.6049946744586,272.8531073616944,-1,0.006379662958574617,1152.4123569571063,2,-0.0,0.6379662958574617,1.0,0.6379662958574617,Sideways,1800.0,21,Wednesday,Late,2022,2,181790.85116479453,509986.7921150435,428195.940950249
3159,3160,2022-02-02 21:45:00,2022-02-02 22:00:00,272.8531073616944,276.0527483162853,1,0.01172660625172739,2131.78973177592,1,0.0,1.172660625172739,1.0,1.172660625172739,Sideways,900.0,21,Wednesday,Late,2022,2,183922.64089657046,512118.58184681943,428195.940950249
3160,3161,2022-02-02 22:00:00,2022-02-02 22:15:00,276.0527483162853,273.0119873525344,-1,0.011015144686286504,2025.9345005596358,1,-0.0,1.1015144686286504,1.0,1.1015144686286504,Sideways,900.0,22,Wednesday,Late,2022,2,185948.5753971301,514144.5163473791,428195.940950249
3161,3166,2022-02-02 22:15:00,2022-02-02 23:30:00,273.0119873525344,271.8017712555757,1,-0.004432831351818822,-824.2786748464431,5,-1.186134378100867,0.0,0.0,0.0,Bearish,4500.0,22,Wednesday,Late,2022,2,185124.29672228365,514144.5163473791,429020.21962509543
3166,3170,2022-02-02 23:30:00,2022-02-03 00:30:00,271.8017712555757,272.9554678110266,-1,-0.00424462486068955,-785.7831921850728,4,-1.3808752390055634,-0.0,0.0,-0.0,Bearish,3600.0,23,Wednesday,Late,2022,2,184338.51353009857,514144.5163473791,429806.0028172805
3170,3173,2022-02-03 00:30:00,2022-02-03 01:15:00,272.9554678110266,273.7687128241711,1,0.0029794054673690784,549.2191750582637,3,-0.316218551378733,0.29794054673690784,1.0,0.9421981899476426,Bearish,2700.0,0,Thursday,Asia,2022,2,184887.73270515684,514693.7355224373,429806.0028172805
3173,3177,2022-02-03 01:15:00,2022-02-03 02:15:00,273.7687128241711,273.7875354493003,-1,-6.875374813675172e-05,-12.711724607985408,4,-1.053302102149023,-0.0,0.0,-0.0,Bearish,3600.0,1,Thursday,Asia,2022,2,184875.02098054884,514693.7355224373,429818.71454188845
3177,3180,2022-02-03 02:15:00,2022-02-03 03:00:00,273.7875354493003,275.372017131031,1,0.005787267412048047,1069.9211842224279,3,-0.20694814040214116,0.5787267412048047,1.0,2.7964819595876738,Bearish,2700.0,2,Thursday,Asia,2022,2,185944.94216477126,515763.65670665976,429818.71454188845
3180,3182,2022-02-03 03:00:00,2022-02-03 03:30:00,275.372017131031,274.6861181476954,-1,0.0024908085813569736,463.15325760393773,2,-0.18890020902051496,0.24908085813569736,1.0,1.3185843436978233,Sideways,1800.0,3,Thursday,Asia,2022,2,186408.0954223752,516226.8099642637,429818.71454188845
3182,3199,2022-02-03 03:30:00,2022-02-03 07:45:00,274.6861181476954,265.4779845050086,1,-0.03352238440289779,-6248.843830560903,17,-3.7108715497374156,0.0,0.0,0.0,Sideways,15300.0,3,Thursday,Asia,2022,2,180159.2515918143,516226.8099642637,436067.55837244936
3199,3200,2022-02-03 07:45:00,2022-02-03 08:00:00,265.4779845050086,264.7689939369511,-1,0.0026706190698990717,481.1367329198432,1,-0.0,0.26706190698990717,1.0,0.26706190698990717,Sideways,900.0,7,Thursday,Asia,2022,2,180640.38832473414,516707.94669718354,436067.55837244936
3200,3201,2022-02-03 08:00:00,2022-02-03 08:15:00,264.7689939369511,265.3217970586268,1,0.002087869555478683,377.15356727305874,1,0.0,0.2087869555478683,1.0,0.2087869555478683,Bearish,900.0,8,Thursday,London,2022,2,181017.5418920072,517085.1002644566,436067.55837244936
3201,3207,2022-02-03 08:15:00,2022-02-03 09:45:00,265.3217970586268,265.8224715638714,-1,-0.0018870462615399042,-341.58847570045464,6,-1.8248672171522706,-0.0,0.0,-0.0,Bearish,5400.0,8,Thursday,London,2022,2,180675.95341630676,517085.1002644566,436409.14684814983
3207,3210,2022-02-03 09:45:00,2022-02-03 10:30:00,265.8224715638714,267.8344184540778,1,0.007568761506015154,1367.4932012799272,3,-0.013430445939432989,0.7568761506015154,1.0,56.35525089894889,Bearish,2700.0,9,Thursday,London,2022,2,182043.44661758665,518452.59346573654,436409.14684814983
3210,3213,2022-02-03 10:30:00,2022-02-03 11:15:00,267.8344184540778,267.1067242456413,-1,0.002716955545283173,494.60395177011253,3,-0.0,0.2716955545283173,1.0,0.2716955545283173,Sideways,2700.0,10,Thursday,London,2022,2,182538.05056935677,518947.19741750666,436409.14684814983
3213,3214,2022-02-03 11:15:00,2022-02-03 11:30:00,267.1067242456413,268.1270484929243,1,0.00381991224730327,697.2793349687485,1,0.0,0.381991224730327,1.0,0.381991224730327,Sideways,900.0,11,Thursday,London,2022,2,183235.32990432554,519644.4767524754,436409.14684814983
3214,3216,2022-02-03 11:30:00,2022-02-03 12:00:00,268.1270484929243,266.945060056777,-1,0.004408314799983715,807.7590166971354,2,-0.11851223718475357,0.44083147999837147,1.0,3.719712752626054,Sideways,1800.0,11,Thursday,London,2022,2,184043.08892102266,520452.23576917255,436409.14684814983
3216,3217,2022-02-03 12:00:00,2022-02-03 12:15:00,266.945060056777,269.7343259770329,1,0.010448838872173294,1923.0365816728247,1,0.0,1.0448838872173294,1.0,1.0448838872173294,Sideways,900.0,12,Thursday,London,2022,2,185966.1255026955,522375.2723508454,436409.14684814983
3217,3220,2022-02-03 12:15:00,2022-02-03 13:00:00,269.7343259770329,267.6185853692,-1,0.007843794445401953,1458.680062250963,3,-0.5115570924661972,0.7843794445401953,1.0,1.5333175047163006,Sideways,2700.0,12,Thursday,London,2022,2,187424.80556494644,523833.9524130964,436409.14684814983
3220,3222,2022-02-03 13:00:00,2022-02-03 13:30:00,267.6185853692,271.9239261779751,1,0.0160876002047301,3015.215340378127,2,-0.35242070976536644,1.6087600204730101,1.0,4.564885024901304,Sideways,1800.0,13,Thursday,NY_overlap,2022,2,190440.02090532458,526849.1677534746,436409.14684814983
3222,3223,2022-02-03 13:30:00,2022-02-03 13:45:00,271.9239261779751,267.8657818584296,-1,0.014923822175505808,2842.0930070906684,1,-0.0,1.4923822175505808,1.0,1.4923822175505808,Sideways,900.0,13,Thursday,NY_overlap,2022,2,193282.11391241523,529691.2607605652,436409.14684814983
3223,3224,2022-02-03 13:45:00,2022-02-03 14:00:00,267.8657818584296,272.8428722574961,1,0.01858053822528527,3591.2857058135683,1,0.0,1.858053822528527,1.0,1.858053822528527,Sideways,900.0,13,Thursday,NY_overlap,2022,2,196873.3996182288,533282.5464663787,436409.14684814983
3224,3236,2022-02-03 14:00:00,2022-02-03 17:00:00,272.8428722574961,278.2954988744181,-1,-0.019984493535810888,-3934.4151820436014,12,-2.8062321097666487,0.759247452107914,-2.632144958844121,0.27055760978055693,Sideways,10800.0,14,Thursday,NY_overlap,2022,2,192938.98443618522,533282.5464663787,440343.56203019345
3236,3238,2022-02-03 17:00:00,2022-02-03 17:30:00,278.2954988744181,281.712131901956,1,0.01227699708172314,2368.7113488736686,2,-0.02692639016830256,1.227699708172314,1.0,45.594663840886774,Sideways,1800.0,17,Thursday,NY,2022,2,195307.6957850589,535651.2578152524,440343.56203019345
3238,3242,2022-02-03 17:30:00,2022-02-03 18:30:00,281.712131901956,280.4616104950377,-1,0.004439004449242279,866.9717305611326,4,-0.528755763667399,0.44390044492422787,1.0,0.8395188770054764,Bullish,3600.0,17,Thursday,NY,2022,2,196174.66751562,536518.2295458135,440343.56203019345
3242,3244,2022-02-03 18:30:00,2022-02-03 19:00:00,280.4616104950377,281.973132223992,1,0.005389406864940938,1057.2650998361871,2,-0.01775610199565847,0.5389406864940938,1.0,30.352421191648357,Bullish,1800.0,18,Thursday,NY,2022,2,197231.9326154562,537575.4946456497,440343.56203019345
3244,3245,2022-02-03 19:00:00,2022-02-03 19:15:00,281.973132223992,280.8466141477983,-1,0.003995125589834059,787.9663411244347,1,-0.0,0.3995125589834059,1.0,0.3995125589834059,Bullish,900.0,19,Thursday,NY,2022,2,198019.89895658064,538363.4609867741,440343.56203019345
3245,3247,2022-02-03 19:15:00,2022-02-03 19:45:00,280.8466141477983,280.8917200771448,1,0.000160606989987766,31.803379929097943,2,-0.6626076778782464,0.0160606989987766,1.0,0.024238624958595398,Bullish,1800.0,19,Thursday,NY,2022,2,198051.70233650974,538395.2643667031,440343.56203019345
3247,3249,2022-02-03 19:45:00,2022-02-03 20:15:00,280.8917200771448,280.7210310584263,-1,0.0006076683879168154,120.3497586830077,2,-0.7018411399947189,0.06076683879168154,1.0,0.08658204161719388,Bullish,1800.0,19,Thursday,NY,2022,2,198172.05209519275,538515.6141253861,440343.56203019345
3249,3251,2022-02-03 20:15:00,2022-02-03 20:45:00,280.7210310584263,282.1152747714754,1,0.004966652152110784,984.2516490267982,2,-0.5196853051154915,0.4966652152110784,1.0,0.9557037890473019,Bullish,1800.0,20,Thursday,NY,2022,2,199156.30374421953,539499.8657744129,440343.56203019345
3251,3254,2022-02-03 20:45:00,2022-02-03 21:30:00,282.1152747714754,280.5413110459245,-1,0.005579151029046159,1111.1230969755902,3,-0.10526239186361419,0.5579151029046159,1.0,5.300232048949566,Bullish,2700.0,20,Thursday,NY,2022,2,200267.42684119515,540610.9888713885,440343.56203019345
3254,3256,2022-02-03 21:30:00,2022-02-03 22:00:00,280.5413110459245,285.6685049061384,1,0.018276074354605987,3660.102383755292,2,-0.15319459518428058,1.8276074354605987,1.0,11.92997333399482,Bullish,1800.0,21,Thursday,Late,2022,2,203927.5292249504,544271.0912551438,440343.56203019345
3256,3258,2022-02-03 22:00:00,2022-02-03 22:30:00,285.6685049061384,280.7801337790679,-1,0.017112040855454702,3489.6162116492796,2,-0.0,1.7112040855454702,1.0,1.7112040855454702,Bullish,1800.0,22,Thursday,Late,2022,2,207417.1454365997,547760.707466793,440343.56203019345
3258,3263,2022-02-03 22:30:00,2022-02-03 23:45:00,280.7801337790679,278.2952436428823,1,-0.008849949968828041,-1835.6313597910346,5,-1.96046700658008,0.0,0.0,0.0,Bullish,4500.0,22,Thursday,Late,2022,2,205581.51407680867,547760.707466793,442179.1933899845
3263,3264,2022-02-03 23:45:00,2022-02-04 00:00:00,278.2952436428823,276.4364696603495,-1,0.006679143912779573,1373.108518326123,1,-0.0,0.6679143912779573,1.0,0.6679143912779573,Bullish,900.0,23,Thursday,Late,2022,2,206954.62259513477,549133.8159851191,442179.1933899845
3264,3265,2022-02-04 00:00:00,2022-02-04 00:15:00,276.4364696603495,278.6980217704943,1,0.00818109170951109,1693.1147471580518,1,0.0,0.818109170951109,1.0,0.818109170951109,Bullish,900.0,0,Friday,Asia,2022,2,208647.73734229285,550826.9307322771,442179.1933899845
3265,3281,2022-02-04 00:15:00,2022-02-04 04:15:00,278.6980217704943,286.7843638107489,-1,-0.029014709142477058,-6053.853412222568,16,-4.141524335963953,0.13144383410886862,-22.073845714547225,0.031738032532476874,Bullish,14400.0,0,Friday,Asia,2022,2,202593.88393007027,550826.9307322771,448233.04680220707
3281,3285,2022-02-04 04:15:00,2022-02-04 05:15:00,286.7843638107489,290.969383280428,1,0.014592913693303178,2956.4350629825935,4,0.0,1.4592913693303178,1.0,1.4592913693303178,Bullish,3600.0,4,Friday,Asia,2022,2,205550.31899305288,553783.3657952597,448233.04680220707
3285,3296,2022-02-04 05:15:00,2022-02-04 08:00:00,290.969383280428,297.3708137623642,-1,-0.02200035759695962,-4522.180522016279,11,-3.4297998170757626,-0.0,0.0,-0.0,Bullish,9900.0,5,Friday,Asia,2022,2,201028.13847103657,553783.3657952597,452755.2273242234
3296,3299,2022-02-04 08:00:00,2022-02-04 08:45:00,297.3708137623642,298.9487251773252,1,0.00530620808073623,1066.697132810375,3,0.0,0.530620808073623,1.0,0.530620808073623,Bullish,2700.0,8,Friday,London,2022,2,202094.83560384694,554850.0629280701,452755.2273242234
3299,3301,2022-02-04 08:45:00,2022-02-04 09:15:00,298.9487251773252,294.0715439428316,-1,0.016314440650652018,3297.064201262234,2,-0.0,1.6314440650652018,1.0,1.6314440650652018,Bullish,1800.0,8,Friday,London,2022,2,205391.8998051092,558147.1271293323,452755.2273242234
3301,3304,2022-02-04 09:15:00,2022-02-04 10:00:00,294.0715439428316,295.61303063004,1,0.00524187640375029,1076.6389531098444,3,-0.2444994718374338,0.524187640375029,1.0,2.143921360793606,Bullish,2700.0,9,Friday,London,2022,2,206468.53875821905,559223.7660824421,452755.2273242234
3304,3305,2022-02-04 10:00:00,2022-02-04 10:15:00,295.61303063004,295.1740989694077,-1,0.0014848183779206936,306.5682808106343,1,-0.0,0.14848183779206936,1.0,0.14848183779206936,Bullish,900.0,10,Friday,London,2022,2,206775.10703902965,559530.3343632527,452755.2273242234
3305,3307,2022-02-04 10:15:00,2022-02-04 10:45:00,295.1740989694077,295.4084787276777,1,0.0007940390403098352,164.18750755323438,2,-0.6320331227673059,0.07940390403098352,1.0,0.1256325043271782,Bullish,1800.0,10,Friday,London,2022,2,206939.2945465829,559694.521870806,452755.2273242234
3307,3308,2022-02-04 10:45:00,2022-02-04 11:00:00,295.4084787276777,292.3422450608373,-1,0.010379640015908298,2147.9553825395433,1,-0.0,1.0379640015908298,1.0,1.0379640015908298,Bullish,900.0,10,Friday,London,2022,2,209087.24992912245,561842.4772533455,452755.2273242234
3308,3310,2022-02-04 11:00:00,2022-02-04 11:30:00,292.3422450608373,295.9519471349448,1,0.012347521219029822,2581.709255128428,2,-0.06823041125123552,1.2347521219029822,1.0,18.096800228221156,Bullish,1800.0,11,Friday,London,2022,2,211668.95918425085,564424.1865084739,452755.2273242234
3310,3314,2022-02-04 11:30:00,2022-02-04 12:30:00,295.9519471349448,292.1781735542086,-1,0.012751305126624035,2699.055484393309,4,-0.0,1.2751305126624035,1.0,1.2751305126624035,Bullish,3600.0,11,Friday,London,2022,2,214368.01466864417,567123.2419928672,452755.2273242234
3314,3318,2022-02-04 12:30:00,2022-02-04 13:30:00,292.1781735542086,295.480939048961,1,0.011303943256868898,2423.203873901991,4,-0.7154304916046961,1.1303943256868898,1.0,1.5800197768359554,Bullish,3600.0,12,Friday,London,2022,2,216791.21854254615,569546.4458667692,452755.2273242234
3318,3320,2022-02-04 13:30:00,2022-02-04 14:00:00,295.480939048961,292.1843789190859,-1,0.011156591489405177,2418.651063769546,2,-0.0,1.1156591489405177,1.0,1.1156591489405177,Bullish,1800.0,13,Friday,NY_overlap,2022,2,219209.8696063157,571965.0969305388,452755.2273242234
3320,3323,2022-02-04 14:00:00,2022-02-04 14:45:00,292.1843789190859,292.6681615576109,1,0.001655744363592504,362.9555060445046,3,-0.4453634738496137,0.18256862775010152,0.9069161465456561,0.4099317489421003,Bullish,2700.0,14,Friday,NY_overlap,2022,2,219572.8251123602,572328.0524365833,452755.2273242234
3323,3324,2022-02-04 14:45:00,2022-02-04 15:00:00,292.6681615576109,290.2507656891697,-1,0.008259852576978477,1813.639165338771,1,-0.0,0.8259852576978477,1.0,0.8259852576978477,Bullish,900.0,14,Friday,NY_overlap,2022,2,221386.46427769898,574141.6916019222,452755.2273242234
3324,3327,2022-02-04 15:00:00,2022-02-04 15:45:00,290.2507656891697,291.7639993089018,1,0.0052135387692744395,1154.2069145043731,3,-0.18771431090199853,0.521353876927444,1.0,2.7773794891942534,Sideways,2700.0,15,Friday,NY_overlap,2022,2,222540.67119220336,575295.8985164266,452755.2273242234
3327,3330,2022-02-04 15:45:00,2022-02-04 16:30:00,291.7639993089018,289.2719320625954,-1,0.008541380198411552,1900.8044822622999,3,-0.0,0.8541380198411552,1.0,0.8541380198411552,Sideways,2700.0,15,Friday,NY_overlap,2022,2,224441.47567446565,577196.7029986889,452755.2273242234
3330,3336,2022-02-04 16:30:00,2022-02-04 18:00:00,289.2719320625954,288.8620541955819,1,-0.0014169292682181256,-318.01769588521654,6,-0.9659148753228153,0.42994351463985225,-0.3295617261269855,0.44511532602307446,Sideways,5400.0,16,Friday,NY,2022,2,224123.45797858044,577196.7029986889,453073.2450201086
3336,3344,2022-02-04 18:00:00,2022-02-04 20:00:00,288.8620541955819,296.6295857675569,-1,-0.026890107091448456,-6026.703786749769,8,-3.259262196185131,-0.0,0.0,-0.0,Sideways,7200.0,18,Friday,NY,2022,2,218096.7541918307,577196.7029986889,459099.94880685833
3344,3348,2022-02-04 20:00:00,2022-02-04 21:00:00,296.6295857675569,293.4262655145027,1,-0.010799058511865245,-2355.2396097654687,4,-2.0789372100535664,0.0,0.0,0.0,Sideways,3600.0,20,Friday,NY,2022,2,215741.51458206523,577196.7029986889,461455.1884166238
3348,3350,2022-02-04 21:00:00,2022-02-04 21:30:00,293.4262655145027,289.8018377115192,-1,0.012352090555452722,2664.8587246881903,2,-0.0,1.2352090555452722,1.0,1.2352090555452722,Sideways,1800.0,21,Friday,Late,2022,2,218406.3733067534,579861.5617233771,461455.1884166238
3350,3355,2022-02-04 21:30:00,2022-02-04 22:45:00,289.8018377115192,288.3429301483286,1,-0.0050341556655099096,-1099.4916815656636,5,-1.9490189137544855,0.0,0.0,0.0,Sideways,4500.0,21,Friday,Late,2022,2,217306.88162518776,579861.5617233771,462554.68009818945
3355,3359,2022-02-04 22:45:00,2022-02-04 23:45:00,288.3429301483286,289.1024930451678,-1,-0.002634234508362976,-572.4372864818171,4,-0.7540092485028405,-0.0,0.0,-0.0,Sideways,3600.0,22,Friday,Late,2022,2,216734.44433870591,579861.5617233771,463127.1173846713
3359,3360,2022-02-04 23:45:00,2022-02-05 00:00:00,289.1024930451678,291.149147836233,1,0.007079339819962893,1534.3367821645302,1,0.0,0.7079339819962893,1.0,0.7079339819962893,Sideways,900.0,23,Friday,Late,2022,2,218268.78112087047,581395.8985055416,463127.1173846713
3360,3364,2022-02-05 00:00:00,2022-02-05 01:00:00,291.149147836233,289.2700170392282,-1,0.006454186148131091,1408.7473436797773,4,-0.37563619771245893,0.6454186148131091,1.0,1.7182013308183963,Sideways,3600.0,0,Saturday,Asia,2022,2,219677.52846455024,582804.6458492214,463127.1173846713
3364,3366,2022-02-05 01:00:00,2022-02-05 01:30:00,289.2700170392282,291.24649868232,1,0.006832652977041054,1500.980318852328,2,0.0,0.6832652977041054,1.0,0.6832652977041054,Sideways,1800.0,1,Saturday,Asia,2022,2,221178.50878340256,584305.6261680737,463127.1173846713
3366,3367,2022-02-05 01:30:00,2022-02-05 01:45:00,291.24649868232,290.1790895040384,-1,0.003664968276394176,810.61221811134,1,-0.0,0.3664968276394176,1.0,0.3664968276394176,Sideways,900.0,1,Saturday,Asia,2022,2,221989.1210015139,585116.238386185,463127.1173846713
3367,3381,2022-02-05 01:45:00,2022-02-05 05:15:00,290.1790895040384,282.0919082914759,1,-0.027869620882692847,-6186.752642394413,14,-3.2183742585960684,0.0,0.0,0.0,Sideways,12600.0,1,Saturday,Asia,2022,2,215802.36835911951,585116.238386185,469313.8700270657
3381,3385,2022-02-05 05:15:00,2022-02-05 06:15:00,282.0919082914759,283.1170948021633,-1,-0.0036342287054478284,-784.2751617943371,4,-1.5003045881281318,-0.0,0.0,-0.0,Sideways,3600.0,5,Saturday,Asia,2022,2,215018.09319732516,585116.238386185,470098.14518886
3385,3386,2022-02-05 06:15:00,2022-02-05 06:30:00,283.1170948021633,286.4412682999753,1,0.011741337979378708,2524.600103911341,1,0.0,1.1741337979378708,1.0,1.1741337979378708,Sideways,900.0,6,Saturday,Asia,2022,2,217542.6933012365,587640.8384900964,470098.14518886
3386,3391,2022-02-05 06:30:00,2022-02-05 07:45:00,286.4412682999753,288.2930605911101,-1,-0.006464823669176889,-1406.3751527103204,5,-1.9964067046632783,-0.0,0.0,-0.0,Sideways,4500.0,6,Saturday,Asia,2022,2,216136.3181485262,587640.8384900964,471504.5203415703
3391,3396,2022-02-05 07:45:00,2022-02-05 09:00:00,288.2930605911101,282.2823820417887,1,-0.020849196081921595,-4506.268477503205,5,-3.345733154652697,0.0,0.0,0.0,Bearish,4500.0,7,Saturday,Asia,2022,2,211630.04967102298,587640.8384900964,476010.7888190735
3396,3401,2022-02-05 09:00:00,2022-02-05 10:15:00,282.2823820417887,282.5647225303511,-1,-0.001000205845367308,-211.6736127363306,5,-1.2482497853719465,-0.0,0.0,-0.0,Sideways,4500.0,9,Saturday,London,2022,2,211418.37605828664,587640.8384900964,476222.46243180986
3401,3404,2022-02-05 10:15:00,2022-02-05 11:00:00,282.5647225303511,284.4057294638165,1,0.006515345995704136,1377.463869869627,3,-0.26965399744731666,0.6515345995704136,1.0,2.416187431813268,Sideways,2700.0,10,Saturday,London,2022,2,212795.8399281563,589018.302359966,476222.46243180986
3404,3405,2022-02-05 11:00:00,2022-02-05 11:15:00,284.4057294638165,280.024840093076,-1,0.015403660745511916,3277.834926309573,1,-0.0,1.5403660745511916,1.0,1.5403660745511916,Sideways,900.0,11,Saturday,London,2022,2,216073.67485446585,592296.1372862755,476222.46243180986
3405,3407,2022-02-05 11:15:00,2022-02-05 11:45:00,280.024840093076,282.7257145029744,1,0.009645124371826075,2084.057467448828,2,-0.1775242807022459,0.9645124371826075,1.0,5.4331296731197245,Sideways,1800.0,11,Saturday,London,2022,2,218157.7323219147,594380.1947537244,476222.46243180986
3407,3408,2022-02-05 11:45:00,2022-02-05 12:00:00,282.7257145029744,281.206027406813,-1,0.005375128678454244,1172.625883430066,1,-0.0,0.5375128678454244,1.0,0.5375128678454244,Sideways,900.0,11,Saturday,London,2022,2,219330.35820534476,595552.8206371544,476222.46243180986
3408,3411,2022-02-05 12:00:00,2022-02-05 12:45:00,281.206027406813,282.5362426292926,1,0.004730393707227387,1037.5189462584897,3,-0.6194826298359324,0.4730393707227387,1.0,0.7636039300214461,Sideways,2700.0,12,Saturday,London,2022,2,220367.87715160323,596590.3395834129,476222.46243180986
3411,3412,2022-02-05 12:45:00,2022-02-05 13:00:00,282.5362426292926,280.0101090355148,-1,0.008940918765923622,1970.2912882315177,1,-0.0,0.8940918765923622,1.0,0.8940918765923622,Bearish,900.0,12,Saturday,London,2022,2,222338.16843983476,598560.6308716444,476222.46243180986
3412,3422,2022-02-05 13:00:00,2022-02-05 15:30:00,280.0101090355148,275.6945427766447,1,-0.015412180202118098,-3426.7159178036145,10,-2.5091294409332887,0.26576699962865824,-5.799132406827296,0.10592000368454658,Bearish,9000.0,13,Saturday,NY_overlap,2022,2,218911.45252203115,598560.6308716444,479649.1783496135
3422,3423,2022-02-05 15:30:00,2022-02-05 15:45:00,275.6945427766447,273.3261972827289,-1,0.008590469256529731,1880.5521027927734,1,-0.0,0.8590469256529731,1.0,0.8590469256529731,Sideways,900.0,15,Saturday,NY_overlap,2022,2,220792.00462482392,600441.1829744371,479649.1783496135
3423,3432,2022-02-05 15:45:00,2022-02-05 18:00:00,273.3261972827289,269.6277795217528,1,-0.013531149951025223,-2987.5697225659424,9,-2.644337820486009,0.003132872286681909,-431.908763359018,0.0011847473732029107,Bearish,8100.0,15,Saturday,NY_overlap,2022,2,217804.43490225798,600441.1829744371,482636.74807217944
3432,3433,2022-02-05 18:00:00,2022-02-05 18:15:00,269.6277795217528,267.8168060706564,-1,0.006716568501615727,1462.8984069767168,1,-0.0,0.6716568501615727,1.0,0.6716568501615727,Bearish,900.0,18,Saturday,NY,2022,2,219267.3333092347,601904.0813814139,482636.74807217944
3433,3434,2022-02-05 18:15:00,2022-02-05 18:30:00,267.8168060706564,269.4327654423614,1,0.00603382362523841,1323.0204159642833,1,0.0,0.603382362523841,1.0,0.603382362523841,Bearish,900.0,18,Saturday,NY,2022,2,220590.353725199,603227.1017973782,482636.74807217944
3434,3435,2022-02-05 18:30:00,2022-02-05 18:45:00,269.4327654423614,268.2940019447302,-1,0.004226521951632534,932.3299723379374,1,-0.0,0.42265219516325336,1.0,0.42265219516325336,Bearish,900.0,18,Saturday,NY,2022,2,221522.68369753694,604159.4317697161,482636.74807217944
3435,3441,2022-02-05 18:45:00,2022-02-05 20:15:00,268.2940019447302,265.4177689545023,1,-0.010720452076377063,-2374.823314409875,6,-2.557435674848707,0.0,0.0,0.0,Bearish,5400.0,18,Saturday,NY,2022,2,219147.86038312706,604159.4317697161,485011.5713865893
3441,3446,2022-02-05 20:15:00,2022-02-05 21:30:00,265.4177689545023,266.6585994647653,-1,-0.004675009194563984,-1024.5182622601415,5,-1.3938107077929418,-0.0,0.0,-0.0,Bearish,4500.0,20,Saturday,NY,2022,2,218123.3421208669,604159.4317697161,486036.08964884945
3446,3447,2022-02-05 21:30:00,2022-02-05 21:45:00,266.6585994647653,267.6708948597833,1,0.0037962225746699385,828.0447554216879,1,0.0,0.37962225746699385,1.0,0.37962225746699385,Bearish,900.0,21,Saturday,Late,2022,2,218951.38687628857,604987.4765251378,486036.08964884945
3447,3448,2022-02-05 21:45:00,2022-02-05 22:00:00,267.6708948597833,267.0225571161918,-1,0.0024221450895178798,530.3320265655311,1,-0.0,0.24221450895178798,1.0,0.24221450895178798,Bearish,900.0,21,Saturday,Late,2022,2,219481.71890285413,605517.8085517033,486036.08964884945
3448,3449,2022-02-05 22:00:00,2022-02-05 22:15:00,267.0225571161918,269.7003079959385,1,0.01002818229540603,2201.0026876668812,1,0.0,1.002818229540603,1.0,1.002818229540603,Bearish,900.0,22,Saturday,Late,2022,2,221682.721590521,607718.8112393703,486036.08964884945
3449,3455,2022-02-05 22:15:00,2022-02-05 23:45:00,269.7003079959385,266.3626564079569,-1,0.0123754088854503,2743.4143225221346,6,-1.200678392347987,1.23754088854503,1.0,1.0307013905072089,Bearish,5400.0,22,Saturday,Late,2022,2,224426.13591304314,610462.2255618924,486036.08964884945
3455,3459,2022-02-05 23:45:00,2022-02-06 00:45:00,266.3626564079569,267.0287230538916,1,0.002500600703255529,561.2001532930758,4,-0.3416223179293132,0.2500600703255529,1.0,0.7319781442888461,Bearish,3600.0,23,Saturday,Late,2022,2,224987.3360663362,611023.4257151855,486036.08964884945
3459,3460,2022-02-06 00:45:00,2022-02-06 01:00:00,267.0287230538916,265.9372208123316,-1,0.004087583646721571,919.6545556242049,1,-0.0,0.4087583646721571,1.0,0.4087583646721571,Bearish,900.0,0,Sunday,Asia,2022,2,225906.99062196043,611943.0802708097,486036.08964884945
3460,3469,2022-02-06 01:00:00,2022-02-06 03:15:00,265.9372208123316,259.9701579748453,1,-0.02243786266269654,-5068.870030118616,9,-2.7763986197294477,0.0,0.0,0.0,Bearish,8100.0,1,Sunday,Asia,2022,2,220838.1205918418,611943.0802708097,491104.95967896807
3469,3472,2022-02-06 03:15:00,2022-02-06 04:00:00,259.9701579748453,260.1657627261918,-1,-0.0007524123263620286,-166.16132406392566,3,-0.8008668440457223,-0.0,0.0,-0.0,Bearish,2700.0,3,Sunday,Asia,2022,2,220671.95926777786,611943.0802708097,491271.12100303196
3472,3477,2022-02-06 04:00:00,2022-02-06 05:15:00,260.1657627261918,258.9221934071388,1,-0.004779911491896716,-1054.792434043414,5,-1.1676155731777271,0.0,0.0,0.0,Bearish,4500.0,4,Sunday,Asia,2022,2,219617.16683373446,611943.0802708097,492325.9134370754
3477,3484,2022-02-06 05:15:00,2022-02-06 07:00:00,258.9221934071388,261.941831636971,-1,-0.011662338365425517,-2561.249710471114,7,-2.4686144383929465,-0.0,0.0,-0.0,Bearish,6300.0,5,Sunday,Asia,2022,2,217055.91712326335,611943.0802708097,494887.1631475465
3484,3491,2022-02-06 07:00:00,2022-02-06 08:45:00,261.941831636971,260.3792011071711,1,-0.005965563117713679,-1294.860773672055,7,-2.217428777806907,0.15991258690906118,-3.7305150476404747,0.07211622240567238,Sideways,6300.0,7,Sunday,Asia,2022,2,215761.0563495913,611943.0802708097,496182.0239212186
3491,3495,2022-02-06 08:45:00,2022-02-06 09:45:00,260.3792011071711,258.9739988030049,-1,0.005396753266739718,1164.4091856898674,4,-0.5186428169295043,0.5396753266739718,1.0,1.0405529760712493,Sideways,3600.0,8,Sunday,London,2022,2,216925.46553528117,613107.4894564996,496182.0239212186
3495,3497,2022-02-06 09:45:00,2022-02-06 10:15:00,258.9739988030049,260.6320000886986,1,0.006402192086298442,1388.7984987665805,2,0.0,0.6402192086298442,1.0,0.6402192086298442,Bearish,1800.0,9,Sunday,London,2022,2,218314.26403404775,614496.2879552662,496182.0239212186
3497,3500,2022-02-06 10:15:00,2022-02-06 11:00:00,260.6320000886986,260.8643578258205,-1,-0.0008915165330536379,-194.63077578779047,3,-0.8190093182865787,-0.0,0.0,-0.0,Sideways,2700.0,10,Sunday,London,2022,2,218119.63325825997,614496.2879552662,496376.6546970064
3500,3501,2022-02-06 11:00:00,2022-02-06 11:15:00,260.8643578258205,265.2043091274484,1,0.016636812088087982,3628.8153512403314,1,0.0,1.6636812088087982,1.0,1.6636812088087982,Sideways,900.0,11,Sunday,London,2022,2,221748.4486095003,618125.1033065065,496376.6546970064
3501,3510,2022-02-06 11:15:00,2022-02-06 13:30:00,265.2043091274484,269.5496304538323,-1,-0.016384806644660133,-3633.305454220011,9,-2.5614207587935978,-0.0,0.0,-0.0,Sideways,8100.0,11,Sunday,London,2022,2,218115.14315528027,618125.1033065065,500009.9601512264
3510,3514,2022-02-06 13:30:00,2022-02-06 14:30:00,269.5496304538323,270.0725679372471,1,0.0019400415520298697,423.1524408481866,4,-0.42190683931024875,0.19400415520298697,1.0,0.4598269976380407,Sideways,3600.0,13,Sunday,NY_overlap,2022,2,218538.29559612848,618548.2557473547,500009.9601512264
3514,3518,2022-02-06 14:30:00,2022-02-06 15:30:00,270.0725679372471,266.8366264738341,-1,0.011981748046935525,2618.470796439527,4,-0.10080937555050351,1.1981748046935525,1.0,11.885549316722933,Bullish,3600.0,14,Sunday,NY_overlap,2022,2,221156.766392568,621166.7265437943,500009.9601512264
3518,3532,2022-02-06 15:30:00,2022-02-06 19:00:00,266.8366264738341,260.1746068135695,1,-0.024966661242503352,-5521.546068010687,14,-3.6362553659668784,0.0002246884722501008,-11111.678757917298,6.179116966125295e-05,Bullish,12600.0,15,Sunday,NY_overlap,2022,2,215635.2203245573,621166.7265437943,505531.50621923705
3532,3533,2022-02-06 19:00:00,2022-02-06 19:15:00,260.1746068135695,257.3137079372449,-1,0.010996072642764143,2371.14054702728,1,-0.0,1.0996072642764143,1.0,1.0996072642764143,Sideways,900.0,19,Sunday,NY,2022,2,218006.36087158456,623537.8670908215,505531.50621923705
3533,3538,2022-02-06 19:15:00,2022-02-06 20:30:00,257.3137079372449,256.6584515440686,1,-0.002546527343720406,-555.1591590644679,5,-0.9306797749950579,0.0,0.0,0.0,Sideways,4500.0,19,Sunday,NY,2022,2,217451.2017125201,623537.8670908215,506086.6653783015
3538,3539,2022-02-06 20:30:00,2022-02-06 20:45:00,256.6584515440686,253.973136631941,-1,0.010462600767567332,2275.1051099458487,1,-0.0,1.0462600767567332,1.0,1.0462600767567332,Sideways,900.0,20,Sunday,NY,2022,2,219726.30682246597,625812.9722007674,506086.6653783015
3539,3541,2022-02-06 20:45:00,2022-02-06 21:15:00,253.973136631941,257.7397243392393,1,0.014830653970923091,3258.684824792866,2,0.0,1.4830653970923091,1.0,1.4830653970923091,Sideways,1800.0,20,Sunday,NY,2022,2,222984.9916472588,629071.6570255603,506086.6653783015
3541,3544,2022-02-06 21:15:00,2022-02-06 22:00:00,257.7397243392393,255.3760307601586,-1,0.009170854764978142,2044.9629731668724,3,-0.0,0.9170854764978142,1.0,0.9170854764978142,Sideways,2700.0,21,Sunday,Late,2022,2,225029.9546204257,631116.6199987271,506086.6653783015
3544,3545,2022-02-06 22:00:00,2022-02-06 22:15:00,255.3760307601586,258.6785720379875,1,0.012932072238723835,2910.103629028088,1,0.0,1.2932072238723835,1.0,1.2932072238723835,Sideways,900.0,22,Sunday,Late,2022,2,227940.05824945378,634026.7236277552,506086.6653783015
3545,3546,2022-02-06 22:15:00,2022-02-06 22:30:00,258.6785720379875,255.1323168860087,-1,0.013709118324103153,3124.857229344723,1,-0.0,1.3709118324103153,1.0,1.3709118324103153,Sideways,900.0,22,Sunday,Late,2022,2,231064.9154787985,637151.5808571,506086.6653783015
3546,3561,2022-02-06 22:30:00,2022-02-07 02:15:00,255.1323168860087,244.5704377701208,1,-0.041397652970034615,-9565.545184541668,15,-5.469549478444713,0.0,0.0,0.0,Sideways,13500.0,22,Sunday,Late,2022,2,221499.37029425683,637151.5808571,515652.2105628432
3561,3565,2022-02-07 02:15:00,2022-02-07 03:15:00,244.5704377701208,244.843219379971,-1,-0.0011153498858540445,-247.04929737444178,4,-1.2688991837859431,-0.0,0.0,-0.0,Bearish,3600.0,2,Monday,Asia,2022,2,221252.3209968824,637151.5808571,515899.25986021763
3565,3570,2022-02-07 03:15:00,2022-02-07 04:30:00,244.843219379971,242.5010235828797,1,-0.00956610439538641,-2116.522800377719,5,-1.9286220405174914,0.0,0.0,0.0,Bearish,4500.0,3,Monday,Asia,2022,2,219135.79819650468,637151.5808571,518015.7826605954
3570,3571,2022-02-07 04:30:00,2022-02-07 04:45:00,242.5010235828797,241.185682239548,-1,0.0054240651189753075,1188.6068393164715,1,-0.0,0.5424065118975308,1.0,0.5424065118975308,Bearish,900.0,4,Monday,Asia,2022,2,220324.40503582114,638340.1876964164,518015.7826605954
3571,3572,2022-02-07 04:45:00,2022-02-07 05:00:00,241.185682239548,242.1220510718574,1,0.003882356629194117,855.3779144640688,1,0.0,0.3882356629194117,1.0,0.3882356629194117,Bearish,900.0,4,Monday,Asia,2022,2,221179.78295028524,639195.5656108805,518015.7826605954
3572,3573,2022-02-07 05:00:00,2022-02-07 05:15:00,242.1220510718574,241.3353165319267,-1,0.003249330395343586,718.6861915758578,1,-0.0,0.3249330395343586,1.0,0.3249330395343586,Bearish,900.0,5,Monday,Asia,2022,2,221898.46914186107,639914.2518024563,518015.7826605954
3573,3578,2022-02-07 05:15:00,2022-02-07 06:30:00,241.3353165319267,240.7557034941903,1,-0.002401691746014012,-532.931721791152,5,-1.371388653665273,0.0,0.0,0.0,Bearish,4500.0,5,Monday,Asia,2022,2,221365.53742006994,639914.2518024563,518548.71438238653
3578,3583,2022-02-07 06:30:00,2022-02-07 07:45:00,240.7557034941903,241.968989703525,-1,-0.005039491034794841,-1115.5696412409827,5,-0.957950849678979,-0.0,0.0,-0.0,Bearish,4500.0,6,Monday,Asia,2022,2,220249.96777882896,639914.2518024563,519664.2840236275
3583,3588,2022-02-07 07:45:00,2022-02-07 09:00:00,241.968989703525,241.7355257488648,1,-0.0009648507230048953,-212.5083406532077,5,-1.1196986698903122,0.0,0.0,0.0,Bearish,4500.0,7,Monday,Asia,2022,2,220037.45943817575,639914.2518024563,519876.7923642807
3588,3593,2022-02-07 09:00:00,2022-02-07 10:15:00,241.7355257488648,238.3599013492453,-1,0.01396412210891329,3072.629952129737,5,-0.0,1.396412210891329,1.0,1.396412210891329,Bearish,4500.0,9,Monday,London,2022,2,223110.08939030548,642986.8817545861,519876.7923642807
3593,3595,2022-02-07 10:15:00,2022-02-07 10:45:00,238.3599013492453,241.9090384543928,1,0.014889824526094664,3322.0700810229387,2,0.0,1.4889824526094664,1.0,1.4889824526094664,Bearish,1800.0,10,Monday,London,2022,2,226432.15947132843,646308.951835609,519876.7923642807
3595,3607,2022-02-07 10:45:00,2022-02-07 13:45:00,241.9090384543928,251.0512178430887,-1,-0.03779180574279972,-8557.280184663081,12,-5.481700919315435,-0.0,0.0,-0.0,Bearish,10800.0,10,Monday,London,2022,2,217874.87928666535,646308.951835609,528434.0725489438
3607,3611,2022-02-07 13:45:00,2022-02-07 14:45:00,251.0512178430887,252.084670717924,1,0.004116502137349709,896.8824062583665,4,-0.42245229982452726,0.4116502137349709,1.0,0.9744300454890572,Bullish,3600.0,13,Monday,NY_overlap,2022,2,218771.76169292373,647205.8342418674,528434.0725489438
3611,3612,2022-02-07 14:45:00,2022-02-07 15:00:00,252.084670717924,248.5651600288953,-1,0.013961621224350296,3054.4084713404245,1,-0.0,1.3961621224350296,1.0,1.3961621224350296,Bullish,900.0,14,Monday,NY_overlap,2022,2,221826.17016426416,650260.2427132078,528434.0725489438
3612,3617,2022-02-07 15:00:00,2022-02-07 16:15:00,248.5651600288953,249.1443128719476,1,0.002329983988846207,516.8514247898089,5,-0.42127515187473374,0.2842841049525813,0.8195969976002877,0.67481811753548,Sideways,4500.0,15,Monday,NY_overlap,2022,2,222343.02158905397,650777.0941379976,528434.0725489438
3617,3618,2022-02-07 16:15:00,2022-02-07 16:30:00,249.1443128719476,246.6014072858557,-1,0.010206556821543367,2269.3566837223198,1,-0.0,1.0206556821543367,1.0,1.0206556821543367,Sideways,900.0,16,Monday,NY,2022,2,224612.37827277626,653046.45082172,528434.0725489438
3618,3621,2022-02-07 16:30:00,2022-02-07 17:15:00,246.6014072858557,247.5362517876947,1,0.0037909130857285422,851.4860040108757,3,0.0,0.3790913085728542,1.0,0.3790913085728542,Sideways,2700.0,16,Monday,NY,2022,2,225463.86427678715,653897.9368257308,528434.0725489438
3621,3622,2022-02-07 17:15:00,2022-02-07 17:30:00,247.5362517876947,247.141784540654,-1,0.0015935736450394256,359.29327202023353,1,-0.0,0.15935736450394256,1.0,0.15935736450394256,Sideways,900.0,17,Monday,NY,2022,2,225823.1575488074,654257.230097751,528434.0725489438
3622,3623,2022-02-07 17:30:00,2022-02-07 17:45:00,247.141784540654,248.5327535025041,1,0.005628222538068162,1270.9829849339133,1,0.0,0.5628222538068162,1.0,0.5628222538068162,Sideways,900.0,17,Monday,NY,2022,2,227094.1405337413,655528.2130826849,528434.0725489438
3623,3627,2022-02-07 17:45:00,2022-02-07 18:45:00,248.5327535025041,247.4251427075352,-1,0.004456598896361297,1012.0674960727873,4,-0.3498756475635467,0.4456598896361297,1.0,1.2737665303075603,Sideways,3600.0,17,Monday,NY,2022,2,228106.2080298141,656540.2805787576,528434.0725489438
3627,3630,2022-02-07 18:45:00,2022-02-07 19:30:00,247.4251427075352,248.1285491665681,1,0.0028429061466253014,648.4845408913473,3,-0.42307645002946925,0.28429061466253014,1.0,0.6719603859839705,Bullish,2700.0,18,Monday,NY,2022,2,228754.69257070543,657188.765119649,528434.0725489438
3630,3631,2022-02-07 19:30:00,2022-02-07 19:45:00,248.1285491665681,247.5867747325751,-1,0.0021834425575483207,499.4727309977602,1,-0.0,0.21834425575483207,1.0,0.21834425575483207,Sideways,900.0,19,Monday,NY,2022,2,229254.1653017032,657688.2378506467,528434.0725489438
3631,3633,2022-02-07 19:45:00,2022-02-07 20:15:00,247.5867747325751,249.0807168439922,1,0.006034014187675352,1383.3228860141453,2,-0.059884718594982456,0.6034014187675352,1.0,10.076049999475028,Sideways,1800.0,19,Monday,NY,2022,2,230637.48818771733,659071.5607366608,528434.0725489438
3633,3635,2022-02-07 20:15:00,2022-02-07 20:45:00,249.0807168439922,247.3951251231061,-1,0.006767250962834814,1560.781764004131,2,-0.0,0.6767250962834814,1.0,0.6767250962834814,Sideways,1800.0,20,Monday,NY,2022,2,232198.26995172148,660632.342500665,528434.0725489438
3635,3637,2022-02-07 20:45:00,2022-02-07 21:15:00,247.3951251231061,249.2357768029363,1,0.007440129141244256,1727.5851148143008,2,0.0,0.7440129141244256,1.0,0.7440129141244256,Sideways,1800.0,20,Monday,NY,2022,2,233925.8550665358,662359.9276154793,528434.0725489438
3637,3640,2022-02-07 21:15:00,2022-02-07 22:00:00,249.2357768029363,248.8557684475624,-1,0.0015246942483476689,356.665405759757,3,-0.929585010168088,0.1524694248347669,1.0,0.16401880749690367,Bullish,2700.0,21,Monday,Late,2022,2,234282.52047229555,662716.593021239,528434.0725489438
3640,3641,2022-02-07 22:00:00,2022-02-07 22:15:00,248.8557684475624,250.6105559335272,1,0.007051423790220612,1652.02533849119,1,0.0,0.7051423790220612,1.0,0.7051423790220612,Bullish,900.0,22,Monday,Late,2022,2,235934.54581078675,664368.6183597302,528434.0725489438
3641,3642,2022-02-07 22:15:00,2022-02-07 22:30:00,250.6105559335272,248.9543455981014,-1,0.006608701414257623,1559.220966571974,1,-0.0,0.6608701414257623,1.0,0.6608701414257623,Bullish,900.0,22,Monday,Late,2022,2,237493.76677735872,665927.8393263022,528434.0725489438
3642,3644,2022-02-07 22:30:00,2022-02-07 23:00:00,248.9543455981014,251.9660147656248,1,0.012097274945283676,2873.027394496782,2,0.0,1.2097274945283676,1.0,1.2097274945283676,Bullish,1800.0,22,Monday,Late,2022,2,240366.7941718555,668800.866720799,528434.0725489438
3644,3648,2022-02-07 23:00:00,2022-02-08 00:00:00,251.9660147656248,249.2832166982272,-1,0.010647460015165588,2559.2958299183647,4,-0.15139045382526195,1.0647460015165588,1.0,7.033111894528774,Bullish,3600.0,23,Monday,Late,2022,2,242926.09000177385,671360.1625507174,528434.0725489438
3648,3652,2022-02-08 00:00:00,2022-02-08 01:00:00,249.2832166982272,251.0519687010899,1,0.007095351328861854,1723.645955509298,4,0.0,0.7095351328861854,1.0,0.7095351328861854,Sideways,3600.0,0,Tuesday,Asia,2022,2,244649.73595728315,673083.8085062266,528434.0725489438
3652,3654,2022-02-08 01:00:00,2022-02-08 01:30:00,251.0519687010899,250.4911241874817,-1,0.002233977755720984,546.5420680715819,2,-0.2599702382826141,0.2233977755720984,1.0,0.859320578570391,Sideways,1800.0,1,Tuesday,Asia,2022,2,245196.27802535472,673630.3505742982,528434.0725489438
3654,3660,2022-02-08 01:30:00,2022-02-08 03:00:00,250.4911241874817,249.6342521208861,1,-0.0034207681784136357,-838.7596253345948,6,-1.334096418569275,0.0,0.0,0.0,Sideways,5400.0,1,Tuesday,Asia,2022,2,244357.51840002014,673630.3505742982,529272.8321742784
3660,3667,2022-02-08 03:00:00,2022-02-08 04:45:00,249.6342521208861,253.8608331843354,-1,-0.01693109430112405,-4137.2401872193905,7,-3.32017628318122,-0.0,0.0,-0.0,Sideways,6300.0,3,Tuesday,Asia,2022,2,240220.27821280074,673630.3505742982,533410.0723614978
3667,3669,2022-02-08 04:45:00,2022-02-08 05:15:00,253.8608331843354,257.2367842934975,1,0.013298432321423803,3194.553112046523,2,-0.2743230067683289,1.3298432321423803,1.0,4.8477276762479455,Sideways,1800.0,4,Tuesday,Asia,2022,2,243414.83132484727,676824.9036863447,533410.0723614978
3669,3679,2022-02-08 05:15:00,2022-02-08 07:45:00,257.2367842934975,260.7466471269791,-1,-0.01364448262374851,-3321.2694363745486,10,-2.9713061085472114,0.18609387727621662,-7.332042742865844,0.06263032837340521,Bullish,9000.0,5,Tuesday,Asia,2022,2,240093.56188847273,676824.9036863447,536731.3417978723
3679,3683,2022-02-08 07:45:00,2022-02-08 08:45:00,260.7466471269791,266.5885427172677,1,0.022404489778323988,5379.173753171677,4,0.0,2.240448977832399,1.0,2.240448977832399,Bullish,3600.0,7,Tuesday,Asia,2022,2,245472.7356416444,682204.0774395164,536731.3417978723
3683,3692,2022-02-08 08:45:00,2022-02-08 11:00:00,266.5885427172677,270.7975413428906,-1,-0.01578837028298996,-3875.6144446887834,9,-2.160102267905195,-0.0,0.0,-0.0,Bullish,8100.0,8,Tuesday,London,2022,2,241597.12119695562,682204.0774395164,540606.9562425611
3692,3694,2022-02-08 11:00:00,2022-02-08 11:30:00,270.7975413428906,272.3683948745131,1,0.005800841188707384,1401.466531712428,2,0.0,0.5800841188707384,1.0,0.5800841188707384,Bullish,1800.0,11,Tuesday,London,2022,2,242998.58772866803,683605.5439712289,540606.9562425611
3694,3707,2022-02-08 11:30:00,2022-02-08 14:45:00,272.3683948745131,280.9223435057211,-1,-0.031405804756271305,-7631.566202256202,13,-4.217601686445915,-0.0,0.0,-0.0,Bullish,11700.0,11,Tuesday,London,2022,2,235367.02152641185,683605.5439712289,548238.5224448174
3707,3708,2022-02-08 14:45:00,2022-02-08 15:00:00,280.9223435057211,284.4722398147138,1,0.012636575164127084,2974.2330586752164,1,0.0,1.2636575164127084,1.0,1.2636575164127084,Bullish,900.0,14,Tuesday,NY_overlap,2022,2,238341.25458508707,686579.7770299041,548238.5224448174
3708,3710,2022-02-08 15:00:00,2022-02-08 15:30:00,284.4722398147138,282.5532245170846,-1,0.0067458789612623304,1607.8212549064053,2,-0.2880398613538837,0.674587896126233,1.0,2.34199493415753,Bullish,1800.0,15,Tuesday,NY_overlap,2022,2,239949.0758399935,688187.5982848104,548238.5224448174
3710,3718,2022-02-08 15:30:00,2022-02-08 17:30:00,282.5532245170846,275.7480534847392,1,-0.024084563338380494,-5779.068715054179,8,-4.396876672994043,0.0,0.0,0.0,Bullish,7200.0,15,Tuesday,NY_overlap,2022,2,234170.0071249393,688187.5982848104,554017.5911598715
3718,3731,2022-02-08 17:30:00,2022-02-08 20:45:00,275.7480534847392,279.6805800451418,-1,-0.014261303065264519,-3339.569440403906,13,-2.7419433960148787,0.6963108237255655,-2.048123133999318,0.25394792056523807,Bullish,11700.0,17,Tuesday,NY,2022,2,230830.4376845354,688187.5982848104,557357.1606002755
3731,3732,2022-02-08 20:45:00,2022-02-08 21:00:00,279.6805800451418,281.8423554551662,1,0.007729444102538174,1784.190965247035,1,0.0,0.7729444102538174,1.0,0.7729444102538174,Bullish,900.0,20,Tuesday,NY,2022,2,232614.62864978242,689971.7892500574,557357.1606002755
3732,3733,2022-02-08 21:00:00,2022-02-08 21:15:00,281.8423554551662,279.4439151249977,-1,0.008509864765695374,1979.5190323320944,1,-0.0,0.8509864765695374,1.0,0.8509864765695374,Bullish,900.0,21,Tuesday,Late,2022,2,234594.1476821145,691951.3082823895,557357.1606002755
3733,3734,2022-02-08 21:15:00,2022-02-08 21:30:00,279.4439151249977,281.1607110347814,1,0.006143615290444826,1441.2561927487084,1,0.0,0.6143615290444826,1.0,0.6143615290444826,Bullish,900.0,21,Tuesday,Late,2022,2,236035.4038748632,693392.5644751382,557357.1606002755
3734,3738,2022-02-08 21:30:00,2022-02-08 22:30:00,281.1607110347814,279.4796266241962,-1,0.005979087207448552,1411.276263813145,4,-0.0023772428183077565,0.5979087207448552,1.0,251.5135248869854,Bullish,3600.0,21,Tuesday,Late,2022,2,237446.68013867634,694803.8407389513,557357.1606002755
3738,3739,2022-02-08 22:30:00,2022-02-08 22:45:00,279.4796266241962,281.9852520827263,1,0.008965324194808888,2128.7864664243193,1,0.0,0.8965324194808888,1.0,0.8965324194808888,Bullish,900.0,22,Tuesday,Late,2022,2,239575.46660510066,696932.6272053757,557357.1606002755
3739,3746,2022-02-08 22:45:00,2022-02-09 00:30:00,281.9852520827263,283.9612486417438,-1,-0.0070074464690013105,-1678.8122575212517,7,-1.1071613468790487,0.11551221135004397,-6.066411842611342,0.1043318678670084,Bullish,6300.0,22,Tuesday,Late,2022,2,237896.6543475794,696932.6272053757,559035.9728577967
3746,3747,2022-02-09 00:30:00,2022-02-09 00:45:00,283.9612486417438,287.4713578122076,1,0.01236122600267997,2940.6943096718637,1,0.0,1.236122600267997,1.0,1.236122600267997,Bullish,900.0,0,Wednesday,Asia,2022,2,240837.34865725128,699873.3215150476,559035.9728577967
3747,3750,2022-02-09 00:45:00,2022-02-09 01:30:00,287.4713578122076,284.2846306308443,-1,0.011085372837196128,2669.771802987423,3,-0.0,1.1085372837196128,1.0,1.1085372837196128,Bullish,2700.0,0,Wednesday,Asia,2022,2,243507.12046023872,702543.093318035,559035.9728577967
3750,3756,2022-02-09 01:30:00,2022-02-09 03:00:00,284.2846306308443,282.5360562986092,1,-0.0061507874286235165,-1497.7605353071465,6,-1.3087730777996631,0.029339809164996566,-20.963965355172196,0.022417796990692438,Sideways,5400.0,1,Wednesday,Asia,2022,2,242009.35992493157,702543.093318035,560533.7333931038
3756,3767,2022-02-09 03:00:00,2022-02-09 05:45:00,282.5360562986092,289.3764134006192,-1,-0.02421056339365224,-5859.18295031975,11,-3.182036372708086,-0.0,0.0,-0.0,Sideways,9900.0,3,Wednesday,Asia,2022,2,236150.17697461182,702543.093318035,566392.9163434235
3767,3769,2022-02-09 05:45:00,2022-02-09 06:15:00,289.3764134006192,290.478335444374,1,0.0038079193490774266,899.2408281896816,2,-0.319576211329875,0.38079193490774266,1.0,1.1915528171609717,Bullish,1800.0,5,Wednesday,Asia,2022,2,237049.4178028015,703442.3341462247,566392.9163434235
3769,3771,2022-02-09 06:15:00,2022-02-09 06:45:00,290.478335444374,288.7870548764523,-1,0.005822398304969556,1380.1961284090496,2,-0.031387942091609666,0.5822398304969556,1.0,18.549793063770007,Bullish,1800.0,6,Wednesday,Asia,2022,2,238429.61393121054,704822.5302746337,566392.9163434235
3771,3772,2022-02-09 06:45:00,2022-02-09 07:00:00,288.7870548764523,291.7476567347795,1,0.010251851003480139,2444.3448768400594,1,0.0,1.025185100348014,1.0,1.025185100348014,Bullish,900.0,6,Wednesday,Asia,2022,2,240873.9588080506,707266.8751514737,566392.9163434235
3772,3777,2022-02-09 07:00:00,2022-02-09 08:15:00,291.7476567347795,294.6652362210269,-1,-0.010000352766842191,-2408.8245604263175,5,-2.4852022445031485,-0.0,0.0,-0.0,Bullish,4500.0,7,Wednesday,Asia,2022,2,238465.1342476243,707266.8751514737,568801.7409038498
3777,3781,2022-02-09 08:15:00,2022-02-09 09:15:00,294.6652362210269,295.3677567479572,1,0.002384131008936974,568.5321211100786,4,-1.1708049896128836,0.23841310089369738,1.0,0.2036317772889972,Bullish,3600.0,8,Wednesday,London,2022,2,239033.66636873435,707835.4072725838,568801.7409038498
3781,3783,2022-02-09 09:15:00,2022-02-09 09:45:00,295.3677567479572,292.9309286863131,-1,0.008250149198659629,1972.0634110446838,2,-0.0,0.8250149198659629,1.0,0.8250149198659629,Bullish,1800.0,9,Wednesday,London,2022,2,241005.72977977904,709807.4706836285,568801.7409038498
3783,3791,2022-02-09 09:45:00,2022-02-09 11:45:00,292.9309286863131,291.1890244603505,1,-0.005946467427575541,-1433.1327219945267,8,-1.4059278956288113,0.0,0.0,0.0,Bullish,7200.0,9,Wednesday,London,2022,2,239572.5970577845,709807.4706836285,570234.8736258444
3791,3792,2022-02-09 11:45:00,2022-02-09 12:00:00,291.1890244603505,289.1896742170084,-1,0.006866159351463841,1644.9436276427832,1,-0.0,0.6866159351463841,1.0,0.6866159351463841,Bullish,900.0,11,Wednesday,London,2022,2,241217.5406854273,711452.4143112713,570234.8736258444
3792,3798,2022-02-09 12:00:00,2022-02-09 13:30:00,289.1896742170084,283.2407984787309,1,-0.020570844219747197,-4962.048452510449,6,-3.1219244180764383,0.0,0.0,0.0,Sideways,5400.0,12,Wednesday,London,2022,2,236255.49223291685,711452.4143112713,575196.9220783549
3798,3799,2022-02-09 13:30:00,2022-02-09 13:45:00,283.2407984787309,281.8639404412976,-1,0.004861086555426719,1148.458396939152,1,-0.0,0.4861086555426719,1.0,0.4861086555426719,Sideways,900.0,13,Wednesday,NY_overlap,2022,2,237403.950629856,712600.8727082104,575196.9220783549
3799,3802,2022-02-09 13:45:00,2022-02-09 14:30:00,281.8639404412976,284.3171664299776,1,0.008703582249077746,2066.2648105629414,3,-0.538048688081727,0.8703582249077746,1.0,1.617619825467489,Sideways,2700.0,13,Wednesday,NY_overlap,2022,2,239470.21544041895,714667.1375187733,575196.9220783549
3802,3812,2022-02-09 14:30:00,2022-02-09 17:00:00,284.3171664299776,286.3783501949364,-1,-0.007249593089436068,-1736.061618982625,10,-2.3559197124604747,0.30383788635669484,-2.3860069513929227,0.12896784417129933,Sideways,9000.0,14,Wednesday,NY_overlap,2022,2,237734.15382143634,714667.1375187733,576932.9836973374
3812,3819,2022-02-09 17:00:00,2022-02-09 18:45:00,286.3783501949364,286.8924967624294,1,0.0017953402104000649,426.8136857410583,7,-0.7186656355231635,0.2536384315195983,0.707834455387468,0.3529296782570637,Sideways,6300.0,17,Wednesday,NY,2022,2,238160.9675071774,715093.9512045144,576932.9836973374
3819,3820,2022-02-09 18:45:00,2022-02-09 19:00:00,286.8924967624294,285.8173103082214,-1,0.003747698062310567,892.5553964446574,1,-0.0,0.3747698062310567,1.0,0.3747698062310567,Sideways,900.0,18,Wednesday,NY,2022,2,239053.52290362207,715986.506600959,576932.9836973374
3820,3822,2022-02-09 19:00:00,2022-02-09 19:30:00,285.8173103082214,287.0921832139269,1,0.004460446794949835,1066.2855200569265,2,-0.049482787110155524,0.4460446794949835,1.0,9.0141381588314,Sideways,1800.0,19,Wednesday,NY,2022,2,240119.808423679,717052.792121016,576932.9836973374
3822,3823,2022-02-09 19:30:00,2022-02-09 19:45:00,287.0921832139269,285.0545422420276,-1,0.0070975146348061235,1704.253854393902,1,-0.0,0.7097514634806124,1.0,0.7097514634806124,Sideways,900.0,19,Wednesday,NY,2022,2,241824.0622780729,718757.0459754099,576932.9836973374
3823,3827,2022-02-09 19:45:00,2022-02-09 20:45:00,285.0545422420276,289.4298193289492,1,0.015348912009992555,3711.736253805095,4,-0.49515317884372134,1.5348912009992555,1.0,3.099831055479688,Bearish,3600.0,19,Wednesday,NY,2022,2,245535.798531878,722468.782229215,576932.9836973374
3827,3841,2022-02-09 20:45:00,2022-02-10 00:15:00,289.4298193289492,298.8957376986061,-1,-0.0327054012319945,-8030.346807803226,14,-3.909735557334848,-0.0,0.0,-0.0,Sideways,12600.0,20,Wednesday,NY,2022,2,237505.45172407478,722468.782229215,584963.3305051407
3841,3843,2022-02-10 00:15:00,2022-02-10 00:45:00,298.8957376986061,302.4973228885012,1,0.012049637166545057,2861.8545183514802,2,0.0,1.2049637166545057,1.0,1.2049637166545057,Sideways,1800.0,0,Thursday,Asia,2022,2,240367.30624242628,725330.6367475665,584963.3305051407
3843,3858,2022-02-10 00:45:00,2022-02-10 04:30:00,302.4973228885012,311.8208123125964,-1,-0.030821725412531364,-7408.5351111538885,15,-4.770027202835303,-0.0,0.0,-0.0,Bullish,13500.0,0,Thursday,Asia,2022,2,232958.7711312724,725330.6367475665,592371.8656162946
3858,3860,2022-02-10 04:30:00,2022-02-10 05:00:00,311.8208123125964,317.1299534262111,1,0.017026256439523157,3966.415777117222,2,0.0,1.7026256439523157,1.0,1.7026256439523157,Bullish,1800.0,4,Thursday,Asia,2022,2,236925.18690838962,729297.0525246838,592371.8656162946
3860,3864,2022-02-10 05:00:00,2022-02-10 06:00:00,317.1299534262111,315.4708518331298,-1,0.005231614280381547,1239.5011912119965,4,-1.6162101008156737,0.5231614280381547,1.0,0.32369642274486715,Bullish,3600.0,5,Thursday,Asia,2022,2,238164.68809960163,730536.5537158957,592371.8656162946
3864,3866,2022-02-10 06:00:00,2022-02-10 06:30:00,315.4708518331298,317.6296218757113,1,0.0068430095206493124,1629.7632281480455,2,0.0,0.6843009520649312,1.0,0.6843009520649312,Bullish,1800.0,6,Thursday,Asia,2022,2,239794.45132774967,732166.3169440437,592371.8656162946
3866,3867,2022-02-10 06:30:00,2022-02-10 06:45:00,317.6296218757113,315.5932872875317,-1,0.0064110348907456816,1537.330594069418,1,-0.0,0.6411034890745682,1.0,0.6411034890745682,Bullish,900.0,6,Thursday,Asia,2022,2,241331.78192181909,733703.6475381132,592371.8656162946
3867,3869,2022-02-10 06:45:00,2022-02-10 07:15:00,315.5932872875317,317.9489682332378,1,0.007464293572124747,1801.371268548443,2,-0.26630675434548,0.7464293572124747,1.0,2.802893073617394,Bullish,1800.0,6,Thursday,Asia,2022,2,243133.15319036753,735505.0188066616,592371.8656162946
3869,3877,2022-02-10 07:15:00,2022-02-10 09:15:00,317.9489682332378,321.9367535530938,-1,-0.01254221814907952,-3049.4290465871545,8,-3.53463028195673,-0.0,0.0,-0.0,Bullish,7200.0,7,Thursday,Asia,2022,2,240083.7241437804,735505.0188066616,595421.2946628818
3877,3879,2022-02-10 09:15:00,2022-02-10 09:45:00,321.9367535530938,332.2974701178595,1,0.03218245959934185,7726.484752716735,2,0.0,3.218245959934185,1.0,3.218245959934185,Bullish,1800.0,9,Thursday,London,2022,2,247810.20889649712,743231.5035593783,595421.2946628818
3879,3884,2022-02-10 09:45:00,2022-02-10 11:00:00,332.2974701178595,332.0402001666796,-1,0.0007742157985394238,191.85857876702266,5,-0.6705222637362507,0.07742157985394238,1.0,0.11546459236496893,Bullish,4500.0,9,Thursday,London,2022,2,248002.06747526414,743423.3621381454,595421.2946628818
3884,3886,2022-02-10 11:00:00,2022-02-10 11:30:00,332.0402001666796,337.9040323001739,1,0.01766000662133904,4379.71815371893,2,0.0,1.7660006621339042,1.0,1.7660006621339042,Bullish,1800.0,11,Thursday,London,2022,2,252381.78562898305,747803.0802918643,595421.2946628818
3886,3891,2022-02-10 11:30:00,2022-02-10 12:45:00,337.9040323001739,337.8436296448793,-1,0.00017875683484291915,45.11496917104109,5,-0.6177996884982884,0.20351270769838337,0.08783571152119221,0.3294153614629853,Bullish,4500.0,11,Thursday,London,2022,2,252426.90059815408,747848.1952610353,595421.2946628818
3891,3896,2022-02-10 12:45:00,2022-02-10 14:00:00,337.8436296448793,339.7732379172169,1,0.005711542568867856,1441.7469882937298,5,-1.1439090196762813,0.5711542568867856,1.0,0.49930042255320134,Bullish,4500.0,12,Thursday,London,2022,2,253868.64758644783,749289.9422493291,595421.2946628818
3896,3909,2022-02-10 14:00:00,2022-02-10 17:15:00,339.7732379172169,353.1216521603624,-1,-0.039286243745888294,-9973.545568520192,13,-4.883838931090745,-0.0,0.0,-0.0,Bullish,11700.0,14,Thursday,NY_overlap,2022,2,243895.10201792762,749289.9422493291,605394.840231402
3909,3910,2022-02-10 17:15:00,2022-02-10 17:30:00,353.1216521603624,354.4034463776169,1,0.0036298941438810406,885.3134025361431,1,0.0,0.36298941438810406,1.0,0.36298941438810406,Bullish,900.0,17,Thursday,NY,2022,2,244780.41542046377,750175.2556518652,605394.840231402
3910,3911,2022-02-10 17:30:00,2022-02-10 17:45:00,354.4034463776169,349.0044804993564,-1,0.015233954222070079,3728.9736429746367,1,-0.0,1.5233954222070079,1.0,1.5233954222070079,Bullish,900.0,17,Thursday,NY,2022,2,248509.3890634384,753904.2292948398,605394.840231402
3911,3924,2022-02-10 17:45:00,2022-02-10 21:00:00,349.0044804993564,339.7167296794854,1,-0.026612124883273913,-6613.362896422318,13,-3.4117206857181226,0.5433059156630948,-4.8981842671074745,0.15924689202648956,Bullish,11700.0,17,Thursday,NY,2022,2,241896.02616701607,753904.2292948398,612008.2031278242
3924,3925,2022-02-10 21:00:00,2022-02-10 21:15:00,339.7167296794854,336.4805768919539,-1,0.009526033029296999,2304.309534922683,1,-0.0,0.9526033029296999,1.0,0.9526033029296999,Bullish,900.0,21,Thursday,Late,2022,2,244200.33570193875,756208.5388297625,612008.2031278242
3925,3937,2022-02-10 21:15:00,2022-02-11 00:15:00,336.4805768919539,319.9753805007279,1,-0.04905244915972051,-11978.624551806015,12,-5.8767762308736256,0.0,0.0,0.0,Sideways,10800.0,21,Thursday,Late,2022,2,232221.71115013273,756208.5388297625,623986.8276796303
3937,3938,2022-02-11 00:15:00,2022-02-11 00:30:00,319.9753805007279,316.2358294358075,-1,0.011686996227861068,2713.97426223904,1,-0.0,1.1686996227861068,1.0,1.1686996227861068,Bearish,900.0,0,Friday,Asia,2022,2,234935.68541237176,758922.5130920016,623986.8276796303
3938,3944,2022-02-11 00:30:00,2022-02-11 02:00:00,316.2358294358075,311.0554826237681,1,-0.01638127729321992,-3848.546608812738,6,-2.332989750778447,0.0,0.0,0.0,Bearish,5400.0,0,Friday,Asia,2022,2,231087.13880355904,758922.5130920016,627835.374288443
3944,3948,2022-02-11 02:00:00,2022-02-11 03:00:00,311.0554826237681,311.2430897317046,-1,-0.0006031306902356537,-139.37574553117267,4,-1.0694611559926903,-0.0,0.0,-0.0,Bearish,3600.0,2,Friday,Asia,2022,2,230947.76305802786,758922.5130920016,627974.7500339742
3948,3949,2022-02-11 03:00:00,2022-02-11 03:15:00,311.2430897317046,312.9120001958606,1,0.005362080377735223,1238.360468575293,1,0.0,0.5362080377735223,1.0,0.5362080377735223,Bearish,900.0,3,Friday,Asia,2022,2,232186.12352660316,760160.8735605768,627974.7500339742
3949,3950,2022-02-11 03:15:00,2022-02-11 03:30:00,312.9120001958606,312.2386762439979,-1,0.002151799711872071,499.61803370523705,1,-0.0,0.2151799711872071,1.0,0.2151799711872071,Bearish,900.0,3,Friday,Asia,2022,2,232685.7415603084,760660.4915942821,627974.7500339742
3950,3951,2022-02-11 03:30:00,2022-02-11 03:45:00,312.2386762439979,315.1668894085315,1,0.009378124451967063,2182.1558425508138,1,0.0,0.9378124451967063,1.0,0.9378124451967063,Bearish,900.0,3,Friday,Asia,2022,2,234867.89740285923,762842.6474368329,627974.7500339742
3951,3956,2022-02-11 03:45:00,2022-02-11 05:00:00,315.1668894085315,318.0764338652535,-1,-0.009231758012976155,-2168.243593839704,5,-2.9703432067726743,-0.0,0.0,-0.0,Bearish,4500.0,3,Friday,Asia,2022,2,232699.65380901954,762842.6474368329,630142.9936278139
3956,3958,2022-02-11 05:00:00,2022-02-11 05:30:00,318.0764338652535,321.2868829600446,1,0.01009332585812106,2348.7134329663922,2,0.0,1.009332585812106,1.0,1.009332585812106,Bearish,1800.0,5,Friday,Asia,2022,2,235048.36724198592,765191.3608697993,630142.9936278139
3958,3973,2022-02-11 05:30:00,2022-02-11 09:15:00,321.2868829600446,328.8927550114241,-1,-0.023673148375389363,-5564.334873112533,15,-3.286868122902309,-0.0,0.0,-0.0,Bearish,13500.0,5,Friday,Asia,2022,2,229484.0323688734,765191.3608697993,635707.3285009264
3973,3975,2022-02-11 09:15:00,2022-02-11 09:45:00,328.8927550114241,332.8520952292612,1,0.012038392933585884,2762.6189536402358,2,0.0,1.2038392933585884,1.0,1.2038392933585884,Sideways,1800.0,9,Friday,London,2022,2,232246.65132251362,767953.9798234395,635707.3285009264
3975,3977,2022-02-11 09:45:00,2022-02-11 10:15:00,332.8520952292612,328.739726858526,-1,0.012354942118969259,2869.3939344140867,2,-0.0,1.2354942118969259,1.0,1.2354942118969259,Sideways,1800.0,9,Friday,London,2022,2,235116.0452569277,770823.3737578536,635707.3285009264
3977,3988,2022-02-11 10:15:00,2022-02-11 13:00:00,328.739726858526,323.1979151280667,1,-0.016857748783262294,-3963.5272258554096,11,-3.4429420136388833,0.5179452873781631,-3.254735431341821,0.1504368314442627,Sideways,9900.0,10,Friday,London,2022,2,231152.51803107228,770823.3737578536,639670.8557267818
3988,3991,2022-02-11 13:00:00,2022-02-11 13:45:00,323.1979151280667,319.9867137079588,-1,0.009935712050727408,2296.6648589573056,3,-0.0,0.9935712050727408,1.0,0.9935712050727408,Sideways,2700.0,13,Friday,NY_overlap,2022,2,233449.1828900296,773120.0386168109,639670.8557267818
3991,3998,2022-02-11 13:45:00,2022-02-11 15:30:00,319.9867137079588,315.8397795440621,1,-0.012959707344853966,-3025.433090150069,7,-2.7389665333948265,0.02640769991297809,-49.0754870267399,0.00964148323500942,Bullish,6300.0,13,Friday,NY_overlap,2022,2,230423.74979987953,773120.0386168109,642696.2888169319
3998,3999,2022-02-11 15:30:00,2022-02-11 15:45:00,315.8397795440621,317.2309570711168,-1,-0.0044046938262904956,-1014.9460681742337,1,-0.44046938262904956,-0.0,0.0,-0.0,Sideways,900.0,15,Friday,NY_overlap,2022,2,229408.8037317053,773120.0386168109,643711.2348851061
