entry_i,exit_i,entry_time,exit_time,entry_price,exit_price,direction,ret,pnl,hold_bars,mae_pct,mfe_pct,trade_efficiency_pct,edge_ratio,entry_regime,hold_sec,hour,weekday,session,year,month,equity,cum_profit,cum_loss
1,20,2022-01-01 00:15:00,2022-01-01 05:00:00,2433.564301398197,2537.926333662077,1,0.042884435888510986,4288.443588851099,19,-1.1034854313623499,7.972981427303072,0.5378720153750189,7.225271127920307,Sideways,17100.0,0,Saturday,Asia,2022,1,104288.44358885109,4288.443588851099,-0.0
20,33,2022-01-01 05:00:00,2022-01-01 08:15:00,2537.926333662077,2524.370970311174,1,-0.005341117735022438,-557.0168556102997,13,-3.997604342561467,0.0,0.0,0.0,Bullish,11700.0,5,Saturday,Asia,2022,1,103731.4267332408,4288.443588851099,557.0168556102997
33,40,2022-01-01 08:15:00,2022-01-01 10:00:00,2524.370970311174,2455.491494815714,-1,0.027285797652382926,2830.394720036193,7,-0.002972510992904631,2.7285797652382926,1.0,917.9376533009967,Bullish,6300.0,8,Saturday,London,2022,1,106561.82145327699,7118.838308887292,557.0168556102997
40,49,2022-01-01 10:00:00,2022-01-01 12:15:00,2455.491494815714,2437.969126956679,1,-0.007135992079805642,-760.4243139002475,9,-2.304978763499299,0.0,0.0,0.0,Sideways,8100.0,10,Saturday,London,2022,1,105801.39713937674,7118.838308887292,1317.4411695105473
49,50,2022-01-01 12:15:00,2022-01-01 12:30:00,2437.969126956679,2422.576035123853,-1,0.006313899410219648,668.0193789987254,1,-0.0,0.6313899410219648,1.0,0.6313899410219648,Sideways,900.0,12,Saturday,London,2022,1,106469.41651837547,7786.857687886018,1317.4411695105473
50,51,2022-01-01 12:30:00,2022-01-01 12:45:00,2422.576035123853,2440.059908207285,1,0.007217058548396826,768.3960126267639,1,0.0,0.7217058548396826,1.0,0.7217058548396826,Sideways,900.0,12,Saturday,London,2022,1,107237.81253100223,8555.253700512782,1317.4411695105473
51,65,2022-01-01 12:45:00,2022-01-01 16:15:00,2440.059908207285,2510.937243146054,-1,-0.02904737490270981,-3114.9769443345335,14,-4.842708470656154,-0.0,0.0,-0.0,Sideways,12600.0,12,Saturday,London,2022,1,104122.8355866677,8555.253700512782,4432.41811384508
65,81,2022-01-01 16:15:00,2022-01-01 20:15:00,2510.937243146054,2381.63852589221,1,-0.0514942050450613,-5361.7226455730715,16,-8.322680285326168,0.0,0.0,0.0,Bearish,14400.0,16,Saturday,NY,2022,1,98761.11294109463,8555.253700512782,9794.140759418151
81,83,2022-01-01 20:15:00,2022-01-01 20:45:00,2381.63852589221,2358.670999786278,-1,0.009643581868633011,952.4108780847571,2,-0.00034938332864609123,0.9643581868633011,1.0,2760.1723030126327,Sideways,1800.0,20,Saturday,NY,2022,1,99713.52381917939,9507.664578597538,9794.140759418151
83,87,2022-01-01 20:45:00,2022-01-01 21:45:00,2358.670999786278,2386.150916848878,1,0.011650593518591545,1161.721734323655,4,-2.538739204075846,1.1650593518591545,1.0,0.4589125775458533,Bearish,3600.0,20,Saturday,NY,2022,1,100875.24555350305,10669.386312921193,9794.140759418151
87,90,2022-01-01 21:45:00,2022-01-01 22:30:00,2386.150916848878,2333.746294796226,-1,0.021961989781374314,2215.421112039658,3,-0.09921454325985124,2.1961989781374314,1.0,22.13585736503772,Bearish,2700.0,21,Saturday,Late,2022,1,103090.6666655427,12884.80742496085,9794.140759418151
90,95,2022-01-01 22:30:00,2022-01-01 23:45:00,2333.746294796226,2353.438621197153,1,0.008438075057617622,869.8867830636883,5,-1.413913048685922,0.8438075057617622,1.0,0.596788824140204,Bearish,4500.0,22,Saturday,Late,2022,1,103960.55344860638,13754.694208024539,9794.140759418151
95,103,2022-01-01 23:45:00,2022-01-02 01:45:00,2353.438621197153,2346.427593504329,-1,0.002979056955077053,309.7044098047306,8,-2.649022073718199,0.2979056955077053,1.0,0.11245874410157757,Sideways,7200.0,23,Saturday,Late,2022,1,104270.25785841112,14064.398617829269,9794.140759418151
103,104,2022-01-02 01:45:00,2022-01-02 02:00:00,2346.427593504329,2383.6651466085,1,0.015869892259730012,1654.757758107251,1,0.0,1.5869892259730012,1.0,1.5869892259730012,Bearish,900.0,1,Sunday,Asia,2022,1,105925.01561651837,15719.15637593652,9794.140759418151
104,117,2022-01-02 02:00:00,2022-01-02 05:15:00,2383.6651466085,2423.934612977947,-1,-0.01689392758321895,-1789.4895430767976,13,-4.221683528772302,-0.0,0.0,-0.0,Bearish,11700.0,2,Sunday,Asia,2022,1,104135.52607344158,15719.15637593652,11583.630302494948
117,121,2022-01-02 05:15:00,2022-01-02 06:15:00,2423.934612977947,2451.061227042685,1,0.011191149265949552,1165.3962161760662,4,-0.27560367958855414,1.1191149265949552,1.0,4.060595011886888,Sideways,3600.0,5,Sunday,Asia,2022,1,105300.92228961764,16884.552592112585,11583.630302494948
121,126,2022-01-02 06:15:00,2022-01-02 07:30:00,2451.061227042685,2437.011240157939,-1,0.005732205597204887,603.6065361393831,5,-1.1750211652646447,0.5732205597204887,1.0,0.487838497437946,Sideways,4500.0,6,Sunday,Asia,2022,1,105904.52882575702,17488.15912825197,11583.630302494948
126,127,2022-01-02 07:30:00,2022-01-02 07:45:00,2437.011240157939,2467.902824506396,1,0.01267601225608428,1342.447105370127,1,0.0,1.267601225608428,1.0,1.267601225608428,Bullish,900.0,7,Sunday,Asia,2022,1,107246.97593112715,18830.606233622097,11583.630302494948
127,128,2022-01-02 07:45:00,2022-01-02 08:00:00,2467.902824506396,2445.631366985488,-1,0.009024446708254197,967.8446189118775,1,-0.0,0.9024446708254197,1.0,0.9024446708254197,Bullish,900.0,7,Sunday,Asia,2022,1,108214.82055003903,19798.450852533973,11583.630302494948
128,129,2022-01-02 08:00:00,2022-01-02 08:15:00,2445.631366985488,2456.639821032186,1,0.004501272839114279,487.10443253151647,1,0.0,0.45012728391142787,1.0,0.45012728391142787,Bullish,900.0,8,Sunday,London,2022,1,108701.92498257055,20285.55528506549,11583.630302494948
129,131,2022-01-02 08:15:00,2022-01-02 08:45:00,2456.639821032186,2424.511287490424,-1,0.013078243406582368,1421.6302336861147,2,-0.0,1.3078243406582368,1.0,1.3078243406582368,Bullish,1800.0,8,Sunday,London,2022,1,110123.55521625666,21707.185518751605,11583.630302494948
131,134,2022-01-02 08:45:00,2022-01-02 09:30:00,2424.511287490424,2455.194937991644,1,0.012655602248393905,1393.6799129959882,3,-0.7128164277518612,1.2655602248393905,1.0,1.7754363894654026,Sideways,2700.0,8,Sunday,London,2022,1,111517.23512925264,23100.865431747592,11583.630302494948
134,135,2022-01-02 09:30:00,2022-01-02 09:45:00,2455.194937991644,2425.879597180326,-1,0.011940127587301896,1331.5300156264218,1,-0.0,1.1940127587301896,1.0,1.1940127587301896,Bullish,900.0,9,Sunday,London,2022,1,112848.76514487907,24432.395447374012,11583.630302494948
135,138,2022-01-02 09:45:00,2022-01-02 10:30:00,2425.879597180326,2536.550307756355,1,0.04562085880299449,5148.2575807668145,3,0.0,4.562085880299449,1.0,4.562085880299449,Bullish,2700.0,9,Sunday,London,2022,1,117997.02272564589,29580.653028140827,11583.630302494948
138,147,2022-01-02 10:30:00,2022-01-02 12:45:00,2536.550307756355,2521.416076025054,-1,0.005966462279507367,704.0247851867399,9,-2.0767075031054683,0.5966462279507367,1.0,0.28730393040836205,Bullish,8100.0,10,Sunday,London,2022,1,118701.04751083262,30284.677813327566,11583.630302494948
147,148,2022-01-02 12:45:00,2022-01-02 13:00:00,2521.416076025054,2566.975143012282,1,0.018068841323107154,2144.7903923598387,1,0.0,1.8068841323107154,1.0,1.8068841323107154,Bullish,900.0,12,Sunday,London,2022,1,120845.83790319246,32429.468205687404,11583.630302494948
148,151,2022-01-02 13:00:00,2022-01-02 13:45:00,2566.975143012282,2533.284103746958,-1,0.013124801522537699,1586.0776373041647,3,-0.48221296991397544,1.31248015225377,1.0,2.721785257016024,Bullish,2700.0,13,Sunday,NY_overlap,2022,1,122431.91554049663,34015.54584299157,11583.630302494948
151,154,2022-01-02 13:45:00,2022-01-02 14:30:00,2533.284103746958,2570.467075578635,1,0.014677774110168018,1797.028000178579,3,-0.6532298967583894,1.4677774110168018,1.0,2.2469538187099998,Bullish,2700.0,13,Sunday,NY_overlap,2022,1,124228.9435406752,35812.57384317015,11583.630302494948
154,158,2022-01-02 14:30:00,2022-01-02 15:30:00,2570.467075578635,2537.251904358738,-1,0.012921842701455355,1605.2668674005834,4,-1.8983707188553467,1.2921842701455355,1.0,0.6806806791271406,Bullish,3600.0,14,Sunday,NY_overlap,2022,1,125834.21040807579,37417.84071057073,11583.630302494948
158,168,2022-01-02 15:30:00,2022-01-02 18:00:00,2537.251904358738,2518.313231929648,1,-0.007464246020095877,-939.257504230387,10,-3.401085126490533,0.674203659543271,-1.1071203655513258,0.19823192730226058,Bullish,9000.0,15,Sunday,NY_overlap,2022,1,124894.9529038454,37417.84071057073,12522.887806725335
168,171,2022-01-02 18:00:00,2022-01-02 18:45:00,2518.313231929648,2467.354995212313,-1,0.020235066897650422,2527.2577271882105,3,-0.1138594525887493,2.023506689765042,1.0,17.77196924592442,Sideways,2700.0,18,Sunday,NY,2022,1,127422.21063103361,39945.09843775894,12522.887806725335
171,181,2022-01-02 18:45:00,2022-01-02 21:15:00,2467.354995212313,2459.700583534969,1,-0.0031022741730301062,-395.2986331110578,10,-3.1350351517319464,0.3598973258079896,-0.8619886702590321,0.11479849774863442,Sideways,9000.0,18,Sunday,NY,2022,1,127026.91199792255,39945.09843775894,12918.186439836394
181,195,2022-01-02 21:15:00,2022-01-03 00:45:00,2459.700583534969,2475.479815209854,-1,-0.006415102626925462,-814.8906768481024,14,-5.8564589946812795,0.2802954408459679,-2.2886931758732327,0.047860907265043044,Sideways,12600.0,21,Sunday,Late,2022,1,126212.02132107446,39945.09843775894,13733.077116684497
195,201,2022-01-03 00:45:00,2022-01-03 02:15:00,2475.479815209854,2526.828005846116,1,0.020742722409113457,2617.9809229561565,6,-2.895963988399197,2.0742722409113457,1.0,0.7162631335267196,Bearish,5400.0,0,Monday,Asia,2022,1,128830.0022440306,42563.0793607151,13733.077116684497
201,240,2022-01-03 02:15:00,2022-01-03 12:00:00,2526.828005846116,3080.305126639085,-1,-0.21904028272301646,-28218.960114739308,39,-25.797801317649416,0.2877358398124308,-76.12547775272083,0.011153502434937275,Sideways,35100.0,2,Monday,Asia,2022,1,100611.04212929131,42563.0793607151,41952.037231423805
240,244,2022-01-03 12:00:00,2022-01-03 13:00:00,3080.305126639085,3117.62009148186,1,0.012114048222063412,1218.8070160262882,4,0.0,1.2114048222063412,1.0,1.2114048222063412,Bullish,3600.0,12,Monday,London,2022,1,101829.8491453176,43781.886376741386,41952.037231423805
244,245,2022-01-03 13:00:00,2022-01-03 13:15:00,3117.62009148186,3094.712426653156,-1,0.007347805106624028,748.2258855567189,1,-0.0,0.7347805106624028,1.0,0.7347805106624028,Bullish,900.0,13,Monday,NY_overlap,2022,1,102578.07503087432,44530.112262298106,41952.037231423805
245,246,2022-01-03 13:15:00,2022-01-03 13:30:00,3094.712426653156,3151.056645511861,1,0.01820660891572401,1867.5988954149225,1,0.0,1.820660891572401,1.0,1.820660891572401,Bullish,900.0,13,Monday,NY_overlap,2022,1,104445.67392628924,46397.71115771303,41952.037231423805
246,250,2022-01-03 13:30:00,2022-01-03 14:30:00,3151.056645511861,3076.374780612336,-1,0.023700578345964174,2475.4228777870453,4,-0.0,2.3700578345964174,1.0,2.3700578345964174,Bullish,3600.0,13,Monday,NY_overlap,2022,1,106921.09680407628,48873.13403550007,41952.037231423805
250,255,2022-01-03 14:30:00,2022-01-03 15:45:00,3076.374780612336,3120.855341539346,1,0.014458758798613136,1545.9463491733045,5,-1.7893474010034716,1.4458758798613136,1.0,0.8080464861381652,Bullish,4500.0,14,Monday,NY_overlap,2022,1,108467.04315324959,50419.080384673376,41952.037231423805
255,263,2022-01-03 15:45:00,2022-01-03 17:45:00,3120.855341539346,3107.795957847188,-1,0.004184552714870948,453.8860599009548,8,-1.891109803854163,0.4234346377984144,0.9882405314378412,0.2239080126047871,Bullish,7200.0,15,Monday,NY_overlap,2022,1,108920.92921315054,50872.96644457433,41952.037231423805
263,265,2022-01-03 17:45:00,2022-01-03 18:15:00,3107.795957847188,3166.492755890588,1,0.01888695359654813,2057.1845357416773,2,0.0,1.8886953596548128,1.0,1.8886953596548128,Bullish,1800.0,17,Monday,NY,2022,1,110978.11374889221,52930.15098031601,41952.037231423805
265,267,2022-01-03 18:15:00,2022-01-03 18:45:00,3166.492755890588,3112.533785162005,-1,0.017040610823506053,1891.1348463216582,2,-0.0,1.7040610823506053,1.0,1.7040610823506053,Bullish,1800.0,18,Monday,NY,2022,1,112869.24859521387,54821.285826637664,41952.037231423805
267,270,2022-01-03 18:45:00,2022-01-03 19:30:00,3112.533785162005,3158.844676437981,1,0.014878839708262204,1679.363457840186,3,-1.2822359300588948,1.4878839708262204,1.0,1.1603823726557716,Bullish,2700.0,18,Monday,NY,2022,1,114548.61205305405,56500.64928447785,41952.037231423805
270,276,2022-01-03 19:30:00,2022-01-03 21:00:00,3158.844676437981,3132.753454691446,-1,0.008259735573942883,946.141245920393,6,-1.016937090210468,0.8259735573942883,1.0,0.8122169653811552,Bullish,5400.0,19,Monday,NY,2022,1,115494.75329897445,57446.79053039824,41952.037231423805
276,277,2022-01-03 21:00:00,2022-01-03 21:15:00,3132.753454691446,3187.574802626206,1,0.017499413448148093,2021.0904390706194,1,0.0,1.7499413448148093,1.0,1.7499413448148093,Bullish,900.0,21,Monday,Late,2022,1,117515.84373804506,59467.88096946886,41952.037231423805
277,278,2022-01-03 21:15:00,2022-01-03 21:30:00,3187.574802626206,3091.532488186976,-1,0.03013021509647451,3540.777649070984,1,-0.0,3.013021509647451,1.0,3.013021509647451,Bullish,900.0,21,Monday,Late,2022,1,121056.62138711606,63008.65861853985,41952.037231423805
278,282,2022-01-03 21:30:00,2022-01-03 22:30:00,3091.532488186976,3155.878608021048,1,0.02081366444633659,2519.631896558646,4,-0.019538037346400472,2.081366444633659,1.0,106.52894186514148,Sideways,3600.0,21,Monday,Late,2022,1,123576.2532836747,65528.290515098495,41952.037231423805
282,283,2022-01-03 22:30:00,2022-01-03 22:45:00,3155.878608021048,3129.388933672045,-1,0.008393755793292046,1037.2688919131692,1,-0.0,0.8393755793292046,1.0,0.8393755793292046,Sideways,900.0,22,Monday,Late,2022,1,124613.52217558786,66565.55940701166,41952.037231423805
283,295,2022-01-03 22:45:00,2022-01-04 01:45:00,3129.388933672045,3111.44051367693,1,-0.005735439210508786,-714.7132812454726,12,-3.762272296597624,0.0,0.0,0.0,Sideways,10800.0,22,Monday,Late,2022,1,123898.8088943424,66565.55940701166,42666.75051266928
295,300,2022-01-04 01:45:00,2022-01-04 03:00:00,3111.44051367693,3083.144144387624,-1,0.009094298658426592,1126.7727715084704,5,-0.63926696361567,0.9094298658426592,1.0,1.42261358337518,Sideways,4500.0,1,Tuesday,Asia,2022,1,125025.58166585086,67692.33217852014,42666.75051266928
300,303,2022-01-04 03:00:00,2022-01-04 03:45:00,3083.144144387624,3095.534956278526,1,0.004018888287613098,502.4638458089029,3,0.0,0.4018888287613098,1.0,0.4018888287613098,Sideways,2700.0,3,Tuesday,Asia,2022,1,125528.04551165976,68194.79602432904,42666.75051266928
303,307,2022-01-04 03:45:00,2022-01-04 04:45:00,3095.534956278526,3112.737986900576,-1,-0.005557369199516771,-697.6056938020373,4,-3.0425919000063972,-0.0,0.0,-0.0,Sideways,3600.0,3,Tuesday,Asia,2022,1,124830.43981785772,68194.79602432904,43364.35620647131
307,309,2022-01-04 04:45:00,2022-01-04 05:15:00,3112.737986900576,3117.331336229149,1,0.001475662053119775,184.20754311346442,2,0.0,0.1475662053119775,1.0,0.1475662053119775,Sideways,1800.0,4,Tuesday,Asia,2022,1,125014.6473609712,68379.0035674425,43364.35620647131
309,315,2022-01-04 05:15:00,2022-01-04 06:45:00,3117.331336229149,3095.007681751697,-1,0.007161142679319998,895.2477267567898,6,-1.0472851576640574,0.7161142679319998,1.0,0.683781549553585,Sideways,5400.0,5,Tuesday,Asia,2022,1,125909.89508772799,69274.25129419929,43364.35620647131
315,316,2022-01-04 06:45:00,2022-01-04 07:00:00,3095.007681751697,3211.555922638869,1,0.037656850279999654,4741.370068089035,1,0.0,3.7656850279999654,1.0,3.7656850279999654,Sideways,900.0,6,Tuesday,Asia,2022,1,130651.26515581702,74015.62136228832,43364.35620647131
316,320,2022-01-04 07:00:00,2022-01-04 08:00:00,3211.555922638869,3137.739228770269,-1,0.022984713841740056,3002.9819426677573,4,-0.0,2.460313265309999,0.934218994215925,2.460313265309999,Sideways,3600.0,7,Tuesday,Asia,2022,1,133654.24709848478,77018.60330495608,43364.35620647131
320,324,2022-01-04 08:00:00,2022-01-04 09:00:00,3137.739228770269,3146.193204770464,1,0.002694288907975295,360.1031554612367,4,-1.608917825332401,0.2694288907975295,1.0,0.16745969654594742,Sideways,3600.0,8,Tuesday,London,2022,1,134014.350253946,77378.70646041732,43364.35620647131
324,326,2022-01-04 09:00:00,2022-01-04 09:30:00,3146.193204770464,3102.08041807216,-1,0.014021003742369476,1879.0157064417901,2,-0.7171970176607978,1.4021003742369476,1.0,1.954972399090592,Sideways,1800.0,9,Tuesday,London,2022,1,135893.3659603878,79257.72216685911,43364.35620647131
326,327,2022-01-04 09:30:00,2022-01-04 09:45:00,3102.08041807216,3172.830941346065,1,0.02280744330860207,3099.3802401566586,1,0.0,2.280744330860207,1.0,2.280744330860207,Sideways,900.0,9,Tuesday,London,2022,1,138992.74620054447,82357.10240701577,43364.35620647131
327,328,2022-01-04 09:45:00,2022-01-04 10:00:00,3172.830941346065,3127.99776434617,-1,0.01413033906586747,1964.0146315097554,1,-0.0,1.413033906586747,1.0,1.413033906586747,Sideways,900.0,9,Tuesday,London,2022,1,140956.7608320542,84321.11703852552,43364.35620647131
328,329,2022-01-04 10:00:00,2022-01-04 10:15:00,3127.99776434617,3187.381857254358,1,0.01898469800236602,2676.021535788284,1,0.0,1.8984698002366018,1.0,1.8984698002366018,Sideways,900.0,10,Tuesday,London,2022,1,143632.7823678425,86997.13857431381,43364.35620647131
329,337,2022-01-04 10:15:00,2022-01-04 12:15:00,3187.381857254358,3123.218352263816,-1,0.020130473179580943,2891.3958731644398,8,-2.0103520238361705,2.0130473179580943,1.0,1.001340707542742,Sideways,7200.0,10,Tuesday,London,2022,1,146524.1782410069,89888.53444747825,43364.35620647131
337,357,2022-01-04 12:15:00,2022-01-04 17:15:00,3123.218352263816,2988.590220929981,1,-0.0431055776923992,-6316.009348982672,20,-7.105389728629641,1.3963309272366553,-3.087060298643196,0.1965171483290269,Sideways,18000.0,12,Tuesday,London,2022,1,140208.16889202426,89888.53444747825,49680.36555545399
357,360,2022-01-04 17:15:00,2022-01-04 18:00:00,2988.590220929981,2968.08414215467,-1,0.006861455488845758,962.0321100251928,3,-0.43698094706623447,0.6861455488845758,1.0,1.570195573722748,Bearish,2700.0,17,Tuesday,NY,2022,1,141170.20100204943,90850.56655750344,49680.36555545399
360,366,2022-01-04 18:00:00,2022-01-04 19:30:00,2968.08414215467,2959.82932667883,1,-0.0027811932143700924,-392.6216050981619,6,-2.596586770633913,0.0,0.0,0.0,Bearish,5400.0,18,Tuesday,NY,2022,1,140777.5793969513,90850.56655750344,50072.98716055215
366,367,2022-01-04 19:30:00,2022-01-04 19:45:00,2959.82932667883,2905.176608909544,-1,0.018464820682958405,2599.432759745645,1,-0.0,1.8464820682958405,1.0,1.8464820682958405,Bearish,900.0,19,Tuesday,NY,2022,1,143377.01215669693,93449.99931724908,50072.98716055215
367,371,2022-01-04 19:45:00,2022-01-04 20:45:00,2905.176608909544,2940.714570995856,1,0.012232633973894957,1753.8785099835611,4,-2.026819897342691,1.2232633973894957,1.0,0.6035382813210406,Bearish,3600.0,19,Tuesday,NY,2022,1,145130.8906666805,95203.87782723265,50072.98716055215
371,372,2022-01-04 20:45:00,2022-01-04 21:00:00,2940.714570995856,2863.7898962639,-1,0.02615849749263688,3796.4060396085188,1,-0.0,2.615849749263688,1.0,2.615849749263688,Bearish,900.0,20,Tuesday,NY,2022,1,148927.296706289,99000.28386684117,50072.98716055215
372,381,2022-01-04 21:00:00,2022-01-04 23:15:00,2863.7898962639,2846.448314543949,1,-0.006055465780703706,-901.8241490176409,9,-4.001556518068394,0.0,0.0,0.0,Bearish,8100.0,21,Tuesday,Late,2022,1,148025.47255727137,99000.28386684117,50974.81130956979
381,383,2022-01-04 23:15:00,2022-01-04 23:45:00,2846.448314543949,2824.970147182667,-1,0.007545602444821942,1116.9413676240702,2,-0.0,0.7545602444821942,1.0,0.7545602444821942,Bearish,1800.0,23,Tuesday,Late,2022,1,149142.41392489543,100117.22523446524,50974.81130956979
383,384,2022-01-04 23:45:00,2022-01-05 00:00:00,2824.970147182667,2846.702840012304,1,0.007693069907769079,1147.3630165376533,1,0.0,0.7693069907769079,1.0,0.7693069907769079,Bearish,900.0,23,Tuesday,Late,2022,1,150289.77694143308,101264.58825100289,50974.81130956979
384,385,2022-01-05 00:00:00,2022-01-05 00:15:00,2846.702840012304,2791.61933244594,-1,0.019349932417296434,2908.0970268272868,1,-0.0,1.9349932417296434,1.0,1.9349932417296434,Bearish,900.0,0,Wednesday,Asia,2022,1,153197.87396826036,104172.68527783017,50974.81130956979
385,386,2022-01-05 00:15:00,2022-01-05 00:30:00,2791.61933244594,2846.983620470055,1,0.019832320037562745,3038.2692656127424,1,0.0,1.9832320037562745,1.0,1.9832320037562745,Bearish,900.0,0,Wednesday,Asia,2022,1,156236.14323387312,107210.95454344292,50974.81130956979
386,390,2022-01-05 00:30:00,2022-01-05 01:30:00,2846.983620470055,2831.293171677025,-1,0.005511253623032619,861.0570104463264,4,-1.8425732718909682,0.5511253623032619,1.0,0.2991063480138629,Bearish,3600.0,0,Wednesday,Asia,2022,1,157097.20024431945,108072.01155388924,50974.81130956979
390,402,2022-01-05 01:30:00,2022-01-05 04:30:00,2831.293171677025,2769.568146667826,1,-0.02180100090893733,-3424.876205317918,12,-5.44464729606513,0.0,0.0,0.0,Bearish,10800.0,1,Wednesday,Asia,2022,1,153672.32403900154,108072.01155388924,54399.68751488771
402,406,2022-01-05 04:30:00,2022-01-05 05:30:00,2769.568146667826,2704.37727951021,-1,0.02353827878763326,3617.182005173535,4,-0.0,2.353827878763326,1.0,2.353827878763326,Bearish,3600.0,4,Wednesday,Asia,2022,1,157289.50604417507,111689.19355906278,54399.68751488771
406,408,2022-01-05 05:30:00,2022-01-05 06:00:00,2704.37727951021,2748.522168034164,1,0.016323494823898832,2567.5144377656957,2,0.0,1.7745213560152573,0.9198815651649156,1.7745213560152573,Bearish,1800.0,5,Wednesday,Asia,2022,1,159857.02048194077,114256.70799682848,54399.68751488771
408,411,2022-01-05 06:00:00,2022-01-05 06:45:00,2748.522168034164,2744.842335550901,-1,0.0013388403870487897,214.02303517450787,3,-0.9351620266800476,0.13388403870487897,1.0,0.1431666758114479,Bearish,2700.0,6,Wednesday,Asia,2022,1,160071.04351711526,114470.731032003,54399.68751488771
411,413,2022-01-05 06:45:00,2022-01-05 07:15:00,2744.842335550901,2758.5178793828,1,0.004982269347413748,797.5170535238556,2,-1.0231176114870788,0.4982269347413748,1.0,0.4869693661290934,Bearish,1800.0,6,Wednesday,Asia,2022,1,160868.56057063912,115268.24808552685,54399.68751488771
413,421,2022-01-05 07:15:00,2022-01-05 09:15:00,2758.5178793828,2792.134246834873,-1,-0.01218638737248079,-1960.4065951671976,8,-5.052322117400121,-0.0,0.0,-0.0,Bearish,7200.0,7,Wednesday,Asia,2022,1,158908.1539754719,115268.24808552685,56360.0941100549
421,422,2022-01-05 09:15:00,2022-01-05 09:30:00,2792.134246834873,2817.5989657266,1,0.009120162800407394,1449.2682345685093,1,0.0,0.9120162800407394,1.0,0.9120162800407394,Bearish,900.0,9,Wednesday,London,2022,1,160357.42221004044,116717.51632009535,56360.0941100549
422,424,2022-01-05 09:30:00,2022-01-05 10:00:00,2817.5989657266,2777.517714854916,-1,0.014225321402809299,2281.135870263815,2,-0.23185709677424615,1.42253214028093,1.0,6.135383216956332,Sideways,1800.0,9,Wednesday,London,2022,1,162638.55808030424,118998.65219035916,56360.0941100549
424,432,2022-01-05 10:00:00,2022-01-05 12:00:00,2777.517714854916,2792.113923580241,1,0.005255127140057603,854.6863005876415,8,-3.941445763952367,0.5255127140057603,1.0,0.13332993664710266,Sideways,7200.0,10,Wednesday,London,2022,1,163493.2443808919,119853.3384909468,56360.0941100549
432,436,2022-01-05 12:00:00,2022-01-05 13:00:00,2792.113923580241,2728.929570158653,-1,0.02262957570891977,3699.7827516143143,4,-0.5299762965369048,2.262957570891977,1.0,4.26992223176607,Sideways,3600.0,12,Wednesday,London,2022,1,167193.0271325062,123553.12124256112,56360.0941100549
436,452,2022-01-05 13:00:00,2022-01-05 17:00:00,2728.929570158653,2709.705035625379,1,-0.007044716266589535,-1177.8274379007119,16,-4.865850169668762,0.429843328212387,-1.6389032478151473,0.08833879244614065,Bearish,14400.0,13,Wednesday,NY_overlap,2022,1,166015.1996946055,123553.12124256112,57537.921547955615
452,490,2022-01-05 17:00:00,2022-01-06 02:30:00,2709.705035625379,2921.979730208458,-1,-0.07833867221422053,-13005.410311454063,38,-11.223382735390208,1.6921008519850123,-4.629669214002288,0.15076567304876665,Sideways,34200.0,17,Wednesday,NY,2022,1,153009.78938315145,123553.12124256112,70543.33185940968
490,503,2022-01-06 02:30:00,2022-01-06 05:45:00,2921.979730208458,2819.39829473662,1,-0.03510682651604835,-5371.688131131394,13,-6.427068719908757,0.4180408822964665,-8.397940967685372,0.06504378597999515,Bullish,11700.0,2,Thursday,Asia,2022,1,147638.10125202005,123553.12124256112,75915.01999054107
503,504,2022-01-06 05:45:00,2022-01-06 06:00:00,2819.39829473662,2785.771617073422,-1,0.011926898631517857,1760.8646677826123,1,-0.0,1.1926898631517857,1.0,1.1926898631517857,Bullish,900.0,5,Thursday,Asia,2022,1,149398.96591980266,125313.98591034373,75915.01999054107
504,509,2022-01-06 06:00:00,2022-01-06 07:15:00,2785.771617073422,2807.139381830465,1,0.007670321797409452,1145.938144805094,5,-1.083476130695693,0.7670321797409452,1.0,0.7079363891924769,Bullish,4500.0,6,Thursday,Asia,2022,1,150544.90406460775,126459.92405514883,75915.01999054107
509,516,2022-01-06 07:15:00,2022-01-06 09:00:00,2807.139381830465,2775.253891583244,-1,0.011358712878171917,1709.9963405418155,7,-1.4513921926664342,1.1358712878171917,1.0,0.7826081010746094,Bullish,6300.0,7,Thursday,Asia,2022,1,152254.90040514956,128169.92039569064,75915.01999054107
516,526,2022-01-06 09:00:00,2022-01-06 11:30:00,2775.253891583244,2772.942557436925,1,-0.0008328370075719738,-126.80351564159363,10,-1.8291549263327656,0.4121019298804818,-0.20209490594074966,0.2252963507616582,Sideways,9000.0,9,Thursday,London,2022,1,152128.09688950796,128169.92039569064,76041.82350618267
526,535,2022-01-06 11:30:00,2022-01-06 13:45:00,2772.942557436925,2783.491342654728,-1,-0.0038041845437841726,-578.7233548623672,9,-3.777356745819116,-0.0,0.0,-0.0,Bearish,8100.0,11,Thursday,London,2022,1,151549.3735346456,128169.92039569064,76620.54686104503
535,537,2022-01-06 13:45:00,2022-01-06 14:15:00,2783.491342654728,2844.609760900705,1,0.02195746662092568,3327.6403108091777,2,0.0,2.195746662092568,1.0,2.195746662092568,Bearish,1800.0,13,Thursday,NY_overlap,2022,1,154877.01384545479,131497.56070649982,76620.54686104503
537,539,2022-01-06 14:15:00,2022-01-06 14:45:00,2844.609760900705,2791.890985401133,-1,0.018532867398612707,2870.3151606909173,2,-0.3557048524295059,1.8532867398612707,1.0,5.210181214012417,Bearish,1800.0,14,Thursday,NY_overlap,2022,1,157747.3290061457,134367.87586719074,76620.54686104503
539,551,2022-01-06 14:45:00,2022-01-06 17:45:00,2791.890985401133,2774.801731965915,1,-0.006121031775444652,-965.5764133381396,12,-3.571520145695062,0.0,0.0,0.0,Bearish,10800.0,14,Thursday,NY_overlap,2022,1,156781.75259280755,134367.87586719074,77586.12327438318
551,563,2022-01-06 17:45:00,2022-01-06 20:45:00,2774.801731965915,2766.998593493664,-1,0.0028121427136067467,440.8926631803594,12,-4.110960831972044,0.2812142713606747,1.0,0.0684059719503032,Sideways,10800.0,17,Thursday,NY,2022,1,157222.6452559879,134808.7685303711,77586.12327438318
563,568,2022-01-06 20:45:00,2022-01-06 22:00:00,2766.998593493664,2866.420254713542,1,0.035931229402739406,5649.20293399842,5,0.0,3.5931229402739406,1.0,3.5931229402739406,Sideways,4500.0,20,Thursday,NY,2022,1,162871.84818998634,140457.97146436953,77586.12327438318
568,574,2022-01-06 22:00:00,2022-01-06 23:30:00,2866.420254713542,2829.759138583513,-1,0.012789860827191468,2083.108271017382,6,-2.7530610642184206,1.2789860827191468,1.0,0.46456873018261374,Bullish,5400.0,22,Thursday,Late,2022,1,164954.95646100372,142541.0797353869,77586.12327438318
574,579,2022-01-06 23:30:00,2022-01-07 00:45:00,2829.759138583513,2863.668473399724,1,0.011983116991782117,1976.674541646533,5,-0.5535481769279427,1.1983116991782117,1.0,2.164783029055482,Bullish,4500.0,23,Thursday,Late,2022,1,166931.63100265025,144517.75427703344,77586.12327438318
579,613,2022-01-07 00:45:00,2022-01-07 09:15:00,2863.668473399724,3168.146472386081,-1,-0.10632445823062864,-17748.915227912,34,-14.448386584594397,-0.0,0.0,-0.0,Sideways,30600.0,0,Friday,Asia,2022,1,149182.71577473823,144517.75427703344,95335.03850229518
613,615,2022-01-07 09:15:00,2022-01-07 09:45:00,3168.146472386081,3236.930878774614,1,0.02171124567252991,3238.942592280546,2,-1.186318116979912,2.171124567252991,1.0,1.8301369052511527,Bullish,1800.0,9,Friday,London,2022,1,152421.6583670188,147756.69686931398,95335.03850229518
615,627,2022-01-07 09:45:00,2022-01-07 12:45:00,3236.930878774614,3220.500010076895,-1,0.005076064121560586,773.7021113855891,12,-3.725987137110698,0.601613999343642,0.8437410244938695,0.16146432534658756,Bullish,10800.0,9,Friday,London,2022,1,153195.3604784044,148530.39898069957,95335.03850229518
627,662,2022-01-07 12:45:00,2022-01-07 21:30:00,3220.500010076895,2849.899809885922,1,-0.11507536066802371,-17629.01135972029,35,-15.134958452863344,0.0,0.0,0.0,Bullish,31500.0,12,Friday,London,2022,1,135566.34911868407,148530.39898069957,112964.04986201547
662,668,2022-01-07 21:30:00,2022-01-07 23:00:00,2849.899809885922,2859.567054315598,-1,-0.003392134837913119,-459.85933569418074,6,-4.993672922660597,-0.0,0.0,-0.0,Bearish,5400.0,21,Friday,Late,2022,1,135106.4897829899,148530.39898069957,113423.90919770965
668,670,2022-01-07 23:00:00,2022-01-07 23:30:00,2859.567054315598,2885.725530918948,1,0.009147705266737027,1235.9143481582094,2,0.0,0.9147705266737027,1.0,0.9147705266737027,Bearish,1800.0,23,Friday,Late,2022,1,136342.40413114813,149766.31332885777,113423.90919770965
670,681,2022-01-07 23:30:00,2022-01-08 02:15:00,2885.725530918948,2913.338000630038,-1,-0.009568640335069212,-1304.611427549611,11,-3.5311927972088597,-0.0,0.0,-0.0,Bearish,9900.0,23,Friday,Late,2022,1,135037.7927035985,149766.31332885777,114728.52062525926
681,693,2022-01-08 02:15:00,2022-01-08 05:15:00,2913.338000630038,2837.864746790588,1,-0.0259061097006692,-3498.30387151565,12,-4.949889638829275,0.0,0.0,0.0,Bearish,10800.0,2,Saturday,Asia,2022,1,131539.48883208286,149766.31332885777,118226.8244967749
693,699,2022-01-08 05:15:00,2022-01-08 06:45:00,2837.864746790588,2824.246424949974,-1,0.004798791716911555,631.2306094541792,6,-2.292309031376516,0.47987917169115546,1.0,0.2093431405289152,Sideways,5400.0,5,Saturday,Asia,2022,1,132170.71944153705,150397.54393831195,118226.8244967749
699,701,2022-01-08 06:45:00,2022-01-08 07:15:00,2824.246424949974,2859.926823644003,1,0.012633599667090323,1669.7919571356908,2,0.0,1.2633599667090323,1.0,1.2633599667090323,Sideways,1800.0,6,Saturday,Asia,2022,1,133840.5113986727,152067.33589544764,118226.8244967749
701,711,2022-01-08 07:15:00,2022-01-08 09:45:00,2859.926823644003,2863.505331682828,-1,-0.0012512586018775806,-167.46909116728364,10,-1.8745391649456433,0.09421600434110777,-1.3280743655264935,0.0502608887042591,Sideways,9000.0,7,Saturday,Asia,2022,1,133673.04230750544,152067.33589544764,118394.29358794219
711,712,2022-01-08 09:45:00,2022-01-08 10:00:00,2863.505331682828,2921.692844767148,1,0.02032037881700899,2716.2868573105798,1,0.0,2.032037881700899,1.0,2.032037881700899,Sideways,900.0,9,Saturday,London,2022,1,136389.329164816,154783.6227527582,118394.29358794219
712,717,2022-01-08 10:00:00,2022-01-08 11:15:00,2921.692844767148,2862.247795314383,-1,0.02034609817360955,2774.9906810200946,5,-1.2623191420116031,2.034609817360955,1.0,1.611803029556097,Sideways,4500.0,10,Saturday,London,2022,1,139164.31984583611,157558.61343377832,118394.29358794219
717,729,2022-01-08 11:15:00,2022-01-08 14:15:00,2862.247795314383,2887.252805900916,1,0.008736144587993877,1215.75961966305,12,-1.8595706586033711,0.8736144587993877,1.0,0.4697936347605716,Sideways,10800.0,11,Saturday,London,2022,1,140380.07946549915,158774.37305344138,118394.29358794219
729,730,2022-01-08 14:15:00,2022-01-08 14:30:00,2887.252805900916,2810.428948420303,-1,0.026607942790323524,3735.2251233190723,1,-0.0,2.6607942790323524,1.0,2.6607942790323524,Sideways,900.0,14,Saturday,NY_overlap,2022,1,144115.30458881822,162509.59817676045,118394.29358794219
730,735,2022-01-08 14:30:00,2022-01-08 15:45:00,2810.428948420303,2832.362713642136,1,0.007804419049327382,1124.7362284325911,5,-1.3426009367241254,0.7804419049327382,1.0,0.5812910475371593,Bearish,4500.0,14,Saturday,NY_overlap,2022,1,145240.04081725082,163634.33440519305,118394.29358794219
735,739,2022-01-08 15:45:00,2022-01-08 16:45:00,2832.362713642136,2816.755567135771,-1,0.005510292319268584,800.3150813655529,4,-0.0,0.5510292319268584,1.0,0.5510292319268584,Sideways,3600.0,15,Saturday,NY_overlap,2022,1,146040.35589861637,164434.6494865586,118394.29358794219
739,743,2022-01-08 16:45:00,2022-01-08 17:45:00,2816.755567135771,2844.927603257059,1,0.010001590642078728,1460.6358569214487,4,-0.27442518647691205,1.0001590642078728,1.0,3.644560023983142,Sideways,3600.0,16,Saturday,NY,2022,1,147500.99175553783,165895.28534348003,118394.29358794219
743,744,2022-01-08 17:45:00,2022-01-08 18:00:00,2844.927603257059,2803.42087734321,-1,0.014589730109943577,2151.99966066231,1,-0.0,1.4589730109943577,1.0,1.4589730109943577,Sideways,900.0,17,Saturday,NY,2022,1,149652.99141620012,168047.28500414235,118394.29358794219
744,754,2022-01-08 18:00:00,2022-01-08 20:30:00,2803.42087734321,2796.363657741976,1,-0.0025173600076496827,-376.7304556162835,10,-3.2952072427875234,0.0,0.0,0.0,Sideways,9000.0,18,Saturday,NY,2022,1,149276.26096058387,168047.28500414235,118771.02404355847
754,756,2022-01-08 20:30:00,2022-01-08 21:00:00,2796.363657741976,2746.111347464925,-1,0.017970591964290183,2682.582775677553,2,-0.0,1.7970591964290183,1.0,1.7970591964290183,Bearish,1800.0,20,Saturday,NY,2022,1,151958.84373626142,170729.8677798199,118771.02404355847
756,758,2022-01-08 21:00:00,2022-01-08 21:30:00,2746.111347464925,2850.660307484191,1,0.03807163905272093,5785.322249595767,2,0.0,3.807163905272093,1.0,3.807163905272093,Bearish,1800.0,21,Saturday,Late,2022,1,157744.16598585717,176515.19002941568,118771.02404355847
758,769,2022-01-08 21:30:00,2022-01-09 00:15:00,2850.660307484191,2888.445111152173,-1,-0.01325475489618344,-2090.860256445414,11,-5.02215200340046,-0.0,0.0,-0.0,Sideways,9900.0,21,Saturday,Late,2022,1,155653.30572941178,176515.19002941568,120861.88430000389
769,772,2022-01-09 00:15:00,2022-01-09 01:00:00,2888.445111152173,2930.564725403491,1,0.014582106507302406,2269.7530823599864,3,0.0,1.4582106507302406,1.0,1.4582106507302406,Sideways,2700.0,0,Sunday,Asia,2022,1,157923.05881177174,178784.94311177568,120861.88430000389
772,773,2022-01-09 01:00:00,2022-01-09 01:15:00,2930.564725403491,2901.1744441109,-1,0.01002887977113176,1583.791369912629,1,-0.0,1.002887977113176,1.0,1.002887977113176,Sideways,900.0,1,Sunday,Asia,2022,1,159506.85018168436,180368.7344816883,120861.88430000389
773,786,2022-01-09 01:15:00,2022-01-09 04:30:00,2901.1744441109,2866.892796146943,1,-0.011816472474981743,-1884.8083047429102,13,-4.290911091451221,0.0,0.0,0.0,Sideways,11700.0,1,Sunday,Asia,2022,1,157622.04187694145,180368.7344816883,122746.6926047468
786,787,2022-01-09 04:30:00,2022-01-09 04:45:00,2866.892796146943,2808.121092095145,-1,0.020500140127592603,3231.27394567457,1,-0.0,2.0500140127592603,1.0,2.0500140127592603,Sideways,900.0,4,Sunday,Asia,2022,1,160853.31582261604,183600.00842736286,122746.6926047468
787,798,2022-01-09 04:45:00,2022-01-09 07:30:00,2808.121092095145,2770.796276753378,1,-0.01329173996336408,-2138.0204461590893,11,-3.6835686746102825,0.0,0.0,0.0,Sideways,9900.0,4,Sunday,Asia,2022,1,158715.29537645695,183600.00842736286,124884.71305090589
798,802,2022-01-09 07:30:00,2022-01-09 08:30:00,2770.796276753378,2745.657628480212,-1,0.009072716202225273,1439.978831902951,4,-1.221530867172138,0.9072716202225273,1.0,0.742733273963739,Sideways,3600.0,7,Sunday,Asia,2022,1,160155.2742083599,185039.98725926582,124884.71305090589
802,803,2022-01-09 08:30:00,2022-01-09 08:45:00,2745.657628480212,2813.060501146766,1,0.024548899311915617,3931.6357008132636,1,0.0,2.4548899311915617,1.0,2.4548899311915617,Sideways,900.0,8,Sunday,London,2022,1,164086.90990917315,188971.62296007908,124884.71305090589
803,806,2022-01-09 08:45:00,2022-01-09 09:30:00,2813.060501146766,2773.078394288685,-1,0.014213027711910908,2332.171797700907,3,-0.0,1.4213027711910908,1.0,1.4213027711910908,Sideways,2700.0,8,Sunday,London,2022,1,166419.08170687407,191303.79475777998,124884.71305090589
806,815,2022-01-09 09:30:00,2022-01-09 11:45:00,2773.078394288685,2770.898787432976,1,-0.0007859881856200346,-130.80343208333824,9,-2.9186674019242353,0.10598678574846865,-0.7415907370616633,0.03631341675950918,Sideways,8100.0,9,Sunday,London,2022,1,166288.27827479073,191303.79475777998,125015.51648298923
815,816,2022-01-09 11:45:00,2022-01-09 12:00:00,2770.898787432976,2725.57415540796,-1,0.016357375531210083,2720.039814179115,1,-0.0,1.6357375531210083,1.0,1.6357375531210083,Bearish,900.0,11,Sunday,London,2022,1,169008.31808896986,194023.8345719591,125015.51648298923
816,821,2022-01-09 12:00:00,2022-01-09 13:15:00,2725.57415540796,2745.470181842218,1,0.007299756051319051,1233.7194926932127,5,-1.3308541317203604,0.7299756051319051,1.0,0.5485015883658749,Bearish,4500.0,12,Sunday,London,2022,1,170242.03758166305,195257.5540646523,125015.51648298923
821,822,2022-01-09 13:15:00,2022-01-09 13:30:00,2745.470181842218,2724.532588380247,-1,0.007626232330056437,1298.3053309399618,1,-0.0,0.7626232330056437,1.0,0.7626232330056437,Bearish,900.0,13,Sunday,NY_overlap,2022,1,171540.342912603,196555.85939559227,125015.51648298923
822,825,2022-01-09 13:30:00,2022-01-09 14:15:00,2724.532588380247,2745.984953594899,1,0.00787377816882917,1350.6706070987234,3,-0.7960045145308792,0.7873778168829171,1.0,0.9891625016058531,Bearish,2700.0,13,Sunday,NY_overlap,2022,1,172891.01351970172,197906.530002691,125015.51648298923
825,826,2022-01-09 14:15:00,2022-01-09 14:30:00,2745.984953594899,2684.333142209357,-1,0.02245162024825753,3881.6833798807024,1,-0.0,2.245162024825753,1.0,2.245162024825753,Bearish,900.0,14,Sunday,NY_overlap,2022,1,176772.69689958246,201788.2133825717,125015.51648298923
826,849,2022-01-09 14:30:00,2022-01-09 20:15:00,2684.333142209357,2411.981950569985,1,-0.10145953471900715,-17935.275578455712,23,-13.741893183978027,0.0,0.0,0.0,Bearish,20700.0,14,Sunday,NY_overlap,2022,1,158837.42132112675,201788.2133825717,142950.79206144495
849,850,2022-01-09 20:15:00,2022-01-09 20:30:00,2411.981950569985,2361.4928405117,-1,0.020932623499257175,3324.88393810803,1,-0.0,2.0932623499257175,1.0,2.0932623499257175,Bearish,900.0,20,Sunday,NY,2022,1,162162.30525923477,205113.09732067972,142950.79206144495
850,852,2022-01-09 20:30:00,2022-01-09 21:00:00,2361.4928405117,2390.844645641633,1,0.012429343263887782,2015.570956530384,2,-0.26031519634444056,1.2429343263887782,1.0,4.774728267281669,Bearish,1800.0,20,Sunday,NY,2022,1,164177.87621576514,207128.6682772101,142950.79206144495
852,853,2022-01-09 21:00:00,2022-01-09 21:15:00,2390.844645641633,2349.230734429051,-1,0.017405527075312732,2857.602469640842,1,-0.0,1.7405527075312732,1.0,1.7405527075312732,Bearish,900.0,21,Sunday,Late,2022,1,167035.47868540598,209986.27074685093,142950.79206144495
853,865,2022-01-09 21:15:00,2022-01-10 00:15:00,2349.230734429051,2325.27546583996,1,-0.010197069295074246,-1703.272350890982,12,-3.598190259742029,0.0,0.0,0.0,Bearish,10800.0,21,Sunday,Late,2022,1,165332.206334515,209986.27074685093,144654.06441233592
865,867,2022-01-10 00:15:00,2022-01-10 00:45:00,2325.27546583996,2295.764415442595,-1,0.012691421223379629,2098.3006723820436,2,-0.14065806736427433,1.2691421223379629,1.0,9.022888954183879,Bearish,1800.0,0,Monday,Asia,2022,1,167430.50700689707,212084.571419233,144654.06441233592
867,884,2022-01-10 00:45:00,2022-01-10 05:00:00,2295.764415442595,2245.024670811265,1,-0.022101459666342915,-3700.4585975282803,17,-4.546923941006309,0.2436448641782274,-9.071178143191062,0.053584548001985005,Bearish,15300.0,0,Monday,Asia,2022,1,163730.04840936878,212084.571419233,148354.5230098642
884,889,2022-01-10 05:00:00,2022-01-10 06:15:00,2245.024670811265,2220.558373026398,-1,0.010898008428578132,1784.3314475768066,5,-1.9955093017839376,1.0898008428578132,1.0,0.5461266664522973,Bearish,4500.0,5,Monday,Asia,2022,1,165514.37985694557,213868.9028668098,148354.5230098642
889,894,2022-01-10 06:15:00,2022-01-10 07:30:00,2220.558373026398,2225.723442476087,1,0.0023260228203996203,384.99022465154667,5,-2.065470328164698,0.23260228203996203,1.0,0.11261468096065266,Bearish,4500.0,6,Monday,Asia,2022,1,165899.37008159712,214253.89309146136,148354.5230098642
894,897,2022-01-10 07:30:00,2022-01-10 08:15:00,2225.723442476087,2168.108371570808,-1,0.025885997247341308,4294.470637267881,3,-0.3993964030704511,2.588599724734131,1.0,6.481279512869117,Bearish,2700.0,7,Monday,Asia,2022,1,170193.840718865,218548.36372872925,148354.5230098642
897,901,2022-01-10 08:15:00,2022-01-10 09:15:00,2168.108371570808,2234.012730474614,1,0.030397170071373214,5173.411121431544,4,0.0,3.0397170071373214,1.0,3.0397170071373214,Bearish,3600.0,8,Monday,London,2022,1,175367.25184029655,223721.7748501608,148354.5230098642
901,907,2022-01-10 09:15:00,2022-01-10 10:45:00,2234.012730474614,2228.609644364257,-1,0.0024185565447557567,424.1356146741803,6,-2.540439505804293,0.24185565447557567,1.0,0.0952022883926162,Bearish,5400.0,9,Monday,London,2022,1,175791.38745497074,224145.91046483497,148354.5230098642
907,908,2022-01-10 10:45:00,2022-01-10 11:00:00,2228.609644364257,2242.741816857593,1,0.006341250711659585,1114.7372608024593,1,0.0,0.6341250711659585,1.0,0.6341250711659585,Sideways,900.0,10,Monday,London,2022,1,176906.12471577319,225260.64772563742,148354.5230098642
908,910,2022-01-10 11:00:00,2022-01-10 11:30:00,2242.741816857593,2223.991810899486,-1,0.00836030514844488,1478.9891852527107,2,-0.458834099523453,0.836030514844488,1.0,1.8220758128325527,Sideways,1800.0,11,Monday,London,2022,1,178385.1139010259,226739.63691089014,148354.5230098642
910,911,2022-01-10 11:30:00,2022-01-10 11:45:00,2223.991810899486,2257.101870907387,1,0.014887671728660568,2655.739017038199,1,0.0,1.4887671728660568,1.0,1.4887671728660568,Bearish,900.0,11,Monday,London,2022,1,181040.8529180641,229395.37592792834,148354.5230098642
911,913,2022-01-10 11:45:00,2022-01-10 12:15:00,2257.101870907387,2214.026143203291,-1,0.019084529705687858,3455.0795354578613,2,-0.14870309018346628,1.9084529705687858,1.0,12.833983262985205,Sideways,1800.0,11,Monday,London,2022,1,184495.93245352193,232850.4554633862,148354.5230098642
913,916,2022-01-10 12:15:00,2022-01-10 13:00:00,2214.026143203291,2248.241538919701,1,0.015453925791005352,2851.1864488790648,3,-0.03800115892841349,1.5453925791005352,1.0,40.66698549935655,Sideways,2700.0,12,Monday,London,2022,1,187347.118902401,235701.64191226527,148354.5230098642
916,920,2022-01-10 13:00:00,2022-01-10 14:00:00,2248.241538919701,2233.077629690514,-1,0.00674478652167998,1263.6163224484912,4,-0.8999595726150833,0.674478652167998,1.0,0.7494543896100936,Bearish,3600.0,13,Monday,NY_overlap,2022,1,188610.7352248495,236965.25823471375,148354.5230098642
920,923,2022-01-10 14:00:00,2022-01-10 14:45:00,2233.077629690514,2259.36079110722,1,0.011769927326865215,2219.9346466630964,3,-1.6800046544793168,1.1769927326865215,1.0,0.7005889713152649,Sideways,2700.0,14,Monday,NY_overlap,2022,1,190830.6698715126,239185.19288137686,148354.5230098642
923,936,2022-01-10 14:45:00,2022-01-10 18:00:00,2259.36079110722,2327.696124272919,-1,-0.030245427571667483,-5771.755204051624,13,-6.33205623594526,-0.0,0.0,-0.0,Sideways,11700.0,14,Monday,NY_overlap,2022,1,185058.91466746098,239185.19288137686,154126.27821391582
936,942,2022-01-10 18:00:00,2022-01-10 19:30:00,2327.696124272919,2346.886460859144,1,0.008244347870888458,1525.6900691276112,6,-1.4866465354552716,0.8244347870888458,1.0,0.5545600567631702,Sideways,5400.0,18,Monday,NY,2022,1,186584.6047365886,240710.88295050449,154126.27821391582
942,950,2022-01-10 19:30:00,2022-01-10 21:30:00,2346.886460859144,2379.013411297515,-1,-0.013689179674508223,-2554.1901787362603,8,-4.708531971794128,-0.0,0.0,-0.0,Bullish,7200.0,19,Monday,NY,2022,1,184030.41455785232,240710.88295050449,156680.46839265208
950,951,2022-01-10 21:30:00,2022-01-10 21:45:00,2379.013411297515,2412.270921075129,1,0.013979538585062068,2572.660281136466,1,0.0,1.3979538585062068,1.0,1.3979538585062068,Bullish,900.0,21,Monday,Late,2022,1,186603.0748389888,243283.54323164094,156680.46839265208
951,956,2022-01-10 21:45:00,2022-01-10 23:00:00,2412.270921075129,2407.153360547762,-1,0.0021214700565582723,395.8728357326172,5,-2.6892956178572014,0.21214700565582723,1.0,0.07888571425437543,Bullish,4500.0,21,Monday,Late,2022,1,186998.94767472142,243679.41606737356,156680.46839265208
956,978,2022-01-10 23:00:00,2022-01-11 04:30:00,2407.153360547762,2282.843416302699,1,-0.051641888000345526,-9656.97871200044,22,-7.470073401653221,0.33808179116290304,-15.274968765017615,0.04525816186599737,Bullish,19800.0,23,Monday,Late,2022,1,177341.96896272097,243679.41606737356,166337.44710465253
978,979,2022-01-11 04:30:00,2022-01-11 04:45:00,2282.843416302699,2236.427603831494,-1,0.020332455629558877,3605.7977151931327,1,-0.0,2.0332455629558877,1.0,2.0332455629558877,Sideways,900.0,4,Tuesday,Asia,2022,1,180947.7666779141,247285.2137825667,166337.44710465253
979,980,2022-01-11 04:45:00,2022-01-11 05:00:00,2236.427603831494,2289.203498371382,1,0.023598302243037717,4270.060088268087,1,0.0,2.3598302243037717,1.0,2.3598302243037717,Bearish,900.0,4,Tuesday,Asia,2022,1,185217.8267661822,251555.27387083476,166337.44710465253
980,981,2022-01-11 05:00:00,2022-01-11 05:15:00,2289.203498371382,2250.099561518601,-1,0.017081896336695546,3163.8717165279586,1,-0.0,1.7081896336695546,1.0,1.7081896336695546,Bearish,900.0,5,Tuesday,Asia,2022,1,188381.69848271014,254719.14558736273,166337.44710465253
981,983,2022-01-11 05:15:00,2022-01-11 05:45:00,2250.099561518601,2273.434384636711,1,0.01037057360357907,1953.6262696821857,2,0.0,1.037057360357907,1.0,1.037057360357907,Bearish,1800.0,5,Tuesday,Asia,2022,1,190335.3247523923,256672.77185704492,166337.44710465253
983,987,2022-01-11 05:45:00,2022-01-11 06:45:00,2273.434384636711,2249.489610596249,-1,0.010532423632841459,2004.6922725866516,4,-0.8150885556716503,1.0532423632841459,1.0,1.2921815132298746,Bearish,3600.0,5,Tuesday,Asia,2022,1,192340.01702497897,258677.46412963158,166337.44710465253
987,994,2022-01-11 06:45:00,2022-01-11 08:30:00,2249.489610596249,2270.815675567749,1,0.009480401630238111,1823.4606109636375,7,-1.5028229170705232,0.9480401630238111,1.0,0.6308395701549727,Bearish,6300.0,6,Tuesday,Asia,2022,1,194163.4776359426,260500.92474059522,166337.44710465253
994,997,2022-01-11 08:30:00,2022-01-11 09:15:00,2270.815675567749,2242.293498054979,-1,0.012560322627524156,2438.7559215895117,3,-0.08478638731619359,1.2560322627524156,1.0,14.814079270393945,Bearish,2700.0,8,Tuesday,London,2022,1,196602.23355753213,262939.6806621847,166337.44710465253
997,1029,2022-01-11 09:15:00,2022-01-11 17:15:00,2242.293498054979,2050.463197635345,1,-0.08555093282214499,-16819.504475764097,32,-12.141680028695045,0.0,0.0,0.0,Bearish,28800.0,9,Tuesday,London,2022,1,179782.72908176802,262939.6806621847,183156.95158041661
1029,1035,2022-01-11 17:15:00,2022-01-11 18:45:00,2050.463197635345,1998.848057383521,-1,0.025172429483907743,4525.5680702352975,6,-1.223390914850886,2.5172429483907743,1.0,2.057594933748213,Bearish,5400.0,17,Tuesday,NY,2022,1,184308.29715200333,267465.24873242003,183156.95158041661
1035,1048,2022-01-11 18:45:00,2022-01-11 22:00:00,1998.848057383521,1940.704819724618,1,-0.029088372897643988,-5361.2284756872505,13,-6.326922055472972,0.0,0.0,0.0,Bearish,11700.0,18,Tuesday,NY,2022,1,178947.06867631606,267465.24873242003,188518.18005610385
1048,1054,2022-01-11 22:00:00,2022-01-11 23:30:00,1940.704819724618,1936.831134944101,-1,0.0019960195600825514,357.1818492973627,6,-1.3635443002575132,0.19960195600825514,1.0,0.1463846506274561,Bearish,5400.0,22,Tuesday,Late,2022,1,179304.25052561343,267822.4305817174,188518.18005610385
1054,1069,2022-01-11 23:30:00,2022-01-12 03:15:00,1936.831134944101,1930.516253567266,1,-0.0032604191779564973,-584.6070171028267,15,-3.8231325679878636,0.17912692417962894,-1.820172591523394,0.04685344308473835,Bearish,13500.0,23,Tuesday,Late,2022,1,178719.6435085106,267822.4305817174,189102.78707320668
1069,1078,2022-01-12 03:15:00,2022-01-12 05:30:00,1930.516253567266,1935.352848716885,-1,-0.002505337699530763,-447.75306052857024,9,-3.025137481817186,0.31197621267570197,-0.8030540784002181,0.10312794527549846,Bearish,8100.0,3,Wednesday,Asia,2022,1,178271.89044798203,267822.4305817174,189550.54013373525
1078,1081,2022-01-12 05:30:00,2022-01-12 06:15:00,1935.352848716885,1950.674073112616,1,0.007916501844037693,1411.2897494715362,3,-0.09834144257554467,0.7916501844037693,1.0,8.050015981773234,Bearish,2700.0,5,Wednesday,Asia,2022,1,179683.18019745356,269233.72033118893,189550.54013373525
1081,1084,2022-01-12 06:15:00,2022-01-12 07:00:00,1950.674073112616,1942.520185993963,-1,0.004180035625142797,751.0820944643091,3,-1.6218606555949089,0.4180035625142797,1.0,0.25773087291580754,Bearish,2700.0,6,Wednesday,Asia,2022,1,180434.26229191787,269984.80242565327,189550.54013373525
1084,1087,2022-01-12 07:00:00,2022-01-12 07:45:00,1942.520185993963,1965.274332427836,1,0.011713724571788653,2113.5572518013983,3,-1.7051627492228771,1.1713724571788653,1.0,0.6869563962224221,Bearish,2700.0,7,Wednesday,Asia,2022,1,182547.81954371926,272098.3596774547,189550.54013373525
1087,1090,2022-01-12 07:45:00,2022-01-12 08:30:00,1965.274332427836,1946.239260249353,-1,0.009685707417227407,1768.1047697532927,3,-0.6088763216573589,0.9912691613722768,0.9771016586270945,1.6280303997929269,Sideways,2700.0,7,Wednesday,Asia,2022,1,184315.92431347255,273866.464447208,189550.54013373525
1090,1091,2022-01-12 08:30:00,2022-01-12 08:45:00,1946.239260249353,1958.789782249666,1,0.006448601801766651,1188.5800016221453,1,0.0,0.6448601801766651,1.0,0.6448601801766651,Sideways,900.0,8,Wednesday,London,2022,1,185504.5043150947,275055.04444883013,189550.54013373525
1091,1097,2022-01-12 08:45:00,2022-01-12 10:15:00,1958.789782249666,1968.522918778219,-1,-0.004968954104597412,-921.7633681377986,6,-3.9562559768574923,0.28221358537050545,-1.7607069121331975,0.07133349991035502,Bullish,5400.0,8,Wednesday,London,2022,1,184582.7409469569,275055.04444883013,190472.30350187304
1097,1098,2022-01-12 10:15:00,2022-01-12 10:30:00,1968.522918778219,2007.786908157045,1,0.019945914271191523,3681.6715268695575,1,0.0,1.9945914271191523,1.0,1.9945914271191523,Sideways,900.0,10,Wednesday,London,2022,1,188264.41247382647,278736.7159756997,190472.30350187304
1098,1119,2022-01-12 10:30:00,2022-01-12 15:45:00,2007.786908157045,2082.077364764245,-1,-0.0370011659630709,-6966.002770884093,21,-5.87981166156939,-0.0,0.0,-0.0,Bullish,18900.0,10,Wednesday,London,2022,1,181298.40970294236,278736.7159756997,197438.30627275712
1119,1122,2022-01-12 15:45:00,2022-01-12 16:30:00,2082.077364764245,2106.199642065502,1,0.011585677703185748,2100.4649429184155,3,-0.6696478354127788,1.1585677703185748,1.0,1.7301150082930081,Bullish,2700.0,15,Wednesday,NY_overlap,2022,1,183398.8746458608,280837.1809186181,197438.30627275712
1122,1130,2022-01-12 16:30:00,2022-01-12 18:30:00,2106.199642065502,2108.233158777578,-1,-0.000965490958911186,-177.0699553450646,8,-2.8051048319465366,-0.0,0.0,-0.0,Bullish,7200.0,16,Wednesday,NY,2022,1,183221.80469051574,280837.1809186181,197615.3762281022
1130,1149,2022-01-12 18:30:00,2022-01-12 23:15:00,2108.233158777578,2041.892174044302,1,-0.03146757485388507,-5765.545853962718,19,-5.068959610202606,0.1120353256620632,-28.087190060751038,0.022102232859887622,Bullish,17100.0,18,Wednesday,NY,2022,1,177456.25883655302,280837.1809186181,203380.9220820649
1149,1155,2022-01-12 23:15:00,2022-01-13 00:45:00,2041.892174044302,2053.928328772455,-1,-0.005894608383905764,-1046.0351511144972,6,-2.528138598826568,-0.0,0.0,-0.0,Sideways,5400.0,23,Wednesday,Late,2022,1,176410.2236854385,280837.1809186181,204426.9572331794
1155,1167,2022-01-13 00:45:00,2022-01-13 03:45:00,2053.928328772455,1998.923476964484,1,-0.026780317033187395,-4724.321718191551,12,-7.331663837719383,0.0,0.0,0.0,Sideways,10800.0,0,Thursday,Asia,2022,1,171685.90196724696,280837.1809186181,209151.27895137094
1167,1170,2022-01-13 03:45:00,2022-01-13 04:30:00,1998.923476964484,1964.739144865043,-1,0.017101371059662807,2936.064315254785,3,-0.0,1.7101371059662807,1.0,1.7101371059662807,Bearish,2700.0,3,Thursday,Asia,2022,1,174621.96628250176,283773.2452338729,209151.27895137094
1170,1171,2022-01-13 04:30:00,2022-01-13 04:45:00,1964.739144865043,2014.996253690915,1,0.0255795325080288,4466.748263139165,1,0.0,2.55795325080288,1.0,2.55795325080288,Bearish,900.0,4,Thursday,Asia,2022,1,179088.71454564092,288239.99349701207,209151.27895137094
1171,1178,2022-01-13 04:45:00,2022-01-13 06:30:00,2014.996253690915,2022.475606555302,-1,-0.003711844550920107,-664.749469217524,7,-4.1908630523294965,0.20466840241973872,-1.8135894486085693,0.04883681472387257,Sideways,6300.0,4,Thursday,Asia,2022,1,178423.96507642337,288239.99349701207,209816.02842058847
1178,1180,2022-01-13 06:30:00,2022-01-13 07:00:00,2022.475606555302,2096.908115474371,1,0.036802673257376295,6566.478887993133,2,-0.04889155467605599,3.6802673257376295,1.0,75.27409079384405,Bearish,1800.0,6,Thursday,Asia,2022,1,184990.4439644165,294806.4723850052,209816.02842058847
1180,1198,2022-01-13 07:00:00,2022-01-13 11:30:00,2096.908115474371,2120.26283865249,-1,-0.0111376950691211,-2060.3671555770065,18,-3.7472510039965323,1.275667231329325,-0.8730878081358981,0.34042748403264034,Sideways,16200.0,7,Thursday,Asia,2022,1,182930.0768088395,294806.4723850052,211876.39557616547
1198,1216,2022-01-13 11:30:00,2022-01-13 16:00:00,2120.26283865249,1971.435187063568,1,-0.07019301988215176,-12840.41451848643,18,-10.064951228667807,0.0,0.0,0.0,Bullish,16200.0,11,Thursday,London,2022,1,170089.66229035307,294806.4723850052,224716.81009465188
1216,1229,2022-01-13 16:00:00,2022-01-13 19:15:00,1971.435187063568,1993.625114086302,-1,-0.011255722312527805,-1914.4820069718478,13,-3.7225573780674592,1.2209333578023895,-0.9218948962773418,0.32798241472270573,Sideways,11700.0,16,Thursday,NY,2022,1,168175.18028338123,294806.4723850052,226631.29210162372
1229,1230,2022-01-13 19:15:00,2022-01-13 19:30:00,1993.625114086302,2044.250112845167,1,0.02539343951937867,4270.546269186649,1,0.0,2.539343951937867,1.0,2.539343951937867,Sideways,900.0,19,Thursday,NY,2022,1,172445.72655256788,299077.01865419187,226631.29210162372
1230,1233,2022-01-13 19:30:00,2022-01-13 20:15:00,2044.250112845167,2002.789715992845,-1,0.020281469763314686,3497.452788888741,3,-0.0,2.0281469763314686,1.0,2.0281469763314686,Sideways,2700.0,19,Thursday,NY,2022,1,175943.17934145662,302574.47144308063,226631.29210162372
1233,1239,2022-01-13 20:15:00,2022-01-13 21:45:00,2002.789715992845,2014.32631061089,1,0.005760262560728258,1013.4789087760909,6,-0.6366256362220324,0.5760262560728258,1.0,0.9048115930284785,Bearish,5400.0,20,Thursday,NY,2022,1,176956.6582502327,303587.9503518567,226631.29210162372
1239,1256,2022-01-13 21:45:00,2022-01-14 02:00:00,2014.32631061089,2223.82511859092,-1,-0.10400440428963798,-18404.27182640052,17,-14.716703454571123,-0.0,0.0,-0.0,Bearish,15300.0,21,Thursday,Late,2022,1,158552.38642383218,303587.9503518567,245035.56392802423
1256,1257,2022-01-14 02:00:00,2022-01-14 02:15:00,2223.82511859092,2238.544927417813,1,0.00661913956445459,1049.4803740166817,1,0.0,0.661913956445459,1.0,0.661913956445459,Bullish,900.0,2,Friday,Asia,2022,1,159601.86679784887,304637.4307258734,245035.56392802423
1257,1263,2022-01-14 02:15:00,2022-01-14 03:45:00,2238.544927417813,2223.794643927994,-1,0.006589228256782764,1051.6531305396659,6,-2.448936479565811,0.6589228256782764,1.0,0.2690648904846652,Bullish,5400.0,2,Friday,Asia,2022,1,160653.51992838853,305689.0838564131,245035.56392802423
1263,1270,2022-01-14 03:45:00,2022-01-14 05:30:00,2223.794643927994,2225.856402832946,1,0.0009271354756525962,148.94757761407052,7,-2.3798318326113233,0.09271354756525962,1.0,0.03895802480443655,Bullish,6300.0,3,Friday,Asia,2022,1,160802.4675060026,305838.0314340271,245035.56392802423
1270,1271,2022-01-14 05:30:00,2022-01-14 05:45:00,2225.856402832946,2208.593519556089,-1,0.007755614088530427,1247.1218824600114,1,-0.0,0.7755614088530427,1.0,0.7755614088530427,Bullish,900.0,5,Friday,Asia,2022,1,162049.5893884626,307085.15331648715,245035.56392802423
1271,1282,2022-01-14 05:45:00,2022-01-14 08:30:00,2208.593519556089,2182.213634816051,1,-0.011944200916309988,-1935.5528540613348,11,-3.1500904135454033,0.0,0.0,0.0,Bullish,9900.0,5,Friday,Asia,2022,1,160114.03653440127,307085.15331648715,246971.11678208556
1282,1283,2022-01-14 08:30:00,2022-01-14 08:45:00,2182.213634816051,2157.841050827123,-1,0.011168743334784681,1788.2725783490673,1,-0.0,1.116874333478468,1.0,1.116874333478468,Bullish,900.0,8,Friday,London,2022,1,161902.30911275034,308873.4258948362,246971.11678208556
1283,1286,2022-01-14 08:45:00,2022-01-14 09:30:00,2157.841050827123,2210.694899122729,1,0.024493856150964666,3965.6118699167278,3,-0.9013223879088761,2.4493856150964666,1.0,2.71754662699458,Bullish,2700.0,8,Friday,London,2022,1,165867.92098266707,312839.0377647529,246971.11678208556
1286,1319,2022-01-14 09:30:00,2022-01-14 17:45:00,2210.694899122729,2462.598683670837,-1,-0.11394778386111581,-18900.282009625607,33,-15.618863918146442,0.45681990221927427,-24.943699542762197,0.02924795968601326,Bullish,29700.0,9,Friday,London,2022,1,146967.63897304147,312839.0377647529,265871.3987917112
1319,1323,2022-01-14 17:45:00,2022-01-14 18:45:00,2462.598683670837,2551.239715317543,1,0.03599491554773926,5290.087753085268,4,-0.9914190393517375,3.599491554773926,1.0,3.63064598509984,Bullish,3600.0,17,Friday,NY,2022,1,152257.72672612674,318129.12551783817,265871.3987917112
1323,1342,2022-01-14 18:45:00,2022-01-14 23:30:00,2551.239715317543,2689.624258567699,-1,-0.05424207784917301,-8258.775466216688,19,-8.947263257990535,0.959914291727626,-5.650720935881649,0.10728579947285613,Bullish,17100.0,18,Friday,NY,2022,1,143998.95125991004,318129.12551783817,274130.17425792787
1342,1345,2022-01-14 23:30:00,2022-01-15 00:15:00,2689.624258567699,2716.275483972338,1,0.009908902821552878,1426.87161443998,3,-1.4065285283219708,0.9908902821552878,1.0,0.704493554309523,Bullish,2700.0,23,Friday,Late,2022,1,145425.82287435,319555.99713227816,274130.17425792787
1345,1347,2022-01-15 00:15:00,2022-01-15 00:45:00,2716.275483972338,2698.044078396048,-1,0.00671191331065879,976.0855162638587,2,-0.0,0.671191331065879,1.0,0.671191331065879,Bullish,1800.0,0,Saturday,Asia,2022,1,146401.90839061388,320532.082648542,274130.17425792787
1347,1348,2022-01-15 00:45:00,2022-01-15 01:00:00,2698.044078396048,2708.425056512924,1,0.003847593966310292,563.2950993800388,1,0.0,0.3847593966310292,1.0,0.3847593966310292,Bullish,900.0,0,Saturday,Asia,2022,1,146965.20348999393,321095.37774792203,274130.17425792787
1348,1353,2022-01-15 01:00:00,2022-01-15 02:15:00,2708.425056512924,2681.976234828284,-1,0.00976538805127325,1435.17224211413,5,-1.3545473422831522,0.9765388051273249,1.0,0.7209336836328833,Bullish,4500.0,1,Saturday,Asia,2022,1,148400.37573210805,322530.5499900362,274130.17425792787
1353,1359,2022-01-15 02:15:00,2022-01-15 03:45:00,2681.976234828284,2716.698163323349,1,0.01294639678165832,1921.2501467750515,6,-1.2576275827845818,1.294639678165832,1.0,1.029430091934927,Bullish,5400.0,2,Saturday,Asia,2022,1,150321.62587888312,324451.8001368112,274130.17425792787
1359,1386,2022-01-15 03:45:00,2022-01-15 10:30:00,2716.698163323349,2977.084923769712,-1,-0.09584677604663705,-14407.843210579684,27,-13.146559817138282,0.36835708812268386,-26.02007104983809,0.028019276011849243,Bullish,24300.0,3,Saturday,Asia,2022,1,135913.7826683034,324451.8001368112,288538.0174685076
1386,1387,2022-01-15 10:30:00,2022-01-15 10:45:00,2977.084923769712,3036.399628401748,1,0.019923752983481924,2707.9126329339274,1,0.0,1.9923752983481924,1.0,1.9923752983481924,Bullish,900.0,10,Saturday,London,2022,1,138621.69530123734,327159.71276974515,288538.0174685076
1387,1388,2022-01-15 10:45:00,2022-01-15 11:00:00,3036.399628401748,2985.118467049323,-1,0.016888805041587185,2341.1547864769027,1,-0.0,1.6888805041587185,1.0,1.6888805041587185,Bullish,900.0,10,Saturday,London,2022,1,140962.85008771427,329500.8675562221,288538.0174685076
1388,1394,2022-01-15 11:00:00,2022-01-15 12:30:00,2985.118467049323,2992.161609682708,1,0.002359418130680302,332.59030424932274,6,-2.881209569831389,0.2359418130680302,1.0,0.08188984777037157,Bullish,5400.0,11,Saturday,London,2022,1,141295.44039196358,329833.4578604714,288538.0174685076
1394,1395,2022-01-15 12:30:00,2022-01-15 12:45:00,2992.161609682708,2929.489203694257,-1,0.02094552840516417,2959.507660250057,1,-0.0,2.094552840516417,1.0,2.094552840516417,Bullish,900.0,12,Saturday,London,2022,1,144254.94805221364,332792.96552072145,288538.0174685076
1395,1396,2022-01-15 12:45:00,2022-01-15 13:00:00,2929.489203694257,2972.796305952662,1,0.014783158170984967,2132.5437140030963,1,0.0,1.4783158170984967,1.0,1.4783158170984967,Bullish,900.0,12,Saturday,London,2022,1,146387.49176621673,334925.50923472457,288538.0174685076
1396,1399,2022-01-15 13:00:00,2022-01-15 13:45:00,2972.796305952662,2942.485339855192,-1,0.010196112675724178,1492.5833603649926,3,-0.5595782944999073,1.0196112675724178,1.0,1.8221065355718276,Bullish,2700.0,13,Saturday,NY_overlap,2022,1,147880.0751265817,336418.0925950896,288538.0174685076
1399,1402,2022-01-15 13:45:00,2022-01-15 14:30:00,2942.485339855192,2995.017932176748,1,0.017853136465971975,2640.123161833054,3,0.0,1.7853136465971975,1.0,1.7853136465971975,Bullish,2700.0,13,Saturday,NY_overlap,2022,1,150520.19828841477,339058.2157569226,288538.0174685076
1402,1403,2022-01-15 14:30:00,2022-01-15 14:45:00,2995.017932176748,2938.625201065551,-1,0.018828845899500624,2834.121618334842,1,-0.0,1.8828845899500624,1.0,1.8828845899500624,Bullish,900.0,14,Saturday,NY_overlap,2022,1,153354.31990674962,341892.33737525746,288538.0174685076
1403,1408,2022-01-15 14:45:00,2022-01-15 16:00:00,2938.625201065551,2996.852345067193,1,0.019814416612410568,3038.626383945227,5,-1.224350532541174,1.9814416612410568,1.0,1.6183614157691577,Bullish,4500.0,14,Saturday,NY_overlap,2022,1,156392.94629069485,344930.9637592027,288538.0174685076
1408,1418,2022-01-15 16:00:00,2022-01-15 18:30:00,2996.852345067193,3002.502853786449,-1,-0.0018854811878059596,-294.87595813665325,10,-2.226470984017115,0.6234601758325575,-0.30242207295568185,0.2800216936614544,Bullish,9000.0,16,Saturday,NY,2022,1,156098.07033255819,344930.9637592027,288832.8934266442
1418,1421,2022-01-15 18:30:00,2022-01-15 19:15:00,3002.502853786449,3022.889067221783,1,0.006789739903036107,1059.865296923908,3,-0.2164008333136569,0.6789739903036107,1.0,3.1375756733777846,Sideways,2700.0,18,Saturday,NY,2022,1,157157.9356294821,345990.8290561266,288832.8934266442
1421,1422,2022-01-15 19:15:00,2022-01-15 19:30:00,3022.889067221783,3000.702588887181,-1,0.007339494715561279,1153.4598380611044,1,-0.0,0.7339494715561279,1.0,0.7339494715561279,Bullish,900.0,19,Saturday,NY,2022,1,158311.39546754322,347144.2888941877,288832.8934266442
1422,1425,2022-01-15 19:30:00,2022-01-15 20:15:00,3000.702588887181,3018.277039041234,1,0.0058567784155412195,927.1947639085179,3,-0.8037871421549214,0.585677841554122,1.0,0.7286479353028004,Sideways,2700.0,19,Saturday,NY,2022,1,159238.59023145173,348071.48365809623,288832.8934266442
1425,1432,2022-01-15 20:15:00,2022-01-15 22:00:00,3018.277039041234,3001.999165700037,-1,0.0053931011403670626,858.7898225676863,7,-2.841924934399942,0.5393101140367063,1.0,0.1897693030201654,Bullish,6300.0,20,Saturday,NY,2022,1,160097.38005401942,348930.2734806639,288832.8934266442
1432,1441,2022-01-15 22:00:00,2022-01-16 00:15:00,3001.999165700037,3032.144394222024,1,0.010041717821382967,1607.65271444517,9,-1.295775850868064,1.0041717821382967,1.0,0.7749579384934391,Sideways,8100.0,22,Saturday,Late,2022,1,161705.0327684646,350537.9261951091,288832.8934266442
1441,1443,2022-01-16 00:15:00,2022-01-16 00:45:00,3032.144394222024,2949.700015835425,-1,0.027190122786930226,4396.779696239131,2,-0.0,2.7190122786930226,1.0,2.7190122786930226,Bullish,1800.0,0,Sunday,Asia,2022,1,166101.81246470372,354934.70589134825,288832.8934266442
1443,1446,2022-01-16 00:45:00,2022-01-16 01:30:00,2949.700015835425,3003.305562839947,1,0.018173219892443804,3018.604762454526,3,-0.016976834141757546,1.8173219892443804,1.0,107.04716639566816,Sideways,2700.0,0,Sunday,Asia,2022,1,169120.41722715826,357953.31065380276,288832.8934266442
1446,1448,2022-01-16 01:30:00,2022-01-16 02:00:00,3003.305562839947,2965.97498995203,-1,0.012429828436310464,2102.137771210823,2,-0.0,1.2429828436310464,1.0,1.2429828436310464,Sideways,1800.0,1,Sunday,Asia,2022,1,171222.55499836907,360055.4484250136,288832.8934266442
1448,1449,2022-01-16 02:00:00,2022-01-16 02:15:00,2965.97498995203,3030.707500140388,1,0.021825035749679644,3736.9383839908965,1,0.0,2.1825035749679644,1.0,2.1825035749679644,Sideways,900.0,2,Sunday,Asia,2022,1,174959.49338235997,363792.38680900447,288832.8934266442
1449,1451,2022-01-16 02:15:00,2022-01-16 02:45:00,3030.707500140388,2968.241719758834,-1,0.020610956477542297,3606.0825034366735,2,-0.0,2.0610956477542297,1.0,2.0610956477542297,Sideways,1800.0,2,Sunday,Asia,2022,1,178565.57588579663,367398.4693124411,288832.8934266442
1451,1455,2022-01-16 02:45:00,2022-01-16 03:45:00,2968.241719758834,2993.327106997709,1,0.008451261590957326,1509.10439295081,4,-1.5016633810681745,0.8451261590957326,1.0,0.5627933461989139,Sideways,3600.0,2,Sunday,Asia,2022,1,180074.68027874746,368907.57370539196,288832.8934266442
1455,1461,2022-01-16 03:45:00,2022-01-16 05:15:00,2993.327106997709,2965.756113156967,-1,0.009210818883204408,1658.6352654984846,6,-1.8351708333800287,0.9210818883204408,1.0,0.5019052567569345,Bullish,5400.0,3,Sunday,Asia,2022,1,181733.31554424594,370566.20897089044,288832.8934266442
1461,1463,2022-01-16 05:15:00,2022-01-16 05:45:00,2965.756113156967,3014.15848265248,1,0.016320414642588377,2965.9630640544474,2,0.0,1.6320414642588377,1.0,1.6320414642588377,Bearish,1800.0,5,Sunday,Asia,2022,1,184699.27860830037,373532.1720349449,288832.8934266442
1463,1473,2022-01-16 05:45:00,2022-01-16 08:15:00,3014.15848265248,3036.634889298027,-1,-0.0074569425512647225,-1377.2919098421341,10,-3.500711150369873,-0.0,0.0,-0.0,Sideways,9000.0,5,Sunday,Asia,2022,1,183321.98669845826,373532.1720349449,290210.1853364863
1473,1475,2022-01-16 08:15:00,2022-01-16 08:45:00,3036.634889298027,3094.794990410601,1,0.019152813305790106,3511.13178608211,2,0.0,1.9152813305790106,1.0,1.9152813305790106,Sideways,1800.0,8,Sunday,London,2022,1,186833.11848454038,377043.303821027,290210.1853364863
1475,1476,2022-01-16 08:45:00,2022-01-16 09:00:00,3094.794990410601,3058.715332255081,-1,0.011658173891102463,2178.1329839097225,1,-0.0,1.1658173891102463,1.0,1.1658173891102463,Sideways,900.0,8,Sunday,London,2022,1,189011.25146845006,379221.43680493673,290210.1853364863
1476,1477,2022-01-16 09:00:00,2022-01-16 09:15:00,3058.715332255081,3084.478443699938,1,0.008422853599083568,1592.014099698325,1,0.0,0.8422853599083568,1.0,0.8422853599083568,Sideways,900.0,9,Sunday,London,2022,1,190603.2655681484,380813.4509046351,290210.1853364863
1477,1478,2022-01-16 09:15:00,2022-01-16 09:30:00,3084.478443699938,3065.333336822277,-1,0.0062069186823998646,1183.0589699813638,1,-0.0,0.6206918682399865,1.0,0.6206918682399865,Sideways,900.0,9,Sunday,London,2022,1,191786.32453812976,381996.50987461646,290210.1853364863
1478,1480,2022-01-16 09:30:00,2022-01-16 10:00:00,3065.333336822277,3120.681592023025,1,0.01805619458604313,3462.931194802491,2,0.0,1.8056194586043128,1.0,1.8056194586043128,Sideways,1800.0,9,Sunday,London,2022,1,195249.25573293224,385459.441069419,290210.1853364863
1480,1488,2022-01-16 10:00:00,2022-01-16 12:00:00,3120.681592023025,3069.994875026873,-1,0.016242194373727648,3171.2763629399446,8,-4.433770479429611,1.6242194373727648,1.0,0.366329164964289,Sideways,7200.0,10,Sunday,London,2022,1,198420.5320958722,388630.71743235894,290210.1853364863
1488,1495,2022-01-16 12:00:00,2022-01-16 13:45:00,3069.994875026873,3116.46301191828,1,0.0151362262098238,3003.338058476727,7,-0.8608355440752891,1.51362262098238,1.0,1.7583179869835834,Bullish,6300.0,12,Sunday,London,2022,1,201423.8701543489,391634.0554908357,290210.1853364863
1495,1496,2022-01-16 13:45:00,2022-01-16 14:00:00,3116.46301191828,3088.26269657217,-1,0.0090488208068773,1822.648507254425,1,-0.0,0.90488208068773,1.0,0.90488208068773,Bullish,900.0,13,Sunday,NY_overlap,2022,1,203246.51866160333,393456.7039980901,290210.1853364863
1496,1515,2022-01-16 14:00:00,2022-01-16 18:45:00,3088.26269657217,2856.347951144457,1,-0.07509553694545734,-15262.906451188026,19,-10.136674885965103,0.0,0.0,0.0,Sideways,17100.0,14,Sunday,NY_overlap,2022,1,187983.6122104153,393456.7039980901,305473.09178767435
1515,1516,2022-01-16 18:45:00,2022-01-16 19:00:00,2856.347951144457,2822.984327405086,-1,0.011680518028625797,2195.745971509958,1,-0.0,1.1680518028625797,1.0,1.1680518028625797,Bearish,900.0,18,Sunday,NY,2022,1,190179.35818192526,395652.4499696001,305473.09178767435
1516,1517,2022-01-16 19:00:00,2022-01-16 19:15:00,2822.984327405086,2847.031189523326,1,0.008518241452776243,1619.9936923276575,1,0.0,0.8518241452776243,1.0,0.8518241452776243,Bearish,900.0,19,Sunday,NY,2022,1,191799.35187425293,397272.4436619277,305473.09178767435
1517,1522,2022-01-16 19:15:00,2022-01-16 20:30:00,2847.031189523326,2819.950078243948,-1,0.0095120528988345,1824.405580990067,5,-0.9066955555878664,0.95120528988345,1.0,1.0490900545627195,Bearish,4500.0,19,Sunday,NY,2022,1,193623.75745524297,399096.8492429178,305473.09178767435
1522,1530,2022-01-16 20:30:00,2022-01-16 22:30:00,2819.950078243948,2839.932774245308,1,0.00708618785684445,1372.0543188759389,8,-0.2569146454706628,0.8687363026542494,0.8156891608183088,3.3814199305872226,Bearish,7200.0,20,Sunday,NY,2022,1,194995.81177411892,400468.90356179373,305473.09178767435
1530,1532,2022-01-16 22:30:00,2022-01-16 23:00:00,2839.932774245308,2813.932201882011,-1,0.009155347830445137,1785.2544822720695,2,-0.45911845216006775,0.9155347830445137,1.0,1.994114544377581,Bearish,1800.0,22,Sunday,Late,2022,1,196781.066256391,402254.1580440658,305473.09178767435
1532,1543,2022-01-16 23:00:00,2022-01-17 01:45:00,2813.932201882011,2803.362950211228,1,-0.0037560434696025657,-739.1182388537478,11,-4.434042791446691,0.0,0.0,0.0,Bearish,9900.0,23,Sunday,Late,2022,1,196041.94801753724,402254.1580440658,306212.2100265281
1543,1556,2022-01-17 01:45:00,2022-01-17 05:00:00,2803.362950211228,2799.189531927102,-1,0.0014887184992623537,291.85127464513664,13,-2.1600440988534197,0.14887184992623537,1.0,0.06892074564832196,Bearish,11700.0,1,Monday,Asia,2022,1,196333.79929218238,402546.00931871095,306212.2100265281
1556,1557,2022-01-17 05:00:00,2022-01-17 05:15:00,2799.189531927102,2855.666413133129,1,0.02017615476260559,3961.2611196494186,1,0.0,2.017615476260559,1.0,2.017615476260559,Sideways,900.0,5,Monday,Asia,2022,1,200295.0604118318,406507.27043836034,306212.2100265281
1557,1569,2022-01-17 05:15:00,2022-01-17 08:15:00,2855.666413133129,2881.660144249444,-1,-0.009102509661762515,-1823.1877226020067,12,-3.6812117208710804,-0.0,0.0,-0.0,Sideways,10800.0,5,Monday,Asia,2022,1,198471.8726892298,406507.27043836034,308035.3977491301
1569,1571,2022-01-17 08:15:00,2022-01-17 08:45:00,2881.660144249444,2944.848319387128,1,0.021927698609352175,4352.031406763149,2,0.0,2.1927698609352175,1.0,2.1927698609352175,Sideways,1800.0,8,Monday,London,2022,1,202823.90409599297,410859.30184512347,308035.3977491301
1571,1575,2022-01-17 08:45:00,2022-01-17 09:45:00,2944.848319387128,2912.220152214995,-1,0.011079744568617933,2247.237049793464,4,-0.44149367361310254,1.1079744568617933,1.0,2.5096043795924308,Sideways,3600.0,8,Monday,London,2022,1,205071.14114578642,413106.53889491694,308035.3977491301
1575,1576,2022-01-17 09:45:00,2022-01-17 10:00:00,2912.220152214995,2949.46673987356,1,0.012789756856203427,2622.8100334787846,1,0.0,1.2789756856203427,1.0,1.2789756856203427,Sideways,900.0,9,Monday,London,2022,1,207693.95117926522,415729.3489283957,308035.3977491301
1576,1586,2022-01-17 10:00:00,2022-01-17 12:30:00,2949.46673987356,2955.576333737994,-1,-0.0020714232107923447,-430.22207121390227,10,-3.0076940858829504,-0.0,0.0,-0.0,Bullish,9000.0,10,Monday,London,2022,1,207263.7291080513,415729.3489283957,308465.61982034397
1586,1589,2022-01-17 12:30:00,2022-01-17 13:15:00,2955.576333737994,3000.090453709646,1,0.015061062528997304,3121.6119840895212,3,0.0,1.5061062528997304,1.0,1.5061062528997304,Bullish,2700.0,12,Monday,London,2022,1,210385.34109214082,418850.96091248526,308465.61982034397
1589,1624,2022-01-17 13:15:00,2022-01-17 22:00:00,3000.090453709646,3162.277812129706,-1,-0.054060822806030195,-11373.604645768455,35,-11.772636150950477,-0.0,0.0,-0.0,Bullish,31500.0,13,Monday,NY_overlap,2022,1,199011.73644637238,418850.96091248526,319839.22446611244
1624,1636,2022-01-17 22:00:00,2022-01-18 01:00:00,3162.277812129706,3189.636337986701,1,0.008651525097527646,1721.755032568349,12,-2.3006311319672124,3.2483615942808575,0.2663350383393193,1.411943683254979,Bullish,10800.0,22,Monday,Late,2022,1,200733.49147894073,420572.7159450536,319839.22446611244
1636,1638,2022-01-18 01:00:00,2022-01-18 01:30:00,3189.636337986701,3104.302332083472,-1,0.026753521988369444,5370.327878084015,2,-0.0,2.6753521988369444,1.0,2.6753521988369444,Bullish,1800.0,1,Tuesday,Asia,2022,1,206103.81935702474,425943.04382313765,319839.22446611244
1638,1640,2022-01-18 01:30:00,2022-01-18 02:00:00,3104.302332083472,3199.285849869002,1,0.030597379902034705,6306.236860127224,2,0.0,3.0597379902034705,1.0,3.0597379902034705,Bullish,1800.0,1,Tuesday,Asia,2022,1,212410.05621715199,432249.2806832649,319839.22446611244
1640,1643,2022-01-18 02:00:00,2022-01-18 02:45:00,3199.285849869002,3110.667119430416,-1,0.027699535020359267,5883.659790863485,3,-1.4059321429357619,2.7699535020359267,1.0,1.9701900379430248,Bullish,2700.0,2,Tuesday,Asia,2022,1,218293.71600801544,438132.94047412835,319839.22446611244
1643,1661,2022-01-18 02:45:00,2022-01-18 07:15:00,3110.667119430416,3004.036801810496,1,-0.03427892266384469,-7482.873409042041,18,-5.703394041886445,0.0,0.0,0.0,Sideways,16200.0,2,Tuesday,Asia,2022,1,210810.84259897342,438132.94047412835,327322.09787515446
1661,1667,2022-01-18 07:15:00,2022-01-18 08:45:00,3004.036801810496,2985.020626575933,-1,0.006330207147629552,1334.4763026178305,6,-0.3189162901263476,0.6423662862465651,0.9854513356573904,2.0142159749571706,Bearish,5400.0,7,Tuesday,Asia,2022,1,212145.31890159124,439467.41677674616,327322.09787515446
1667,1668,2022-01-18 08:45:00,2022-01-18 09:00:00,2985.020626575933,2999.781879412128,1,0.004945109157630023,1049.081759248601,1,0.0,0.4945109157630023,1.0,0.4945109157630023,Bearish,900.0,8,Tuesday,London,2022,1,213194.40066083983,440516.4985359948,327322.09787515446
1668,1671,2022-01-18 09:00:00,2022-01-18 09:45:00,2999.781879412128,2980.040528518912,-1,0.006580928776423134,1403.017166281205,3,-0.0586752896280629,0.6580928776423134,1.0,11.215843702074617,Bearish,2700.0,9,Tuesday,London,2022,1,214597.41782712104,441919.51570227597,327322.09787515446
1671,1678,2022-01-18 09:45:00,2022-01-18 11:30:00,2980.040528518912,3009.661606511658,1,0.00993982387463288,2133.0605371525867,7,-2.534429618120848,0.993982387463288,1.0,0.3921917501107314,Bearish,6300.0,9,Tuesday,London,2022,1,216730.47836427361,444052.57623942854,327322.09787515446
1678,1681,2022-01-18 11:30:00,2022-01-18 12:15:00,3009.661606511658,2930.728837022167,-1,0.026226459917856992,5684.073203798597,3,-0.0,2.6226459917856992,1.0,2.6226459917856992,Bearish,2700.0,11,Tuesday,London,2022,1,222414.55156807223,449736.64944322716,327322.09787515446
1681,1684,2022-01-18 12:15:00,2022-01-18 13:00:00,2930.728837022167,2974.831890678372,1,0.015048493432444854,3347.0039185523037,3,-2.059871871206098,1.5048493432444854,1.0,0.7305548292978847,Bearish,2700.0,12,Tuesday,London,2022,1,225761.55548662454,453083.65336177946,327322.09787515446
1684,1697,2022-01-18 13:00:00,2022-01-18 16:15:00,2974.831890678372,3069.043827395577,-1,-0.031669667456644346,-7149.793386756162,13,-7.065455298054002,0.3095063331783554,-10.232316454214349,0.043805575171298725,Bearish,11700.0,13,Tuesday,NY_overlap,2022,1,218611.76209986839,453083.65336177946,334471.8912619106
1697,1698,2022-01-18 16:15:00,2022-01-18 16:30:00,3069.043827395577,3112.759955537355,1,0.014244217613169852,3113.953512149044,1,0.0,1.4244217613169852,1.0,1.4244217613169852,Sideways,900.0,16,Tuesday,NY,2022,1,221725.71561201743,456197.6068739285,334471.8912619106
1698,1708,2022-01-18 16:30:00,2022-01-18 19:00:00,3112.759955537355,3060.288717480177,-1,0.016856821215473272,3737.59074694465,10,-2.100846723172878,1.6856821215473272,1.0,0.802382250429706,Bullish,9000.0,16,Tuesday,NY,2022,1,225463.3063589621,459935.19762087316,334471.8912619106
1708,1710,2022-01-18 19:00:00,2022-01-18 19:30:00,3060.288717480177,3173.58000854208,1,0.037019804835664694,8346.607599012457,2,0.0,3.7019804835664694,1.0,3.7019804835664694,Bullish,1800.0,19,Tuesday,NY,2022,1,233809.91395797452,468281.8052198856,334471.8912619106
1710,1711,2022-01-18 19:30:00,2022-01-18 19:45:00,3173.58000854208,3116.733798166424,-1,0.01791232936388798,4188.080187357551,1,-0.0,1.791232936388798,1.0,1.791232936388798,Bullish,900.0,19,Tuesday,NY,2022,1,237997.99414533208,472469.88540724316,334471.8912619106
1711,1715,2022-01-18 19:45:00,2022-01-18 20:45:00,3116.733798166424,3132.089359124225,1,0.004926811833219302,1172.5713338376809,4,-0.7883522900072881,0.4926811833219302,1.0,0.6249505323532142,Bullish,3600.0,19,Tuesday,NY,2022,1,239170.56547916977,473642.45674108085,334471.8912619106
1715,1727,2022-01-18 20:45:00,2022-01-18 23:45:00,3132.089359124225,3155.234791318871,-1,-0.007389773898761831,-1767.4164021300771,12,-6.3966357318381295,-0.0,0.0,-0.0,Bullish,10800.0,20,Tuesday,NY,2022,1,237403.1490770397,473642.45674108085,336239.3076640407
1727,1738,2022-01-18 23:45:00,2022-01-19 02:30:00,3155.234791318871,3226.364109889219,1,0.022543272775151113,5351.843947323573,11,-1.5149579207098807,2.2543272775151113,1.0,1.4880461342838989,Bullish,9900.0,23,Tuesday,Late,2022,1,242754.99302436327,478994.3006884044,336239.3076640407
1738,1744,2022-01-19 02:30:00,2022-01-19 04:00:00,3226.364109889219,3203.985241031469,-1,0.0069362502481217225,1683.8093805980275,6,-3.3415725240021565,0.6936250248121723,1.0,0.20757443384213217,Bullish,5400.0,2,Wednesday,Asia,2022,1,244438.8024049613,480678.11006900243,336239.3076640407
1744,1749,2022-01-19 04:00:00,2022-01-19 05:15:00,3203.985241031469,3245.667050959717,1,0.013009363899201265,3179.9933315710964,5,-0.9977883219839279,1.3009363899201265,1.0,1.3038200199952648,Sideways,4500.0,4,Wednesday,Asia,2022,1,247618.7957365324,483858.10340057354,336239.3076640407
1749,1754,2022-01-19 05:15:00,2022-01-19 06:30:00,3245.667050959717,3229.108665491148,-1,0.005101689485886407,1263.2742067169218,5,-1.4292280299068372,0.5101689485886407,1.0,0.35695420038879,Bullish,4500.0,5,Wednesday,Asia,2022,1,248882.0699432493,485121.37760729046,336239.3076640407
1754,1755,2022-01-19 06:30:00,2022-01-19 06:45:00,3229.108665491148,3242.541752271794,1,0.004159998368652884,1035.3490049508707,1,0.0,0.4159998368652884,1.0,0.4159998368652884,Sideways,900.0,6,Wednesday,Asia,2022,1,249917.41894820018,486156.72661224136,336239.3076640407
1755,1756,2022-01-19 06:45:00,2022-01-19 07:00:00,3242.541752271794,3111.809958324803,-1,0.04031769023649345,10076.0930818575,1,-0.0,4.031769023649345,1.0,4.031769023649345,Sideways,900.0,6,Wednesday,Asia,2022,1,259993.51203005767,496232.81969409884,336239.3076640407
1756,1760,2022-01-19 07:00:00,2022-01-19 08:00:00,3111.809958324803,3282.193506704861,1,0.054753841224861155,14235.643477187812,4,0.0,5.4753841224861155,1.0,5.4753841224861155,Sideways,3600.0,7,Wednesday,Asia,2022,1,274229.15550724545,510468.4631712866,336239.3076640407
1760,1779,2022-01-19 08:00:00,2022-01-19 12:45:00,3282.193506704861,3490.854066688873,-1,-0.06357350947095597,-17433.709814852133,19,-11.000656994774527,0.7765010253133697,-8.18717650054613,0.07058678637850622,Bullish,17100.0,8,Wednesday,London,2022,1,256795.44569239335,510468.4631712866,353673.0174788928
1779,1782,2022-01-19 12:45:00,2022-01-19 13:30:00,3490.854066688873,3544.486807166787,1,0.015363787615672253,3945.350688289831,3,-0.6459800016718642,1.5363787615672253,1.0,2.3783689241012347,Bullish,2700.0,12,Wednesday,London,2022,1,260740.79638068317,514413.8138595765,353673.0174788928
1782,1785,2022-01-19 13:30:00,2022-01-19 14:15:00,3544.486807166787,3499.834188814583,-1,0.012597766836631608,3284.751757601486,3,-0.6775546455667802,1.2597766836631608,1.0,1.859299012863157,Bullish,2700.0,13,Wednesday,NY_overlap,2022,1,264025.54813828465,517698.565617178,353673.0174788928
1785,1786,2022-01-19 14:15:00,2022-01-19 14:30:00,3499.834188814583,3559.622108087839,1,0.017083071953619244,4510.36743644008,1,0.0,1.7083071953619244,1.0,1.7083071953619244,Bullish,900.0,14,Wednesday,NY_overlap,2022,1,268535.9155747247,522208.93305361806,353673.0174788928
1786,1798,2022-01-19 14:30:00,2022-01-19 17:30:00,3559.622108087839,3634.981799763153,-1,-0.021170699975171292,-5685.093301190427,12,-4.817445309588386,-0.0,0.0,-0.0,Bullish,10800.0,14,Wednesday,NY_overlap,2022,1,262850.8222735343,522208.93305361806,359358.1107800832
1798,1799,2022-01-19 17:30:00,2022-01-19 17:45:00,3634.981799763153,3666.953226385085,1,0.008795484649748442,2311.900372480628,1,0.0,0.8795484649748442,1.0,0.8795484649748442,Bullish,900.0,17,Wednesday,NY,2022,1,265162.72264601494,524520.8334260987,359358.1107800832
1799,1803,2022-01-19 17:45:00,2022-01-19 18:45:00,3666.953226385085,3646.89332750084,-1,0.005470453983406953,1450.5604723499262,4,-1.39146737145861,0.5470453983406953,1.0,0.39314281424166864,Bullish,3600.0,17,Wednesday,NY,2022,1,266613.28311836487,525971.3938984486,359358.1107800832
1803,1808,2022-01-19 18:45:00,2022-01-19 20:00:00,3646.89332750084,3679.616128393865,1,0.008972788056690773,2392.2644825195807,5,-1.9995775724697795,0.8972788056690773,1.0,0.44873418167058293,Bullish,4500.0,18,Wednesday,NY,2022,1,269005.54760088446,528363.6583809681,359358.1107800832
1808,1818,2022-01-19 20:00:00,2022-01-19 22:30:00,3679.616128393865,3728.462148158181,-1,-0.01327475966511682,-3570.9839929848854,10,-3.4058224138099114,-0.0,0.0,-0.0,Bullish,9000.0,20,Wednesday,NY,2022,1,265434.5636078996,528363.6583809681,362929.0947730681
1818,1824,2022-01-19 22:30:00,2022-01-20 00:00:00,3728.462148158181,3828.175032376731,1,0.02674370296820827,7098.7031266256545,6,-2.267075699190768,2.674370296820827,1.0,1.179656373086899,Bullish,5400.0,22,Wednesday,Late,2022,1,272533.2667345252,535462.3615075938,362929.0947730681
1824,1828,2022-01-20 00:00:00,2022-01-20 01:00:00,3828.175032376731,3747.652058624195,-1,0.021034297823770864,5732.545899379192,4,-0.0,2.374935709349346,0.88567862030815,2.374935709349346,Bullish,3600.0,0,Thursday,Asia,2022,1,278265.8126339044,541194.907406973,362929.0947730681
1828,1829,2022-01-20 01:00:00,2022-01-20 01:15:00,3747.652058624195,3757.78608822337,1,0.0027041009785990777,752.458856254009,1,0.0,0.27041009785990777,1.0,0.27041009785990777,Bullish,900.0,1,Thursday,Asia,2022,1,279018.2714901584,541947.366263227,362929.0947730681
1829,1830,2022-01-20 01:15:00,2022-01-20 01:30:00,3757.78608822337,3721.849760887002,-1,0.009563164717914518,2668.2976895681786,1,-0.0,0.9563164717914518,1.0,0.9563164717914518,Bullish,900.0,1,Thursday,Asia,2022,1,281686.5691797266,544615.6639527951,362929.0947730681
1830,1842,2022-01-20 01:30:00,2022-01-20 04:30:00,3721.849760887002,3657.3100691932,1,-0.01734075683872338,-4884.658300879873,12,-4.927491468939415,0.0,0.0,0.0,Bullish,10800.0,1,Thursday,Asia,2022,1,276801.9108788467,544615.6639527951,367813.75307394797
1842,1863,2022-01-20 04:30:00,2022-01-20 09:45:00,3657.3100691932,3935.598366402672,-1,-0.07609097723312863,-21062.12789876884,21,-11.599458252034545,-0.0,0.0,-0.0,Sideways,18900.0,4,Thursday,Asia,2022,1,255739.78298007787,544615.6639527951,388875.8809727168
1863,1864,2022-01-20 09:45:00,2022-01-20 10:00:00,3935.598366402672,4000.400066664769,1,0.01646552677104829,4210.890243080555,1,0.0,1.6465526771048289,1.0,1.6465526771048289,Bullish,900.0,9,Thursday,London,2022,1,259950.67322315843,548826.5541958757,388875.8809727168
1864,1923,2022-01-20 10:00:00,2022-01-21 00:45:00,4000.400066664769,5676.60495249727,-1,-0.41900931354348114,-108921.75314240147,59,-47.9619713926555,-0.0,0.0,-0.0,Bullish,53100.0,10,Thursday,London,2022,1,151028.92008075694,548826.5541958757,497797.63411511824
1923,1924,2022-01-21 00:45:00,2022-01-21 01:00:00,5676.60495249727,5740.092924705471,1,0.011184144878757518,1689.1293230654783,1,0.0,1.1184144878757518,1.0,1.1184144878757518,Bullish,900.0,0,Friday,Asia,2022,1,152718.04940382243,550515.6835189412,497797.63411511824
1924,1931,2022-01-21 01:00:00,2022-01-21 02:45:00,5740.092924705471,5663.373524109516,-1,0.013365532858493068,2041.1581073917587,7,-1.6559023603761158,1.3365532858493068,1.0,0.8071449850133233,Bullish,6300.0,1,Friday,Asia,2022,1,154759.2075112142,552556.841626333,497797.63411511824
1931,1946,2022-01-21 02:45:00,2022-01-21 06:30:00,5663.373524109516,5514.922749210521,1,-0.026212428734750826,-4056.614697934221,15,-7.572722411195853,0.0,0.0,0.0,Bullish,13500.0,2,Friday,Asia,2022,1,150702.59281327997,552556.841626333,501854.2488130525
1946,1949,2022-01-21 06:30:00,2022-01-21 07:15:00,5514.922749210521,5296.614358301094,-1,0.03958503152934978,5965.566888068456,3,-0.0,3.958503152934978,1.0,3.958503152934978,Bullish,2700.0,6,Friday,Asia,2022,1,156668.15970134843,558522.4085144014,501854.2488130525
1949,1961,2022-01-21 07:15:00,2022-01-21 10:15:00,5296.614358301094,5418.654149914674,1,0.02304109443465774,3609.805862582813,12,-1.9476944792101714,2.304109443465774,1.0,1.1829932610376017,Sideways,10800.0,7,Friday,Asia,2022,1,160277.96556393124,562132.2143769843,501854.2488130525
1961,1976,2022-01-21 10:15:00,2022-01-21 14:00:00,5418.654149914674,5487.696126161663,-1,-0.01274153587530158,-2042.1874482531832,15,-4.821881573988085,-0.0,0.0,-0.0,Sideways,13500.0,10,Friday,London,2022,1,158235.77811567805,562132.2143769843,503896.43626130564
1976,1980,2022-01-21 14:00:00,2022-01-21 15:00:00,5487.696126161663,5576.784402834946,1,0.016234185462378203,2568.8289687136466,4,-0.8830125716609238,1.6234185462378203,1.0,1.8384999243942948,Bearish,3600.0,14,Friday,NY_overlap,2022,1,160804.6070843917,564701.0433456979,503896.43626130564
1980,1981,2022-01-21 15:00:00,2022-01-21 15:15:00,5576.784402834946,5412.726929339819,-1,0.029417933641423977,4730.539260443896,1,-0.0,2.9417933641423977,1.0,2.9417933641423977,Bearish,900.0,15,Friday,NY_overlap,2022,1,165535.14634483558,569431.5826061418,503896.43626130564
1981,2000,2022-01-21 15:15:00,2022-01-21 20:00:00,5412.726929339819,5320.392810520729,1,-0.01705870627217332,-2823.815439217778,19,-4.599731421786402,0.7170768863249632,-2.3789229017824867,0.15589538183220086,Bearish,17100.0,15,Friday,NY_overlap,2022,1,162711.33090561783,569431.5826061418,506720.2517005234
2000,2001,2022-01-21 20:00:00,2022-01-21 20:15:00,5320.392810520729,5132.176597774051,-1,0.03537637528839843,5756.137105791923,1,-0.0,3.537637528839843,1.0,3.537637528839843,Sideways,900.0,20,Friday,NY,2022,1,168467.46801140974,575187.7197119338,506720.2517005234
2001,2029,2022-01-21 20:15:00,2022-01-22 03:15:00,5132.176597774051,4928.999722584535,1,-0.03958883162314364,-6669.430225081043,28,-7.917778851119728,0.6888641352676084,-5.746972384875903,0.08700219445636444,Bearish,25200.0,20,Friday,NY,2022,1,161798.0377863287,575187.7197119338,513389.68192560447
2029,2035,2022-01-22 03:15:00,2022-01-22 04:45:00,4928.999722584535,4869.871180573027,-1,0.011996053020774777,1940.9378399421216,6,-0.49897758800434566,1.1996053020774777,1.0,2.404126619945564,Bearish,5400.0,3,Saturday,Asia,2022,1,163738.9756262708,577128.6575518759,513389.68192560447
2035,2036,2022-01-22 04:45:00,2022-01-22 05:00:00,4869.871180573027,4916.069381267739,1,0.009486534444485217,1553.315432183345,1,0.0,0.9486534444485217,1.0,0.9486534444485217,Bearish,900.0,4,Saturday,Asia,2022,1,165292.29105845417,578681.9729840592,513389.68192560447
2036,2040,2022-01-22 05:00:00,2022-01-22 06:00:00,4916.069381267739,4884.073269334899,-1,0.00650847444398539,1075.8006521417446,4,-2.6494065859126836,0.650847444398539,1.0,0.24565781932422093,Bearish,3600.0,5,Saturday,Asia,2022,1,166368.0917105959,579757.773636201,513389.68192560447
2040,2043,2022-01-22 06:00:00,2022-01-22 06:45:00,4884.073269334899,4983.157067998765,1,0.02028712371822361,3375.130059297634,3,0.0,2.028712371822361,1.0,2.028712371822361,Bearish,2700.0,6,Saturday,Asia,2022,1,169743.22176989354,583132.9036954987,513389.68192560447
2043,2048,2022-01-22 06:45:00,2022-01-22 08:00:00,4983.157067998765,4929.312553769172,-1,0.010805301437391224,1834.1266781776494,5,-0.4101995170276984,1.0805301437391224,1.0,2.6341575230722674,Bearish,4500.0,6,Saturday,Asia,2022,1,171577.3484480712,584967.0303736763,513389.68192560447
2048,2050,2022-01-22 08:00:00,2022-01-22 08:30:00,4929.312553769172,4979.395040566583,1,0.010160136175401346,1743.2492248466917,2,-1.4192272404772277,1.0160136175401346,1.0,0.7158921338055004,Bearish,1800.0,8,Saturday,London,2022,1,173320.59767291788,586710.279598523,513389.68192560447
2050,2054,2022-01-22 08:30:00,2022-01-22 09:30:00,4979.395040566583,4921.650887101065,-1,0.011596620271154046,2009.933156382296,4,-0.716913620497639,1.1596620271154046,1.0,1.617575665964382,Bearish,3600.0,8,Saturday,London,2022,1,175330.53082930017,588720.2127549053,513389.68192560447
2054,2056,2022-01-22 09:30:00,2022-01-22 10:00:00,4921.650887101065,4976.186300322195,1,0.011080715490011661,1942.7877288321952,2,-0.25935065253611667,1.1080715490011661,1.0,4.272484137462728,Sideways,1800.0,9,Saturday,London,2022,1,177273.31855813236,590663.0004837376,513389.68192560447
2056,2057,2022-01-22 10:00:00,2022-01-22 10:15:00,4976.186300322195,4946.020488579384,-1,0.006062034241133274,1074.636927138726,1,-0.0,0.6062034241133274,1.0,0.6062034241133274,Sideways,900.0,10,Saturday,London,2022,1,178347.9554852711,591737.6374108763,513389.68192560447
2057,2061,2022-01-22 10:15:00,2022-01-22 11:15:00,4946.020488579384,5037.372363896215,1,0.01846977292709706,3294.0462398249742,4,-1.0275404248125897,1.8469772927097061,1.0,1.7974740926096133,Sideways,3600.0,10,Saturday,London,2022,1,181642.00172509608,595031.6836507013,513389.68192560447
2061,2067,2022-01-22 11:15:00,2022-01-22 12:45:00,5037.372363896215,4954.679551307663,-1,0.01641586259956207,2981.8101426285957,6,-2.1816883242967267,1.641586259956207,1.0,0.7524384861368211,Sideways,5400.0,11,Saturday,London,2022,1,184623.81186772467,598013.4937933299,513389.68192560447
2067,2075,2022-01-22 12:45:00,2022-01-22 14:45:00,4954.679551307663,4991.733948266664,1,0.0074786666978736704,1380.7399534496471,8,-3.1783269116601343,0.747866669787367,1.0,0.23530199711166092,Sideways,7200.0,12,Saturday,London,2022,1,186004.55182117433,599394.2337467796,513389.68192560447
2075,2076,2022-01-22 14:45:00,2022-01-22 15:00:00,4991.733948266664,4905.842062296048,-1,0.017206823693085793,3200.5475292983883,1,-0.0,1.7206823693085793,1.0,1.7206823693085793,Sideways,900.0,14,Saturday,NY_overlap,2022,1,189205.0993504727,602594.781276078,513389.68192560447
2076,2087,2022-01-22 15:00:00,2022-01-22 17:45:00,4905.842062296048,4721.977666027588,1,-0.03747866195725169,-7091.153959144592,11,-7.117298188592702,0.0,0.0,0.0,Bullish,9900.0,15,Saturday,NY_overlap,2022,1,182113.94539132813,602594.781276078,520480.8358847491
2087,2088,2022-01-22 17:45:00,2022-01-22 18:00:00,4721.977666027588,4649.748243679877,-1,0.01529643455693741,2785.694047584125,1,-0.0,1.529643455693741,1.0,1.529643455693741,Bearish,900.0,17,Saturday,NY,2022,1,184899.63943891224,605380.475323662,520480.8358847491
2088,2093,2022-01-22 18:00:00,2022-01-22 19:15:00,4649.748243679877,4747.830092593533,1,0.02109401278810563,3900.2753588405367,5,-0.9834271790471694,2.109401278810563,1.0,2.1449491368078077,Bearish,4500.0,18,Saturday,NY,2022,1,188799.91479775278,609280.7506825026,520480.8358847491
2093,2099,2022-01-22 19:15:00,2022-01-22 20:45:00,4747.830092593533,4669.989708656781,-1,0.016394938828619976,3095.363053957821,6,-0.2380034541866971,1.6394938828619976,1.0,6.888529784008635,Bearish,5400.0,19,Saturday,NY,2022,1,191895.2778517106,612376.1137364605,520480.8358847491
2099,2100,2022-01-22 20:45:00,2022-01-22 21:00:00,4669.989708656781,4771.016982066345,1,0.02163329679769732,4151.32749984265,1,0.0,2.163329679769732,1.0,2.163329679769732,Bearish,900.0,20,Saturday,NY,2022,1,196046.60535155324,616527.4412363031,520480.8358847491
2100,2114,2022-01-22 21:00:00,2022-01-23 00:30:00,4771.016982066345,4884.534378297895,-1,-0.023793123490913448,-4664.561091103881,14,-5.409359057835839,-0.0,0.0,-0.0,Bearish,12600.0,21,Saturday,Late,2022,1,191382.04426044936,616527.4412363031,525145.3969758529
2114,2117,2022-01-23 00:30:00,2022-01-23 01:15:00,4884.534378297895,4952.547299637574,1,0.013924136073616644,2664.829626329421,3,-1.0628433506217339,1.3924136073616644,1.0,1.3100835664513883,Bearish,2700.0,0,Sunday,Asia,2022,1,194046.87388677878,619192.2708626325,525145.3969758529
2117,2133,2022-01-23 01:15:00,2022-01-23 05:15:00,4952.547299637574,5057.03654823067,-1,-0.021098081910442712,-4094.016839728607,16,-4.281731264151034,-0.0,0.0,-0.0,Sideways,14400.0,1,Sunday,Asia,2022,1,189952.85704705017,619192.2708626325,529239.4138155815
2133,2137,2022-01-23 05:15:00,2022-01-23 06:15:00,5057.03654823067,5117.675247817478,1,0.01199095537642969,2277.7162324765072,4,-2.6138880132025255,1.199095537642969,1.0,0.458740210592971,Bullish,3600.0,5,Sunday,Asia,2022,1,192230.57327952667,621469.9870951091,529239.4138155815
2137,2145,2022-01-23 06:15:00,2022-01-23 08:15:00,5117.675247817478,5098.088221873951,-1,0.003827328815340536,735.7296123021631,8,-4.099027368666541,0.3827328815340536,1.0,0.09337163358793596,Bullish,7200.0,6,Sunday,Asia,2022,1,192966.30289182885,622205.7167074112,529239.4138155815
2145,2152,2022-01-23 08:15:00,2022-01-23 10:00:00,5098.088221873951,5252.517846242561,1,0.030291673593644708,5845.272261771659,7,-1.7336747749062131,3.029167359364471,1.0,1.7472523700578964,Bullish,6300.0,8,Sunday,London,2022,1,198811.5751536005,628050.9889691828,529239.4138155815
2152,2155,2022-01-23 10:00:00,2022-01-23 10:45:00,5252.517846242561,5065.241086356528,-1,0.0356546641759633,7088.559946395917,3,-0.0,3.56546641759633,1.0,3.56546641759633,Bullish,2700.0,10,Sunday,London,2022,1,205900.13509999643,635139.5489155788,529239.4138155815
2155,2157,2022-01-23 10:45:00,2022-01-23 11:15:00,5065.241086356528,5146.782484248206,1,0.01609822642229486,3314.626995220844,2,0.0,1.609822642229486,1.0,1.609822642229486,Sideways,1800.0,10,Sunday,London,2022,1,209214.76209521727,638454.1759107996,529239.4138155815
2157,2158,2022-01-23 11:15:00,2022-01-23 11:30:00,5146.782484248206,5108.391146692848,-1,0.00745928891940828,1560.5933566734939,1,-0.0,0.745928891940828,1.0,0.745928891940828,Bullish,900.0,11,Sunday,London,2022,1,210775.35545189076,640014.7692674731,529239.4138155815
2158,2161,2022-01-23 11:30:00,2022-01-23 12:15:00,5108.391146692848,5187.760747995196,1,0.01553710337034997,3274.838485578285,3,-0.4419890027932416,1.553710337034997,1.0,3.5152692198584146,Bullish,2700.0,11,Sunday,London,2022,1,214050.19393746904,643289.6077530514,529239.4138155815
2161,2164,2022-01-23 12:15:00,2022-01-23 13:00:00,5187.760747995196,5100.923492124049,-1,0.016738870601290756,3582.958498500486,3,-1.538094068477447,1.6738870601290756,1.0,1.0882865322964608,Bullish,2700.0,12,Sunday,London,2022,1,217633.15243596953,646872.566251552,529239.4138155815
2164,2166,2022-01-23 13:00:00,2022-01-23 13:30:00,5100.923492124049,5229.922773681968,1,0.02528939745069625,5503.811290401197,2,-0.056750137136130085,2.528939745069625,1.0,44.56270720550507,Bullish,1800.0,13,Sunday,NY_overlap,2022,1,223136.9637263707,652376.3775419531,529239.4138155815
2166,2170,2022-01-23 13:30:00,2022-01-23 14:30:00,5229.922773681968,5107.170953139253,-1,0.02347105795910165,5237.26060843961,4,-1.6482711415676699,2.347105795910165,1.0,1.4239803978354155,Bullish,3600.0,13,Sunday,NY_overlap,2022,1,228374.22433481034,657613.6381503927,529239.4138155815
2170,2171,2022-01-23 14:30:00,2022-01-23 14:45:00,5107.170953139253,5215.678513675013,1,0.021246118747809684,4852.06588915631,1,0.0,2.1246118747809684,1.0,2.1246118747809684,Sideways,900.0,14,Sunday,NY_overlap,2022,1,233226.29022396664,662465.704039549,529239.4138155815
2171,2175,2022-01-23 14:45:00,2022-01-23 15:45:00,5215.678513675013,5028.065887221596,-1,0.03597089543795973,8389.358499029555,4,-0.32151851165003187,3.5970895437959727,1.0,11.187814739921885,Bullish,3600.0,14,Sunday,NY_overlap,2022,1,241615.6487229962,670855.0625385785,529239.4138155815
2175,2186,2022-01-23 15:45:00,2022-01-23 18:30:00,5028.065887221596,4969.353309064908,1,-0.011676970722659274,-2821.338856274755,11,-3.3746464954302113,0.0,0.0,0.0,Sideways,9900.0,15,Sunday,NY_overlap,2022,1,238794.30986672145,670855.0625385785,532060.7526718562
2186,2189,2022-01-23 18:30:00,2022-01-23 19:15:00,4969.353309064908,4934.302738696431,-1,0.007053346419249151,1684.2989904355125,3,-0.8824504040637393,0.7053346419249151,1.0,0.799290972814795,Sideways,2700.0,18,Sunday,NY,2022,1,240478.60885715697,672539.3615290141,532060.7526718562
2189,2194,2022-01-23 19:15:00,2022-01-23 20:30:00,4934.302738696431,4975.659151026412,1,0.008381409597276956,2015.5497202151873,5,-0.9131651790316719,0.8381409597276956,1.0,0.9178415679586769,Bearish,4500.0,19,Sunday,NY,2022,1,242494.15857737215,674554.9112492292,532060.7526718562
2194,2202,2022-01-23 20:30:00,2022-01-23 22:30:00,4975.659151026412,4883.812089185971,-1,0.018459275254313567,4476.266420742877,8,-1.146379089872962,1.8459275254313567,1.0,1.6102243505121123,Bearish,7200.0,20,Sunday,NY,2022,1,246970.42499811502,679031.1776699721,532060.7526718562
2202,2205,2022-01-23 22:30:00,2022-01-23 23:15:00,4883.812089185971,4987.057649926592,1,0.021140363071960433,5221.044452496526,3,0.0,2.1140363071960433,1.0,2.1140363071960433,Bearish,2700.0,22,Sunday,Late,2022,1,252191.46945061153,684252.2221224686,532060.7526718562
2205,2206,2022-01-23 23:15:00,2022-01-23 23:30:00,4987.057649926592,4950.771103389591,-1,0.007276143386378275,1834.9812925440865,1,-0.0,0.7276143386378275,1.0,0.7276143386378275,Sideways,900.0,23,Sunday,Late,2022,1,254026.4507431556,686087.2034150127,532060.7526718562
2206,2208,2022-01-23 23:30:00,2022-01-24 00:00:00,4950.771103389591,4988.655510624455,1,0.007652223551382953,1943.8671890509975,2,-0.7325909565178979,0.7652223551382953,1.0,1.0445424535070686,Bearish,1800.0,23,Sunday,Late,2022,1,255970.3179322066,688031.0706040637,532060.7526718562
2208,2235,2022-01-24 00:00:00,2022-01-24 06:45:00,4988.655510624455,5184.511053191576,-1,-0.03926018586571134,-10049.442258123658,27,-7.544714899958049,-0.0,0.0,-0.0,Sideways,24300.0,0,Monday,Asia,2022,1,245920.87567408296,688031.0706040637,542110.1949299799
2235,2240,2022-01-24 06:45:00,2022-01-24 08:00:00,5184.511053191576,5274.318409798299,1,0.017322242287715506,4259.900992033628,5,-0.618195038971614,1.7322242287715506,1.0,2.80206750227753,Bullish,4500.0,6,Monday,Asia,2022,1,250180.77666611658,692290.9715960973,542110.1949299799
2240,2255,2022-01-24 08:00:00,2022-01-24 11:45:00,5274.318409798299,5508.954483448773,-1,-0.04448652042216139,-11129.672230389397,15,-7.279726703552036,-0.0,0.0,-0.0,Bullish,13500.0,8,Monday,London,2022,1,239051.10443572717,692290.9715960973,553239.8671603693
2255,2267,2022-01-24 11:45:00,2022-01-24 14:45:00,5508.954483448773,5426.413665169157,1,-0.014983027819090555,-3581.7093479448226,12,-3.5719719440066577,0.0,0.0,0.0,Bullish,10800.0,11,Monday,London,2022,1,235469.39508778235,692290.9715960973,556821.5765083141
2267,2268,2022-01-24 14:45:00,2022-01-24 15:00:00,5426.413665169157,5295.659647775503,-1,0.024095844043909298,5673.833821148867,1,-0.0,2.40958440439093,1.0,2.40958440439093,Bullish,900.0,14,Monday,NY_overlap,2022,1,241143.22890893123,697964.8054172462,556821.5765083141
2268,2270,2022-01-24 15:00:00,2022-01-24 15:30:00,5295.659647775503,5537.615130958192,1,0.045689394575107345,11017.688134735594,2,0.0,4.5689394575107345,1.0,4.5689394575107345,Sideways,1800.0,15,Monday,NY_overlap,2022,1,252160.91704366682,708982.4935519818,556821.5765083141
2270,2286,2022-01-24 15:30:00,2022-01-24 19:30:00,5537.615130958192,5700.347555865523,-1,-0.02938673437190875,-7410.185888139157,16,-6.137356868235511,0.24466303066147388,-12.011105352720609,0.039864559926073594,Bullish,14400.0,15,Monday,NY_overlap,2022,1,244750.73115552767,708982.4935519818,564231.7623964533
2286,2288,2022-01-24 19:30:00,2022-01-24 20:00:00,5700.347555865523,5768.580604139691,1,0.011969980357418475,2929.661444395477,2,-0.6372398568196491,1.1969980357418475,1.0,1.878410496348819,Bullish,1800.0,19,Monday,NY,2022,1,247680.39259992316,711912.1549963772,564231.7623964533
2288,2291,2022-01-24 20:00:00,2022-01-24 20:45:00,5768.580604139691,5661.640408776124,-1,0.018538389718750548,4591.595643710516,3,-0.15009791681572793,1.8538389718750548,1.0,12.350864097274409,Bullish,2700.0,20,Monday,NY,2022,1,252271.98824363368,716503.7506400876,564231.7623964533
2291,2302,2022-01-24 20:45:00,2022-01-24 23:30:00,5661.640408776124,5679.068631119149,1,0.003078299059051881,776.568624035525,11,-3.674735316842259,0.3078299059051881,1.0,0.08376927298527442,Bullish,9900.0,20,Monday,NY,2022,1,253048.5568676692,717280.3192641232,564231.7623964533
2302,2304,2022-01-24 23:30:00,2022-01-25 00:00:00,5679.068631119149,5538.225809009507,-1,0.02480033809379878,6275.689764466065,2,-0.0,2.480033809379878,1.0,2.480033809379878,Sideways,1800.0,23,Monday,Late,2022,1,259324.24663213527,723556.0090285892,564231.7623964533
2304,2305,2022-01-25 00:00:00,2022-01-25 00:15:00,5538.225809009507,5625.318119783204,1,0.015725669876445858,4078.0474934949866,1,0.0,1.5725669876445858,1.0,1.5725669876445858,Sideways,900.0,0,Tuesday,Asia,2022,1,263402.2941256303,727634.0565220842,564231.7623964533
2305,2306,2022-01-25 00:15:00,2022-01-25 00:30:00,5625.318119783204,5528.678415638024,-1,0.017179420272307122,4525.0987114740565,1,-0.0,1.7179420272307122,1.0,1.7179420272307122,Sideways,900.0,0,Tuesday,Asia,2022,1,267927.39283710433,732159.1552335583,564231.7623964533
2306,2308,2022-01-25 00:30:00,2022-01-25 01:00:00,5528.678415638024,5652.803301734488,1,0.022451095318796854,6015.263435102559,2,0.0,2.2451095318796854,1.0,2.2451095318796854,Sideways,1800.0,0,Tuesday,Asia,2022,1,273942.6562722069,738174.4186686608,564231.7623964533
2308,2320,2022-01-25 01:00:00,2022-01-25 04:00:00,5652.803301734488,5792.93264803394,-1,-0.024789354735986535,-6790.861683650162,12,-5.511898876413857,-0.0,0.0,-0.0,Bullish,10800.0,1,Tuesday,Asia,2022,1,267151.79458855675,738174.4186686608,571022.6240801035
2320,2322,2022-01-25 04:00:00,2022-01-25 04:30:00,5792.93264803394,5999.451083954337,1,0.03565006680864613,9523.979325131753,2,0.0,3.565006680864613,1.0,3.565006680864613,Bullish,1800.0,4,Tuesday,Asia,2022,1,276675.7739136885,747698.3979937925,571022.6240801035
2322,2331,2022-01-25 04:30:00,2022-01-25 06:45:00,5999.451083954337,5914.841842765382,-1,0.014102830409809308,3901.91151800749,9,-2.985294029403218,1.4102830409809308,1.0,0.47241009665733213,Bullish,8100.0,4,Tuesday,Asia,2022,1,280577.68543169595,751600.3095118001,571022.6240801035
2331,2345,2022-01-25 06:45:00,2022-01-25 10:15:00,5914.841842765382,5803.956923455748,1,-0.01874689505777072,-5259.960424340208,14,-4.263791374179626,0.0,0.0,0.0,Sideways,12600.0,6,Tuesday,Asia,2022,1,275317.72500735574,751600.3095118001,576282.5845044437
2345,2373,2022-01-25 10:15:00,2022-01-25 17:15:00,5803.956923455748,6409.769677224261,-1,-0.10437926431194189,-28737.461588305316,28,-13.863618785486853,0.4420032520216055,-23.615044422080345,0.03188224220968317,Bullish,25200.0,10,Tuesday,London,2022,1,246580.26341905043,751600.3095118001,605020.046092749
2373,2375,2022-01-25 17:15:00,2022-01-25 17:45:00,6409.769677224261,6491.910574976856,1,0.012814953093317039,3159.9145094528903,2,0.0,1.2814953093317039,1.0,1.2814953093317039,Bullish,1800.0,17,Tuesday,NY,2022,1,249740.1779285033,754760.224021253,605020.046092749
2375,2377,2022-01-25 17:45:00,2022-01-25 18:15:00,6491.910574976856,6459.837040291257,-1,0.0049405385849317085,1233.8509852634809,2,-0.0,0.49405385849317085,1.0,0.49405385849317085,Bullish,1800.0,17,Tuesday,NY,2022,1,250974.0289137668,755994.0750065164,605020.046092749
2377,2382,2022-01-25 18:15:00,2022-01-25 19:30:00,6459.837040291257,6566.493640774853,1,0.016510726171319545,4143.763467508037,5,-1.540052520109203,1.6510726171319545,1.0,1.0720885135884062,Bullish,4500.0,18,Tuesday,NY,2022,1,255117.79238127483,760137.8384740244,605020.046092749
2382,2388,2022-01-25 19:30:00,2022-01-25 21:00:00,6566.493640774853,6449.187265416182,-1,0.01786438574009319,4557.5226522601015,6,-1.8452231799126473,1.7864385740093192,1.0,0.9681422786450629,Bullish,5400.0,19,Tuesday,NY,2022,1,259675.31503353495,764695.3611262846,605020.046092749
2388,2391,2022-01-25 21:00:00,2022-01-25 21:45:00,6449.187265416182,6635.87355123712,1,0.028947257714479147,7516.888266364297,3,0.0,2.8947257714479147,1.0,2.8947257714479147,Bullish,2700.0,21,Tuesday,Late,2022,1,267192.20329989924,772212.2493926489,605020.046092749
2391,2395,2022-01-25 21:45:00,2022-01-25 22:45:00,6635.87355123712,6531.920600470748,-1,0.01566530012420042,4185.646055539296,4,-1.1663671111372675,1.566530012420042,1.0,1.3430848636434847,Bullish,3600.0,21,Tuesday,Late,2022,1,271377.8493554385,776397.8954481882,605020.046092749
2395,2396,2022-01-25 22:45:00,2022-01-25 23:00:00,6531.920600470748,6591.022769769263,1,0.00904820693843944,2455.482939476652,1,0.0,0.904820693843944,1.0,0.904820693843944,Bullish,900.0,22,Tuesday,Late,2022,1,273833.33229491516,778853.3783876648,605020.046092749
2396,2400,2022-01-25 23:00:00,2022-01-26 00:00:00,6591.022769769263,6499.535249108548,-1,0.013880625793061485,3800.978015252777,4,-1.349483316903921,1.3880625793061485,1.0,1.0285881729095685,Bullish,3600.0,23,Tuesday,Late,2022,1,277634.31031016796,782654.3564029175,605020.046092749
2400,2415,2022-01-26 00:00:00,2022-01-26 03:45:00,6499.535249108548,6460.596305192544,1,-0.005991035116140742,-1663.3169025137322,15,-4.3515776480279715,0.8485732008207236,-0.7060127647616409,0.19500357558948217,Bullish,13500.0,0,Wednesday,Asia,2022,1,275970.9934076542,782654.3564029175,606683.3629952627
2415,2419,2022-01-26 03:45:00,2022-01-26 04:45:00,6460.596305192544,6299.227571730665,-1,0.024977374508322492,6893.0308557767785,4,-0.6942647870192387,2.497737450832249,1.0,3.5976726711951685,Bullish,3600.0,3,Wednesday,Asia,2022,1,282864.02426343097,789547.3872586943,606683.3629952627
2419,2422,2022-01-26 04:45:00,2022-01-26 05:30:00,6299.227571730665,6430.795019635549,1,0.020886282707950565,5907.977978674609,3,0.0,2.0886282707950565,1.0,2.0886282707950565,Bearish,2700.0,4,Wednesday,Asia,2022,1,288772.00224210555,795455.3652373689,606683.3629952627
2422,2429,2022-01-26 05:30:00,2022-01-26 07:15:00,6430.795019635549,6433.998700099705,-1,-0.0004981779786752405,-143.85985237497425,7,-1.385782527857038,0.15644323207147925,-0.3184400961798219,0.11289161822050225,Sideways,6300.0,5,Wednesday,Asia,2022,1,288628.1423897306,795455.3652373689,606827.2228476377
2429,2430,2022-01-26 07:15:00,2022-01-26 07:30:00,6433.998700099705,6556.934864031256,1,0.019107272112076412,5514.896455843722,1,0.0,1.9107272112076412,1.0,1.9107272112076412,Sideways,900.0,7,Wednesday,Asia,2022,1,294143.03884557437,800970.2616932126,606827.2228476377
2430,2472,2022-01-26 07:30:00,2022-01-26 18:00:00,6556.934864031256,8081.016633958811,-1,-0.23243814396999163,-68370.06201095847,42,-28.681300327238368,-0.0,0.0,-0.0,Bullish,37800.0,7,Wednesday,Asia,2022,1,225772.97683461587,800970.2616932126,675197.2848585962
2472,2481,2022-01-26 18:00:00,2022-01-26 20:15:00,8081.016633958811,7925.760765933814,1,-0.01921241782532246,-4337.64476461349,9,-4.768843492175801,0.0,0.0,0.0,Bullish,8100.0,18,Wednesday,NY,2022,1,221435.3320700024,800970.2616932126,679534.9296232096
2481,2482,2022-01-26 20:15:00,2022-01-26 20:30:00,7925.760765933814,7873.929904483,-1,0.006539544023785093,1448.0861024932524,1,-0.0,0.6539544023785093,1.0,0.6539544023785093,Bullish,900.0,20,Wednesday,NY,2022,1,222883.4181724956,802418.3477957058,679534.9296232096
2482,2496,2022-01-26 20:30:00,2022-01-27 00:00:00,7873.929904483,7850.380406324161,1,-0.0029908188724706575,-666.6039334310698,14,-4.5746372387183705,0.0,0.0,0.0,Bullish,12600.0,20,Wednesday,NY,2022,1,222216.81423906458,802418.3477957058,680201.5335566407
2496,2511,2022-01-27 00:00:00,2022-01-27 03:45:00,7850.380406324161,8241.53338472311,-1,-0.04982599035377211,-11072.172842721606,15,-9.556354980184544,-0.0,0.0,-0.0,Bullish,13500.0,0,Thursday,Asia,2022,1,211144.64139634295,802418.3477957058,691273.7063993623
2511,2519,2022-01-27 03:45:00,2022-01-27 05:45:00,8241.53338472311,8261.366097583446,1,0.002406434814314906,508.10581591219625,8,-4.074872449040612,0.2406434814314906,1.0,0.059055463561355825,Bullish,7200.0,3,Thursday,Asia,2022,1,211652.74721225514,802926.453611618,691273.7063993623
2519,2534,2022-01-27 05:45:00,2022-01-27 09:30:00,8261.366097583446,8486.615168342676,-1,-0.027265353949768478,-5770.787067183013,15,-5.750859151255927,-0.0,0.0,-0.0,Sideways,13500.0,5,Thursday,Asia,2022,1,205881.96014507214,802926.453611618,697044.4934665454
2534,2540,2022-01-27 09:30:00,2022-01-27 11:00:00,8486.615168342676,8527.183593875403,1,0.00478028339072778,984.1741145319676,6,-2.459762058963899,0.478028339072778,1.0,0.19433926030802062,Bullish,5400.0,9,Thursday,London,2022,1,206866.1342596041,803910.62772615,697044.4934665454
2540,2545,2022-01-27 11:00:00,2022-01-27 12:15:00,8527.183593875403,8368.224211466222,-1,0.018641487034869564,3856.2923597539984,5,-1.54776013068052,1.8641487034869564,1.0,1.204417058260395,Bullish,4500.0,11,Thursday,London,2022,1,210722.4266193581,807766.920085904,697044.4934665454
2545,2562,2022-01-27 12:15:00,2022-01-27 16:30:00,8368.224211466222,8089.87848721121,1,-0.0332622211381024,-7009.095952970649,17,-5.581040366436318,0.0,0.0,0.0,Bullish,15300.0,12,Thursday,London,2022,1,203713.33066638745,807766.920085904,704053.589419516
2562,2566,2022-01-27 16:30:00,2022-01-27 17:30:00,8089.87848721121,7955.950624121732,-1,0.016554990696238003,3372.472293881702,4,-1.4558025134667085,1.6554990696238003,1.0,1.1371728337530849,Sideways,3600.0,16,Thursday,NY,2022,1,207085.80296026915,811139.3923797857,704053.589419516
2566,2569,2022-01-27 17:30:00,2022-01-27 18:15:00,7955.950624121732,8160.919861447812,1,0.02576301023093719,5335.15366034726,3,-0.8286092639435805,2.576301023093719,1.0,3.109186844994214,Sideways,2700.0,17,Thursday,NY,2022,1,212420.95662061643,816474.5460401329,704053.589419516
2569,2571,2022-01-27 18:15:00,2022-01-27 18:45:00,8160.919861447812,8007.151143869723,-1,0.01884208155314604,4002.452988242954,2,-0.0,1.884208155314604,1.0,1.884208155314604,Sideways,1800.0,18,Thursday,NY,2022,1,216423.40960885937,820476.9990283758,704053.589419516
2571,2573,2022-01-27 18:45:00,2022-01-27 19:15:00,8007.151143869723,8060.763993259914,1,0.006695621005135877,1449.0891273802054,2,-0.0681671347778634,0.6695621005135877,1.0,9.822359450716142,Bearish,1800.0,18,Thursday,NY,2022,1,217872.49873623956,821926.088155756,704053.589419516
2573,2574,2022-01-27 19:15:00,2022-01-27 19:30:00,8060.763993259914,7892.240952281059,-1,0.020906584179832932,4554.969735299739,1,-0.0,2.090658417983293,1.0,2.090658417983293,Bearish,900.0,19,Thursday,NY,2022,1,222427.46847153932,826481.0578910557,704053.589419516
2574,2588,2022-01-27 19:30:00,2022-01-27 23:00:00,7892.240952281059,7840.996404853686,1,-0.0064930287528236486,-1444.227948203481,14,-4.078797110876453,0.0,0.0,0.0,Bearish,12600.0,19,Thursday,NY,2022,1,220983.24052333584,826481.0578910557,705497.8173677195
2588,2595,2022-01-27 23:00:00,2022-01-28 00:45:00,7840.996404853686,7804.840993134278,-1,0.004611073625416684,1018.9699920362657,7,-2.5095898778631165,0.4611073625416684,1.0,0.18373813450917142,Bearish,6300.0,23,Thursday,Late,2022,1,222002.2105153721,827500.0278830919,705497.8173677195
2595,2596,2022-01-28 00:45:00,2022-01-28 01:00:00,7804.840993134278,7927.688426772573,1,0.015739902164100483,3494.293073725998,1,0.0,1.5739902164100483,1.0,1.5739902164100483,Bearish,900.0,0,Friday,Asia,2022,1,225496.5035890981,830994.320956818,705497.8173677195
2596,2607,2022-01-28 01:00:00,2022-01-28 03:45:00,7927.688426772573,7768.515237508211,-1,0.02007813383871382,4527.548979223924,11,-2.7855428498065438,2.007813383871382,1.0,0.7207978811063074,Bearish,9900.0,1,Friday,Asia,2022,1,230024.05256832205,835521.8699360419,705497.8173677195
2607,2612,2022-01-28 03:45:00,2022-01-28 05:00:00,7768.515237508211,7890.97103454222,1,0.015763088993217655,3625.8896112150373,5,-1.3301730051383576,1.5763088993217655,1.0,1.1850405121984913,Bearish,4500.0,3,Friday,Asia,2022,1,233649.94217953706,839147.7595472569,705497.8173677195
2612,2618,2022-01-28 05:00:00,2022-01-28 06:30:00,7890.97103454222,7838.815383892488,-1,0.006609535179057602,1544.3175124204254,6,-1.484572758367264,0.6609535179057602,1.0,0.4452146344330594,Sideways,5400.0,5,Friday,Asia,2022,1,235194.25969195747,840692.0770596773,705497.8173677195
2618,2619,2022-01-28 06:30:00,2022-01-28 06:45:00,7838.815383892488,7977.003033676319,1,0.017628639407401447,4146.154794800253,1,0.0,1.7628639407401447,1.0,1.7628639407401447,Sideways,900.0,6,Friday,Asia,2022,1,239340.4144867577,844838.2318544775,705497.8173677195
2619,2625,2022-01-28 06:45:00,2022-01-28 08:15:00,7977.003033676319,7920.556478025663,-1,0.0070761607350978695,1693.6112433132448,6,-0.5022634637748657,0.707616073509787,1.0,1.4088543653793786,Sideways,5400.0,6,Friday,Asia,2022,1,241034.02573007095,846531.8430977908,705497.8173677195
2625,2636,2022-01-28 08:15:00,2022-01-28 11:00:00,7920.556478025663,7823.08842077878,1,-0.012305708256394876,-2966.09440049863,11,-3.258748416015156,0.0,0.0,0.0,Sideways,9900.0,8,Friday,London,2022,1,238067.9313295723,846531.8430977908,708463.9117682182
2636,2640,2022-01-28 11:00:00,2022-01-28 12:00:00,7823.08842077878,7708.159787545519,-1,0.014690954141333923,3497.4450616849817,4,-0.6980187617003475,1.4690954141333923,1.0,2.1046646519281675,Sideways,3600.0,11,Friday,London,2022,1,241565.3763912573,850029.2881594758,708463.9117682182
2640,2655,2022-01-28 12:00:00,2022-01-28 15:45:00,7708.159787545519,7439.20559023996,1,-0.03489214088946657,-8428.733147060775,15,-6.205941515109492,0.0,0.0,0.0,Bearish,13500.0,12,Friday,London,2022,1,233136.64324419654,850029.2881594758,716892.6449152789
2655,2656,2022-01-28 15:45:00,2022-01-28 16:00:00,7439.20559023996,7279.199623784713,-1,0.02150847486526919,5014.413631391032,1,-0.0,2.150847486526919,1.0,2.150847486526919,Bearish,900.0,15,Friday,NY_overlap,2022,1,238151.0568755876,855043.7017908668,716892.6449152789
2656,2657,2022-01-28 16:00:00,2022-01-28 16:15:00,7279.199623784713,7456.980643273562,1,0.02442315483531332,5816.4001362659865,1,0.0,2.442315483531332,1.0,2.442315483531332,Bearish,900.0,16,Friday,NY,2022,1,243967.45701185358,860860.1019271328,716892.6449152789
2657,2661,2022-01-28 16:15:00,2022-01-28 17:15:00,7456.980643273562,7367.102249362472,-1,0.012052920372290776,2940.520332794145,4,-3.037758450586092,1.2052920372290776,1.0,0.3967702030411713,Bearish,3600.0,16,Friday,NY,2022,1,246907.97734464772,863800.622259927,716892.6449152789
2661,2676,2022-01-28 17:15:00,2022-01-28 21:00:00,7367.102249362472,7371.979691650469,1,0.0006620570915001345,163.4671773489786,15,-3.8137593189688235,0.22947305413403285,0.2885119100360401,0.06016977867289185,Bearish,13500.0,17,Friday,NY,2022,1,247071.4445219967,863964.089437276,716892.6449152789
2676,2679,2022-01-28 21:00:00,2022-01-28 21:45:00,7371.979691650469,7172.188264670035,-1,0.027101461932500848,6695.99734832089,3,-0.7312938535794622,2.7101461932500848,1.0,3.7059605793002897,Bearish,2700.0,21,Friday,Late,2022,1,253767.4418703176,870660.0867855969,716892.6449152789
2679,2686,2022-01-28 21:45:00,2022-01-28 23:30:00,7172.188264670035,7242.043825820724,1,0.009739783532286106,2471.6399513588913,7,-3.05628418716547,0.9739783532286106,1.0,0.3186805589999535,Bearish,6300.0,21,Friday,Late,2022,1,256239.0818216765,873131.7267369558,716892.6449152789
2686,2692,2022-01-28 23:30:00,2022-01-29 01:00:00,7242.043825820724,7078.339294750528,-1,0.022604741839109765,5792.218293669523,6,-0.28069602012634753,2.2604741839109765,1.0,8.053103791402124,Bearish,5400.0,23,Friday,Late,2022,1,262031.300115346,878923.9450306253,716892.6449152789
2692,2698,2022-01-29 01:00:00,2022-01-29 02:30:00,7078.339294750528,7159.55615473717,1,0.01147399928213022,3006.5469494191293,6,-1.2312047111707192,1.147399928213022,1.0,0.9319326979523905,Bearish,5400.0,1,Saturday,Asia,2022,1,265037.84706476517,881930.4919800444,716892.6449152789
2698,2699,2022-01-29 02:30:00,2022-01-29 02:45:00,7159.55615473717,7046.982488622389,-1,0.01572355376251866,4167.336837425034,1,-0.0,1.572355376251866,1.0,1.572355376251866,Bearish,900.0,2,Saturday,Asia,2022,1,269205.1839021902,886097.8288174694,716892.6449152789
2699,2700,2022-01-29 02:45:00,2022-01-29 03:00:00,7046.982488622389,7188.346804468502,1,0.02006026211564338,5400.326551967914,1,0.0,2.006026211564338,1.0,2.006026211564338,Bearish,900.0,2,Saturday,Asia,2022,1,274605.51045415807,891498.1553694373,716892.6449152789
2700,2703,2022-01-29 03:00:00,2022-01-29 03:45:00,7188.346804468502,7063.08081324363,-1,0.017426258725720234,4785.346672682632,3,-0.0,1.7426258725720234,1.0,1.7426258725720234,Sideways,2700.0,3,Saturday,Asia,2022,1,279390.85712684074,896283.50204212,716892.6449152789
2703,2706,2022-01-29 03:45:00,2022-01-29 04:30:00,7063.08081324363,7238.279725454148,1,0.024804885692658596,6930.258274605194,3,-0.39231884132683303,2.4804885692658596,1.0,6.322634316712344,Bearish,2700.0,3,Saturday,Asia,2022,1,286321.11540144595,903213.7603167251,716892.6449152789
2706,2711,2022-01-29 04:30:00,2022-01-29 05:45:00,7238.279725454148,7176.704818855299,-1,0.008506842638633438,2435.6886728381055,5,-1.4810125120769513,0.8506842638633438,1.0,0.5743937049325506,Sideways,4500.0,4,Saturday,Asia,2022,1,288756.80407428404,905649.4489895633,716892.6449152789
2711,2718,2022-01-29 05:45:00,2022-01-29 07:30:00,7176.704818855299,7132.030344467004,1,-0.006224928503527405,-1797.490460269489,7,-3.8025317415237847,0.0,0.0,0.0,Sideways,6300.0,5,Saturday,Asia,2022,1,286959.31361401454,905649.4489895633,718690.1353755484
2718,2720,2022-01-29 07:30:00,2022-01-29 08:00:00,7132.030344467004,6965.797780495611,-1,0.02330788792848537,6688.415521750538,2,-0.0,2.330788792848537,1.0,2.330788792848537,Sideways,1800.0,7,Saturday,Asia,2022,1,293647.7291357651,912337.8645113138,718690.1353755484
2720,2725,2022-01-29 08:00:00,2022-01-29 09:15:00,6965.797780495611,7048.38240569444,1,0.011855731073627807,3481.4085070151314,5,-2.1830533127675578,1.1855731073627807,1.0,0.543080235571423,Sideways,4500.0,8,Saturday,London,2022,1,297129.1376427802,915819.2730183289,718690.1353755484
2725,2726,2022-01-29 09:15:00,2022-01-29 09:30:00,7048.38240569444,6903.778013185445,-1,0.020515968655754002,6095.892074590495,1,-0.0,2.0515968655754,1.0,2.0515968655754,Sideways,900.0,9,Saturday,London,2022,1,303225.0297173707,921915.1650929195,718690.1353755484
2726,2728,2022-01-29 09:30:00,2022-01-29 10:00:00,6903.778013185445,6976.067136367246,1,0.010470951273887641,3175.0545111937204,2,0.0,1.1458835875253426,0.9137883976941125,1.1458835875253426,Bearish,1800.0,9,Saturday,London,2022,1,306400.0842285644,925090.2196041133,718690.1353755484
2728,2729,2022-01-29 10:00:00,2022-01-29 10:15:00,6976.067136367246,6949.768664054157,-1,0.0037698135351925677,1155.071184708985,1,-0.0,0.37698135351925677,1.0,0.37698135351925677,Bearish,900.0,10,Saturday,London,2022,1,307555.1554132734,926245.2907888222,718690.1353755484
2729,2733,2022-01-29 10:15:00,2022-01-29 11:15:00,6949.768664054157,7100.545562990013,1,0.0216952399747794,6672.4829021715395,4,-1.6258724890053422,2.16952399747794,1.0,1.3343752429227627,Bearish,3600.0,10,Saturday,London,2022,1,314227.6383154449,932917.7736909938,718690.1353755484
2733,2737,2022-01-29 11:15:00,2022-01-29 12:15:00,7100.545562990013,6940.43480177096,-1,0.022549078771298192,7085.543768493965,4,-1.256377140304088,2.254907877129819,1.0,1.7947699021203547,Sideways,3600.0,11,Saturday,London,2022,1,321313.18208393885,940003.3174594877,718690.1353755484
2737,2738,2022-01-29 12:15:00,2022-01-29 12:30:00,6940.43480177096,7067.445781142866,1,0.0183001473249913,5880.0785695978375,1,0.0,1.83001473249913,1.0,1.83001473249913,Bearish,900.0,12,Saturday,London,2022,1,327193.2606535367,945883.3960290855,718690.1353755484
2738,2739,2022-01-29 12:30:00,2022-01-29 12:45:00,7067.445781142866,7002.674850902863,-1,0.009164687249928694,2998.623904174064,1,-0.0,0.9164687249928694,1.0,0.9164687249928694,Sideways,900.0,12,Saturday,London,2022,1,330191.8845577108,948882.0199332596,718690.1353755484
2739,2740,2022-01-29 12:45:00,2022-01-29 13:00:00,7002.674850902863,7131.431528505344,1,0.018386785099108405,6071.16722283224,1,0.0,1.8386785099108405,1.0,1.8386785099108405,Sideways,900.0,12,Saturday,London,2022,1,336263.05178054306,954953.1871560918,718690.1353755484
2740,2754,2022-01-29 13:00:00,2022-01-29 16:30:00,7131.431528505344,7150.527835602215,-1,-0.0026777663110892913,-900.4338717220121,14,-2.263542813584074,-0.0,0.0,-0.0,Sideways,12600.0,13,Saturday,NY_overlap,2022,1,335362.617908821,954953.1871560918,719590.5692472704
2754,2755,2022-01-29 16:30:00,2022-01-29 16:45:00,7150.527835602215,7304.575055906909,1,0.021543475369426357,7224.876298745028,1,0.0,2.1543475369426357,1.0,2.1543475369426357,Sideways,900.0,16,Saturday,NY,2022,1,342587.494207566,962178.0634548368,719590.5692472704
2755,2775,2022-01-29 16:45:00,2022-01-29 21:45:00,7304.575055906909,7752.80730104227,-1,-0.06136321985943516,-21022.271728151845,20,-9.180587952895202,-0.0,0.0,-0.0,Sideways,18000.0,16,Saturday,NY,2022,1,321565.2224794142,962178.0634548368,740612.8409754222
2775,2776,2022-01-29 21:45:00,2022-01-29 22:00:00,7752.80730104227,7902.710813455571,1,0.019335384795794885,6217.587313584866,1,0.0,1.9335384795794885,1.0,1.9335384795794885,Bullish,900.0,21,Saturday,Late,2022,1,327782.80979299906,968395.6507684217,740612.8409754222
2776,2783,2022-01-29 22:00:00,2022-01-29 23:45:00,7902.710813455571,7751.777635513882,-1,0.019098911943570274,6260.295020852534,7,-1.943814568547264,1.9098911943570274,1.0,0.9825480399523964,Bullish,6300.0,22,Saturday,Late,2022,1,334043.10481385153,974655.9457892743,740612.8409754222
2783,2792,2022-01-29 23:45:00,2022-01-30 02:00:00,7751.777635513882,7699.651725813039,1,-0.006724381445364802,-2246.2332559623137,9,-3.182629129478032,0.0,0.0,0.0,Bullish,8100.0,23,Saturday,Late,2022,1,331796.8715578893,974655.9457892743,742859.0742313844
2792,2795,2022-01-30 02:00:00,2022-01-30 02:45:00,7699.651725813039,7563.467071313265,-1,0.01768711876190665,5868.530672073475,3,-0.09238116629448623,1.768711876190665,1.0,19.14580587294697,Bullish,2700.0,2,Sunday,Asia,2022,1,337665.40222996275,980524.4764613478,742859.0742313844
2795,2796,2022-01-30 02:45:00,2022-01-30 03:00:00,7563.467071313265,7706.265918026853,1,0.01888007779596168,6375.149063106391,1,0.0,1.888007779596168,1.0,1.888007779596168,Bullish,900.0,2,Sunday,Asia,2022,1,344040.55129306915,986899.6255244542,742859.0742313844
2796,2810,2022-01-30 03:00:00,2022-01-30 06:30:00,7706.265918026853,7814.117993384613,-1,-0.013995374219499368,-4814.97626202937,14,-3.172260699623952,0.5536517099145932,-2.527830036262022,0.17452907006672702,Bullish,12600.0,3,Sunday,Asia,2022,1,339225.57503103977,986899.6255244542,747674.0504934138
2810,2819,2022-01-30 06:30:00,2022-01-30 08:45:00,7814.117993384613,7871.841826031088,1,0.007387120682762038,2505.90026143364,9,-2.1144014599613126,0.7387120682762038,1.0,0.3493717168969984,Sideways,8100.0,6,Sunday,Asia,2022,1,341731.4752924734,989405.5257858878,747674.0504934138
2819,2824,2022-01-30 08:45:00,2022-01-30 10:00:00,7871.841826031088,7689.261018850173,-1,0.023194166145100392,7926.176614943899,5,-3.1633631099714954,2.319416614510039,1.0,0.7332122598252526,Sideways,4500.0,8,Sunday,London,2022,1,349657.6519074173,997331.7024008317,747674.0504934138
2824,2835,2022-01-30 10:00:00,2022-01-30 12:45:00,7689.261018850173,7672.353488628778,1,-0.0021988498218419306,-768.8446656022924,11,-2.3454460405554767,0.0,0.0,0.0,Sideways,9900.0,10,Sunday,London,2022,1,348888.807241815,997331.7024008317,748442.8951590161
2835,2844,2022-01-30 12:45:00,2022-01-30 15:00:00,7672.353488628778,7587.780795498887,-1,0.01102304439638202,3845.816811627296,9,-2.468969072356586,1.102304439638202,1.0,0.44646344580820224,Sideways,8100.0,12,Sunday,London,2022,1,352734.62405344227,1001177.519212459,748442.8951590161
2844,2848,2022-01-30 15:00:00,2022-01-30 16:00:00,7587.780795498887,7718.578902514068,1,0.01723799231163503,6080.436737480712,4,-3.6278517354406126,1.723799231163503,1.0,0.4751570231836233,Sideways,3600.0,15,Sunday,NY_overlap,2022,1,358815.060790923,1007257.9559499397,748442.8951590161
2848,2850,2022-01-30 16:00:00,2022-01-30 16:30:00,7718.578902514068,7600.439957232547,-1,0.015305789676262949,5491.9478531413715,2,-0.0030571361958831034,1.5305789676262949,1.0,500.6577625450417,Sideways,1800.0,16,Sunday,NY,2022,1,364307.00864406436,1012749.903803081,748442.8951590161
2850,2855,2022-01-30 16:30:00,2022-01-30 17:45:00,7600.439957232547,7841.692751292833,1,0.03174195117885392,11563.815282494204,5,-1.6321598912364954,3.174195117885392,1.0,1.9447819634145513,Sideways,4500.0,16,Sunday,NY,2022,1,375870.82392655854,1024313.7190855752,748442.8951590161
2855,2865,2022-01-30 17:45:00,2022-01-30 20:15:00,7841.692751292833,7775.912880793136,-1,0.00838847843010082,3152.9842990121597,10,-1.378710737192912,0.9276402958124264,0.904281375870396,0.6728317048586451,Sideways,9000.0,17,Sunday,NY,2022,1,379023.8082255707,1027466.7033845873,748442.8951590161
2865,2866,2022-01-30 20:15:00,2022-01-30 20:30:00,7775.912880793136,7881.168767421001,1,0.013536145304283487,5130.521341924204,1,0.0,1.3536145304283487,1.0,1.3536145304283487,Sideways,900.0,20,Sunday,NY,2022,1,384154.3295674949,1032597.2247265115,748442.8951590161
2866,2871,2022-01-30 20:30:00,2022-01-30 21:45:00,7881.168767421001,7843.449947502204,-1,0.004785942419443967,1838.5405014901316,5,-1.3380430033889112,0.4785942419443967,1.0,0.3576822573954972,Sideways,4500.0,20,Sunday,NY,2022,1,385992.87006898504,1034435.7652280016,748442.8951590161
2871,2872,2022-01-30 21:45:00,2022-01-30 22:00:00,7843.449947502204,7918.081457527537,1,0.009515138175784532,3672.775493574038,1,0.0,0.9515138175784532,1.0,0.9515138175784532,Sideways,900.0,21,Sunday,Late,2022,1,389665.6455625591,1038108.5407215757,748442.8951590161
2872,2873,2022-01-30 22:00:00,2022-01-30 22:15:00,7918.081457527537,7836.21481761354,-1,0.01033920152919987,4028.8316384770656,1,-0.0,1.033920152919987,1.0,1.033920152919987,Sideways,900.0,22,Sunday,Late,2022,1,393694.4772010361,1042137.3723600528,748442.8951590161
2873,2906,2022-01-30 22:15:00,2022-01-31 06:30:00,7836.21481761354,7236.461099815639,1,-0.07653615064888586,-30131.85981669286,33,-10.510753968111652,0.0,0.0,0.0,Sideways,29700.0,22,Sunday,Late,2022,1,363562.61738434323,1042137.3723600528,778574.754975709
2906,2914,2022-01-31 06:30:00,2022-01-31 08:30:00,7236.461099815639,7227.239855017187,-1,0.001274275460236507,463.27892159222307,8,-3.6360952963447213,0.1274275460236507,1.0,0.03504516126179381,Bearish,7200.0,6,Monday,Asia,2022,1,364025.89630593546,1042600.6512816449,778574.754975709
2914,2931,2022-01-31 08:30:00,2022-01-31 12:45:00,7227.239855017187,7015.264629547652,1,-0.029330038814525006,-10676.893668145342,17,-5.995340239831625,0.0,0.0,0.0,Bearish,15300.0,8,Monday,London,2022,1,353349.0026377901,1042600.6512816449,789251.6486438543
2931,2933,2022-01-31 12:45:00,2022-01-31 13:15:00,7015.264629547652,6920.195780107865,-1,0.013551712509798253,4788.484099371276,2,-0.0,1.3551712509798253,1.0,1.3551712509798253,Bearish,1800.0,12,Monday,London,2022,1,358137.4867371614,1047389.1353810162,789251.6486438543
2933,2943,2022-01-31 13:15:00,2022-01-31 15:45:00,6920.195780107865,6887.13041683739,1,-0.004778096504945983,-1711.2154736689695,10,-4.886917027797022,0.0,0.0,0.0,Bearish,9000.0,13,Monday,NY_overlap,2022,1,356426.2712634924,1047389.1353810162,790962.8641175233
2943,2957,2022-01-31 15:45:00,2022-01-31 19:15:00,6887.13041683739,7334.102767815206,-1,-0.0648996496254921,-23131.940122321266,14,-10.718538844568526,-0.0,0.0,-0.0,Bearish,12600.0,15,Monday,NY_overlap,2022,1,333294.33114117116,1047389.1353810162,814094.8042398446
2957,2958,2022-01-31 19:15:00,2022-01-31 19:30:00,7334.102767815206,7491.014522852594,1,0.021394812699649712,7130.769788620387,1,0.0,2.1394812699649712,1.0,2.1394812699649712,Sideways,900.0,19,Monday,NY,2022,1,340425.1009297915,1054519.9051696365,814094.8042398446
2958,2980,2022-01-31 19:30:00,2022-02-01 01:00:00,7491.014522852594,8129.527578571576,-1,-0.08523719367664961,-29016.880260345642,22,-11.419440670094328,0.24311099528223634,-35.06101958806704,0.02128922092645963,Bullish,19800.0,19,Monday,NY,2022,1,311408.2206694459,1054519.9051696365,843111.6845001902
2980,2992,2022-02-01 01:00:00,2022-02-01 04:00:00,8129.527578571576,7997.580186672653,1,-0.016230634636964614,-5054.35305263303,12,-3.9515524238767252,0.0,0.0,0.0,Bullish,10800.0,1,Tuesday,Asia,2022,2,306353.8676168128,1054519.9051696365,848166.0375528232
2992,2994,2022-02-01 04:00:00,2022-02-01 04:30:00,7997.580186672653,7870.949193260563,-1,0.015833663490253058,4850.70404878215,2,-0.0,1.5833663490253058,1.0,1.5833663490253058,Bullish,1800.0,4,Tuesday,Asia,2022,2,311204.571665595,1059370.6092184186,848166.0375528232
2994,3018,2022-02-01 04:30:00,2022-02-01 10:30:00,7870.949193260563,7249.523024474704,1,-0.07895187143603355,-24570.18333244795,24,-10.879765353669713,0.7152156647480146,-11.038890131670975,0.0657381516511084,Bullish,21600.0,4,Tuesday,Asia,2022,2,286634.38833314704,1059370.6092184186,872736.2208852711
3018,3034,2022-02-01 10:30:00,2022-02-01 14:30:00,7249.523024474704,7517.590651665057,-1,-0.03697727785474236,-10598.959420118903,16,-6.559323881292811,0.7023006669410581,-5.265163425773274,0.1070690637710419,Bearish,14400.0,10,Tuesday,London,2022,2,276035.42891302815,1059370.6092184186,883335.18030539
3034,3035,2022-02-01 14:30:00,2022-02-01 14:45:00,7517.590651665057,7620.37341828428,1,0.013672301589932712,3774.0396336053536,1,0.0,1.3672301589932712,1.0,1.3672301589932712,Bearish,900.0,14,Tuesday,NY_overlap,2022,2,279809.4685466335,1063144.648852024,883335.18030539
3035,3036,2022-02-01 14:45:00,2022-02-01 15:00:00,7620.37341828428,7503.480832658379,-1,0.015339482622390932,4292.132480351527,1,-0.0,1.5339482622390932,1.0,1.5339482622390932,Bearish,900.0,14,Tuesday,NY_overlap,2022,2,284101.60102698504,1067436.7813323755,883335.18030539
3036,3038,2022-02-01 15:00:00,2022-02-01 15:30:00,7503.480832658379,7624.508188902586,1,0.016129494956186763,4582.41534080934,2,0.0,1.6129494956186763,1.0,1.6129494956186763,Bearish,1800.0,15,Tuesday,NY_overlap,2022,2,288684.01636779436,1072019.1966731849,883335.18030539
3038,3039,2022-02-01 15:30:00,2022-02-01 15:45:00,7624.508188902586,7429.612691448352,-1,0.025561713965748356,7379.258252876978,1,-0.0,2.5561713965748356,1.0,2.5561713965748356,Sideways,900.0,15,Tuesday,NY_overlap,2022,2,296063.27462067135,1079398.454926062,883335.18030539
3039,3040,2022-02-01 15:45:00,2022-02-01 16:00:00,7429.612691448352,7615.819426077317,1,0.025062778150372944,7420.168170290828,1,0.0,2.5062778150372944,1.0,2.5062778150372944,Bearish,900.0,15,Tuesday,NY_overlap,2022,2,303483.4427909622,1086818.6230963527,883335.18030539
3040,3074,2022-02-01 16:00:00,2022-02-02 00:30:00,7615.819426077317,8839.878785689023,-1,-0.16072589056148123,-48777.64661324175,34,-18.873044769756795,0.49092610613857834,-32.73932442209778,0.026012024669451603,Sideways,30600.0,16,Tuesday,NY,2022,2,254705.79617772042,1086818.6230963527,932112.8269186318
3074,3077,2022-02-02 00:30:00,2022-02-02 01:15:00,8839.878785689023,8916.626202610778,1,0.008681953540584875,2211.34388893265,3,-1.0777525927242682,0.8681953540584875,1.0,0.8055609050904007,Bullish,2700.0,0,Wednesday,Asia,2022,2,256917.14006665308,1089029.9669852853,932112.8269186318
3077,3088,2022-02-02 01:15:00,2022-02-02 04:00:00,8916.626202610778,8864.511136847423,-1,0.005844706795951171,1501.6053545439065,11,-3.368481755497732,0.5844706795951171,1.0,0.1735116061237965,Bullish,9900.0,1,Wednesday,Asia,2022,2,258418.745421197,1090531.5723398293,932112.8269186318
3088,3092,2022-02-02 04:00:00,2022-02-02 05:00:00,8864.511136847423,9075.323401751653,1,0.023781600772990075,6145.611435863865,4,0.0,2.3781600772990075,1.0,2.3781600772990075,Bullish,3600.0,4,Wednesday,Asia,2022,2,264564.35685706086,1096677.1837756932,932112.8269186318
3092,3093,2022-02-02 05:00:00,2022-02-02 05:15:00,9075.323401751653,8934.377587402,-1,0.015530665752633066,4108.8605964073495,1,-0.0,1.5530665752633066,1.0,1.5530665752633066,Bullish,900.0,5,Wednesday,Asia,2022,2,268673.21745346824,1100786.0443721006,932112.8269186318
3093,3097,2022-02-02 05:15:00,2022-02-02 06:15:00,8934.377587402,9096.771401975036,1,0.018176287378095735,4883.481611231846,4,-0.2131968196773193,1.8176287378095735,1.0,8.525590299895734,Bullish,3600.0,5,Wednesday,Asia,2022,2,273556.69906470005,1105669.5259833324,932112.8269186318
3097,3114,2022-02-02 06:15:00,2022-02-02 10:30:00,9096.771401975036,9207.671124461716,-1,-0.012191107986136984,-3334.9592586289373,17,-4.312608489241199,1.577605363430279,-0.7727603029714066,0.3658123308354981,Bullish,15300.0,6,Wednesday,Asia,2022,2,270221.7398060711,1105669.5259833324,935447.7861772607
3114,3132,2022-02-02 10:30:00,2022-02-02 15:00:00,9207.671124461716,8958.086708070668,1,-0.027106139328541556,-7324.668128784268,18,-5.651827527037723,0.0,0.0,0.0,Bullish,16200.0,10,Wednesday,London,2022,2,262897.0716772868,1105669.5259833324,942772.454306045
3132,3134,2022-02-02 15:00:00,2022-02-02 15:30:00,8958.086708070668,8818.9908820181,-1,0.015527403404931417,4082.108885908403,2,-0.0,1.5527403404931417,1.0,1.5527403404931417,Sideways,1800.0,15,Wednesday,NY_overlap,2022,2,266979.18056319526,1109751.634869241,942772.454306045
3134,3135,2022-02-02 15:30:00,2022-02-02 15:45:00,8818.9908820181,9181.149700969536,1,0.0410657890224011,10963.710702381704,1,0.0,4.10657890224011,1.0,4.10657890224011,Sideways,900.0,15,Wednesday,NY_overlap,2022,2,277942.89126557694,1120715.3455716227,942772.454306045
3135,3186,2022-02-02 15:45:00,2022-02-03 04:30:00,9181.149700969536,10587.56567388686,-1,-0.1531851694748867,-42576.72890285741,51,-17.35119097427773,1.142440798514055,-13.408587094765078,0.06584221222668035,Sideways,45900.0,15,Wednesday,NY_overlap,2022,2,235366.16236271954,1120715.3455716227,985349.1832089024
3186,3197,2022-02-03 04:30:00,2022-02-03 07:15:00,10587.56567388686,10476.48948859824,1,-0.010491192093625368,-2469.271621686708,11,-3.0943262495126356,0.0,0.0,0.0,Bullish,9900.0,4,Thursday,Asia,2022,2,232896.89074103284,1120715.3455716227,987818.4548305891
3197,3208,2022-02-03 07:15:00,2022-02-03 10:00:00,10476.48948859824,10502.4932776287,-1,-0.0024821090174109717,-578.0754726352955,11,-2.71492594120597,-0.0,0.0,-0.0,Bullish,9900.0,7,Thursday,Asia,2022,2,232318.81526839753,1120715.3455716227,988396.5303032245
3208,3232,2022-02-03 10:00:00,2022-02-03 16:00:00,10502.4932776287,9878.352826408589,1,-0.05942783629765225,-13806.204522634842,24,-7.743259289500926,0.240377489900645,-24.72271273080333,0.031043450944045294,Bullish,21600.0,10,Thursday,London,2022,2,218512.6107457627,1120715.3455716227,1002202.7348258593
3232,3241,2022-02-03 16:00:00,2022-02-03 18:15:00,9878.352826408589,9944.551068967763,-1,-0.006701344214209648,-1464.3282197529618,9,-5.559382321628115,-0.0,0.0,-0.0,Bearish,8100.0,16,Thursday,NY,2022,2,217048.28252600972,1120715.3455716227,1003667.0630456123
3241,3255,2022-02-03 18:15:00,2022-02-03 21:45:00,9944.551068967763,9932.39300857691,1,-0.0012225851430128776,-265.3600055327611,14,-2.9989995247754586,0.6919702441186226,-0.17668175089957958,0.23073369582158634,Bearish,12600.0,18,Thursday,NY,2022,2,216782.92252047698,1120715.3455716227,1003932.423051145
3255,3272,2022-02-03 21:45:00,2022-02-04 02:00:00,9932.39300857691,10336.53096587928,-1,-0.04068888101320445,-8820.654540130407,17,-7.312413539081075,1.2325096646307432,-3.3013032011716303,0.1685503230969659,Bearish,15300.0,21,Thursday,Late,2022,2,207962.26798034657,1120715.3455716227,1012753.0775912754
3272,3273,2022-02-04 02:00:00,2022-02-04 02:15:00,10336.53096587928,10614.09697640831,1,0.026852917235508755,5584.393570184939,1,0.0,2.6852917235508755,1.0,2.6852917235508755,Bullish,900.0,2,Friday,Asia,2022,2,213546.6615505315,1126299.7391418077,1012753.0775912754
3273,3281,2022-02-04 02:15:00,2022-02-04 04:15:00,10614.09697640831,10442.0877828284,-1,0.016205730356735115,3460.679615668888,8,-0.2666593535191053,1.6205730356735115,1.0,6.077315549920894,Bullish,7200.0,2,Friday,Asia,2022,2,217007.3411662004,1129760.4187574766,1012753.0775912754
3281,3284,2022-02-04 04:15:00,2022-02-04 05:00:00,10442.0877828284,10666.06116695538,1,0.02144909991039312,4654.612141962599,3,0.0,2.144909991039312,1.0,2.144909991039312,Bullish,2700.0,4,Friday,Asia,2022,2,221661.953308163,1134415.0308994392,1012753.0775912754
3284,3298,2022-02-04 05:00:00,2022-02-04 08:30:00,10666.06116695538,10727.64447588295,-1,-0.005773762963066531,-1279.8235763316543,14,-2.8086811517571197,0.7093000943910299,-0.8140084864959167,0.25253848908669807,Bullish,12600.0,5,Friday,Asia,2022,2,220382.12973183137,1134415.0308994392,1014032.901167607
3298,3322,2022-02-04 08:30:00,2022-02-04 14:30:00,10727.64447588295,10219.71236145124,1,-0.04734796306622602,-10434.644938998981,24,-10.435754103998129,0.0,0.0,0.0,Bullish,21600.0,8,Friday,London,2022,2,209947.48479283237,1134415.0308994392,1024467.546106606
3322,3337,2022-02-04 14:30:00,2022-02-04 18:15:00,10219.71236145124,10715.62107968284,-1,-0.04852472366073313,-10187.643682838161,15,-9.658958337411505,0.9151051576789082,-5.302639074159766,0.09474159901223328,Sideways,13500.0,14,Friday,NY_overlap,2022,2,199759.84110999422,1134415.0308994392,1034655.1897894442
3337,3338,2022-02-04 18:15:00,2022-02-04 18:30:00,10715.62107968284,10805.41166484399,1,0.00837941025475386,1673.8696610850873,1,0.0,0.8379410254753861,1.0,0.8379410254753861,Sideways,900.0,18,Friday,NY,2022,2,201433.7107710793,1136088.9005605243,1034655.1897894442
3338,3339,2022-02-04 18:30:00,2022-02-04 18:45:00,10805.41166484399,10782.26456434728,-1,0.0021421766439514434,431.50659051827637,1,-0.0,0.21421766439514434,1.0,0.21421766439514434,Sideways,900.0,18,Friday,NY,2022,2,201865.21736159758,1136520.4071510425,1034655.1897894442
3339,3341,2022-02-04 18:45:00,2022-02-04 19:15:00,10782.26456434728,10867.54232814721,1,0.007909077289933064,1596.567606262013,2,0.0,0.7909077289933064,1.0,0.7909077289933064,Sideways,1800.0,18,Friday,NY,2022,2,203461.7849678596,1138116.9747573044,1034655.1897894442
3341,3342,2022-02-04 19:15:00,2022-02-04 19:30:00,10867.54232814721,10627.73781655912,-1,0.0220661216995669,4489.6125083119005,1,-0.0,2.20661216995669,1.0,2.20661216995669,Sideways,900.0,19,Friday,NY,2022,2,207951.3974761715,1142606.5872656163,1034655.1897894442
3342,3345,2022-02-04 19:30:00,2022-02-04 20:15:00,10627.73781655912,10827.08302448891,1,0.018757068660386844,3900.558640483944,3,0.0,1.8757068660386844,1.0,1.8757068660386844,Sideways,2700.0,19,Friday,NY,2022,2,211851.95611665543,1146507.1459061003,1034655.1897894442
3345,3350,2022-02-04 20:15:00,2022-02-04 21:30:00,10827.08302448891,10816.61774066636,-1,0.0009665838711017116,204.77268384370674,5,-2.4979243632772263,0.19024532905040914,0.5080723274134088,0.07616136495054282,Sideways,4500.0,20,Friday,NY,2022,2,212056.72880049914,1146711.918589944,1034655.1897894442
3350,3365,2022-02-04 21:30:00,2022-02-05 01:15:00,10816.61774066636,10789.70406961893,1,-0.002488178069401825,-527.6349020704923,15,-3.543315574847772,0.2684479876090329,-0.9268752921424774,0.07576180612153519,Sideways,13500.0,21,Friday,Late,2022,2,211529.09389842866,1146711.918589944,1035182.8246915147
3365,3371,2022-02-05 01:15:00,2022-02-05 02:45:00,10789.70406961893,10737.40248443597,-1,0.004847360487877372,1025.3577717997457,6,-2.459958755400349,0.48473604878773724,1.0,0.19705047807147008,Bullish,5400.0,1,Saturday,Asia,2022,2,212554.4516702284,1147737.2763617437,1035182.8246915147
3371,3398,2022-02-05 02:45:00,2022-02-05 09:30:00,10737.40248443597,9961.556801211693,1,-0.07225636594594242,-15358.412243323157,27,-10.13094733749188,0.0,0.0,0.0,Bullish,24300.0,2,Saturday,Asia,2022,2,197196.03942690522,1147737.2763617437,1050541.236934838
3398,3400,2022-02-05 09:30:00,2022-02-05 10:00:00,9961.556801211693,9681.006064549536,-1,0.028163342563888305,5553.699610621957,2,-0.0,2.8163342563888305,1.0,2.8163342563888305,Bearish,1800.0,9,Saturday,London,2022,2,202749.73903752718,1153290.9759723656,1050541.236934838
3400,3401,2022-02-05 10:00:00,2022-02-05 10:15:00,9681.006064549536,10018.84175863388,1,0.03489675472071552,7075.307912881667,1,0.0,3.4896754720715517,1.0,3.4896754720715517,Bearish,900.0,10,Saturday,London,2022,2,209825.04695040884,1160366.2838852473,1050541.236934838
3401,3403,2022-02-05 10:15:00,2022-02-05 10:45:00,10018.84175863388,9763.715426002193,-1,0.0254646533779046,5343.12209059472,2,-0.0,2.54646533779046,1.0,2.54646533779046,Bearish,1800.0,10,Saturday,London,2022,2,215168.16904100357,1165709.405975842,1050541.236934838
3403,3428,2022-02-05 10:45:00,2022-02-05 17:00:00,9763.715426002193,9009.7054657089,1,-0.07722572068059819,-16616.516921716277,25,-9.712815770847904,0.0,0.0,0.0,Bearish,22500.0,10,Saturday,London,2022,2,198551.6521192873,1165709.405975842,1067157.7538565542
3428,3432,2022-02-05 17:00:00,2022-02-05 18:00:00,9009.7054657089,8912.906251171076,-1,0.010743882239685032,2133.215568864532,4,-2.754355491979932,1.0743882239685032,1.0,0.39006882993022574,Bearish,3600.0,17,Saturday,NY,2022,2,200684.86768815183,1167842.6215447064,1067157.7538565542
3432,3434,2022-02-05 18:00:00,2022-02-05 18:30:00,8912.906251171076,9047.076179936645,1,0.015053443286014545,3020.998274104927,2,0.0,1.5053443286014545,1.0,1.5053443286014545,Bearish,1800.0,18,Saturday,NY,2022,2,203705.86596225676,1170863.6198188113,1067157.7538565542
3434,3435,2022-02-05 18:30:00,2022-02-05 18:45:00,9047.076179936645,8967.75324527847,-1,0.008767797803458932,1786.0518441355748,1,-0.0,0.8767797803458932,1.0,0.8767797803458932,Bearish,900.0,18,Saturday,NY,2022,2,205491.91780639236,1172649.671662947,1067157.7538565542
3435,3436,2022-02-05 18:45:00,2022-02-05 19:00:00,8967.75324527847,9098.692305867344,1,0.014601099852720845,3000.4080108182393,1,0.0,1.4601099852720845,1.0,1.4601099852720845,Bearish,900.0,18,Saturday,NY,2022,2,208492.3258172106,1175650.0796737652,1067157.7538565542
3436,3437,2022-02-05 19:00:00,2022-02-05 19:15:00,9098.692305867344,9006.180931496903,-1,0.010167546199005284,2119.8553548845507,1,-0.0,1.0167546199005284,1.0,1.0167546199005284,Bearish,900.0,19,Saturday,NY,2022,2,210612.18117209512,1177769.9350286499,1067157.7538565542
3437,3443,2022-02-05 19:15:00,2022-02-05 20:45:00,9006.180931496903,9038.852304164206,1,0.0036276611491383726,764.0296271733018,6,-1.257662463918885,0.36276611491383726,1.0,0.288444734037347,Bearish,5400.0,19,Saturday,NY,2022,2,211376.21079926845,1178533.964655823,1067157.7538565542
3443,3448,2022-02-05 20:45:00,2022-02-05 22:00:00,9038.852304164206,8934.787730715201,-1,0.011513029524894636,2433.58055579233,5,-3.01868736710893,1.1513029524894636,1.0,0.38139191392717636,Bearish,4500.0,20,Saturday,NY,2022,2,213809.79135506076,1180967.5452116155,1067157.7538565542
3448,3459,2022-02-05 22:00:00,2022-02-06 00:45:00,8934.787730715201,9031.874135690032,1,0.010866112089163105,2323.2811586246667,11,-1.2712201712928861,1.0866112089163105,1.0,0.8547781363563322,Bearish,9900.0,22,Saturday,Late,2022,2,216133.07251368545,1183290.8263702402,1067157.7538565542
3459,3475,2022-02-06 00:45:00,2022-02-06 04:45:00,9031.874135690032,8968.002263578368,-1,0.007071829296122489,1528.4561940632468,16,-3.1719995521581223,0.9416981692692561,0.750965598840457,0.2968784054930134,Bearish,14400.0,0,Sunday,Asia,2022,2,217661.5287077487,1184819.2825643034,1067157.7538565542
3475,3513,2022-02-06 04:45:00,2022-02-06 14:15:00,8968.002263578368,7740.320616435451,1,-0.13689577801835362,-29796.944317111465,38,-15.942542443894926,0.5602459521719005,-24.434942811750975,0.035141568802060326,Sideways,34200.0,4,Sunday,Asia,2022,2,187864.5843906372,1184819.2825643034,1096954.6981736657
3513,3516,2022-02-06 14:15:00,2022-02-06 15:00:00,7740.320616435451,7630.132131703042,-1,0.014235648649803867,2674.374217126539,3,-0.36775235469845846,1.4235648649803867,1.0,3.8709877633486545,Bearish,2700.0,14,Sunday,NY_overlap,2022,2,190538.95860776375,1187493.65678143,1096954.6981736657
3516,3522,2022-02-06 15:00:00,2022-02-06 16:30:00,7630.132131703042,7605.248159726057,1,-0.0032612766787607494,-621.4002621028596,6,-3.129640016902624,0.0,0.0,0.0,Bearish,5400.0,15,Sunday,NY_overlap,2022,2,189917.55834566086,1187493.65678143,1097576.0984357686
3522,3529,2022-02-06 16:30:00,2022-02-06 18:15:00,7605.248159726057,7600.292657947441,-1,0.0006515897541461424,123.74833515048483,7,-2.900722296480396,0.5327213941484832,0.12231341960419324,0.1836512908508557,Bearish,6300.0,16,Sunday,NY,2022,2,190041.30668081134,1187617.4051165804,1097576.0984357686
3529,3530,2022-02-06 18:15:00,2022-02-06 18:30:00,7600.292657947441,7746.821274673607,1,0.019279338746639674,3663.8707273533996,1,0.0,1.9279338746639674,1.0,1.9279338746639674,Bearish,900.0,18,Sunday,NY,2022,2,193705.17740816475,1191281.275843934,1097576.0984357686
3530,3539,2022-02-06 18:30:00,2022-02-06 20:45:00,7746.821274673607,7862.946250615394,-1,-0.014990016140094875,-2903.643735768331,9,-5.484225176007507,-0.0,0.0,-0.0,Bearish,8100.0,18,Sunday,NY,2022,2,190801.5336723964,1191281.275843934,1100479.742171537
3539,3545,2022-02-06 20:45:00,2022-02-06 22:15:00,7862.946250615394,7916.937639367132,1,0.0068665595606114405,1310.1500952175195,6,-2.3287129477270962,0.686655956061144,1.0,0.2948650054663645,Bearish,5400.0,20,Sunday,NY,2022,2,192111.68376761395,1192591.4259391516,1100479.742171537
3545,3560,2022-02-06 22:15:00,2022-02-07 02:00:00,7916.937639367132,8242.515223680728,-1,-0.041124181993635434,-7900.435846363094,15,-6.298514931947663,-0.0,0.0,-0.0,Bearish,13500.0,22,Sunday,Late,2022,2,184211.24792125085,1192591.4259391516,1108380.1780179
3560,3566,2022-02-07 02:00:00,2022-02-07 03:30:00,8242.515223680728,8203.06945661657,1,-0.004785646855808179,-881.569979418835,6,-3.0395704539314505,0.0,0.0,0.0,Bullish,5400.0,2,Monday,Asia,2022,2,183329.677941832,1192591.4259391516,1109261.7479973189
3566,3567,2022-02-07 03:30:00,2022-02-07 03:45:00,8203.06945661657,7950.082654126528,-1,0.030840504743743558,5653.979802234049,1,-0.0,3.0840504743743558,1.0,3.0840504743743558,Bullish,900.0,3,Monday,Asia,2022,2,188983.65774406606,1198245.4057413856,1109261.7479973189
3567,3575,2022-02-07 03:45:00,2022-02-07 05:45:00,7950.082654126528,8116.858762554222,1,0.020977908744272966,3964.481926313933,8,0.0,2.0977908744272966,1.0,2.0977908744272966,Bullish,7200.0,3,Monday,Asia,2022,2,192948.13967037998,1202209.8876676995,1109261.7479973189
3575,3585,2022-02-07 05:45:00,2022-02-07 08:15:00,8116.858762554222,8146.832604167181,-1,-0.0036927883667556838,-712.5166455619301,10,-3.399854512230971,-0.0,0.0,-0.0,Bullish,9000.0,5,Monday,Asia,2022,2,192235.62302481808,1202209.8876676995,1109974.2646428808
3585,3586,2022-02-07 08:15:00,2022-02-07 08:30:00,8146.832604167181,8346.768913004697,1,0.024541600220832738,4717.769808477794,1,0.0,2.4541600220832738,1.0,2.4541600220832738,Sideways,900.0,8,Monday,London,2022,2,196953.39283329586,1206927.6574761772,1109974.2646428808
3586,3592,2022-02-07 08:30:00,2022-02-07 10:00:00,8346.768913004697,8212.21507475068,-1,0.016120470047322644,3174.981269887716,6,-0.4475206204116011,1.6120470047322644,1.0,3.602173690342147,Bullish,5400.0,8,Monday,London,2022,2,200128.37410318357,1210102.6387460649,1109974.2646428808
3592,3605,2022-02-07 10:00:00,2022-02-07 13:15:00,8212.21507475068,8215.187052561661,1,0.0003618972206560489,72.42590236235611,13,-2.207466797894997,0.03618972206560489,1.0,0.01639423165961762,Bullish,11700.0,10,Monday,London,2022,2,200200.80000554596,1210175.0646484273,1109974.2646428808
3605,3611,2022-02-07 13:15:00,2022-02-07 14:45:00,8215.187052561661,8089.120465542946,-1,0.01534555284160033,3072.191955415764,6,-0.9227901336134492,1.534555284160033,1.0,1.662951551238462,Sideways,5400.0,13,Monday,NY_overlap,2022,2,203272.99196096172,1213247.256603843,1109974.2646428808
3611,3614,2022-02-07 14:45:00,2022-02-07 15:30:00,8089.120465542946,8241.865117117635,1,0.01888272677175884,3838.34836727677,3,-0.79667208307026,1.888272677175884,1.0,2.370200634994955,Sideways,2700.0,14,Monday,NY_overlap,2022,2,207111.3403282385,1217085.60497112,1109974.2646428808
3614,3624,2022-02-07 15:30:00,2022-02-07 18:00:00,8241.865117117635,8217.640668902135,-1,0.0029391949360088043,608.7406026827545,10,-2.3669565601182274,0.29391949360088043,1.0,0.12417612496707561,Sideways,9000.0,15,Monday,NY_overlap,2022,2,207720.08093092125,1217694.3455738027,1109974.2646428808
3624,3633,2022-02-07 18:00:00,2022-02-07 20:15:00,8217.640668902135,8289.906849669758,1,0.00879403026723935,1826.6966788199284,9,-2.4609703439081088,0.879403026723935,1.0,0.3573399528770475,Sideways,8100.0,18,Monday,NY,2022,2,209546.77760974117,1219521.0422526225,1109974.2646428808
3633,3640,2022-02-07 20:15:00,2022-02-07 22:00:00,8289.906849669758,8187.991005195756,-1,0.01229396738976174,2576.1612505638127,7,-1.3413944496701413,1.229396738976174,1.0,0.9165065050615735,Sideways,6300.0,20,Monday,NY,2022,2,212122.938860305,1222097.2035031863,1109974.2646428808
3640,3642,2022-02-07 22:00:00,2022-02-07 22:30:00,8187.991005195756,8360.978231746216,1,0.02112694389144898,4481.509427390924,2,0.0,2.112694389144898,1.0,2.112694389144898,Sideways,1800.0,22,Monday,Late,2022,2,216604.4482876959,1226578.7129305773,1109974.2646428808
3642,3643,2022-02-07 22:30:00,2022-02-07 22:45:00,8360.978231746216,8142.339199058003,-1,0.02614993444882463,5664.192124047071,1,-0.0,2.614993444882463,1.0,2.614993444882463,Sideways,900.0,22,Monday,Late,2022,2,222268.64041174296,1232242.9050546244,1109974.2646428808
3643,3645,2022-02-07 22:45:00,2022-02-07 23:15:00,8142.339199058003,8269.338628202408,1,0.015597413229738288,3466.8158325140616,2,0.0,1.7079644750613188,0.9132164900079854,1.7079644750613188,Sideways,1800.0,22,Monday,Late,2022,2,225735.45624425705,1235709.7208871385,1109974.2646428808
3645,3646,2022-02-07 23:15:00,2022-02-07 23:30:00,8269.338628202408,8084.265433046126,-1,0.022380652610487273,5052.106828072566,1,-0.0,2.2380652610487273,1.0,2.2380652610487273,Sideways,900.0,23,Monday,Late,2022,2,230787.56307232962,1240761.827715211,1109974.2646428808
3646,3666,2022-02-07 23:30:00,2022-02-08 04:30:00,8084.265433046126,7701.532014102393,1,-0.04734300501554911,-10926.176756059655,20,-8.606218308592805,0.0,0.0,0.0,Sideways,18000.0,23,Monday,Late,2022,2,219861.38631626996,1240761.827715211,1120900.4413989405
3666,3674,2022-02-08 04:30:00,2022-02-08 06:30:00,7701.532014102393,7696.603139231295,-1,0.0006399862861146133,140.70827208855982,8,-3.1323940733162248,0.06399862861146133,1.0,0.020431218778200155,Bearish,7200.0,4,Tuesday,Asia,2022,2,220002.09458835854,1240902.5359872996,1120900.4413989405
3674,3692,2022-02-08 06:30:00,2022-02-08 11:00:00,7696.603139231295,7382.37901500513,1,-0.04082633839134764,-8981.879960469592,18,-7.028920340127865,0.0,0.0,0.0,Bearish,16200.0,6,Tuesday,Asia,2022,2,211020.21462788893,1240902.5359872996,1129882.3213594102
3692,3699,2022-02-08 11:00:00,2022-02-08 12:45:00,7382.37901500513,7180.351940064425,-1,0.027366120667886684,5774.804656870154,7,-0.9899097421518732,2.7366120667886684,1.0,2.76450665172746,Bearish,6300.0,11,Tuesday,London,2022,2,216795.01928475907,1246677.3406441698,1129882.3213594102
3699,3709,2022-02-08 12:45:00,2022-02-08 15:15:00,7180.351940064425,7237.302045730336,1,0.00793138082106326,1719.4838580571773,10,-2.2798331470310407,1.487084998096777,0.5333508730983176,0.6522779967618964,Bearish,9000.0,12,Tuesday,London,2022,2,218514.50314281625,1248396.824502227,1129882.3213594102
3709,3711,2022-02-08 15:15:00,2022-02-08 15:45:00,7237.302045730336,7116.701289895725,-1,0.01666377264242558,3641.2759994444787,2,-0.0,1.6663772642425578,1.0,1.6663772642425578,Bearish,1800.0,15,Tuesday,NY_overlap,2022,2,222155.77914226073,1252038.1005016714,1129882.3213594102
3711,3714,2022-02-08 15:45:00,2022-02-08 16:30:00,7116.701289895725,7232.609149164067,1,0.016286739396089045,3618.1932802251135,3,-1.3714168219871037,1.6286739396089045,1.0,1.1875849220290664,Bearish,2700.0,15,Tuesday,NY_overlap,2022,2,225773.97242248585,1255656.2937818966,1129882.3213594102
3714,3716,2022-02-08 16:30:00,2022-02-08 17:00:00,7232.609149164067,7105.328589347884,-1,0.01759815264328146,3973.204829570924,2,-0.0,1.7598152643281462,1.0,1.7598152643281462,Sideways,1800.0,16,Tuesday,NY,2022,2,229747.17725205678,1259629.4986114674,1129882.3213594102
3716,3724,2022-02-08 17:00:00,2022-02-08 19:00:00,7105.328589347884,7111.944812432251,1,0.0009311635628344028,213.9322001211722,8,-3.4299725206830334,0.09311635628344028,1.0,0.027147843232545023,Bearish,7200.0,17,Tuesday,NY,2022,2,229961.10945217795,1259843.4308115887,1129882.3213594102
3724,3728,2022-02-08 19:00:00,2022-02-08 20:00:00,7111.944812432251,7045.201180022944,-1,0.009384723049683075,2158.121324406546,4,-0.815875155968393,0.9384723049683075,1.0,1.1502645939186606,Bearish,3600.0,19,Tuesday,NY,2022,2,232119.2307765845,1262001.5521359951,1129882.3213594102
3728,3736,2022-02-08 20:00:00,2022-02-08 22:00:00,7045.201180022944,7040.543987449479,1,-0.0006610446535821879,-153.44117649847118,8,-2.2599783447190602,0.0,0.0,0.0,Bearish,7200.0,20,Tuesday,NY,2022,2,231965.78960008602,1262001.5521359951,1130035.7625359087
3736,3737,2022-02-08 22:00:00,2022-02-08 22:15:00,7040.543987449479,6991.253042282298,-1,0.00700101373630313,1623.9956793426036,1,-0.0,0.700101373630313,1.0,0.700101373630313,Bearish,900.0,22,Tuesday,Late,2022,2,233589.78527942862,1263625.5478153378,1130035.7625359087
3737,3738,2022-02-08 22:15:00,2022-02-08 22:30:00,6991.253042282298,7041.350898722491,1,0.007165790758424384,1673.8555246176654,1,0.0,0.7165790758424384,1.0,0.7165790758424384,Bearish,900.0,22,Tuesday,Late,2022,2,235263.64080404627,1265299.4033399555,1130035.7625359087
3738,3739,2022-02-08 22:30:00,2022-02-08 22:45:00,7041.350898722491,6870.184951756695,-1,0.024308680170569308,5718.948600069259,1,-0.0,2.430868017056931,1.0,2.430868017056931,Sideways,900.0,22,Tuesday,Late,2022,2,240982.58940411554,1271018.3519400246,1130035.7625359087
3739,3763,2022-02-08 22:45:00,2022-02-09 04:45:00,6870.184951756695,6387.412073788762,1,-0.07027072507625698,-16934.021288181117,24,-9.79932321203869,0.5598992892707377,-12.550600871057325,0.057136526386117034,Bearish,21600.0,22,Tuesday,Late,2022,2,224048.56811593444,1271018.3519400246,1146969.78382409
3763,3764,2022-02-09 04:45:00,2022-02-09 05:00:00,6387.412073788762,6277.868056832597,-1,0.01714998432709358,3842.429431696033,1,-0.0,1.7149984327093581,1.0,1.7149984327093581,Bearish,900.0,4,Wednesday,Asia,2022,2,227890.99754763045,1274860.7813717206,1146969.78382409
3764,3767,2022-02-09 05:00:00,2022-02-09 05:45:00,6277.868056832597,6391.334325327693,1,0.01807401294004629,4118.9048385959295,3,0.0,1.8074012940046291,1.0,1.8074012940046291,Bearish,2700.0,5,Wednesday,Asia,2022,2,232009.90238622637,1278979.6862103166,1146969.78382409
3767,3772,2022-02-09 05:45:00,2022-02-09 07:00:00,6391.334325327693,6327.701267556775,-1,0.009956146014573397,2309.9244649841903,5,-0.40992469646206064,0.9956146014573397,1.0,2.4287743823443577,Bearish,4500.0,5,Wednesday,Asia,2022,2,234319.82685121056,1281289.6106753007,1146969.78382409
3772,3773,2022-02-09 07:00:00,2022-02-09 07:15:00,6327.701267556775,6528.44155631574,1,0.031724046422386465,7433.573064713361,1,0.0,3.1724046422386465,1.0,3.1724046422386465,Bearish,900.0,7,Wednesday,Asia,2022,2,241753.39991592392,1288723.183740014,1146969.78382409
3773,3781,2022-02-09 07:15:00,2022-02-09 09:15:00,6528.44155631574,6364.515984140396,-1,0.025109449286064178,6070.294734922483,8,-0.0,2.510944928606418,1.0,2.510944928606418,Bearish,7200.0,7,Wednesday,Asia,2022,2,247823.6946508464,1294793.4784749364,1146969.78382409
3781,3782,2022-02-09 09:15:00,2022-02-09 09:30:00,6364.515984140396,6534.491473350236,1,0.02670674245039195,6618.563586144731,1,0.0,2.670674245039195,1.0,2.670674245039195,Bearish,900.0,9,Wednesday,London,2022,2,254442.25823699113,1301412.0420610812,1146969.78382409
3782,3788,2022-02-09 09:30:00,2022-02-09 11:00:00,6534.491473350236,6362.411823387317,-1,0.026334053792053447,6700.496115384478,6,-0.5077397511720649,2.6334053792053447,1.0,5.186525918300467,Bearish,5400.0,9,Wednesday,London,2022,2,261142.7543523756,1308112.5381764655,1146969.78382409
3788,3798,2022-02-09 11:00:00,2022-02-09 13:30:00,6362.411823387317,6380.800603505531,1,0.0028902216059984998,754.7604308791946,10,-2.338086564306907,0.8096810418424694,0.3569580435552322,0.3463007119595197,Bearish,9000.0,11,Wednesday,London,2022,2,261897.5147832548,1308867.2986073447,1146969.78382409
3798,3800,2022-02-09 13:30:00,2022-02-09 14:00:00,6380.800603505531,6266.923038678449,-1,0.01784690854694926,4674.060995010039,2,-0.0,1.7846908546949258,1.0,1.7846908546949258,Bearish,1800.0,13,Wednesday,NY_overlap,2022,2,266571.57577826484,1313541.3596023547,1146969.78382409
3800,3818,2022-02-09 14:00:00,2022-02-09 18:30:00,6266.923038678449,6106.310429011071,1,-0.025628623277500373,-6831.862492110791,18,-5.994870968820476,0.0,0.0,0.0,Sideways,16200.0,14,Wednesday,NY_overlap,2022,2,259739.71328615406,1313541.3596023547,1153801.6463162007
3818,3838,2022-02-09 18:30:00,2022-02-09 23:30:00,6106.310429011071,6482.474948936086,-1,-0.0616025870774366,-16000.638305178718,20,-10.675609899858074,-0.0,0.0,-0.0,Bearish,18000.0,18,Wednesday,NY,2022,2,243739.07498097533,1313541.3596023547,1169802.2846213793
3838,3842,2022-02-09 23:30:00,2022-02-10 00:30:00,6482.474948936086,6565.639720373505,1,0.01282916973725734,3126.9699645330256,4,-1.091261205085703,1.282916973725734,1.0,1.1756277669790152,Sideways,3600.0,23,Wednesday,Late,2022,2,246866.04494550836,1316668.3295668878,1169802.2846213793
3842,3855,2022-02-10 00:30:00,2022-02-10 03:45:00,6565.639720373505,6682.064554781728,-1,-0.017732443351551996,-4377.538157417915,13,-5.231078912077636,0.5632043652583074,-3.1484918167172244,0.10766504859216866,Bullish,11700.0,0,Thursday,Asia,2022,2,242488.50678809045,1316668.3295668878,1174179.8227787972
3855,3856,2022-02-10 03:45:00,2022-02-10 04:00:00,6682.064554781728,6767.623408506534,1,0.012804254287483774,3104.8845027069447,1,0.0,1.2804254287483774,1.0,1.2804254287483774,Bullish,900.0,3,Thursday,Asia,2022,2,245593.3912907974,1319773.2140695949,1174179.8227787972
3856,3858,2022-02-10 04:00:00,2022-02-10 04:30:00,6767.623408506534,6597.014934359818,-1,0.025209510613765973,6191.289204416135,2,-0.0,2.5209510613765973,1.0,2.5209510613765973,Bullish,1800.0,4,Thursday,Asia,2022,2,251784.6804952135,1325964.503274011,1174179.8227787972
3858,3869,2022-02-10 04:30:00,2022-02-10 07:15:00,6597.014934359818,6459.424466870934,1,-0.020856473550220245,-5251.340529099075,11,-4.1538090103954595,0.0,0.0,0.0,Bullish,9900.0,4,Thursday,Asia,2022,2,246533.33996611444,1325964.503274011,1179431.1633078963
3869,3870,2022-02-10 07:15:00,2022-02-10 07:30:00,6459.424466870934,6416.989380450274,-1,0.00656948411399505,1619.5968604775294,1,-0.0,0.656948411399505,1.0,0.656948411399505,Bullish,900.0,7,Thursday,Asia,2022,2,248152.93682659196,1327584.1001344884,1179431.1633078963
3870,3872,2022-02-10 07:30:00,2022-02-10 08:00:00,6416.989380450274,6475.332232079718,1,0.009091935200514545,2256.190421444753,2,0.0,0.9091935200514545,1.0,0.9091935200514545,Sideways,1800.0,7,Thursday,Asia,2022,2,250409.1272480367,1329840.2905559333,1179431.1633078963
3872,3875,2022-02-10 08:00:00,2022-02-10 08:45:00,6475.332232079718,6424.767068591585,-1,0.007808890984407957,1955.4175761806582,3,-0.17888603232381062,0.7808890984407957,1.0,4.3652882692778885,Bullish,2700.0,8,Thursday,London,2022,2,252364.54482421736,1331795.708132114,1179431.1633078963
3875,3876,2022-02-10 08:45:00,2022-02-10 09:00:00,6424.767068591585,6485.843973848713,1,0.009506477760993448,2399.097933034656,1,0.0,0.9506477760993448,1.0,0.9506477760993448,Sideways,900.0,8,Thursday,London,2022,2,254763.642757252,1334194.8060651487,1179431.1633078963
3876,3877,2022-02-10 09:00:00,2022-02-10 09:15:00,6485.843973848713,6441.895580853326,-1,0.006776048448373095,1726.2907862071547,1,-0.0,0.6776048448373095,1.0,0.6776048448373095,Bullish,900.0,9,Thursday,London,2022,2,256489.93354345916,1335921.0968513559,1179431.1633078963
3877,3878,2022-02-10 09:15:00,2022-02-10 09:30:00,6441.895580853326,6510.454927665312,1,0.010642728673802226,2729.7527702646,1,0.0,1.0642728673802226,1.0,1.0642728673802226,Sideways,900.0,9,Thursday,London,2022,2,259219.68631372377,1338650.8496216205,1179431.1633078963
3878,3882,2022-02-10 09:30:00,2022-02-10 10:30:00,6510.454927665312,6434.357885123719,-1,0.011688437042737143,3029.872983716031,4,-1.9893603201191157,1.1688437042737143,1.0,0.587547510851995,Sideways,3600.0,9,Thursday,London,2022,2,262249.55929743976,1341680.7226053365,1179431.1633078963
3882,3896,2022-02-10 10:30:00,2022-02-10 14:00:00,6434.357885123719,6300.000275067244,1,-0.02088127711501886,-5476.10572098141,14,-5.222622838347279,0.0,0.0,0.0,Bearish,12600.0,10,Thursday,London,2022,2,256773.45357645839,1341680.7226053365,1184907.2690288778
3896,3905,2022-02-10 14:00:00,2022-02-10 16:15:00,6300.000275067244,6231.164541032776,-1,0.010926306512539563,2805.585458059732,9,-1.9550264721454491,1.0926306512539563,1.0,0.5588827910114699,Bearish,8100.0,14,Thursday,NY_overlap,2022,2,259579.03903451812,1344486.3080633963,1184907.2690288778
3905,3917,2022-02-10 16:15:00,2022-02-10 19:15:00,6231.164541032776,5999.961887568811,1,-0.03710424463059425,-9631.484165311334,12,-7.190435509917759,0.0,0.0,0.0,Bearish,10800.0,16,Thursday,NY,2022,2,249947.5548692068,1344486.3080633963,1194538.7531941892
3917,3920,2022-02-10 19:15:00,2022-02-10 20:00:00,5999.961887568811,5903.873924592393,-1,0.016014762222990142,4002.850659448128,3,-1.3884731487455504,1.6014762222990142,1.0,1.153408133060338,Bearish,2700.0,19,Thursday,NY,2022,2,253950.40552865493,1348489.1587228444,1194538.7531941892
3920,3936,2022-02-10 20:00:00,2022-02-11 00:00:00,5903.873924592393,5685.979856995594,1,-0.03690696488100276,-9372.538698362474,16,-5.833012622882672,0.0,0.0,0.0,Bearish,14400.0,20,Thursday,NY,2022,2,244577.86683029245,1348489.1587228444,1203911.2918925516
3936,3945,2022-02-11 00:00:00,2022-02-11 02:15:00,5685.979856995594,5700.171354343956,-1,-0.0024958754173043385,-610.435885438461,9,-1.7953765537395139,0.10026939280224356,-2.489169773099985,0.055848670070574716,Bearish,8100.0,0,Friday,Asia,2022,2,243967.430944854,1348489.1587228444,1204521.72777799
3945,3946,2022-02-11 02:15:00,2022-02-11 02:30:00,5700.171354343956,5790.723562629575,1,0.01588587476701231,3875.6360552196734,1,0.0,1.588587476701231,1.0,1.588587476701231,Bearish,900.0,2,Friday,Asia,2022,2,247843.06700007367,1352364.7947780641,1204521.72777799
3946,3947,2022-02-11 02:30:00,2022-02-11 02:45:00,5790.723562629575,5692.56338219762,-1,0.01695128067681073,4201.257392519856,1,-0.0,1.6951280676810732,1.0,1.6951280676810732,Bearish,900.0,2,Friday,Asia,2022,2,252044.32439259352,1356566.052170584,1204521.72777799
3947,3948,2022-02-11 02:45:00,2022-02-11 03:00:00,5692.56338219762,5808.775315591822,1,0.02041469292333775,5145.4074855449235,1,0.0,2.041469292333775,1.0,2.041469292333775,Bearish,900.0,2,Friday,Asia,2022,2,257189.73187813844,1361711.459656129,1204521.72777799
3948,3952,2022-02-11 03:00:00,2022-02-11 04:00:00,5808.775315591822,5691.000652893155,-1,0.020275300093384185,5214.598994766273,4,-0.40807240012539214,2.0275300093384185,1.0,4.968554620982455,Bearish,3600.0,3,Friday,Asia,2022,2,262404.33087290474,1366926.0586508953,1204521.72777799
3952,3956,2022-02-11 04:00:00,2022-02-11 05:00:00,5691.000652893155,5743.317114776978,1,0.00919284060479364,2412.2411877221434,4,-0.14509713862632667,1.1376605582638089,0.8080477553711534,7.840682242491788,Bearish,3600.0,4,Friday,Asia,2022,2,264816.5720606268,1369338.2998386174,1204521.72777799
3956,3957,2022-02-11 05:00:00,2022-02-11 05:15:00,5743.317114776978,5593.770230115649,-1,0.0260384167672999,6895.404270202307,1,-0.0,2.60384167672999,1.0,2.60384167672999,Bearish,900.0,5,Friday,Asia,2022,2,271711.97633082914,1376233.7041088198,1204521.72777799
3957,3966,2022-02-11 05:15:00,2022-02-11 07:30:00,5593.770230115649,5683.195057569225,1,0.015986503516381978,4343.724465055897,9,-1.8309266785450307,1.5986503516381978,1.0,0.8731372863650585,Bearish,8100.0,5,Friday,Asia,2022,2,276055.70079588506,1380577.4285738757,1204521.72777799
3966,3986,2022-02-11 07:30:00,2022-02-11 12:30:00,5683.195057569225,5919.336651317492,-1,-0.04155085147636428,-11470.349422973477,20,-6.191897634299859,-0.0,0.0,-0.0,Bearish,18000.0,7,Friday,Asia,2022,2,264585.3513729116,1380577.4285738757,1215992.0772009636
3986,3989,2022-02-11 12:30:00,2022-02-11 13:15:00,5919.336651317492,6080.567894694262,1,0.027238059410066295,7206.791519728632,3,-0.5618975077391508,2.7238059410066295,1.0,4.847513832133065,Bullish,2700.0,12,Friday,London,2022,2,271792.1428926402,1387784.2200936044,1215992.0772009636
3989,3992,2022-02-11 13:15:00,2022-02-11 14:00:00,6080.567894694262,5903.054669625727,-1,0.02919352733869285,7934.571353978205,3,-0.0,2.919352733869285,1.0,2.919352733869285,Bullish,2700.0,13,Friday,NY_overlap,2022,2,279726.71424661845,1395718.7914475827,1215992.0772009636
3992,3993,2022-02-11 14:00:00,2022-02-11 14:15:00,5903.054669625727,6052.635258500111,1,0.025339522881950183,7088.141476344927,1,0.0,2.5339522881950183,1.0,2.5339522881950183,Bullish,900.0,14,Friday,NY_overlap,2022,2,286814.85572296334,1402806.9329239277,1215992.0772009636
3993,3999,2022-02-11 14:15:00,2022-02-11 15:45:00,6052.635258500111,6221.074632929129,-1,-0.027829097118063917,-7981.798474817836,6,-2.7829097118063917,1.5664681974827066,-1.7765504057334138,0.5628886164854804,Bullish,5400.0,14,Friday,NY_overlap,2022,2,278833.0572481455,1402806.9329239277,1223973.8756757814
