entry_i,exit_i,entry_time,exit_time,entry_price,exit_price,direction,ret,pnl,hold_bars,mae_pct,mfe_pct,trade_efficiency_pct,edge_ratio,entry_regime,hold_sec,hour,weekday,session,year,month,equity,cum_profit,cum_loss
1,11,2022-01-01 01:00:00,2022-01-01 11:00:00,2140.386727154302,2156.60233452601,-1,-0.007576017532713308,-757.6017532713308,10,-0.7576017532713308,4.3800584381333945,-0.17296612909899675,5.7814787508348084,Bearish,36000.0,1,Saturday,Asia,2022,1,99242.39824672867,0.0,757.6017532713308
11,21,2022-01-01 11:00:00,2022-01-01 21:00:00,2156.60233452601,2194.298093072111,-1,-0.017479234786410336,-1734.681179721008,10,-7.593004733208031,-0.0,0.0,-0.0,Sideways,36000.0,11,Saturday,London,2022,1,97507.71706700766,0.0,2492.282932992339
21,52,2022-01-01 21:00:00,2022-01-03 04:00:00,2194.298093072111,2001.262242257751,1,-0.08797157114788423,-8577.907069428029,31,-13.971159660343568,0.6025665841027372,-14.59947721443596,0.04312931773395247,Sideways,111600.0,21,Saturday,Late,2022,1,88929.80999757964,0.0,11070.190002420368
52,54,2022-01-03 04:00:00,2022-01-03 06:00:00,2001.262242257751,1952.55222104099,-1,0.02433964934141175,2164.520391339461,2,-0.0,2.433964934141175,1.0,2.433964934141175,Bearish,7200.0,4,Monday,Asia,2022,1,91094.3303889191,2164.520391339461,11070.190002420368
54,81,2022-01-03 06:00:00,2022-01-04 09:00:00,1952.55222104099,1794.927974463896,1,-0.0807272885603324,-7353.798295516529,27,-10.93631876052662,0.6725622054135405,-12.002947520771755,0.06149804336730529,Bearish,97200.0,6,Monday,Asia,2022,1,83740.53209340257,2164.520391339461,18423.988297936896
81,87,2022-01-04 09:00:00,2022-01-04 15:00:00,1794.927974463896,1771.126955303924,-1,0.01326015277414172,1110.4122489464357,6,-1.0774531249512886,1.326015277414172,1.0,1.23069416822576,Bearish,21600.0,9,Tuesday,London,2022,1,84850.944342349,3274.932640285897,18423.988297936896
87,89,2022-01-04 15:00:00,2022-01-04 17:00:00,1771.126955303924,1808.815202930159,1,0.02127924681704574,1805.564187320255,2,0.0,2.127924681704574,1.0,2.127924681704574,Bearish,7200.0,15,Tuesday,NY_overlap,2022,1,86656.50852966926,5080.496827606152,18423.988297936896
89,91,2022-01-04 17:00:00,2022-01-04 19:00:00,1808.815202930159,1762.259251012471,-1,0.02573836832102616,2230.3971339507725,2,-0.0,2.573836832102616,1.0,2.573836832102616,Bearish,7200.0,17,Tuesday,NY,2022,1,88886.90566362003,7310.893961556924,18423.988297936896
91,111,2022-01-04 19:00:00,2022-01-05 15:00:00,1762.259251012471,1685.995206094776,1,-0.043276291427540525,-3846.6956335911227,20,-9.150675537251008,2.356727750677723,-1.8362872595315933,0.2575468599103796,Bearish,72000.0,19,Tuesday,NY,2022,1,85040.2100300289,7310.893961556924,22270.68393152802
111,135,2022-01-05 15:00:00,2022-01-06 15:00:00,1685.995206094776,1946.829527929839,-1,-0.15470644334702843,-13156.268435230066,24,-22.09670269193349,-0.0,0.0,-0.0,Bearish,86400.0,15,Wednesday,NY_overlap,2022,1,71883.94159479885,7310.893961556924,35426.95236675809
135,136,2022-01-06 15:00:00,2022-01-06 16:00:00,1946.829527929839,2013.053440729519,1,0.034016287430209236,2445.22481890505,1,0.0,3.4016287430209236,1.0,3.4016287430209236,Bullish,3600.0,15,Thursday,NY_overlap,2022,1,74329.16641370389,9756.118780461975,35426.95236675809
136,153,2022-01-06 16:00:00,2022-01-07 09:00:00,2013.053440729519,2056.623167050258,-1,-0.021643601426174497,-1608.7508521980028,17,-8.195230266140374,2.1001921127564716,-1.0305534096005906,0.25627005520926965,Bullish,61200.0,16,Thursday,NY,2022,1,72720.41556150588,9756.118780461975,37035.70321895609
153,187,2022-01-07 09:00:00,2022-01-08 19:00:00,2056.623167050258,1854.1513506451,1,-0.09844867044630068,-7159.228226332727,34,-16.475640593682062,1.703966493387843,-5.77761774238671,0.1034233833700685,Bullish,122400.0,9,Friday,London,2022,1,65561.18733517316,9756.118780461975,44194.93144528882
187,195,2022-01-08 19:00:00,2022-01-09 03:00:00,1854.1513506451,1832.842553807796,-1,0.01149247974276213,753.4606173609105,8,-6.13874904733267,1.149247974276213,1.0,0.18721207943425694,Bearish,28800.0,19,Saturday,NY,2022,1,66314.64795253408,10509.579397822885,44194.93144528882
195,200,2022-01-09 03:00:00,2022-01-09 08:00:00,1832.842553807796,1874.591616273957,1,0.02277831359787319,1510.53584719538,5,0.0,3.567756777810449,0.6384491717468577,3.567756777810449,Bearish,18000.0,3,Sunday,Asia,2022,1,67825.18379972945,12020.115245018265,44194.93144528882
200,201,2022-01-09 08:00:00,2022-01-09 09:00:00,1874.591616273957,1805.875979624333,-1,0.036656323464311136,2486.2218763892374,1,-0.0,3.6656323464311136,1.0,3.6656323464311136,Bearish,3600.0,8,Sunday,London,2022,1,70311.4056761187,14506.337121407503,44194.93144528882
201,203,2022-01-09 09:00:00,2022-01-09 11:00:00,1805.875979624333,1946.987368666229,1,0.07814013289619748,5494.142583650366,2,0.0,7.814013289619748,1.0,7.814013289619748,Bearish,7200.0,9,Sunday,London,2022,1,75805.54825976906,20000.47970505787,44194.93144528882
203,236,2022-01-09 11:00:00,2022-01-10 20:00:00,1946.987368666229,2173.664599129582,-1,-0.1164246024968496,-8825.630823199359,33,-15.241925003583479,1.5906356642067188,-7.31937583927573,0.10435923702765561,Bearish,118800.0,11,Sunday,London,2022,1,66979.9174365697,20000.47970505787,53020.56226848818
236,237,2022-01-10 20:00:00,2022-01-10 21:00:00,2173.664599129582,2211.283492169393,1,0.017306668680566073,1159.1992393263818,1,0.0,1.7306668680566073,1.0,1.7306668680566073,Bullish,3600.0,20,Monday,NY,2022,1,68139.11667589609,21159.678944384254,53020.56226848818
237,240,2022-01-10 21:00:00,2022-01-11 00:00:00,2211.283492169393,2151.379679877451,-1,0.02709006443727069,1845.8930614487297,3,-0.034810329982692956,2.709006443727069,1.0,77.82191220462248,Bullish,10800.0,21,Monday,Late,2022,1,69985.00973734481,23005.572005832983,53020.56226848818
240,247,2022-01-11 00:00:00,2022-01-11 07:00:00,2151.379679877451,2212.709767490087,1,0.028507328662753517,1995.0856740484928,7,-2.7114124197966216,2.8507328662753517,1.0,1.0513829786503597,Bullish,25200.0,0,Tuesday,Asia,2022,1,71980.09541139331,25000.657679881475,53020.56226848818
247,257,2022-01-11 07:00:00,2022-01-11 17:00:00,2212.709767490087,2171.155314384528,-1,0.01877989319525386,1351.778504010148,10,-3.2738521559373845,1.877989319525386,1.0,0.5736329040147726,Bullish,36000.0,7,Tuesday,Asia,2022,1,73331.87391540346,26352.436183891623,53020.56226848818
257,261,2022-01-11 17:00:00,2022-01-11 21:00:00,2171.155314384528,2240.367498712886,1,0.03187804385518045,2337.6766926577934,4,-0.46523466346115594,3.187804385518045,1.0,6.852035404675314,Bullish,14400.0,17,Tuesday,NY,2022,1,75669.55060806125,28690.112876549418,53020.56226848818
261,265,2022-01-11 21:00:00,2022-01-12 01:00:00,2240.367498712886,2113.647170472243,-1,0.056562295388343786,4280.0434733963875,4,-2.192896129414623,5.656229538834379,1.0,2.579342205480688,Bullish,14400.0,21,Tuesday,Late,2022,1,79949.59408145765,32970.156349945806,53020.56226848818
265,278,2022-01-12 01:00:00,2022-01-12 14:00:00,2113.647170472243,2159.223816642475,1,0.02156303417473837,1723.9558294349308,13,-4.120871561256811,3.688140138266438,0.5846587539071602,0.8949903153840603,Sideways,46800.0,1,Wednesday,Asia,2022,1,81673.54991089257,34694.11217938074,53020.56226848818
278,284,2022-01-12 14:00:00,2022-01-12 20:00:00,2159.223816642475,2078.703139253323,-1,0.037291491863200577,3045.728521940755,6,-1.7409318632268356,3.7291491863200577,1.0,2.1420420092765955,Sideways,21600.0,14,Wednesday,NY_overlap,2022,1,84719.27843283332,37739.8407013215,53020.56226848818
284,316,2022-01-12 20:00:00,2022-01-14 04:00:00,2078.703139253323,1792.044148979471,1,-0.13790280336846028,-11683.025995240845,32,-18.548390926887592,0.697116781883933,-19.781879729789736,0.037583679610364386,Bearish,115200.0,20,Wednesday,NY,2022,1,73036.25243759248,37739.8407013215,64703.58826372903
316,318,2022-01-14 04:00:00,2022-01-14 06:00:00,1792.044148979471,1724.906303579676,-1,0.03746439251400613,2736.2588290739996,2,-0.0,3.746439251400613,1.0,3.746439251400613,Bearish,7200.0,4,Friday,Asia,2022,1,75772.51126666648,40476.0995303955,64703.58826372903
318,323,2022-01-14 06:00:00,2022-01-14 11:00:00,1724.906303579676,1793.585855515758,1,0.03981639570424922,3016.9882920982723,5,-2.0820615135844767,3.981639570424922,1.0,1.9123544354701278,Bearish,18000.0,6,Friday,Asia,2022,1,78789.49955876474,43493.08782249377,64703.58826372903
323,326,2022-01-14 11:00:00,2022-01-14 14:00:00,1793.585855515758,1704.829732327235,-1,0.04948529389634415,3898.921541611349,3,-0.0,4.948529389634415,1.0,4.948529389634415,Bearish,10800.0,11,Friday,London,2022,1,82688.42110037609,47392.00936410512,64703.58826372903
326,333,2022-01-14 14:00:00,2022-01-14 21:00:00,1704.829732327235,1742.820243142747,1,0.02228404989374022,1842.6329014353814,7,-2.2716093661845904,2.228404989374022,1.0,0.9809807190207467,Bearish,25200.0,14,Friday,NY_overlap,2022,1,84531.05400181147,49234.642265540504,64703.58826372903
333,338,2022-01-14 21:00:00,2022-01-15 02:00:00,1742.820243142747,1685.331971496289,-1,0.03298577226919963,2788.322096979168,5,-2.907605344994124,3.298577226919963,1.0,1.1344652507944228,Bearish,18000.0,21,Friday,Late,2022,1,87319.37609879064,52022.96436251967,64703.58826372903
338,344,2022-01-15 02:00:00,2022-01-15 08:00:00,1685.331971496289,1733.425576214191,1,0.02853657649133834,2491.796055219079,6,-1.1304279399832695,2.853657649133834,1.0,2.524404739302594,Bearish,21600.0,2,Saturday,Asia,2022,1,89811.17215400972,54514.76041773875,64703.58826372903
344,345,2022-01-15 08:00:00,2022-01-15 09:00:00,1733.425576214191,1688.437537252426,-1,0.025953256706883976,2330.892406059163,1,-0.0,2.5953256706883976,1.0,2.5953256706883976,Bearish,3600.0,8,Saturday,London,2022,1,92142.06456006889,56845.65282379791,64703.58826372903
345,350,2022-01-15 09:00:00,2022-01-15 14:00:00,1688.437537252426,1705.245449399967,1,0.009954713619369171,917.2478649929108,5,-1.6959839007826938,1.2572172346247301,0.7918053734238362,0.7412907835059793,Bearish,18000.0,9,Saturday,London,2022,1,93059.3124250618,57762.90068879082,64703.58826372903
350,351,2022-01-15 14:00:00,2022-01-15 15:00:00,1705.245449399967,1690.218702095013,-1,0.008812072954213934,820.0454501586314,1,-0.0,0.8812072954213934,1.0,0.8812072954213934,Bearish,3600.0,14,Saturday,NY_overlap,2022,1,93879.35787522042,58582.946138949446,64703.58826372903
351,352,2022-01-15 15:00:00,2022-01-15 16:00:00,1690.218702095013,1713.286445246882,1,0.013647786007382923,1281.2453867915267,1,0.0,1.3647786007382923,1.0,1.3647786007382923,Bearish,3600.0,15,Saturday,NY_overlap,2022,1,95160.60326201195,59864.19152574097,64703.58826372903
352,355,2022-01-15 16:00:00,2022-01-15 19:00:00,1713.286445246882,1675.906979941014,-1,0.02181740561221901,2076.1574796707655,3,-0.8196238199311479,2.181740561221901,1.0,2.661880375078871,Bearish,10800.0,16,Saturday,NY,2022,1,97236.76074168272,61940.349005411736,64703.58826372903
355,368,2022-01-15 19:00:00,2022-01-16 08:00:00,1675.906979941014,1679.012907926877,1,0.0018532818485976765,180.20712369899567,13,-9.931320221406747,0.18532818485976765,1.0,0.018660981695091932,Bearish,46800.0,19,Saturday,NY,2022,1,97416.96786538171,62120.55612911073,64703.58826372903
368,385,2022-01-16 08:00:00,2022-01-17 01:00:00,1679.012907926877,1775.811239374588,-1,-0.05765192810055919,-5616.276027149471,17,-11.088498690256765,-0.0,0.0,-0.0,Sideways,61200.0,8,Sunday,London,2022,1,91800.69183823225,62120.55612911073,70319.8642908785
385,386,2022-01-17 01:00:00,2022-01-17 02:00:00,1775.811239374588,1821.827487461148,1,0.025912803718241006,2378.8133088028408,1,0.0,2.5912803718241006,1.0,2.5912803718241006,Sideways,3600.0,1,Monday,Asia,2022,1,94179.50514703509,64499.36943791357,70319.8642908785
386,387,2022-01-17 02:00:00,2022-01-17 03:00:00,1821.827487461148,1736.510510813884,-1,0.046830436599768044,4410.467344785753,1,-0.0,4.683043659976804,1.0,4.683043659976804,Bullish,3600.0,2,Monday,Asia,2022,1,98589.97249182084,68909.83678269932,70319.8642908785
387,413,2022-01-17 03:00:00,2022-01-18 05:00:00,1736.510510813884,1531.459250728439,1,-0.11808236046284548,-11641.736669801205,26,-17.199481245140056,0.0,0.0,0.0,Sideways,93600.0,3,Monday,Asia,2022,1,86948.23582201963,68909.83678269932,81961.6009606797
413,423,2022-01-18 05:00:00,2022-01-18 15:00:00,1531.459250728439,1506.076360275042,-1,0.016574316581602577,1441.1075867259908,10,-7.459560128942422,1.6574316581602577,1.0,0.22218892662713075,Sideways,36000.0,5,Tuesday,Asia,2022,1,88389.34340874563,70350.94436942531,81961.6009606797
423,433,2022-01-18 15:00:00,2022-01-19 01:00:00,1506.076360275042,1515.902073960218,1,0.006524047481484718,576.6562732559146,10,-3.1298287734294217,0.6860520573451545,0.9509551661037369,0.2191979520315523,Bearish,36000.0,15,Tuesday,NY_overlap,2022,1,88965.99968200154,70927.60064268122,81961.6009606797
433,434,2022-01-19 01:00:00,2022-01-19 02:00:00,1515.902073960218,1464.16767597909,-1,0.03412779682131739,3036.213561152735,1,-0.0,3.412779682131739,1.0,3.412779682131739,Bearish,3600.0,1,Wednesday,Asia,2022,1,92002.21324315427,73963.81420383396,81961.6009606797
434,445,2022-01-19 02:00:00,2022-01-19 13:00:00,1464.16767597909,1487.465430106445,1,0.01591194404136509,1463.9340688068085,11,-5.096878056901577,1.591194404136509,1.0,0.31219000854491813,Bearish,39600.0,2,Wednesday,Asia,2022,1,93466.14731196109,75427.74827264076,81961.6009606797
445,451,2022-01-19 13:00:00,2022-01-19 19:00:00,1487.465430106445,1447.970495000545,-1,0.026551833949561843,2481.697623332476,6,-3.6191307373164117,2.6551833949561843,1.0,0.7336522462642521,Bearish,21600.0,13,Wednesday,NY_overlap,2022,1,95947.84493529356,77909.44589597324,81961.6009606797
451,459,2022-01-19 19:00:00,2022-01-20 03:00:00,1447.970495000545,1533.014189164431,1,0.058733029752691124,5635.307631291189,8,-4.084778865125205,5.873302975269112,1.0,1.437850901896763,Bearish,28800.0,19,Wednesday,NY,2022,1,101583.15256658474,83544.75352726443,81961.6009606797
459,477,2022-01-20 03:00:00,2022-01-20 21:00:00,1533.014189164431,1655.628209258522,-1,-0.07998231259745991,-8124.855463216041,18,-17.928490681230038,-0.0,0.0,-0.0,Bullish,64800.0,3,Thursday,Asia,2022,1,93458.2971033687,83544.75352726443,90086.45642389574
477,488,2022-01-20 21:00:00,2022-01-21 08:00:00,1655.628209258522,1663.10051573161,1,0.004513275644436154,421.8030560871118,11,-5.558597737661753,1.9381033069836073,0.2328707467849302,0.34866766736009186,Bullish,39600.0,21,Thursday,Late,2022,1,93880.10015945582,83966.55658335154,90086.45642389574
488,513,2022-01-21 08:00:00,2022-01-22 09:00:00,1663.10051573161,1795.224554282355,-1,-0.07944440958376031,-7458.249128832247,25,-14.439919698180837,-0.0,0.0,-0.0,Bullish,90000.0,8,Friday,London,2022,1,86421.85103062357,83966.55658335154,97544.70555272799
513,575,2022-01-22 09:00:00,2022-01-24 23:00:00,1795.224554282355,1301.40250768337,1,-0.27507536336945404,-23772.522075309596,62,-30.42804460975844,0.9464454756019203,-29.06404758229856,0.031104380440483186,Bullish,223200.0,9,Saturday,London,2022,1,62649.32895531398,83966.55658335154,121317.22762803758
575,576,2022-01-24 23:00:00,2022-01-25 00:00:00,1301.40250768337,1255.453752899168,-1,0.03530710484490729,2211.9664258883554,1,-0.0,3.530710484490729,1.0,3.530710484490729,Bearish,3600.0,23,Monday,Late,2022,1,64861.29538120233,86178.5230092399,121317.22762803758
576,577,2022-01-25 00:00:00,2022-01-25 01:00:00,1255.453752899168,1288.310787647528,1,0.026171441737686152,1697.513613099988,1,0.0,2.617144173768615,1.0,2.617144173768615,Bearish,3600.0,0,Tuesday,Asia,2022,1,66558.80899430232,87876.03662233989,121317.22762803758
577,578,2022-01-25 01:00:00,2022-01-25 02:00:00,1288.310787647528,1258.707386651646,-1,0.022978462401869848,1529.419089988812,1,-0.0,2.297846240186985,1.0,2.297846240186985,Bearish,3600.0,1,Tuesday,Asia,2022,1,68088.22808429113,89405.4557123287,121317.22762803758
578,591,2022-01-25 02:00:00,2022-01-25 15:00:00,1258.707386651646,1230.364084460621,1,-0.022517784905054516,-1533.196074568359,13,-8.815749932607254,0.0,0.0,0.0,Bearish,46800.0,2,Tuesday,Asia,2022,1,66555.03200972278,89405.4557123287,122850.42370260594
591,601,2022-01-25 15:00:00,2022-01-26 01:00:00,1230.364084460621,1218.53468472803,-1,0.009614552214255223,639.896830378907,10,-3.692464146508989,0.9614552214255223,1.0,0.2603830892534251,Bearish,36000.0,15,Tuesday,NY_overlap,2022,1,67194.92884010168,90045.3525427076,122850.42370260594
601,602,2022-01-26 01:00:00,2022-01-26 02:00:00,1218.53468472803,1261.164744168959,1,0.034984691018822955,2350.7938235027514,1,0.0,3.4984691018822955,1.0,3.4984691018822955,Bearish,3600.0,1,Wednesday,Asia,2022,1,69545.72266360444,92396.14636621035,122850.42370260594
602,609,2022-01-26 02:00:00,2022-01-26 09:00:00,1261.164744168959,1227.162447028235,-1,0.026961027334402532,1875.0241297242158,7,-2.263854076827476,2.696102733440253,1.0,1.1909348579651045,Bearish,25200.0,2,Wednesday,Asia,2022,1,71420.74679332865,94271.17049593457,122850.42370260594
609,614,2022-01-26 09:00:00,2022-01-26 14:00:00,1227.162447028235,1275.881067155806,1,0.039700220818809084,2835.4194187393964,5,-0.5286609847851453,3.9700220818809084,1.0,7.509580234097239,Bearish,18000.0,9,Wednesday,London,2022,1,74256.16621206804,97106.58991467397,122850.42370260594
614,639,2022-01-26 14:00:00,2022-01-27 15:00:00,1275.881067155806,1338.900218349716,-1,-0.04939265329361153,-3667.7090726254664,25,-11.061504304715841,-0.0,0.0,-0.0,Sideways,90000.0,14,Wednesday,NY_overlap,2022,1,70588.45713944259,97106.58991467397,126518.13277523141
639,662,2022-01-27 15:00:00,2022-01-28 14:00:00,1338.900218349716,1324.953963268796,1,-0.010416201961718663,-735.2636257305552,23,-7.141779132422698,3.205534290368517,-0.32494433121541144,0.44884254062350243,Bullish,82800.0,15,Thursday,NY_overlap,2022,1,69853.19351371203,97106.58991467397,127253.39640096197
662,668,2022-01-28 14:00:00,2022-01-28 20:00:00,1324.953963268796,1281.016243838224,-1,0.03316169515971201,2316.450309234089,6,-1.338196273015324,3.3161695159712012,1.0,2.4780890388365524,Bullish,21600.0,14,Friday,NY_overlap,2022,1,72169.64382294612,99423.04022390806,127253.39640096197
668,682,2022-01-28 20:00:00,2022-01-29 10:00:00,1281.016243838224,1247.151289529723,1,-0.026436006936987444,-1907.8772047433156,14,-6.22719810022816,0.0,0.0,0.0,Bearish,50400.0,20,Friday,NY,2022,1,70261.76661820279,99423.04022390806,129161.27360570528
682,716,2022-01-29 10:00:00,2022-01-30 20:00:00,1247.151289529723,1559.284221550368,-1,-0.250276718342924,-17584.88437418019,34,-34.55886537843635,-0.0,0.0,-0.0,Bearish,122400.0,10,Saturday,London,2022,1,52676.88224402261,99423.04022390806,146746.15797988547
716,724,2022-01-30 20:00:00,2022-01-31 04:00:00,1559.284221550368,1654.237604686627,1,0.06089549411450368,3207.78477266128,8,-1.4302219844541497,6.089549411450368,1.0,4.257765212422231,Bullish,28800.0,20,Sunday,NY,2022,1,55884.66701668389,102630.82499656934,146746.15797988547
724,747,2022-01-31 04:00:00,2022-02-01 03:00:00,1654.237604686627,1844.917578728217,-1,-0.11526758520140867,-6441.690616797959,23,-17.569162666776016,1.5728963620831315,-7.3283649183821105,0.08952597183572902,Bullish,82800.0,4,Monday,Asia,2022,1,49442.97639988593,102630.82499656934,153187.8485966834
747,776,2022-02-01 03:00:00,2022-02-02 08:00:00,1844.917578728217,1773.131521877389,1,-0.03891017012278308,-1923.834623096309,29,-9.517689869022739,1.5312891612568214,-2.541007349052687,0.16088874320655414,Bullish,104400.0,3,Tuesday,Asia,2022,2,47519.14177678962,102630.82499656934,155111.68321977972
776,790,2022-02-02 08:00:00,2022-02-02 22:00:00,1773.131521877389,1772.269511376611,-1,0.00048615147277142334,23.101500759620325,14,-3.2567095339468555,2.9339395933871026,0.016569920998618214,0.9008907803427643,Bullish,50400.0,8,Wednesday,London,2022,2,47542.24327754924,102653.92649732895,155111.68321977972
790,793,2022-02-02 22:00:00,2022-02-03 01:00:00,1772.269511376611,1806.3661315594,1,0.019238958840015474,914.6632615787715,3,-0.2630629899377901,1.9238958840015474,1.0,7.3134418659824245,Bearish,10800.0,22,Wednesday,Late,2022,2,48456.90653912802,103568.58975890772,155111.68321977972
793,803,2022-02-03 01:00:00,2022-02-03 11:00:00,1806.3661315594,1818.835658667108,-1,-0.00690310058954835,-334.50290009794367,10,-9.394283625020773,-0.0,0.0,-0.0,Bearish,36000.0,1,Thursday,Asia,2022,2,48122.403639030075,103568.58975890772,155446.18611987768
803,812,2022-02-03 11:00:00,2022-02-03 20:00:00,1818.835658667108,1891.140316387325,1,0.039753265984021846,1913.022711652822,9,-4.353867855037008,3.9753265984021846,1.0,0.913056328478852,Sideways,32400.0,11,Thursday,London,2022,2,50035.426350682894,105481.61247056055,155446.18611987768
812,829,2022-02-03 20:00:00,2022-02-04 13:00:00,1891.140316387325,1871.787975612524,-1,0.010233159648232792,512.0205059139316,17,-5.74827889670535,1.4918508129082464,0.6859371969160943,0.25952999840757673,Bullish,61200.0,20,Thursday,NY,2022,2,50547.44685659683,105993.63297647447,155446.18611987768
829,840,2022-02-04 13:00:00,2022-02-05 00:00:00,1871.787975612524,1913.474898069793,1,0.02227117761221198,1125.751166787113,11,-2.0427158616561747,2.932202282288432,0.759537558057914,1.4354430478211921,Bullish,39600.0,13,Friday,NY_overlap,2022,2,51673.19802338394,107119.38414326159,155446.18611987768
840,848,2022-02-05 00:00:00,2022-02-05 08:00:00,1913.474898069793,1890.040044465377,-1,0.012247275168362992,632.8558750216934,8,-1.0777302329348926,1.2247275168362992,1.0,1.1363952493947407,Bullish,28800.0,0,Saturday,Asia,2022,2,52306.05389840563,107752.24001828328,155446.18611987768
848,866,2022-02-05 08:00:00,2022-02-06 02:00:00,1890.040044465377,1827.61829157701,1,-0.0330266827261978,-1727.495446762043,18,-9.300207405678174,2.4279848278419225,-1.3602507868862206,0.26106781514996474,Sideways,64800.0,8,Saturday,London,2022,2,50578.55845164359,107752.24001828328,157173.68156663972
866,867,2022-02-06 02:00:00,2022-02-06 03:00:00,1827.61829157701,1767.903048047483,-1,0.03267380492126726,1652.5939520479149,1,-0.0,3.2673804921267258,1.0,3.2673804921267258,Bearish,3600.0,2,Sunday,Asia,2022,2,52231.15240369151,109404.8339703312,157173.68156663972
867,869,2022-02-06 03:00:00,2022-02-06 05:00:00,1767.903048047483,1800.442051587778,1,0.018405423066740978,961.3364572533665,2,0.0,1.8405423066740978,1.0,1.8405423066740978,Bearish,7200.0,3,Sunday,Asia,2022,2,53192.488860944875,110366.17042758456,157173.68156663972
869,878,2022-02-06 05:00:00,2022-02-06 14:00:00,1800.442051587778,1779.216337450324,-1,0.011789168176079445,627.0951968859113,9,-2.664626712404683,1.1789168176079445,1.0,0.44243225969315425,Bearish,32400.0,5,Sunday,Asia,2022,2,53819.58405783078,110993.26562447047,157173.68156663972
878,880,2022-02-06 14:00:00,2022-02-06 16:00:00,1779.216337450324,1848.137386792329,1,0.038736744875427,2084.795496949788,2,0.0,3.8736744875427,1.0,3.8736744875427,Bearish,7200.0,14,Sunday,NY_overlap,2022,2,55904.37955478057,113078.06112142027,157173.68156663972
880,882,2022-02-06 16:00:00,2022-02-06 18:00:00,1848.137386792329,1793.099676084477,-1,0.029780097032383823,1664.8378476765786,2,-0.0,2.9780097032383823,1.0,2.9780097032383823,Sideways,7200.0,16,Sunday,NY,2022,2,57569.21740245715,114742.89896909684,157173.68156663972
882,917,2022-02-06 18:00:00,2022-02-08 05:00:00,1793.099676084477,1536.830573778931,1,-0.14291960771815604,-8227.769967800412,35,-18.011225099464333,0.0,0.0,0.0,Bearish,126000.0,18,Sunday,NY,2022,2,49341.44743465674,114742.89896909684,165401.45153444013
917,918,2022-02-08 05:00:00,2022-02-08 06:00:00,1536.830573778931,1485.502271257471,-1,0.03339880361388714,1647.9453128950345,1,-0.0,3.339880361388714,1.0,3.339880361388714,Bearish,3600.0,5,Tuesday,Asia,2022,2,50989.39274755177,116390.84428199189,165401.45153444013
918,937,2022-02-08 06:00:00,2022-02-09 01:00:00,1485.502271257471,1453.698568930526,1,-0.02140939326873137,-1091.6519618661341,19,-6.890483703982708,1.270446380782686,-1.6851866865519858,0.1843769516570174,Bearish,68400.0,6,Tuesday,Asia,2022,2,49897.74078568564,116390.84428199189,166493.10349630626
937,941,2022-02-09 01:00:00,2022-02-09 05:00:00,1453.698568930526,1382.712139621172,-1,0.048831601562061344,2436.586596893617,4,-0.6624367332469294,4.883160156206134,1.0,7.371511740104381,Bearish,14400.0,1,Wednesday,Asia,2022,2,52334.32738257926,118827.4308788855,166493.10349630626
941,950,2022-02-09 05:00:00,2022-02-09 14:00:00,1382.712139621172,1443.424436042616,1,0.043908124244918856,2297.9021489885477,9,0.0,4.390812424491886,1.0,4.390812424491886,Bearish,32400.0,5,Wednesday,Asia,2022,2,54632.229531567806,121125.33302787405,166493.10349630626
950,952,2022-02-09 14:00:00,2022-02-09 16:00:00,1443.424436042616,1364.205340905846,-1,0.05488274492148826,2998.3667178732317,2,-0.0,5.488274492148825,1.0,5.488274492148825,Bearish,7200.0,14,Wednesday,NY_overlap,2022,2,57630.596249441034,124123.69974574728,166493.10349630626
952,957,2022-02-09 16:00:00,2022-02-09 21:00:00,1364.205340905846,1430.908516431085,1,0.04889526050451276,2817.863016646814,5,0.0,4.889526050451276,1.0,4.889526050451276,Bearish,18000.0,16,Wednesday,NY,2022,2,60448.45926608785,126941.56276239408,166493.10349630626
957,1003,2022-02-09 21:00:00,2022-02-11 19:00:00,1430.908516431085,1840.500458653344,-1,-0.28624607200175656,-17303.13402347582,46,-34.64166271710363,1.73158147509882,-16.530904038773038,0.04998551857165581,Bearish,165600.0,21,Wednesday,Late,2022,2,43145.32524261203,126941.56276239408,183796.23751978207
1003,1005,2022-02-11 19:00:00,2022-02-11 21:00:00,1840.500458653344,1926.449922424923,1,0.046698963516948355,2014.841969431608,2,0.0,4.6698963516948355,1.0,4.6698963516948355,Bullish,7200.0,19,Friday,NY,2022,2,45160.16721204364,128956.40473182569,183796.23751978207
1005,1016,2022-02-11 21:00:00,2022-02-12 08:00:00,1926.449922424923,1866.994284286033,-1,0.030862799726478207,1393.7691962795693,11,-2.372640078063193,3.0862799726478207,1.0,1.3007788248975287,Bullish,39600.0,21,Friday,Late,2022,2,46553.936408323214,130350.17392810526,183796.23751978207
1016,1025,2022-02-12 08:00:00,2022-02-12 17:00:00,1866.994284286033,1882.871025132642,1,0.008503904366627735,395.8902231064493,9,-2.5427095962460844,0.8503904366627735,1.0,0.33444261110991313,Bullish,32400.0,8,Saturday,London,2022,2,46949.82663142966,130746.0641512117,183796.23751978207
1025,1026,2022-02-12 17:00:00,2022-02-12 18:00:00,1882.871025132642,1819.618811280983,-1,0.03359349260112121,1577.2086535668545,1,-0.0,3.359349260112121,1.0,3.359349260112121,Bullish,3600.0,17,Saturday,NY,2022,2,48527.03528499652,132323.27280477856,183796.23751978207
1026,1029,2022-02-12 18:00:00,2022-02-12 21:00:00,1819.618811280983,1887.410243104571,1,0.037255842489265056,1807.9155830488364,3,0.0,3.7255842489265056,1.0,3.7255842489265056,Bullish,10800.0,18,Saturday,NY,2022,2,50334.95086804536,134131.1883878274,183796.23751978207
1029,1035,2022-02-12 21:00:00,2022-02-13 03:00:00,1887.410243104571,1804.559259212935,-1,0.043896648433652485,2209.535642179756,6,-2.007355243996667,4.3896648433652485,1.0,2.1867902338130127,Bullish,21600.0,21,Saturday,Late,2022,2,52544.48651022511,136340.72403000714,183796.23751978207
1035,1088,2022-02-13 03:00:00,2022-02-15 08:00:00,1804.559259212935,1234.051033736358,1,-0.31614823540092896,-16611.84669025557,53,-34.33076100609367,0.0,0.0,0.0,Sideways,190800.0,3,Sunday,Asia,2022,2,35932.63981996954,136340.72403000714,200408.08421003763
1088,1092,2022-02-15 08:00:00,2022-02-15 12:00:00,1234.051033736358,1204.333124186952,-1,0.024081588797367992,865.3150565484365,4,-3.477665883372505,2.408158879736799,1.0,0.692464129820735,Bearish,14400.0,8,Tuesday,London,2022,2,36797.95487651798,137206.03908655557,200408.08421003763
1092,1103,2022-02-15 12:00:00,2022-02-15 23:00:00,1204.333124186952,1219.408069427628,1,0.012517255348974299,460.609397509409,11,-2.622196153156453,1.2517255348974299,1.0,0.47735770391954574,Bearish,39600.0,12,Tuesday,London,2022,2,37258.56427402739,137666.64848406496,200408.08421003763
1103,1112,2022-02-15 23:00:00,2022-02-16 08:00:00,1219.408069427628,1203.927798948952,-1,0.01269490572253007,472.99396081560417,9,-2.605403285035224,1.269490572253007,1.0,0.48725300207635386,Bearish,32400.0,23,Tuesday,Late,2022,2,37731.558234842996,138139.64244488056,200408.08421003763
1112,1162,2022-02-16 08:00:00,2022-02-18 10:00:00,1203.927798948952,881.4061551237128,1,-0.2678911842610543,-10107.951819547014,50,-29.439070373776875,0.0,0.0,0.0,Bearish,180000.0,8,Wednesday,London,2022,2,27623.606415295988,138139.64244488056,210516.03602958465
1162,1169,2022-02-18 10:00:00,2022-02-18 17:00:00,881.4061551237128,836.3854038174098,-1,0.05107832642714405,1410.9675855754363,7,-3.7822195561766803,5.1078326427144045,1.0,1.3504854932001205,Bearish,25200.0,10,Friday,London,2022,2,29034.57400087142,139550.610030456,210516.03602958465
1169,1175,2022-02-18 17:00:00,2022-02-18 23:00:00,836.3854038174098,873.4784724814986,1,0.044349253938183786,1287.6616953516334,6,0.0,5.806859561694178,0.7637390480517268,5.806859561694178,Bearish,21600.0,17,Friday,NY,2022,2,30322.235696223055,140838.27172580763,210516.03602958465
1175,1176,2022-02-18 23:00:00,2022-02-19 00:00:00,873.4784724814986,847.2853739761127,-1,0.029987113970849077,909.2763376735876,1,-0.0,2.9987113970849077,1.0,2.9987113970849077,Bearish,3600.0,23,Friday,Late,2022,2,31231.512033896637,141747.54806348123,210516.03602958465
1176,1179,2022-02-19 00:00:00,2022-02-19 03:00:00,847.2853739761127,887.5222405796361,1,0.04748915517649155,1483.1581213741788,3,0.0,4.748915517649155,1.0,4.748915517649155,Bearish,10800.0,0,Saturday,Asia,2022,2,32714.67015527081,143230.7061848554,210516.03602958465
1179,1196,2022-02-19 03:00:00,2022-02-19 20:00:00,887.5222405796361,873.9842402691975,-1,0.015253702601973118,499.01984927014615,17,-5.84118934965403,3.0384428412355224,0.5020236811751411,0.5201753717186873,Bearish,61200.0,3,Saturday,Asia,2022,2,33213.69000454096,143729.72603412555,210516.03602958465
1196,1201,2022-02-19 20:00:00,2022-02-20 01:00:00,873.9842402691975,923.7078698544924,1,0.056893050577181414,1889.6281452831713,5,0.0,5.689305057718141,1.0,5.689305057718141,Bearish,18000.0,20,Saturday,NY,2022,2,35103.318149824125,145619.35417940872,210516.03602958465
1201,1206,2022-02-20 01:00:00,2022-02-20 06:00:00,923.7078698544924,861.333826172973,-1,0.06752572508811139,2370.3770110655323,5,-1.363107146915632,6.752572508811139,1.0,4.953809041417257,Bullish,18000.0,1,Sunday,Asia,2022,2,37473.695160889656,147989.73119047427,210516.03602958465
1206,1219,2022-02-20 06:00:00,2022-02-20 19:00:00,861.333826172973,861.980948641763,1,0.0007513027459578048,28.15409007556207,13,-4.3661946997981875,1.4346860842644915,0.052367047690642994,0.32858958038009733,Sideways,46800.0,6,Sunday,Asia,2022,2,37501.84925096522,148017.88528054982,210516.03602958465
1219,1221,2022-02-20 19:00:00,2022-02-20 21:00:00,861.980948641763,838.1380624256391,-1,0.027660572143379247,1037.3226067164555,2,-1.3640439014481087,2.7660572143379247,1.0,2.02783591598584,Bullish,7200.0,19,Sunday,NY,2022,2,38539.17185768168,149055.20788726627,210516.03602958465
1221,1230,2022-02-20 21:00:00,2022-02-21 06:00:00,838.1380624256391,861.4127440291609,1,0.027769507968845808,1070.2138400146084,9,-1.3817641308160877,2.776950796884581,1.0,2.009714056801053,Sideways,32400.0,21,Sunday,Late,2022,2,39609.385697696285,150125.4217272809,210516.03602958465
1230,1239,2022-02-21 06:00:00,2022-02-21 15:00:00,861.4127440291609,878.7368999437156,-1,-0.020111329945645906,-796.5974247107172,9,-11.546336875808262,-0.0,0.0,-0.0,Sideways,32400.0,6,Monday,Asia,2022,2,38812.78827298557,150125.4217272809,211312.63345429537
1239,1240,2022-02-21 15:00:00,2022-02-21 16:00:00,878.7368999437156,912.0489377563164,1,0.03790900076545611,1471.3540203500947,1,0.0,3.7909000765456113,1.0,3.7909000765456113,Sideways,3600.0,15,Monday,NY_overlap,2022,2,40284.142293335666,151596.77574763098,211312.63345429537
1240,1245,2022-02-21 16:00:00,2022-02-21 21:00:00,912.0489377563164,893.3270100307495,-1,0.020527328030909953,826.9258032991536,5,-0.5428429525871303,2.0527328030909953,1.0,3.7814487473916616,Sideways,18000.0,16,Monday,NY,2022,2,41111.06809663482,152423.70155093013,211312.63345429537
1245,1267,2022-02-21 21:00:00,2022-02-22 19:00:00,893.3270100307495,866.6190131308238,1,-0.029897223077366086,-1229.1067738338782,22,-5.952383075416301,1.2882783675631115,-2.3207114106805373,0.21643068855628234,Sideways,79200.0,21,Monday,Late,2022,2,39881.96132280095,152423.70155093013,212541.74022812926
1267,1268,2022-02-22 19:00:00,2022-02-22 20:00:00,866.6190131308238,828.8062460015976,-1,0.04363251504559129,1740.1502774648006,1,-0.0,4.363251504559129,1.0,4.363251504559129,Sideways,3600.0,19,Tuesday,NY,2022,2,41622.11160026575,154163.85182839492,212541.74022812926
1268,1270,2022-02-22 20:00:00,2022-02-22 22:00:00,828.8062460015976,897.8729209572723,1,0.08333271532263709,3468.4835771119733,2,0.0,8.333271532263709,1.0,8.333271532263709,Bearish,7200.0,20,Tuesday,NY,2022,2,45090.59517737773,157632.3354055069,212541.74022812926
1270,1278,2022-02-22 22:00:00,2022-02-23 06:00:00,897.8729209572723,869.0747795855806,-1,0.032073738609900815,1446.2239634840664,8,-3.2087439746322,3.2073738609900815,1.0,0.9995730062438916,Sideways,28800.0,22,Tuesday,Late,2022,2,46536.81914086179,159078.55936899097,212541.74022812926
1278,1304,2022-02-23 06:00:00,2022-02-24 08:00:00,869.0747795855806,815.1659344403778,1,-0.06203015714126381,-2886.686204162228,26,-9.907378123520939,3.3355986371683244,-1.859640918726445,0.33667824075971586,Bullish,93600.0,6,Wednesday,Asia,2022,2,43650.13293669956,159078.55936899097,215428.42643229148
1304,1314,2022-02-24 08:00:00,2022-02-24 18:00:00,815.1659344403778,802.6251524790495,-1,0.015384330271281166,671.5280614835136,10,-6.002112356925138,1.5384330271281166,1.0,0.25631526630005486,Bearish,36000.0,8,Thursday,London,2022,2,44321.66099818308,159750.0874304745,215428.42643229148
1314,1319,2022-02-24 18:00:00,2022-02-24 23:00:00,802.6251524790495,859.5879989282599,1,0.07097067201703156,3145.538065952108,5,0.0,7.0970672017031555,1.0,7.0970672017031555,Bearish,18000.0,18,Thursday,NY,2022,2,47467.19906413519,162895.6254964266,215428.42643229148
1319,1334,2022-02-24 23:00:00,2022-02-25 14:00:00,859.5879989282599,895.4225688712487,-1,-0.04168807613376124,-1978.8162084420667,15,-13.803819548861163,0.910003384537128,-4.5810902291276445,0.0659240278617091,Sideways,54000.0,23,Thursday,Late,2022,2,45488.38285569312,162895.6254964266,217407.24264073354
1334,1349,2022-02-25 14:00:00,2022-02-26 05:00:00,895.4225688712487,862.564262874323,1,-0.036695865325737986,-1669.235571158122,15,-10.634037808760189,0.0,0.0,0.0,Bullish,54000.0,14,Friday,NY_overlap,2022,2,43819.147284535,162895.6254964266,219076.47821189166
1349,1368,2022-02-26 05:00:00,2022-02-27 00:00:00,862.564262874323,858.8540507066112,-1,0.00430137478145487,188.4825750745553,19,-5.623866839606295,1.0976250246361063,0.39188016717101515,0.19517265538828915,Bullish,68400.0,5,Saturday,Asia,2022,2,44007.62985960956,163084.10807150116,219076.47821189166
1368,1385,2022-02-27 00:00:00,2022-02-27 17:00:00,858.8540507066112,804.717501597902,1,-0.06303346775178986,-2773.9535175884016,17,-12.395788254297768,0.0,0.0,0.0,Sideways,61200.0,0,Sunday,Asia,2022,2,41233.67634202116,163084.10807150116,221850.43172948007
1385,1390,2022-02-27 17:00:00,2022-02-27 22:00:00,804.717501597902,785.0095976534227,-1,0.024490462684539582,1009.8318118006508,5,-2.2676915405749565,2.4490462684539582,1.0,1.0799732788318381,Bearish,18000.0,17,Sunday,NY,2022,2,42243.50815382181,164093.93988330182,221850.43172948007
1390,1393,2022-02-27 22:00:00,2022-02-28 01:00:00,785.0095976534227,823.6697092062223,1,0.04924794762811002,2080.406077187053,3,-1.175418552945806,4.924794762811002,1.0,4.189822213090476,Bearish,10800.0,22,Sunday,Late,2022,2,44323.91423100886,166174.34596048886,221850.43172948007
1393,1428,2022-02-28 01:00:00,2022-03-01 12:00:00,823.6697092062223,882.9302130117601,-1,-0.07194692622926202,-3188.9693873705287,35,-11.36085891627674,1.6281496226733916,-4.418938236838854,0.14331219449796495,Sideways,126000.0,1,Monday,Asia,2022,2,41134.94484363833,166174.34596048886,225039.4011168506
1428,1433,2022-03-01 12:00:00,2022-03-01 17:00:00,882.9302130117601,900.5320411858565,1,0.01993569583948762,820.0537487768728,5,-1.672881108156743,2.0149491796521035,0.9893895111999635,1.2044784114229534,Bullish,18000.0,12,Tuesday,London,2022,3,41954.998592415206,166994.39970926574,225039.4011168506
1433,1437,2022-03-01 17:00:00,2022-03-01 21:00:00,900.5320411858565,876.8990589094342,-1,0.026243355256190037,1101.0399328337044,4,-1.4189893251540298,2.6243355256190037,1.0,1.849439935239918,Bullish,14400.0,17,Tuesday,NY,2022,3,43056.03852524891,168095.43964209943,225039.4011168506
1437,1476,2022-03-01 21:00:00,2022-03-03 12:00:00,876.8990589094342,704.6041873367717,1,-0.1964819893716604,-8459.73610390375,39,-25.534156576527,0.48430421917895483,-40.56995202411369,0.01896691663683794,Bullish,140400.0,21,Tuesday,Late,2022,3,34596.30242134516,168095.43964209943,233499.13722075435
1476,1482,2022-03-03 12:00:00,2022-03-03 18:00:00,704.6041873367717,681.1369847064502,-1,0.03330551116793912,1152.2475366635092,6,-3.9677685267194063,3.3305511167939117,1.0,0.8394015664889724,Bearish,21600.0,12,Thursday,London,2022,3,35748.54995800867,169247.68717876295,233499.13722075435
1482,1483,2022-03-03 18:00:00,2022-03-03 19:00:00,681.1369847064502,696.5080190594754,1,0.022566729891564385,806.7278709174764,1,0.0,2.2566729891564385,1.0,2.2566729891564385,Bearish,3600.0,18,Thursday,NY,2022,3,36555.27782892615,170054.41504968042,233499.13722075435
1483,1489,2022-03-03 19:00:00,2022-03-04 01:00:00,696.5080190594754,676.4640171283613,-1,0.028777848039969967,1051.9822304197191,6,-2.351688328192747,2.8777848039969967,1.0,1.2237101190226813,Bearish,21600.0,19,Thursday,NY,2022,3,37607.26005934587,171106.39728010015,233499.13722075435
1489,1521,2022-03-04 01:00:00,2022-03-05 09:00:00,676.4640171283613,639.2045489469076,1,-0.0550797488676823,-2071.3984396703877,32,-9.405606800896216,3.65056553774481,-1.5088004392247842,0.38812653080468607,Bearish,115200.0,1,Friday,Asia,2022,3,35535.86161967548,171106.39728010015,235570.53566042474
1521,1534,2022-03-05 09:00:00,2022-03-05 22:00:00,639.2045489469076,669.1884075813686,-1,-0.04690808080740272,-1666.919068416417,13,-11.443680201935468,1.892478369173789,-2.4786587562362294,0.16537323096932702,Sideways,46800.0,9,Saturday,London,2022,3,33868.94255125907,171106.39728010015,237237.45472884114
1534,1535,2022-03-05 22:00:00,2022-03-05 23:00:00,669.1884075813686,686.9544746570729,1,0.026548677284945477,899.1756257757339,1,0.0,2.6548677284945477,1.0,2.6548677284945477,Bearish,3600.0,22,Saturday,Late,2022,3,34768.118177034805,172005.5729058759,237237.45472884114
1535,1552,2022-03-05 23:00:00,2022-03-06 16:00:00,686.9544746570729,707.599586829859,-1,-0.030053100946889177,-1044.8897653077984,17,-8.681792855317383,0.016624741791215758,-180.77333966635646,0.0019148973107592075,Bearish,61200.0,23,Saturday,Late,2022,3,33723.228411727,172005.5729058759,238282.34449414894
1552,1566,2022-03-06 16:00:00,2022-03-07 06:00:00,707.599586829859,682.8770721825409,1,-0.03493856569091325,-1178.2412311727949,14,-8.214229342273061,0.0,0.0,0.0,Bullish,50400.0,16,Sunday,NY,2022,3,32544.987180554206,172005.5729058759,239460.58572532173
1566,1571,2022-03-07 06:00:00,2022-03-07 11:00:00,682.8770721825409,666.5993556311305,-1,0.023836964535044802,775.7737052163576,5,-0.34288727117475215,2.3836964535044802,1.0,6.951837101849231,Bullish,18000.0,6,Monday,Asia,2022,3,33320.76088577056,172781.34661109225,239460.58572532173
1571,1573,2022-03-07 11:00:00,2022-03-07 13:00:00,666.5993556311305,688.3703495065223,1,0.03265978835935002,1088.248998501774,2,0.0,3.2659788359350017,1.0,3.2659788359350017,Bullish,7200.0,11,Monday,London,2022,3,34409.00988427234,173869.59560959402,239460.58572532173
1573,1584,2022-03-07 13:00:00,2022-03-08 00:00:00,688.3703495065223,668.6320118770387,-1,0.028674009047068294,986.6442607222865,11,-3.866707823874993,2.8674009047068294,1.0,0.7415613062362919,Bullish,39600.0,13,Monday,NY_overlap,2022,3,35395.65414499462,174856.23987031632,239460.58572532173
1584,1602,2022-03-08 00:00:00,2022-03-08 18:00:00,668.6320118770387,608.8207505349058,1,-0.08945318243771472,-3166.2539077344545,18,-13.734749741454022,0.0,0.0,0.0,Sideways,64800.0,0,Tuesday,Asia,2022,3,32229.400237260168,174856.23987031632,242626.83963305617
1602,1609,2022-03-08 18:00:00,2022-03-09 01:00:00,608.8207505349058,601.1526008370734,-1,0.012595085977432974,405.93206698939014,7,-3.685294959993435,1.2595085977432974,1.0,0.34176602182896676,Bearish,25200.0,18,Tuesday,NY,2022,3,32635.33230424956,175262.1719373057,242626.83963305617
1609,1638,2022-03-09 01:00:00,2022-03-10 06:00:00,601.1526008370734,474.431659106043,1,-0.21079662893344897,-6879.418033858688,29,-25.560778180910127,0.0,0.0,0.0,Bearish,104400.0,1,Wednesday,Asia,2022,3,25755.914270390873,175262.1719373057,249506.25766691484
1638,1641,2022-03-10 06:00:00,2022-03-10 09:00:00,474.431659106043,462.512991377909,-1,0.025121990700603836,647.0398387863083,3,-0.0,2.5121990700603836,1.0,2.5121990700603836,Bearish,10800.0,6,Thursday,Asia,2022,3,26402.954109177183,175909.211776092,249506.25766691484
1641,1644,2022-03-10 09:00:00,2022-03-10 12:00:00,462.512991377909,474.9559607349881,1,0.026902961838994655,710.3176668359199,3,-1.8323560932923533,2.6902961838994655,1.0,1.4682169004964405,Bearish,10800.0,9,Thursday,London,2022,3,27113.271776013105,176619.52944292792,249506.25766691484
1644,1654,2022-03-10 12:00:00,2022-03-10 22:00:00,474.9559607349881,463.0897321378166,-1,0.024983850247523254,677.3939217723093,10,-0.5426600563201545,2.4983850247523254,1.0,4.603959690149642,Bearish,36000.0,12,Thursday,London,2022,3,27790.665697785415,177296.92336470023,249506.25766691484
1654,1696,2022-03-10 22:00:00,2022-03-12 16:00:00,463.0897321378166,369.3700840430163,1,-0.2023790241734601,-5624.247805048655,42,-24.196288809355828,1.6672101260625904,-12.138783288907543,0.06890354711826471,Bearish,151200.0,22,Thursday,Late,2022,3,22166.41789273676,177296.92336470023,255130.5054719635
1696,1697,2022-03-12 16:00:00,2022-03-12 17:00:00,369.3700840430163,360.0792029491583,-1,0.025153312342360623,557.558832767298,1,-0.0,2.5153312342360623,1.0,2.5153312342360623,Bearish,3600.0,16,Saturday,NY,2022,3,22723.976725504064,177854.48219746753,255130.5054719635
1697,1698,2022-03-12 17:00:00,2022-03-12 18:00:00,360.0792029491583,364.4326429887928,1,0.012090229049549484,274.7380835279751,1,0.0,1.2090229049549484,1.0,1.2090229049549484,Bearish,3600.0,17,Saturday,NY,2022,3,22998.71480903204,178129.2202809955,255130.5054719635
1698,1699,2022-03-12 18:00:00,2022-03-12 19:00:00,364.4326429887928,360.993636396006,-1,0.009436604154289596,217.02976771023305,1,-0.0,0.9436604154289596,1.0,0.9436604154289596,Bearish,3600.0,18,Saturday,NY,2022,3,23215.744576742276,178346.25004870573,255130.5054719635
1699,1722,2022-03-12 19:00:00,2022-03-13 18:00:00,360.993636396006,340.8503721887069,1,-0.055799499427192645,-1295.426926211779,23,-9.226505409656117,0.0,0.0,0.0,Bearish,82800.0,19,Saturday,NY,2022,3,21920.317650530502,178346.25004870573,256425.93239817527
1722,1724,2022-03-13 18:00:00,2022-03-13 20:00:00,340.8503721887069,330.1838164351973,-1,0.03129395366364518,685.9734048480836,2,-0.0,3.129395366364518,1.0,3.129395366364518,Bearish,7200.0,18,Sunday,NY,2022,3,22606.29105537859,179032.2234535538,256425.93239817527
1724,1727,2022-03-13 20:00:00,2022-03-13 23:00:00,330.1838164351973,341.4373127075903,1,0.03408251922789707,770.4793495663765,3,-0.5146538323566374,3.408251922789707,1.0,6.6224162893785765,Bearish,10800.0,20,Sunday,NY,2022,3,23376.770404944968,179802.7028031202,256425.93239817527
1727,1744,2022-03-13 23:00:00,2022-03-14 16:00:00,341.4373127075903,350.78249281456,-1,-0.02737011966519587,-639.8250033691515,17,-9.14084753687623,1.2809689198430618,-2.1366732042608128,0.14013677776325947,Bearish,61200.0,23,Sunday,Late,2022,3,22736.94540157581,179802.7028031202,257065.75740154443
1744,1746,2022-03-14 16:00:00,2022-03-14 18:00:00,350.78249281456,369.2290259140168,1,0.05258681227631423,1195.6634795694706,2,0.0,5.258681227631423,1.0,5.258681227631423,Bearish,7200.0,16,Monday,NY,2022,3,23932.60888114528,180998.36628268968,257065.75740154443
1746,1750,2022-03-14 18:00:00,2022-03-14 22:00:00,369.2290259140168,359.6066899212796,-1,0.026060616358416944,623.6985385075681,4,-0.5434024062784149,2.8973129435534983,0.8994753713575069,5.33179998851357,Sideways,14400.0,18,Monday,NY,2022,3,24556.307419652847,181622.06482119724,257065.75740154443
1750,1751,2022-03-14 22:00:00,2022-03-14 23:00:00,359.6066899212796,367.4070107433048,1,0.02169125614357381,532.657154180031,1,0.0,2.169125614357381,1.0,2.169125614357381,Sideways,3600.0,22,Monday,Late,2022,3,25088.964573832884,182154.72197537727,257065.75740154443
1751,1756,2022-03-14 23:00:00,2022-03-15 04:00:00,367.4070107433048,352.396502234244,-1,0.04085525880056806,1025.016140702224,5,-1.0353077223179463,4.085525880056807,1.0,3.946194732238391,Sideways,18000.0,23,Monday,Late,2022,3,26113.980714535108,183179.73811607948,257065.75740154443
1756,1760,2022-03-15 04:00:00,2022-03-15 08:00:00,352.396502234244,368.745966672215,1,0.046395081490063106,1211.5602632807902,4,0.0,4.639508149006311,1.0,4.639508149006311,Bullish,14400.0,4,Tuesday,Asia,2022,3,27325.540977815894,184391.29837936026,257065.75740154443
1760,1761,2022-03-15 08:00:00,2022-03-15 09:00:00,368.745966672215,354.4626623543859,-1,0.03873480826578313,1058.4495905344966,1,-0.0,3.8734808265783127,1.0,3.8734808265783127,Bullish,3600.0,8,Tuesday,London,2022,3,28383.99056835039,185449.74796989476,257065.75740154443
1761,1770,2022-03-15 09:00:00,2022-03-15 18:00:00,354.4626623543859,361.9229394754125,1,0.02104672201995683,597.3899593091461,9,-2.071097523768728,2.2809349236496246,0.9227234763138655,1.1013170058255202,Sideways,32400.0,9,Tuesday,London,2022,3,28981.380527659538,186047.1379292039,257065.75740154443
1770,1771,2022-03-15 18:00:00,2022-03-15 19:00:00,361.9229394754125,354.704914626457,-1,0.01994354063165371,577.9913401147945,1,-0.0,1.9943540631653711,1.0,1.9943540631653711,Bullish,3600.0,18,Tuesday,NY,2022,3,29559.37186777433,186625.12926931868,257065.75740154443
1771,1772,2022-03-15 19:00:00,2022-03-15 20:00:00,354.704914626457,358.6091476694752,1,0.011006988857568345,325.3596767853107,1,0.0,1.1006988857568345,1.0,1.1006988857568345,Bullish,3600.0,19,Tuesday,NY,2022,3,29884.731544559647,186950.488946104,257065.75740154443
1772,1807,2022-03-15 20:00:00,2022-03-17 07:00:00,358.6091476694752,433.0492659406561,-1,-0.2075800875547973,-6203.475190571292,35,-28.319225705153507,-0.0,0.0,-0.0,Bullish,126000.0,20,Tuesday,NY,2022,3,23681.256353988356,186950.488946104,263269.2325921157
1807,1812,2022-03-17 07:00:00,2022-03-17 12:00:00,433.0492659406561,451.4191094433236,1,0.042419754396223475,1004.5530783301901,5,0.0,4.2419754396223475,1.0,4.2419754396223475,Bullish,18000.0,7,Thursday,Asia,2022,3,24685.80943231855,187955.04202443417,263269.2325921157
1812,1826,2022-03-17 12:00:00,2022-03-18 02:00:00,451.4191094433236,485.3866276546188,-1,-0.07524607953168605,-1857.5103798482826,14,-16.163237580586156,-0.0,0.0,-0.0,Bullish,50400.0,12,Thursday,London,2022,3,22828.29905247026,187955.04202443417,265126.742971964
1826,1828,2022-03-18 02:00:00,2022-03-18 04:00:00,485.3866276546188,504.2587673646904,1,0.038880633776957385,887.5787352099574,2,0.0,3.8880633776957385,1.0,3.8880633776957385,Bullish,7200.0,2,Friday,Asia,2022,3,23715.87778768022,188842.6207596441,265126.742971964
1828,1829,2022-03-18 04:00:00,2022-03-18 05:00:00,504.2587673646904,493.3295864590594,-1,0.021673754851597504,514.0121212606265,1,-0.0,2.1673754851597504,1.0,2.1673754851597504,Bullish,3600.0,4,Friday,Asia,2022,3,24229.88990894085,189356.63288090474,265126.742971964
1829,1830,2022-03-18 05:00:00,2022-03-18 06:00:00,493.3295864590594,505.9842435676453,1,0.025651526800605007,621.5336703749035,1,0.0,2.5651526800605007,1.0,2.5651526800605007,Bullish,3600.0,5,Friday,Asia,2022,3,24851.423579315757,189978.16655127963,265126.742971964
1830,1839,2022-03-18 06:00:00,2022-03-18 15:00:00,505.9842435676453,497.274280491809,-1,0.017213901789556174,427.789964825001,9,-1.3298409057887817,1.7213901789556174,1.0,1.2944331697591993,Bullish,32400.0,6,Friday,Asia,2022,3,25279.21354414076,190405.95651610463,265126.742971964
1839,1840,2022-03-18 15:00:00,2022-03-18 16:00:00,497.274280491809,520.9090173461861,1,0.047528572825045634,1201.4849418925712,1,0.0,4.752857282504563,1.0,4.752857282504563,Bullish,3600.0,15,Friday,NY_overlap,2022,3,26480.698486033332,191607.4414579972,265126.742971964
1840,1860,2022-03-18 16:00:00,2022-03-19 12:00:00,520.9090173461861,550.4808940354594,-1,-0.056769753842867976,-1503.3027346393155,20,-13.512103298003254,-0.0,0.0,-0.0,Bullish,72000.0,16,Friday,NY,2022,3,24977.39575139401,191607.4414579972,266630.0457066033
1860,1875,2022-03-19 12:00:00,2022-03-20 03:00:00,550.4808940354594,553.1372926180031,1,0.004825596331001103,120.53082929588919,15,-3.9950544238807617,0.7344613312874948,0.6570252408716926,0.18384263475791285,Bullish,54000.0,12,Saturday,London,2022,3,25097.926580689906,191727.9722872931,266630.0457066033
1875,1886,2022-03-20 03:00:00,2022-03-20 14:00:00,553.1372926180031,546.0865210616602,-1,0.012746874330189506,319.92011607237623,11,-3.4667777828984114,1.2746874330189506,1.0,0.3676865126190014,Bullish,39600.0,3,Sunday,Asia,2022,3,25417.84669676228,192047.89240336546,266630.0457066033
1886,1894,2022-03-20 14:00:00,2022-03-20 22:00:00,546.0865210616602,570.8896026654922,1,0.04541969202171803,1154.470768822183,8,-3.6634185881146752,4.541969202171803,1.0,1.2398171524562964,Bullish,28800.0,14,Sunday,NY_overlap,2022,3,26572.317465584463,193202.36317218764,266630.0457066033
1894,1909,2022-03-20 22:00:00,2022-03-21 13:00:00,570.8896026654922,567.029291838143,-1,0.006761921760924383,179.67993170872623,15,-3.6630038884646554,3.6490748038456533,0.1853051012765809,0.9961973601330681,Sideways,54000.0,22,Sunday,Late,2022,3,26751.99739729319,193382.04310389637,266630.0457066033
1909,1917,2022-03-21 13:00:00,2022-03-21 21:00:00,567.029291838143,589.7121803024883,1,0.040003027693356064,1070.1608927365064,8,-0.2345285287755683,4.000302769335606,1.0,17.056785331066013,Sideways,28800.0,13,Monday,NY_overlap,2022,3,27822.158290029693,194452.2039966329,266630.0457066033
1917,1939,2022-03-21 21:00:00,2022-03-22 19:00:00,589.7121803024883,599.5018021927361,-1,-0.01660067778356944,-461.8666850162473,22,-8.412840671139854,1.3754165034690735,-1.2069564195063265,0.16349014051667743,Bullish,79200.0,21,Monday,Late,2022,3,27360.29160501345,194452.2039966329,267091.9123916196
1939,1942,2022-03-22 19:00:00,2022-03-22 22:00:00,599.5018021927361,629.3167227448048,1,0.04973282889729047,1360.7047009721036,3,0.0,4.973282889729047,1.0,4.973282889729047,Bullish,10800.0,19,Tuesday,NY,2022,3,28720.99630598555,195812.908697605,267091.9123916196
1942,1944,2022-03-22 22:00:00,2022-03-23 00:00:00,629.3167227448048,611.4708120905714,-1,0.028357598025358866,814.4584681329534,2,-0.060742867070584516,2.8357598025358866,1.0,46.68465515861595,Bullish,7200.0,22,Tuesday,Late,2022,3,29535.45477411851,196627.36716573793,267091.9123916196
1944,1945,2022-03-23 00:00:00,2022-03-23 01:00:00,611.4708120905714,636.2388720472313,1,0.04050571092997868,1196.3545932659003,1,0.0,4.050571092997868,1.0,4.050571092997868,Bullish,3600.0,0,Wednesday,Asia,2022,3,30731.809367384412,197823.72175900382,267091.9123916196
1945,1952,2022-03-23 01:00:00,2022-03-23 08:00:00,636.2388720472313,627.1514578599218,-1,0.014283022598208794,438.9431276781953,7,-4.210831488133282,1.4283022598208794,1.0,0.3391972022262199,Bullish,25200.0,1,Wednesday,Asia,2022,3,31170.75249506261,198262.664886682,267091.9123916196
1952,1953,2022-03-23 08:00:00,2022-03-23 09:00:00,627.1514578599218,656.2493216675978,1,0.046396868639943634,1446.2253089216117,1,0.0,4.639686863994363,1.0,4.639686863994363,Bullish,3600.0,8,Wednesday,London,2022,3,32616.97780398422,199708.89019560363,267091.9123916196
1953,1964,2022-03-23 09:00:00,2022-03-23 20:00:00,656.2493216675978,653.0487034729418,-1,0.004877137528344955,159.0774865090055,11,-5.914565039288688,1.501715470875431,0.32477107833894847,0.2539012523997934,Bullish,39600.0,9,Wednesday,London,2022,3,32776.05529049323,199867.96768211262,267091.9123916196
1964,1978,2022-03-23 20:00:00,2022-03-24 10:00:00,653.0487034729418,616.6013107237935,1,-0.0558111402033562,-1829.269017130668,14,-9.691676484918677,0.0,0.0,0.0,Bullish,50400.0,20,Wednesday,NY,2022,3,30946.78627336255,199867.96768211262,268921.18140875024
1978,1991,2022-03-24 10:00:00,2022-03-24 23:00:00,616.6013107237935,624.2989335733805,-1,-0.012483954730085234,-386.3382788782804,13,-3.6854097417801324,0.1881259286440673,-6.635956468129799,0.0510461364746918,Sideways,46800.0,10,Thursday,London,2022,3,30560.447994484275,199867.96768211262,269307.51968762855
1991,1992,2022-03-24 23:00:00,2022-03-25 00:00:00,624.2989335733805,642.204846257567,1,0.028681632662250767,876.5235433716141,1,0.0,2.8681632662250767,1.0,2.8681632662250767,Sideways,3600.0,23,Thursday,Late,2022,3,31436.97153785589,200744.49122548423,269307.51968762855
1992,1998,2022-03-25 00:00:00,2022-03-25 06:00:00,642.204846257567,628.4115737181706,-1,0.021477995097321956,675.2031205647172,6,-2.1564799396506906,2.1477995097321956,1.0,0.9959747226213933,Sideways,21600.0,0,Friday,Asia,2022,3,32112.174658420612,201419.69434604896,269307.51968762855
1998,2025,2022-03-25 06:00:00,2022-03-26 09:00:00,628.4115737181706,590.3176823031274,1,-0.06061933453843027,-1946.6186583752974,27,-9.40615751356434,0.0,0.0,0.0,Bearish,97200.0,6,Friday,Asia,2022,3,30165.55600004531,201419.69434604896,271254.13834600383
2025,2026,2022-03-26 09:00:00,2022-03-26 10:00:00,590.3176823031274,568.8943133615855,-1,0.036291253987104866,1094.745854459877,1,-0.0,3.6291253987104866,1.0,3.6291253987104866,Sideways,3600.0,9,Saturday,London,2022,3,31260.30185450519,202514.44020050883,271254.13834600383
2026,2031,2022-03-26 10:00:00,2022-03-26 15:00:00,568.8943133615855,590.1034230648336,1,0.037281282665533766,1165.4241496477148,5,-1.2954994383344576,3.7281282665533766,1.0,2.8777536726271356,Bearish,18000.0,10,Saturday,London,2022,3,32425.726004152908,203679.86435015654,271254.13834600383
2031,2036,2022-03-26 15:00:00,2022-03-26 20:00:00,590.1034230648336,566.0435914207874,-1,0.04077222856814844,1322.069112129474,5,-3.7115149647636514,4.077222856814844,1.0,1.0985333200925085,Bearish,18000.0,15,Saturday,NY_overlap,2022,3,33747.79511628239,205001.93346228602,271254.13834600383
2036,2044,2022-03-26 20:00:00,2022-03-27 04:00:00,566.0435914207874,586.3456829681331,1,0.035866657365357435,1210.4206042719804,8,-1.2053378481794885,3.5866657365357435,1.0,2.975651799163987,Bearish,28800.0,20,Saturday,NY,2022,3,34958.21572055437,206212.354066558,271254.13834600383
2044,2049,2022-03-27 04:00:00,2022-03-27 09:00:00,586.3456829681331,560.1835608415637,-1,0.044618938770273675,1559.7984867534306,5,-1.3910698334244742,4.461893877027368,1.0,3.2075268759464612,Bearish,18000.0,4,Sunday,Asia,2022,3,36518.0142073078,207772.15255331143,271254.13834600383
2049,2059,2022-03-27 09:00:00,2022-03-27 19:00:00,560.1835608415637,581.0368283060485,1,0.037225775481802614,1359.4113979225153,10,0.0,3.7225775481802614,1.0,3.7225775481802614,Bearish,36000.0,9,Sunday,London,2022,3,37877.42560523032,209131.56395123395,271254.13834600383
2059,2060,2022-03-27 19:00:00,2022-03-27 20:00:00,581.0368283060485,550.8634564639,-1,0.051930222616208055,1966.9831438084652,1,-0.0,5.193022261620806,1.0,5.193022261620806,Sideways,3600.0,19,Sunday,NY,2022,3,39844.40874903878,211098.54709504242,271254.13834600383
2060,2062,2022-03-27 20:00:00,2022-03-27 22:00:00,550.8634564639,591.6956832988651,1,0.07412404354624491,2953.4286891881266,2,0.0,7.412404354624491,1.0,7.412404354624491,Bearish,7200.0,20,Sunday,NY,2022,3,42797.83743822691,214051.97578423054,271254.13834600383
2062,2081,2022-03-27 22:00:00,2022-03-28 17:00:00,591.6956832988651,641.1450082549425,-1,-0.08357222530403452,-3576.7105129129363,19,-13.669636320620903,0.9325032809594402,-8.962137400529912,0.06821712436875453,Sideways,68400.0,22,Sunday,Late,2022,3,39221.126925313976,214051.97578423054,274830.8488589168
2081,2116,2022-03-28 17:00:00,2022-03-30 04:00:00,641.1450082549425,553.0760680129217,1,-0.137361968210164,-5387.4911898817745,35,-17.61768730483165,1.3146175518472747,-10.448815932599231,0.07461918974386274,Bullish,126000.0,17,Monday,NY,2022,3,33833.635735432195,214051.97578423054,280218.34004879853
2116,2117,2022-03-30 04:00:00,2022-03-30 05:00:00,553.0760680129217,537.7189287814299,-1,0.027766775891545192,939.4509810619186,1,-0.0,2.7766775891545192,1.0,2.7766775891545192,Bearish,3600.0,4,Wednesday,Asia,2022,3,34773.086716494116,214991.42676529245,280218.34004879853
2117,2118,2022-03-30 05:00:00,2022-03-30 06:00:00,537.7189287814299,550.9496446547034,1,0.024605263391520804,855.6009575955293,1,0.0,2.4605263391520804,1.0,2.4605263391520804,Bearish,3600.0,5,Wednesday,Asia,2022,3,35628.68767408965,215847.027722888,280218.34004879853
2118,2119,2022-03-30 06:00:00,2022-03-30 07:00:00,550.9496446547034,541.1998020530854,-1,0.017696431418389613,630.5006279517495,1,-0.0,1.7696431418389613,1.0,1.7696431418389613,Bearish,3600.0,6,Wednesday,Asia,2022,3,36259.188302041395,216477.52835083974,280218.34004879853
2119,2120,2022-03-30 07:00:00,2022-03-30 08:00:00,541.1998020530854,550.4689331458432,1,0.0171270038488458,621.0112576050864,1,0.0,1.71270038488458,1.0,1.71270038488458,Bearish,3600.0,7,Wednesday,Asia,2022,3,36880.199559646484,217098.53960844481,280218.34004879853
2120,2127,2022-03-30 08:00:00,2022-03-30 15:00:00,550.4689331458432,553.2188529667235,-1,-0.004995594946957338,-184.23853856294787,7,-5.557362515695452,0.5337652006040638,-0.935916193356893,0.09604649671432638,Bearish,25200.0,8,Wednesday,London,2022,3,36695.96102108354,217098.53960844481,280402.5785873615
2127,2139,2022-03-30 15:00:00,2022-03-31 03:00:00,553.2188529667235,547.0448555797925,1,-0.01116013554820472,-409.5318990669283,12,-8.035872484636464,0.0,0.0,0.0,Bearish,43200.0,15,Wednesday,NY_overlap,2022,3,36286.42912201661,217098.53960844481,280812.1104864284
2139,2165,2022-03-31 03:00:00,2022-04-01 05:00:00,547.0448555797925,628.539738188965,-1,-0.14897294395136762,-5405.696171789444,26,-19.176689080663234,-0.0,0.0,-0.0,Bearish,93600.0,3,Thursday,Asia,2022,3,30880.732950227175,217098.53960844481,286217.80665821786
2165,2187,2022-04-01 05:00:00,2022-04-02 03:00:00,628.539738188965,571.7426179658823,1,-0.09036361071892496,-2790.4945310294,22,-15.576066556849987,0.0,0.0,0.0,Bullish,79200.0,5,Friday,Asia,2022,4,28090.238419197776,217098.53960844481,289008.3011892473
2187,2198,2022-04-02 03:00:00,2022-04-02 14:00:00,571.7426179658823,567.5253792886186,-1,0.007376113909905113,207.19679833639515,11,-4.117465691637867,1.7875232526971208,0.41264436134050825,0.43413191185232936,Bullish,39600.0,3,Saturday,Asia,2022,4,28297.435217534177,217305.73640678122,289008.3011892473
2198,2199,2022-04-02 14:00:00,2022-04-02 15:00:00,567.5253792886186,574.3842884001502,1,0.012085642971824573,341.992699057452,1,0.0,1.2085642971824573,1.0,1.2085642971824573,Bearish,3600.0,14,Saturday,NY_overlap,2022,4,28639.427916591623,217647.72910583866,289008.3011892473
2199,2200,2022-04-02 15:00:00,2022-04-02 16:00:00,574.3842884001502,557.6314963239689,-1,0.029166522160352537,835.3125089890864,1,-0.0,2.9166522160352537,1.0,2.9166522160352537,Bearish,3600.0,15,Saturday,NY_overlap,2022,4,29474.740425580705,218483.04161482776,289008.3011892473
2200,2215,2022-04-02 16:00:00,2022-04-03 07:00:00,557.6314963239689,533.8804170255885,1,-0.04259278655340104,-1255.4113276636567,15,-9.158606334121655,0.0,0.0,0.0,Bearish,54000.0,16,Saturday,NY,2022,4,28219.32909791704,218483.04161482776,290263.7125169109
2215,2222,2022-04-03 07:00:00,2022-04-03 14:00:00,533.8804170255885,508.4389613064832,-1,0.047653847018490514,1344.7595917965732,7,-2.7760149432777714,4.765384701849051,1.0,1.716627899784407,Bearish,25200.0,7,Sunday,Asia,2022,4,29564.088689713608,219827.80120662434,290263.7125169109
2222,2236,2022-04-03 14:00:00,2022-04-04 04:00:00,508.4389613064832,500.3284071486008,1,-0.01595187382383434,-471.60261249495835,14,-8.745245268447633,2.944242687687626,-0.5417988771965927,0.3366678231781895,Bearish,50400.0,14,Sunday,NY_overlap,2022,4,29092.48607721865,219827.80120662434,290735.3151294059
2236,2274,2022-04-04 04:00:00,2022-04-05 18:00:00,500.3284071486008,558.9548800285108,-1,-0.11717598289896336,-3408.9406510724953,38,-15.181526884551388,-0.0,0.0,-0.0,Bearish,136800.0,4,Monday,Asia,2022,4,25683.545426146156,219827.80120662434,294144.25578047836
2274,2280,2022-04-05 18:00:00,2022-04-06 00:00:00,558.9548800285108,586.5995403679065,1,0.04945776721367112,1270.2508109080811,6,-2.545563349449542,4.945776721367112,1.0,1.9429006637908253,Bullish,21600.0,18,Tuesday,NY,2022,4,26953.796237054237,221098.05201753243,294144.25578047836
2280,2287,2022-04-06 00:00:00,2022-04-06 07:00:00,586.5995403679065,563.398101644101,-1,0.039552432498078494,1066.0882062330475,7,-1.9937679927626295,3.9552432498078494,1.0,1.9838031627377748,Bullish,25200.0,0,Wednesday,Asia,2022,4,28019.884443287287,222164.14022376548,294144.25578047836
2287,2296,2022-04-06 07:00:00,2022-04-06 16:00:00,563.398101644101,568.8841966506295,1,0.009737510635053903,272.84392275949074,9,-3.7611952879161636,1.6203214378935016,0.6009616615153318,0.430799603280163,Bullish,32400.0,7,Wednesday,Asia,2022,4,28292.72836604678,222436.98414652498,294144.25578047836
2296,2299,2022-04-06 16:00:00,2022-04-06 19:00:00,568.8841966506295,544.6815142632963,-1,0.04254412854114997,1203.6894723849314,3,-0.0,4.254412854114998,1.0,4.254412854114998,Bullish,10800.0,16,Wednesday,NY,2022,4,29496.417838431706,223640.6736189099,294144.25578047836
2299,2310,2022-04-06 19:00:00,2022-04-07 06:00:00,544.6815142632963,556.6006074025148,1,0.02188268341608679,645.4607734670147,11,-3.2782905639654802,3.9842488681772537,0.549229833278408,1.2153434207362734,Sideways,39600.0,19,Wednesday,NY,2022,4,30141.87861189872,224286.13439237693,294144.25578047836
2310,2320,2022-04-07 06:00:00,2022-04-07 16:00:00,556.6006074025148,548.7846757800044,-1,0.014042262114993043,423.2601601065836,10,-2.821729254487182,1.4042262114993043,1.0,0.4976473945068507,Sideways,36000.0,6,Thursday,Asia,2022,4,30565.138772005303,224709.3945524835,294144.25578047836
2320,2327,2022-04-07 16:00:00,2022-04-07 23:00:00,548.7846757800044,566.649541027253,1,0.03255350602102136,995.002429047826,7,-3.3627791189872136,3.255350602102136,1.0,0.9680536505420456,Sideways,25200.0,16,Thursday,NY,2022,4,31560.141201053135,225704.39698153135,294144.25578047836
2327,2371,2022-04-07 23:00:00,2022-04-09 19:00:00,566.649541027253,653.4609328273517,-1,-0.1532012037682451,-4835.051623097118,44,-24.816099297622696,0.34115786354916855,-44.9062501958614,0.01374744110497053,Bullish,158400.0,23,Thursday,Late,2022,4,26725.089577956023,225704.39698153135,298979.30740357545
2371,2380,2022-04-09 19:00:00,2022-04-10 04:00:00,653.4609328273517,676.4467535417357,1,0.03517550867950203,940.0686204098587,9,-4.468572127209159,3.517550867950203,1.0,0.7871755826725539,Bullish,32400.0,19,Saturday,NY,2022,4,27665.158198365883,226644.4656019412,298979.30740357545
2380,2392,2022-04-10 04:00:00,2022-04-10 16:00:00,676.4467535417357,662.9563922816646,-1,0.019942975835774646,551.7255814428921,12,-3.0634751563674234,1.9942975835774646,1.0,0.6509919231537828,Bullish,43200.0,4,Sunday,Asia,2022,4,28216.883779808777,227196.19118338407,298979.30740357545
2392,2395,2022-04-10 16:00:00,2022-04-10 19:00:00,662.9563922816646,691.2094292884256,1,0.042616735181515875,1202.511463691718,3,0.0,4.2616735181515875,1.0,4.2616735181515875,Bullish,10800.0,16,Sunday,NY,2022,4,29419.39524350049,228398.70264707578,298979.30740357545
2395,2401,2022-04-10 19:00:00,2022-04-11 01:00:00,691.2094292884256,655.3095056327359,-1,0.051937838424234606,1527.9797966956207,6,-4.876014883477819,5.193783842423461,1.0,1.0651698090632145,Bullish,21600.0,19,Sunday,NY,2022,4,30947.375040196115,229926.6824437714,298979.30740357545
2401,2415,2022-04-11 01:00:00,2022-04-11 15:00:00,655.3095056327359,653.3790649642445,1,-0.0029458456681891176,-91.16619070398552,14,-4.539211945481714,2.603853927899924,-0.11313406011853433,0.5736356793147264,Sideways,50400.0,1,Monday,Asia,2022,4,30856.208849492134,229926.6824437714,299070.47359427944
2415,2418,2022-04-11 15:00:00,2022-04-11 18:00:00,653.3790649642445,642.4835429989478,-1,0.016675652082444703,514.5474033573809,3,-1.9972073479301855,1.6675652082444703,1.0,0.8349484644008839,Bearish,10800.0,15,Monday,NY_overlap,2022,4,31370.75625284952,230441.22984712876,299070.47359427944
2418,2434,2022-04-11 18:00:00,2022-04-12 10:00:00,642.4835429989478,653.46278783795,1,0.017088756527138482,536.0872156771511,16,-7.003498978462275,1.7088756527138482,1.0,0.24400312728953347,Bearish,57600.0,18,Monday,NY,2022,4,31906.84346852667,230977.31706280593,299070.47359427944
2434,2438,2022-04-12 10:00:00,2022-04-12 14:00:00,653.46278783795,617.2616733050809,-1,0.05539889218886407,1767.603781399866,4,-0.0,5.539889218886406,1.0,5.539889218886406,Bearish,14400.0,10,Tuesday,London,2022,4,33674.44724992654,232744.9208442058,299070.47359427944
2438,2449,2022-04-12 14:00:00,2022-04-13 01:00:00,617.2616733050809,598.750302293621,1,-0.02998950333712147,-1009.8799481773902,11,-11.549300681795316,0.0,0.0,0.0,Bearish,39600.0,14,Tuesday,NY_overlap,2022,4,32664.56730174915,232744.9208442058,300080.3535424568
2449,2459,2022-04-13 01:00:00,2022-04-13 11:00:00,598.750302293621,597.6459664004611,-1,0.001844401395589279,60.2465735176659,10,-6.769692554023821,0.8743766459240576,0.2109390048541474,0.12916046614322818,Bearish,36000.0,1,Wednesday,Asia,2022,4,32724.813875266816,232805.16741772345,300080.3535424568
2459,2464,2022-04-13 11:00:00,2022-04-13 16:00:00,597.6459664004611,622.7718791473764,1,0.04204146628520755,1375.7991592267185,5,-1.8456219427369414,4.204146628520755,1.0,2.277902386816159,Bearish,18000.0,11,Wednesday,London,2022,4,34100.61303449354,234180.96657695016,300080.3535424568
2464,2470,2022-04-13 16:00:00,2022-04-13 22:00:00,622.7718791473764,602.2213624024162,-1,0.03299846610462798,1125.267923365767,6,-0.0,3.2998466104627977,1.0,3.2998466104627977,Bearish,21600.0,16,Wednesday,NY,2022,4,35225.88095785931,235306.2345003159,300080.3535424568
2470,2518,2022-04-13 22:00:00,2022-04-15 22:00:00,602.2213624024162,499.7119222215595,1,-0.17021887063574115,-5996.109673795856,48,-22.485641059070517,0.0,0.0,0.0,Bearish,172800.0,22,Wednesday,Late,2022,4,29229.77128406345,235306.2345003159,306076.4632162527
2518,2529,2022-04-15 22:00:00,2022-04-16 09:00:00,499.7119222215595,488.5517198555033,-1,0.022333272170977136,652.7964375823989,11,-4.458882232407668,2.2333272170977136,1.0,0.500871541496574,Bearish,39600.0,22,Friday,Late,2022,4,29882.567721645843,235959.03093789832,306076.4632162527
2529,2536,2022-04-16 09:00:00,2022-04-16 16:00:00,488.5517198555033,497.08170329352,1,0.017459734745258082,521.7417059271461,7,-2.2681587832319994,1.7459734745258082,1.0,0.7697756821230539,Bearish,25200.0,9,Saturday,London,2022,4,30404.30942757298,236480.77264382548,306076.4632162527
2536,2541,2022-04-16 16:00:00,2022-04-16 21:00:00,497.08170329352,486.0061866313134,-1,0.02228107892288811,677.4408179516629,5,-0.4825386415706401,2.228107892288811,1.0,4.617470395814161,Bearish,18000.0,16,Saturday,NY,2022,4,31081.750245524643,237158.21346177714,306076.4632162527
2541,2559,2022-04-16 21:00:00,2022-04-17 15:00:00,486.0061866313134,457.7420353994082,1,-0.058155949470138135,-1807.5886967221802,18,-9.811496618832871,0.0,0.0,0.0,Bearish,64800.0,21,Saturday,Late,2022,4,29274.16154880247,237158.21346177714,307884.05191297486
2559,2567,2022-04-17 15:00:00,2022-04-17 23:00:00,457.7420353994082,453.6456420374558,-1,0.008949130831687913,261.9783016882002,8,-4.162659386063794,0.8949130831687913,1.0,0.21498590208098195,Bearish,28800.0,15,Sunday,NY_overlap,2022,4,29536.13985049067,237420.19176346535,307884.05191297486
2567,2582,2022-04-17 23:00:00,2022-04-18 14:00:00,453.6456420374558,444.8115779580426,1,-0.019473490453334463,-575.17173740688,15,-6.162263464413941,1.0537181799293416,-1.848073880118523,0.1709953146298257,Bearish,54000.0,23,Sunday,Late,2022,4,28960.968113083785,237420.19176346535,308459.2236503817
2582,2583,2022-04-18 14:00:00,2022-04-18 15:00:00,444.8115779580426,428.65656258551,-1,0.03631878344240502,1051.8271291814842,1,-0.0,3.6318783442405023,1.0,3.6318783442405023,Bearish,3600.0,14,Monday,NY_overlap,2022,4,30012.795242265274,238472.01889264683,308459.2236503817
2583,2586,2022-04-18 15:00:00,2022-04-18 18:00:00,428.65656258551,439.680127898581,1,0.025716543907739586,771.8253666417105,3,0.0,2.5716543907739586,1.0,2.5716543907739586,Bearish,10800.0,15,Monday,NY_overlap,2022,4,30784.62060890699,239243.84425928854,308459.2236503817
2586,2587,2022-04-18 18:00:00,2022-04-18 19:00:00,439.680127898581,424.9722913964137,-1,0.03345121957742858,1029.783103596378,1,-0.0,3.345121957742858,1.0,3.345121957742858,Bearish,3600.0,18,Monday,NY,2022,4,31814.403712503365,240273.62736288493,308459.2236503817
2587,2592,2022-04-18 19:00:00,2022-04-19 00:00:00,424.9722913964137,442.5346510511367,1,0.041325893500056,1314.7586595906969,5,-2.4803434670757296,4.1325893500056,1.0,1.6661359222470233,Bearish,18000.0,19,Monday,NY,2022,4,33129.162372094055,241588.38602247564,308459.2236503817
2592,2594,2022-04-19 00:00:00,2022-04-19 02:00:00,442.5346510511367,411.1896127044708,-1,0.07083069827913624,2346.5617042183017,2,-0.0,7.083069827913624,1.0,7.083069827913624,Bearish,7200.0,0,Tuesday,Asia,2022,4,35475.724076312355,243934.94772669394,308459.2236503817
2594,2609,2022-04-19 02:00:00,2022-04-19 17:00:00,411.1896127044708,397.3831318787007,1,-0.033576920231428775,-1191.1655574625145,15,-7.467016754155997,0.0,0.0,0.0,Bearish,54000.0,2,Tuesday,Asia,2022,4,34284.55851884984,243934.94772669394,309650.3892078442
2609,2628,2022-04-19 17:00:00,2022-04-20 12:00:00,397.3831318787007,407.087913758467,-1,-0.024421725788624116,-837.2880869313859,19,-8.781917761279523,0.9059960571868308,-2.6955664536173547,0.10316608306006586,Bearish,68400.0,17,Tuesday,NY,2022,4,33447.270431918456,243934.94772669394,310487.6772947756
2628,2635,2022-04-20 12:00:00,2022-04-20 19:00:00,407.087913758467,409.8323313015962,1,0.0067415844351437215,225.48759774186374,7,-2.7207002542479986,1.2103358792582286,0.5570011226367507,0.444861898097174,Bearish,25200.0,12,Wednesday,London,2022,4,33672.75802966033,244160.4353244358,310487.6772947756
2635,2636,2022-04-20 19:00:00,2022-04-20 20:00:00,409.8323313015962,395.082695636226,-1,0.03598943894574269,1211.8636692432242,1,-0.0,3.598943894574269,1.0,3.598943894574269,Bearish,3600.0,19,Wednesday,NY,2022,4,34884.62169890355,245372.29899367903,310487.6772947756
2636,2642,2022-04-20 20:00:00,2022-04-21 02:00:00,395.082695636226,416.8040006913617,1,0.054979135495055065,1917.9263430777517,6,-3.7312583831440094,5.4979135495055065,1.0,1.4734743576972253,Bearish,21600.0,20,Wednesday,NY,2022,4,36802.5480419813,247290.2253367568,310487.6772947756
2642,2672,2022-04-21 02:00:00,2022-04-22 08:00:00,416.8040006913617,439.6003539845915,-1,-0.05469322092738316,-2012.849890750711,30,-11.467700615999842,0.6819878237208421,-8.019677041883774,0.05947031986249505,Bearish,108000.0,2,Thursday,Asia,2022,4,34789.698151230594,247290.2253367568,312500.5271855263
2672,2684,2022-04-22 08:00:00,2022-04-22 20:00:00,439.6003539845915,444.9827728182187,1,0.012243891036120225,425.9612733431795,12,-7.501337472100634,1.2243891036120225,1.0,0.163222773027588,Bullish,43200.0,8,Friday,London,2022,4,35215.65942457377,247716.18661009998,312500.5271855263
2684,2691,2022-04-22 20:00:00,2022-04-23 03:00:00,444.9827728182187,411.7656902677335,-1,0.07464801915838393,2628.7792194006997,7,-3.1666325058180567,7.464801915838393,1.0,2.357331298192419,Bullish,25200.0,20,Friday,NY,2022,4,37844.43864397447,250344.96582950067,312500.5271855263
2691,2735,2022-04-23 03:00:00,2022-04-24 23:00:00,411.7656902677335,364.9947384833887,1,-0.1135863256453784,-4298.610731681017,44,-15.807936585370275,0.8399885208016711,-13.522366417218834,0.053137138820448765,Bullish,158400.0,3,Saturday,Asia,2022,4,33545.82791229345,250344.96582950067,316799.1379172073
2735,2743,2022-04-24 23:00:00,2022-04-25 07:00:00,364.9947384833887,349.2469123486658,-1,0.04314535108138173,1447.3465225915122,8,-4.542589627490989,4.314535108138173,1.0,0.9497963632962422,Bearish,28800.0,23,Sunday,Late,2022,4,34993.17443488496,251792.31235209218,316799.1379172073
2743,2756,2022-04-25 07:00:00,2022-04-25 20:00:00,349.2469123486658,352.1291549882124,1,0.008252736209358957,288.7894377391886,13,-4.587302993479447,0.8252736209358957,1.0,0.17990388298069007,Bearish,46800.0,7,Monday,Asia,2022,4,35281.96387262415,252081.10178983136,316799.1379172073
2756,2790,2022-04-25 20:00:00,2022-04-27 06:00:00,352.1291549882124,396.6481403363164,-1,-0.12642800153709022,-4460.628182719677,34,-21.89861614375186,0.059731499025938994,-211.660520159033,0.0027276380678046483,Bearish,122400.0,20,Monday,NY,2022,4,30821.335689904474,252081.10178983136,321259.766099927
2790,2795,2022-04-27 06:00:00,2022-04-27 11:00:00,396.6481403363164,421.5252378479346,1,0.06271830113844734,1933.0618132885982,5,0.0,6.271830113844734,1.0,6.271830113844734,Bullish,18000.0,6,Wednesday,Asia,2022,4,32754.397503193075,254014.16360311996,321259.766099927
2795,2808,2022-04-27 11:00:00,2022-04-28 00:00:00,421.5252378479346,418.1412839338853,-1,0.008027879733431442,262.94836389664044,13,-2.963081689135172,0.8027879733431442,1.0,0.2709300848122929,Bullish,46800.0,11,Wednesday,London,2022,4,33017.34586708971,254277.1119670166,321259.766099927
2808,2815,2022-04-28 00:00:00,2022-04-28 07:00:00,418.1412839338853,425.2383290627487,1,0.01697284004605848,560.3981301475022,7,-2.1584725095252444,2.5754452268416994,0.6590254713695652,1.1931795357487172,Bullish,25200.0,0,Thursday,Asia,2022,4,33577.74399723721,254837.5100971641,321259.766099927
2815,2817,2022-04-28 07:00:00,2022-04-28 09:00:00,425.2383290627487,403.3533913568095,-1,0.05146511076312177,1728.082313993556,2,-0.0,5.146511076312176,1.0,5.146511076312176,Bullish,7200.0,7,Thursday,Asia,2022,4,35305.82631123076,256565.59241115768,321259.766099927
2817,2825,2022-04-28 09:00:00,2022-04-28 17:00:00,403.3533913568095,414.448839991056,1,0.027508008788331706,971.1929804486464,8,-1.9491364301744918,3.0895889626153084,0.8903452569640989,1.5851065706769025,Bullish,28800.0,9,Thursday,London,2022,4,36277.01929167941,257536.78539160633,321259.766099927
2825,2831,2022-04-28 17:00:00,2022-04-28 23:00:00,414.448839991056,406.9067254922988,-1,0.018197938493252797,660.1669657885257,6,-2.19703414054917,1.8197938493252797,1.0,0.8282956626565687,Bullish,21600.0,17,Thursday,NY,2022,4,36937.18625746794,258196.95235739485,321259.766099927
2831,2851,2022-04-28 23:00:00,2022-04-29 19:00:00,406.9067254922988,387.4659974425206,1,-0.04777686588064556,-1764.7429938314663,20,-9.476956141744319,0.24568654838392767,-19.44626850550481,0.025924626505521305,Sideways,72000.0,23,Thursday,Late,2022,4,35172.44326363647,258196.95235739485,323024.5090937585
2851,2856,2022-04-29 19:00:00,2022-04-30 00:00:00,387.4659974425206,372.1766352067363,-1,0.03945988121977695,1387.9004333924358,5,-2.4110327664960574,3.945988121977695,1.0,1.6366381149238303,Bearish,18000.0,19,Friday,NY,2022,4,36560.34369702891,259584.8527907873,323024.5090937585
2856,2861,2022-04-30 00:00:00,2022-04-30 05:00:00,372.1766352067363,400.9965440216188,1,0.07743610449611804,2831.0905949371154,5,-0.86744113251781,7.743610449611804,1.0,8.926957875672118,Bearish,18000.0,0,Saturday,Asia,2022,4,39391.43429196603,262415.9433857244,323024.5090937585
2861,2869,2022-04-30 05:00:00,2022-04-30 13:00:00,400.9965440216188,379.0334509237978,-1,0.05477127777100477,2157.5191894035493,8,-0.746957219457034,5.477127777100477,1.0,7.332585634665693,Bearish,28800.0,5,Saturday,Asia,2022,4,41548.95348136958,264573.46257512795,323024.5090937585
2869,2878,2022-04-30 13:00:00,2022-04-30 22:00:00,379.0334509237978,394.6769200716387,1,0.041272001480908704,1714.808469613289,9,-3.6557858012413624,4.12720014809087,1.0,1.1289502100176203,Bearish,32400.0,13,Saturday,NY_overlap,2022,4,43263.761950982866,266288.27104474127,323024.5090937585
2878,2886,2022-04-30 22:00:00,2022-05-01 06:00:00,394.6769200716387,379.8669786733245,-1,0.03752421447807475,1623.4386825770475,8,-1.6731681186526348,3.7524214478074747,1.0,2.242704367824804,Bearish,28800.0,22,Saturday,Late,2022,4,44887.200633559914,267911.7097273183,323024.5090937585
2886,2892,2022-05-01 06:00:00,2022-05-01 12:00:00,379.8669786733245,392.4027925052092,1,0.03300053580773388,1481.3016718167262,6,-0.5223308528873538,3.3000535807733877,1.0,6.317937304548003,Bearish,21600.0,6,Sunday,Asia,2022,5,46368.50230537664,269393.01139913505,323024.5090937585
2892,2906,2022-05-01 12:00:00,2022-05-02 02:00:00,392.4027925052092,398.1912578619145,-1,-0.014751335788795172,-683.9973475301327,14,-5.35970205882248,0.8859625376193669,-1.6650067200846745,0.16530070662435514,Sideways,50400.0,12,Sunday,London,2022,5,45684.50495784651,269393.01139913505,323708.5064412886
2906,2908,2022-05-02 02:00:00,2022-05-02 04:00:00,398.1912578619145,408.190159215452,1,0.025110800792630616,1147.1745033064276,2,0.0,2.5110800792630616,1.0,2.5110800792630616,Bullish,7200.0,2,Monday,Asia,2022,5,46831.67946115294,270540.1859024415,323708.5064412886
2908,2909,2022-05-02 04:00:00,2022-05-02 05:00:00,408.190159215452,403.1411334729788,-1,0.012369298055047384,579.2750016734406,1,-0.0,1.2369298055047384,1.0,1.2369298055047384,Bullish,3600.0,4,Monday,Asia,2022,5,47410.95446282638,271119.46090411494,323708.5064412886
2909,2917,2022-05-02 05:00:00,2022-05-02 13:00:00,403.1411334729788,411.5449457694352,1,0.020845831890333733,988.320786492345,8,-1.5175923967605587,2.0845831890333733,1.0,1.3736120406791104,Bullish,28800.0,5,Monday,Asia,2022,5,48399.27524931873,272107.78169060725,323708.5064412886
2917,2919,2022-05-02 13:00:00,2022-05-02 15:00:00,411.5449457694352,390.2069399137188,-1,0.05184854309368869,2509.4319084675985,2,-0.0,5.18485430936887,1.0,5.18485430936887,Bullish,7200.0,13,Monday,NY_overlap,2022,5,50908.707157786324,274617.21359907486,323708.5064412886
2919,2926,2022-05-02 15:00:00,2022-05-02 22:00:00,390.2069399137188,401.9618715233372,1,0.03012486557060612,1533.617959501664,7,-1.019330568081589,3.012486557060612,1.0,2.9553578116765427,Sideways,25200.0,15,Monday,NY_overlap,2022,5,52442.32511728799,276150.83155857655,323708.5064412886
2926,2927,2022-05-02 22:00:00,2022-05-02 23:00:00,401.9618715233372,387.9521272342736,-1,0.03485341591223601,1827.7941687175364,1,-0.0,3.4853415912236008,1.0,3.4853415912236008,Bullish,3600.0,22,Monday,Late,2022,5,54270.11928600552,277978.6257272941,323708.5064412886
2927,2948,2022-05-02 23:00:00,2022-05-03 20:00:00,387.9521272342736,377.1987068396004,1,-0.027718421010692107,-1504.2820146699803,21,-8.099545292266253,2.1409012238383207,-1.294708074434049,0.2643236313379879,Sideways,75600.0,23,Monday,Late,2022,5,52765.83727133554,277978.6257272941,325212.7884559586
2948,2955,2022-05-03 20:00:00,2022-05-04 03:00:00,377.1987068396004,364.9780568367503,-1,0.0323984408781306,1709.530859220422,7,-1.5785209616287155,3.2398440878130597,1.0,2.052455536903478,Bearish,25200.0,20,Tuesday,NY,2022,5,54475.368130555966,279688.1565865145,325212.7884559586
2955,2976,2022-05-04 03:00:00,2022-05-05 00:00:00,364.9780568367503,338.4436322228355,1,-0.07270142441955973,-3960.436858871302,21,-12.586693264485415,0.0,0.0,0.0,Bearish,75600.0,3,Wednesday,Asia,2022,5,50514.93127168466,279688.1565865145,329173.2253148299
2976,2989,2022-05-05 00:00:00,2022-05-05 13:00:00,338.4436322228355,341.1266627227484,-1,-0.007927554973604423,-400.45989464412867,13,-7.744177668594188,0.647910329072976,-1.2235574303850185,0.08366418705765465,Bearish,46800.0,0,Thursday,Asia,2022,5,50114.471377040536,279688.1565865145,329573.68520947406
2989,2992,2022-05-05 13:00:00,2022-05-05 16:00:00,341.1266627227484,360.3848512977582,1,0.05645465652346826,2829.1952684460002,3,0.0,5.645465652346826,1.0,5.645465652346826,Bearish,10800.0,13,Thursday,NY_overlap,2022,5,52943.66664548653,282517.3518549605,329573.68520947406
2992,3003,2022-05-05 16:00:00,2022-05-06 03:00:00,360.3848512977582,360.7818068531656,-1,-0.0011014768073018821,-58.31622090352557,11,-4.772277320884788,0.4107424755377842,-0.2681672514778806,0.0860684423640393,Sideways,39600.0,16,Thursday,NY,2022,5,52885.350424583004,282517.3518549605,329632.0014303776
3003,3004,2022-05-06 03:00:00,2022-05-06 04:00:00,360.7818068531656,378.5676432042577,1,0.04929804112414882,2607.14418009611,1,0.0,4.929804112414882,1.0,4.929804112414882,Bearish,3600.0,3,Friday,Asia,2022,5,55492.494604679116,285124.4960350566,329632.0014303776
3004,3036,2022-05-06 04:00:00,2022-05-07 12:00:00,378.5676432042577,444.0138877157907,-1,-0.17287860092211105,-9593.464828934708,32,-25.452527027706285,-0.0,0.0,-0.0,Sideways,115200.0,4,Friday,Asia,2022,5,45899.029775744406,285124.4960350566,339225.4662593123
3036,3039,2022-05-07 12:00:00,2022-05-07 15:00:00,444.0138877157907,456.1459857953436,1,0.027323690576360082,1254.1308873475762,3,-0.8008185240707233,2.7323690576360082,1.0,3.4119703472227654,Bullish,10800.0,12,Saturday,London,2022,5,47153.160663091985,286378.62692240416,339225.4662593123
3039,3045,2022-05-07 15:00:00,2022-05-07 21:00:00,456.1459857953436,449.1586328638547,-1,0.01531823834710655,722.3033538566506,6,-3.5512324488697455,1.6284200284343853,0.9406810331259553,0.4585506727256517,Bullish,21600.0,15,Saturday,NY_overlap,2022,5,47875.46401694864,287100.9302762608,339225.4662593123
3045,3048,2022-05-07 21:00:00,2022-05-08 00:00:00,449.1586328638547,474.8805511876197,1,0.05726689067459523,2741.678963854111,3,-2.5517817662810582,5.726689067459523,1.0,2.2441923298972166,Bullish,10800.0,21,Saturday,Late,2022,5,50617.142980802746,289842.6092401149,339225.4662593123
3048,3058,2022-05-08 00:00:00,2022-05-08 10:00:00,474.8805511876197,466.3465149663135,-1,0.017970911211174223,909.6361822713153,10,-6.368306654881506,1.7970911211174223,1.0,0.2821929311051464,Bullish,36000.0,0,Sunday,Asia,2022,5,51526.77916307406,290752.2454223862,339225.4662593123
3058,3061,2022-05-08 10:00:00,2022-05-08 13:00:00,466.3465149663135,497.1933942454372,1,0.06614583424377463,3408.2817936362717,3,0.0,6.614583424377463,1.0,6.614583424377463,Bullish,10800.0,10,Sunday,London,2022,5,54935.06095671033,294160.5272160225,339225.4662593123
3061,3068,2022-05-08 13:00:00,2022-05-08 20:00:00,497.1933942454372,479.6390743174874,-1,0.035306824529700354,1939.5825577269616,7,-0.0,3.5306824529700354,1.0,3.5306824529700354,Bullish,25200.0,13,Sunday,NY_overlap,2022,5,56874.643514437295,296100.1097737494,339225.4662593123
3068,3086,2022-05-08 20:00:00,2022-05-09 14:00:00,479.6390743174874,462.9484325285441,1,-0.034798336254596496,-1979.142969375692,18,-7.27437267276192,0.6469181803591351,-5.379093880972441,0.08893112979782412,Bullish,64800.0,20,Sunday,NY,2022,5,54895.5005450616,296100.1097737494,341204.609228688
3086,3096,2022-05-09 14:00:00,2022-05-10 00:00:00,462.9484325285441,454.0750300407928,-1,0.01916715094872734,1052.1903453531381,10,-2.546806360406162,1.916715094872734,1.0,0.7525955348121003,Bullish,36000.0,14,Monday,NY_overlap,2022,5,55947.69089041474,297152.3001191026,341204.609228688
3096,3122,2022-05-10 00:00:00,2022-05-11 02:00:00,454.0750300407928,431.3498354505342,1,-0.05004722366745651,-2800.0265996703015,26,-7.893481347323639,0.05899029809550704,-84.83975379549459,0.007473292898260699,Bullish,93600.0,0,Tuesday,Asia,2022,5,53147.66429074444,297152.3001191026,344004.6358283583
3122,3124,2022-05-11 02:00:00,2022-05-11 04:00:00,431.3498354505342,418.1429262278417,-1,0.03061762898065834,1627.255466442595,2,-0.0,3.061762898065834,1.0,3.061762898065834,Bearish,7200.0,2,Wednesday,Asia,2022,5,54774.91975718703,298779.5555855452,344004.6358283583
3124,3134,2022-05-11 04:00:00,2022-05-11 14:00:00,418.1429262278417,417.2785693743258,1,-0.002067132550378048,-113.22701957442679,10,-5.103880842249198,0.0,0.0,0.0,Bearish,36000.0,4,Wednesday,Asia,2022,5,54661.692737612604,298779.5555855452,344117.86284793273
3134,3144,2022-05-11 14:00:00,2022-05-12 00:00:00,417.2785693743258,418.8949231736425,-1,-0.003873560537125842,-211.7353758809141,10,-7.32046722041968,0.2531434977185998,-1.530183698983168,0.034580237858655036,Bearish,36000.0,14,Wednesday,NY_overlap,2022,5,54449.95736173169,298779.5555855452,344329.59822381363
3144,3148,2022-05-12 00:00:00,2022-05-12 04:00:00,418.8949231736425,443.4277479687579,1,0.05856558157651848,3188.8934197064455,4,-1.0976815833925957,5.856558157651848,1.0,5.335388919937082,Bearish,14400.0,0,Thursday,Asia,2022,5,57638.85078143814,301968.44900525163,344329.59822381363
3148,3172,2022-05-12 04:00:00,2022-05-13 04:00:00,443.4277479687579,481.3394795599523,-1,-0.08549697614743201,-4927.947450426002,24,-15.308324782600025,1.5768586190177736,-5.421981090523395,0.10300660858790284,Sideways,86400.0,4,Thursday,Asia,2022,5,52710.90333101214,301968.44900525163,349257.54567423963
3172,3173,2022-05-13 04:00:00,2022-05-13 05:00:00,481.3394795599523,497.5674484076891,1,0.03371418621753741,1777.1052105963536,1,0.0,3.371418621753741,1.0,3.371418621753741,Bullish,3600.0,4,Friday,Asia,2022,5,54488.00854160849,303745.554215848,349257.54567423963
3173,3190,2022-05-13 05:00:00,2022-05-13 22:00:00,497.5674484076891,509.7159056490975,-1,-0.0244156993796234,-1330.362836346263,17,-7.7693947962050425,2.2222533927814814,-1.0986910610163818,0.2860265762098922,Bullish,61200.0,5,Friday,Asia,2022,5,53157.64570526223,303745.554215848,350587.9085105859
3190,3194,2022-05-13 22:00:00,2022-05-14 02:00:00,509.7159056490975,525.096441134597,1,0.030174721477276734,1604.017153544041,4,-0.9284672871616273,3.278271537228794,0.920446068442036,3.5308422628982874,Bullish,14400.0,22,Friday,Late,2022,5,54761.66285880627,305349.57136939204,350587.9085105859
3194,3208,2022-05-14 02:00:00,2022-05-14 16:00:00,525.096441134597,544.5382120654988,-1,-0.037025143207775724,-2027.558409643232,14,-8.107181787349038,-0.0,0.0,-0.0,Bullish,50400.0,2,Saturday,Asia,2022,5,52734.10444916304,305349.57136939204,352615.46692022914
3208,3211,2022-05-14 16:00:00,2022-05-14 19:00:00,544.5382120654988,564.6749420770029,1,0.0369794617996102,1950.078801014476,3,0.0,3.6979461799610203,1.0,3.6979461799610203,Bullish,10800.0,16,Saturday,NY,2022,5,54684.18325017751,307299.6501704065,352615.46692022914
3211,3214,2022-05-14 19:00:00,2022-05-14 22:00:00,564.6749420770029,547.2386595982564,-1,0.030878442054842914,1688.5623838070153,3,-0.0,3.0878442054842914,1.0,3.0878442054842914,Bullish,10800.0,19,Saturday,NY,2022,5,56372.74563398453,308988.21255421353,352615.46692022914
3214,3224,2022-05-14 22:00:00,2022-05-15 08:00:00,547.2386595982564,562.5362960872998,1,0.027954232071750518,1575.8568139741622,10,-3.854824821350611,2.7954232071750518,1.0,0.7251751601505,Bullish,36000.0,22,Saturday,Late,2022,5,57948.60244795869,310564.0693681877,352615.46692022914
3224,3250,2022-05-15 08:00:00,2022-05-16 10:00:00,562.5362960872998,591.2745755897462,-1,-0.051086978213378265,-2960.41899075458,26,-13.714126492156087,-0.0,0.0,-0.0,Bullish,93600.0,8,Sunday,London,2022,5,54988.18345720411,310564.0693681877,355575.8859109837
3250,3254,2022-05-16 10:00:00,2022-05-16 14:00:00,591.2745755897462,628.5784637309991,1,0.06309063450605068,3469.239384650122,4,-0.7757982821473441,6.309063450605068,1.0,8.132350374819229,Bullish,14400.0,10,Monday,London,2022,5,58457.42284185423,314033.3087528378,355575.8859109837
3254,3259,2022-05-16 14:00:00,2022-05-16 19:00:00,628.5784637309991,599.6041519521215,-1,0.04609498010303659,2694.5937427700637,5,-0.0,4.609498010303659,1.0,4.609498010303659,Bullish,18000.0,14,Monday,NY_overlap,2022,5,61152.016584624296,316727.9024956079,355575.8859109837
3259,3273,2022-05-16 19:00:00,2022-05-17 09:00:00,599.6041519521215,619.9370261247105,1,0.03391049596036266,2073.69521136093,14,-5.772036483638232,3.3910495960362663,1.0,0.5874962165690989,Bullish,50400.0,19,Monday,NY,2022,5,63225.711795985226,318801.59770696884,355575.8859109837
3273,3287,2022-05-17 09:00:00,2022-05-17 23:00:00,619.9370261247105,610.303910708532,-1,0.015538861223366673,982.4555613463905,14,-1.7597912276139827,2.3037320950607176,0.67450817118373,1.3090939759850029,Bullish,50400.0,9,Tuesday,London,2022,5,64208.167357331615,319784.0532683152,355575.8859109837
3287,3316,2022-05-17 23:00:00,2022-05-19 04:00:00,610.303910708532,551.4087580493441,1,-0.09650135223746747,-6196.174974672112,29,-17.491323306070704,0.0,0.0,0.0,Bullish,104400.0,23,Tuesday,Late,2022,5,58011.992382659504,319784.0532683152,361772.0608856558
3316,3327,2022-05-19 04:00:00,2022-05-19 15:00:00,551.4087580493441,529.5153686980457,-1,0.03970446430475305,2303.335080804907,11,-2.176573339967769,3.970446430475305,1.0,1.8241730510831766,Bearish,39600.0,4,Thursday,Asia,2022,5,60315.32746346441,322087.3883491201,361772.0608856558
3327,3330,2022-05-19 15:00:00,2022-05-19 18:00:00,529.5153686980457,557.2565451869343,1,0.05238974754802239,3159.904779087198,3,0.0,5.238974754802239,1.0,5.238974754802239,Bearish,10800.0,15,Thursday,NY_overlap,2022,5,63475.23224255161,325247.29312820727,361772.0608856558
3330,3332,2022-05-19 18:00:00,2022-05-19 20:00:00,557.2565451869343,544.0828601993053,-1,0.023640251696298797,1500.570466694939,2,-0.0,2.3640251696298797,1.0,2.3640251696298797,Bearish,7200.0,18,Thursday,NY,2022,5,64975.80270924655,326747.8635949022,361772.0608856558
3332,3352,2022-05-19 20:00:00,2022-05-20 16:00:00,544.0828601993053,519.4407988348659,1,-0.045291008350111794,-2942.819623059698,20,-11.41807165447556,0.5121754406471224,-8.842869992533732,0.04485656213642381,Bearish,72000.0,20,Thursday,NY,2022,5,62032.983086186854,326747.8635949022,364714.8805087155
3352,3355,2022-05-20 16:00:00,2022-05-20 19:00:00,519.4407988348659,494.0286073473735,-1,0.0489222093152738,3034.790582993269,3,-0.0,4.89222093152738,1.0,4.89222093152738,Sideways,10800.0,16,Friday,NY,2022,5,65067.773669180126,329782.65417789546,364714.8805087155
3355,3356,2022-05-20 19:00:00,2022-05-20 20:00:00,494.0286073473735,511.7231261144083,1,0.03581678976455094,2330.518769956405,1,0.0,3.581678976455094,1.0,3.581678976455094,Bearish,3600.0,19,Friday,NY,2022,5,67398.29243913654,332113.1729478519,364714.8805087155
3356,3357,2022-05-20 20:00:00,2022-05-20 21:00:00,511.7231261144083,488.7020426544369,-1,0.04498738142787084,3032.072689546615,1,-0.0,4.498738142787085,1.0,4.498738142787085,Bearish,3600.0,20,Friday,NY,2022,5,70430.36512868314,335145.2456373985,364714.8805087155
3357,3361,2022-05-20 21:00:00,2022-05-21 01:00:00,488.7020426544369,511.0648992781828,1,0.04575969542152847,3222.872056715577,4,0.0,4.575969542152847,1.0,4.575969542152847,Bearish,14400.0,21,Friday,Late,2022,5,73653.23718539873,338368.1176941141,364714.8805087155
3361,3389,2022-05-21 01:00:00,2022-05-22 05:00:00,511.0648992781828,556.8801454849096,-1,-0.08964663053838229,-6602.764541915273,28,-15.51708400514813,0.9243737379019956,-9.698093624105843,0.05957135616429701,Sideways,100800.0,1,Saturday,Asia,2022,5,67050.47264348344,338368.1176941141,371317.6450506308
3389,3406,2022-05-22 05:00:00,2022-05-22 22:00:00,556.8801454849096,542.4351586762039,1,-0.025939130575624247,-1739.2309650566372,17,-6.4685309835771925,0.0,0.0,0.0,Bullish,61200.0,5,Sunday,Asia,2022,5,65311.241678426806,338368.1176941141,373056.8760156874
3406,3407,2022-05-22 22:00:00,2022-05-22 23:00:00,542.4351586762039,530.0121008228994,-1,0.02290238317815274,1495.7830827602688,1,-0.0,2.290238317815274,1.0,2.290238317815274,Bullish,3600.0,22,Sunday,Late,2022,5,66807.02476118707,339863.9007768744,373056.8760156874
3407,3408,2022-05-22 23:00:00,2022-05-23 00:00:00,530.0121008228994,544.9135138347032,1,0.02811523168747998,1878.2949795119848,1,0.0,2.811523168747998,1.0,2.811523168747998,Bullish,3600.0,23,Sunday,Late,2022,5,68685.31974069905,341742.1957563864,373056.8760156874
3408,3417,2022-05-23 00:00:00,2022-05-23 09:00:00,544.9135138347032,542.972335712675,-1,0.003562360030984757,244.6818377596744,9,-5.299577993153215,0.3562360030984757,1.0,0.06721969250357566,Bullish,32400.0,0,Monday,Asia,2022,5,68930.00157845873,341986.87759414606,373056.8760156874
3417,3418,2022-05-23 09:00:00,2022-05-23 10:00:00,542.972335712675,565.5297315276882,1,0.04154428196678883,2863.6474215466865,1,0.0,4.154428196678883,1.0,4.154428196678883,Sideways,3600.0,9,Monday,London,2022,5,71793.64900000542,344850.52501569275,373056.8760156874
3418,3432,2022-05-23 10:00:00,2022-05-24 00:00:00,565.5297315276882,591.4708430383228,-1,-0.045870464565247016,-3293.2080324645276,14,-10.946628060290898,-0.0,0.0,-0.0,Sideways,50400.0,10,Monday,London,2022,5,68500.4409675409,344850.52501569275,376350.08404815197
3432,3440,2022-05-24 00:00:00,2022-05-24 08:00:00,591.4708430383228,599.6896001761999,1,0.01389545610677656,951.8448707593026,8,-4.447780792211331,2.015326797224981,0.6894889764731958,0.4531083907628929,Bullish,28800.0,0,Tuesday,Asia,2022,5,69452.28583830019,345802.36988645204,376350.08404815197
3440,3470,2022-05-24 08:00:00,2022-05-25 14:00:00,599.6896001761999,682.9582513570326,-1,-0.13885291850378412,-9643.65258540701,30,-19.154246936065512,0.4858240056343055,-28.580909319722444,0.025363774793962165,Bullish,108000.0,8,Tuesday,London,2022,5,59808.63325289318,345802.36988645204,385993.736633559
3470,3471,2022-05-25 14:00:00,2022-05-25 15:00:00,682.9582513570326,696.1706191794534,1,0.01934579133668546,1157.045339042818,1,0.0,1.9345791336685458,1.0,1.9345791336685458,Bullish,3600.0,14,Wednesday,NY_overlap,2022,5,60965.678591936,346959.4152254949,385993.736633559
3471,3485,2022-05-25 15:00:00,2022-05-26 05:00:00,696.1706191794534,724.7295008272079,-1,-0.04102281949418596,-2500.984028217546,14,-11.793571314259976,-0.0,0.0,-0.0,Bullish,50400.0,15,Wednesday,NY_overlap,2022,5,58464.694563718454,346959.4152254949,388494.72066177655
3485,3500,2022-05-26 05:00:00,2022-05-26 20:00:00,724.7295008272079,725.261711203019,1,0.0007343572673716992,42.93397333753329,15,-4.517865255507436,2.2194001077276537,0.033088097311285404,0.49124973460023563,Bullish,54000.0,5,Thursday,Asia,2022,5,58507.628537055985,347002.3491988324,388494.72066177655
3500,3506,2022-05-26 20:00:00,2022-05-27 02:00:00,725.261711203019,699.4647272512528,-1,0.03556920702318023,2081.0699518698702,6,-0.0,3.5569207023180227,1.0,3.5569207023180227,Bullish,21600.0,20,Thursday,NY,2022,5,60588.69848892585,349083.4191507023,388494.72066177655
3506,3512,2022-05-27 02:00:00,2022-05-27 08:00:00,699.4647272512528,716.2472805505815,1,0.02399342332140253,1453.7302913376186,6,0.0,2.399342332140253,1.0,2.399342332140253,Sideways,21600.0,2,Friday,Asia,2022,5,62042.42878026347,350537.1494420399,388494.72066177655
3512,3538,2022-05-27 08:00:00,2022-05-28 10:00:00,716.2472805505815,827.3862331519965,-1,-0.1551684112726852,-9627.025105332197,26,-21.790727338528583,-0.0,0.0,-0.0,Bullish,93600.0,8,Friday,London,2022,5,52415.40367493127,350537.1494420399,398121.74576710875
3538,3540,2022-05-28 10:00:00,2022-05-28 12:00:00,827.3862331519965,861.4154788363368,1,0.04112860997783718,2155.77269457714,2,0.0,4.112860997783718,1.0,4.112860997783718,Bullish,7200.0,10,Saturday,London,2022,5,54571.176369508416,352692.922136617,398121.74576710875
3540,3544,2022-05-28 12:00:00,2022-05-28 16:00:00,861.4154788363368,823.2312061528158,-1,0.04432735842534785,2418.9960946240703,4,-1.585136956565747,4.432735842534785,1.0,2.7964371306681652,Bullish,14400.0,12,Saturday,London,2022,5,56990.17246413248,355111.91823124106,398121.74576710875
3544,3562,2022-05-28 16:00:00,2022-05-29 10:00:00,823.2312061528158,737.244010589725,1,-0.10445084554669937,-5952.6717017308565,18,-16.294627698186826,0.0,0.0,0.0,Bullish,64800.0,16,Saturday,NY,2022,5,51037.50076240163,355111.91823124106,404074.4174688396
3562,3574,2022-05-29 10:00:00,2022-05-29 22:00:00,737.244010589725,673.6406155886989,-1,0.0862718368510711,4403.098939060326,12,-2.087219092380921,8.62718368510711,1.0,4.133338812681115,Sideways,43200.0,10,Sunday,London,2022,5,55440.59970146196,359515.0171703014,404074.4174688396
3574,3582,2022-05-29 22:00:00,2022-05-30 06:00:00,673.6406155886989,720.2105648564274,1,0.06913174204472616,3832.7052373663873,8,-1.6236531222060369,6.913174204472616,1.0,4.257790109182788,Bearish,28800.0,22,Sunday,Late,2022,5,59273.30493882835,363347.7224076678,404074.4174688396
3582,3608,2022-05-30 06:00:00,2022-05-31 08:00:00,720.2105648564274,775.5306383392024,-1,-0.07681097193263597,-4552.840162010914,26,-13.614560480030867,-0.0,0.0,-0.0,Bearish,93600.0,6,Monday,Asia,2022,5,54720.46477681743,363347.7224076678,408627.25763085054
3608,3618,2022-05-31 08:00:00,2022-05-31 18:00:00,775.5306383392024,783.660619123178,1,0.010483120049758377,573.6412014339514,10,-2.261181982907412,1.0483120049758377,1.0,0.4636123995769352,Bullish,36000.0,8,Tuesday,London,2022,5,55294.105978251384,363921.36360910174,408627.25763085054
3618,3626,2022-05-31 18:00:00,2022-06-01 02:00:00,783.660619123178,764.4265644937332,-1,0.024543857583357198,1357.1306623292608,8,-4.903906727316598,2.45438575833572,1.0,0.5004960116112877,Bullish,28800.0,18,Tuesday,NY,2022,5,56651.236640580646,365278.494271431,408627.25763085054
3626,3643,2022-06-01 02:00:00,2022-06-01 19:00:00,764.4265644937332,792.7144303844527,1,0.0370053412644733,2096.3983449391194,17,-2.0025294722037956,3.70053412644733,1.0,1.847929919540645,Bullish,61200.0,2,Wednesday,Asia,2022,6,58747.63498551976,367374.8926163701,408627.25763085054
3643,3655,2022-06-01 19:00:00,2022-06-02 07:00:00,792.7144303844527,763.4729213033746,-1,0.03688782234845467,2167.0723227377116,12,-3.168128137698778,3.688782234845467,1.0,1.1643412370071857,Sideways,43200.0,19,Wednesday,NY,2022,6,60914.70730825747,369541.9649391078,408627.25763085054
3655,3658,2022-06-02 07:00:00,2022-06-02 10:00:00,763.4729213033746,796.80201051953,1,0.04365457933892025,2659.205923095429,3,0.0,5.061638788744527,0.8624593962728857,5.061638788744527,Bearish,10800.0,7,Thursday,Asia,2022,6,63573.9132313529,372201.17086220323,408627.25763085054
3658,3699,2022-06-02 10:00:00,2022-06-04 03:00:00,796.80201051953,934.62199192051,-1,-0.17296640769156557,-10996.151394522392,41,-23.450596336117236,0.8717858822728131,-19.840468996885885,0.03717542487097181,Sideways,147600.0,10,Thursday,London,2022,6,52577.761836830505,372201.17086220323,419623.40902537294
3699,3706,2022-06-04 03:00:00,2022-06-04 10:00:00,934.62199192051,967.8068821350859,1,0.03550621588347802,1866.8373624485941,7,-3.4871674413711973,3.550621588347802,1.0,1.0181964726510677,Bullish,25200.0,3,Saturday,Asia,2022,6,54444.5991992791,374068.0082246518,419623.40902537294
3706,3723,2022-06-04 10:00:00,2022-06-05 03:00:00,967.8068821350859,1010.822206918405,-1,-0.044446186090785655,-2419.8547876493967,17,-10.347289752900469,-0.0,0.0,-0.0,Bullish,61200.0,10,Saturday,London,2022,6,52024.744411629705,374068.0082246518,422043.26381302235
3723,3734,2022-06-05 03:00:00,2022-06-05 14:00:00,1010.822206918405,1018.508070366216,1,0.007603575975286603,395.57409672869323,11,-4.22464604022097,1.1717820855929428,0.6488899317349656,0.27736810952608304,Bullish,39600.0,3,Sunday,Asia,2022,6,52420.318508358396,374463.5823213805,422043.26381302235
3734,3736,2022-06-05 14:00:00,2022-06-05 16:00:00,1018.508070366216,984.3599617661306,-1,0.03352757783039173,1757.5263086829088,2,-0.0,3.352757783039173,1.0,3.352757783039173,Bullish,7200.0,14,Sunday,NY_overlap,2022,6,54177.8448170413,376221.1086300634,422043.26381302235
3736,3742,2022-06-05 16:00:00,2022-06-05 22:00:00,984.3599617661306,1007.418215848357,1,0.023424615971636475,1269.095209010107,6,-0.36803871480596273,2.3424615971636475,1.0,6.3647151860060145,Bullish,21600.0,16,Sunday,NY,2022,6,55446.94002605141,377490.20383907354,422043.26381302235
3742,3743,2022-06-05 22:00:00,2022-06-05 23:00:00,1007.418215848357,982.2041996055848,-1,0.025028350536166588,1387.7454511298192,1,-0.0,2.502835053616659,1.0,2.502835053616659,Sideways,3600.0,22,Sunday,Late,2022,6,56834.68547718123,378877.94929020334,422043.26381302235
3743,3748,2022-06-05 23:00:00,2022-06-06 04:00:00,982.2041996055848,999.2973871171729,1,0.01740288579345517,989.0875404663293,5,-3.0823404573633417,1.740288579345517,1.0,0.564599726544865,Bullish,18000.0,23,Sunday,Late,2022,6,57823.77301764756,379867.0368306697,422043.26381302235
3748,3763,2022-06-06 04:00:00,2022-06-06 19:00:00,999.2973871171729,1039.081173185597,-1,-0.039811758322709556,-2302.066076685797,15,-10.515024110039771,-0.0,0.0,-0.0,Bullish,54000.0,4,Monday,Asia,2022,6,55521.70694096176,379867.0368306697,424345.32988970814
3763,3766,2022-06-06 19:00:00,2022-06-06 22:00:00,1039.081173185597,1069.581069329822,1,0.029352756003382163,1629.7151167293391,3,0.0,2.9352756003382163,1.0,2.9352756003382163,Bullish,10800.0,19,Monday,NY,2022,6,57151.4220576911,381496.751947399,424345.32988970814
3766,3785,2022-06-06 22:00:00,2022-06-07 17:00:00,1069.581069329822,1112.000673616014,-1,-0.039660017835554395,-2266.6264181353245,19,-7.177775966942179,-0.0,0.0,-0.0,Sideways,68400.0,22,Monday,Late,2022,6,54884.79563955578,381496.751947399,426611.95630784344
3785,3795,2022-06-07 17:00:00,2022-06-08 03:00:00,1112.000673616014,1104.712639851628,1,-0.0065539832279837285,-359.71403009296273,10,-6.012370486403029,0.0,0.0,0.0,Bullish,36000.0,17,Tuesday,NY,2022,6,54525.08160946282,381496.751947399,426971.67033793643
3795,3832,2022-06-08 03:00:00,2022-06-09 16:00:00,1104.712639851628,1362.51932169734,-1,-0.233369903217852,-12724.51301814581,37,-33.71698876809725,-0.0,0.0,-0.0,Bullish,133200.0,3,Wednesday,Asia,2022,6,41800.56859131701,381496.751947399,439696.18335608224
3832,3836,2022-06-09 16:00:00,2022-06-09 20:00:00,1362.51932169734,1436.992394282912,1,0.05465836072900476,2284.7505567417093,4,0.0,5.465836072900476,1.0,5.465836072900476,Bullish,14400.0,16,Thursday,NY,2022,6,44085.31914805872,383781.5025041407,439696.18335608224
3836,3842,2022-06-09 20:00:00,2022-06-10 02:00:00,1436.992394282912,1394.315487024696,-1,0.029698770451400125,1309.2797736549091,6,-1.0384839639235421,2.9698770451400125,1.0,2.8598198415307143,Bullish,21600.0,20,Thursday,NY,2022,6,45394.59892171363,385090.7822777956,439696.18335608224
3842,3846,2022-06-10 02:00:00,2022-06-10 06:00:00,1394.315487024696,1453.014395377826,1,0.042098727941684455,1911.0548700271029,4,-0.9029144746627971,4.2098727941684455,1.0,4.662537717916934,Bullish,14400.0,2,Friday,Asia,2022,6,47305.65379174073,387001.8371478227,439696.18335608224
3846,3847,2022-06-10 06:00:00,2022-06-10 07:00:00,1453.014395377826,1409.322133187724,-1,0.030070082119689423,1422.4848942432398,1,-0.0,3.0070082119689423,1.0,3.0070082119689423,Bullish,3600.0,6,Friday,Asia,2022,6,48728.13868598397,388424.32204206596,439696.18335608224
3847,3854,2022-06-10 07:00:00,2022-06-10 14:00:00,1409.322133187724,1424.76955490698,1,0.010960887759788207,534.1036588804634,7,-2.6337679462125285,1.0960887759788207,1.0,0.41616755855619075,Bullish,25200.0,7,Friday,Asia,2022,6,49262.24234486443,388958.4257009464,439696.18335608224
3854,3867,2022-06-10 14:00:00,2022-06-11 03:00:00,1424.76955490698,1503.090668818962,-1,-0.05497107489575437,-2707.9984134723427,13,-14.293443181368094,-0.0,0.0,-0.0,Bullish,46800.0,14,Friday,NY_overlap,2022,6,46554.24393139209,388958.4257009464,442404.18176955456
3867,3872,2022-06-11 03:00:00,2022-06-11 08:00:00,1503.090668818962,1580.686668592279,1,0.05162429744460262,2403.3301360227692,5,-0.5865444844603718,5.162429744460262,1.0,8.801429186074031,Bullish,18000.0,3,Saturday,Asia,2022,6,48957.57406741486,391361.7558369692,442404.18176955456
3872,3878,2022-06-11 08:00:00,2022-06-11 14:00:00,1580.686668592279,1545.905814209015,-1,0.02200363618821366,1077.2446484369193,6,-3.760950810365582,2.200363618821366,1.0,0.5850551442355824,Bullish,21600.0,8,Saturday,London,2022,6,50034.81871585178,392439.0004854061,442404.18176955456
3878,3895,2022-06-11 14:00:00,2022-06-12 07:00:00,1545.905814209015,1504.434659430761,1,-0.02682644336872053,-1342.2562307449948,17,-6.592195058172101,0.0,0.0,0.0,Bullish,61200.0,14,Saturday,NY_overlap,2022,6,48692.56248510679,392439.0004854061,443746.43800029956
3895,3899,2022-06-12 07:00:00,2022-06-12 11:00:00,1504.434659430761,1435.684111718932,-1,0.045698593342593186,2225.181611815702,4,-1.2754618703592957,4.569859334259318,1.0,3.582905487383951,Bullish,14400.0,7,Sunday,Asia,2022,6,50917.74409692249,394664.1820972218,443746.43800029956
3899,3902,2022-06-12 11:00:00,2022-06-12 14:00:00,1435.684111718932,1499.275617486134,1,0.04429352198588066,2255.3262176284793,3,0.0,4.429352198588066,1.0,4.429352198588066,Bullish,10800.0,11,Sunday,London,2022,6,53173.07031455097,396919.5083148503,443746.43800029956
3902,3920,2022-06-12 14:00:00,2022-06-13 08:00:00,1499.275617486134,1527.751686842399,-1,-0.018993218474406603,-1009.92774143925,18,-13.351456599734867,0.35213395366758826,-5.393748111077086,0.02637419752947262,Bullish,64800.0,14,Sunday,NY_overlap,2022,6,52163.14257311172,396919.5083148503,444756.3657417388
3920,3923,2022-06-13 08:00:00,2022-06-13 11:00:00,1527.751686842399,1638.568044020203,1,0.07253558162114837,3783.6838857275416,3,0.0,7.253558162114837,1.0,7.253558162114837,Sideways,10800.0,8,Monday,London,2022,6,55946.82645883926,400703.1922005778,444756.3657417388
3923,3928,2022-06-13 11:00:00,2022-06-13 16:00:00,1638.568044020203,1600.917250558802,-1,0.022977863872546522,1285.5385624721916,5,-0.0,2.9778758091002056,0.7716192798345579,2.9778758091002056,Bullish,18000.0,11,Monday,London,2022,6,57232.36502131145,401988.73076305,444756.3657417388
3928,3929,2022-06-13 16:00:00,2022-06-13 17:00:00,1600.917250558802,1623.304519140352,1,0.013984026078634582,800.3388849999524,1,0.0,1.3984026078634582,1.0,1.3984026078634582,Bullish,3600.0,16,Monday,NY,2022,6,58032.703906311406,402789.06964805,444756.3657417388
3929,3933,2022-06-13 17:00:00,2022-06-13 21:00:00,1623.304519140352,1549.514314562837,-1,0.04545678503783879,2637.980146633743,4,-2.290641309826724,4.545678503783879,1.0,1.98445670401698,Bullish,14400.0,17,Monday,NY,2022,6,60670.68405294515,405427.04979468376,444756.3657417388
3933,3949,2022-06-13 21:00:00,2022-06-14 13:00:00,1549.514314562837,1526.070402106854,1,-0.015129845678513165,-917.9380869308891,16,-6.020662207985095,1.5508364250419904,-0.9755926179063992,0.25758568932585924,Bullish,57600.0,21,Monday,Late,2022,6,59752.74596601426,405427.04979468376,445674.3038286697
3949,3960,2022-06-14 13:00:00,2022-06-15 00:00:00,1526.070402106854,1512.090178741674,-1,0.009160929499634762,547.3906932042418,11,-7.685951673453473,0.9160929499634762,1.0,0.11919056857039212,Bullish,39600.0,13,Tuesday,NY_overlap,2022,6,60300.13665921851,405974.440487888,445674.3038286697
3960,3967,2022-06-15 00:00:00,2022-06-15 07:00:00,1512.090178741674,1633.255009461893,1,0.08013069089639191,4831.891611650025,7,-1.021027725859891,8.013069089639192,1.0,7.848042601282674,Bearish,25200.0,0,Wednesday,Asia,2022,6,65132.02827086853,410806.332099538,445674.3038286697
3967,3987,2022-06-15 07:00:00,2022-06-16 03:00:00,1633.255009461893,1650.136292317653,-1,-0.010335974944489346,-673.2030122914684,20,-4.292067729273152,0.4665326960082261,-2.2154877960165726,0.1086964897656058,Sideways,72000.0,7,Wednesday,Asia,2022,6,64458.82525857707,410806.332099538,446347.50684096117
3987,3988,2022-06-16 03:00:00,2022-06-16 04:00:00,1650.136292317653,1707.560656568582,1,0.03479977049063954,2243.1523250947193,1,0.0,3.4799770490639537,1.0,3.4799770490639537,Bullish,3600.0,3,Thursday,Asia,2022,6,66701.97758367179,413049.48442463274,446347.50684096117
3988,3999,2022-06-16 04:00:00,2022-06-16 15:00:00,1707.560656568582,1802.980277794115,-1,-0.0558806627796653,-3727.350716089955,11,-9.161122771532648,-0.0,0.0,-0.0,Bullish,39600.0,4,Thursday,Asia,2022,6,62974.626867581836,413049.48442463274,450074.8575570511
