entry_i,exit_i,entry_time,exit_time,entry_price,exit_price,direction,ret,pnl,hold_bars,mae_pct,mfe_pct,trade_efficiency_pct,edge_ratio,entry_regime,hold_sec,hour,weekday,session,year,month,equity,cum_profit,cum_loss
1,7,2022-01-01 00:30:00,2022-01-01 03:30:00,2231.940747210162,2279.42247388377,-1,-0.021273739785860446,-2127.373978586045,6,-2.1273739785860446,1.9051563585789522,-1.1166400957099625,0.8955436974204277,Sideways,10800.0,0,Saturday,Asia,2022,1,97872.62602141396,0.0,2127.373978586045
7,33,2022-01-01 03:30:00,2022-01-01 16:30:00,2279.42247388377,2602.838540207929,-1,-0.14188509152193696,-13886.666500540628,26,-19.328284901410832,0.013699697079982975,-1035.6805022298586,0.0007087901047538363,Sideways,46800.0,3,Saturday,Asia,2022,1,83985.95952087332,0.0,16014.040479126674
33,34,2022-01-01 16:30:00,2022-01-01 17:00:00,2602.838540207929,2655.70344356959,1,0.020310481247691303,1705.7952559180587,1,0.0,2.0310481247691303,1.0,2.0310481247691303,Bullish,1800.0,16,Saturday,NY,2022,1,85691.75477679138,1705.7952559180587,16014.040479126674
34,46,2022-01-01 17:00:00,2022-01-01 23:00:00,2655.70344356959,2750.529627512239,-1,-0.03570661632881378,-3059.762610357686,12,-7.342568223267754,-0.0,0.0,-0.0,Bullish,21600.0,17,Saturday,NY,2022,1,82631.9921664337,1705.7952559180587,19073.80308948436
46,47,2022-01-01 23:00:00,2022-01-01 23:30:00,2750.529627512239,2787.269936125925,1,0.013357539670247665,1103.7601133947323,1,0.0,1.3357539670247665,1.0,1.3357539670247665,Bullish,1800.0,23,Saturday,Late,2022,1,83735.75227982843,2809.5553693127913,19073.80308948436
47,53,2022-01-01 23:30:00,2022-01-02 02:30:00,2787.269936125925,2713.637721680121,-1,0.02641732452657486,2212.0745424531083,6,-5.027649988299787,2.641732452657486,1.0,0.5254408041142989,Bullish,10800.0,23,Saturday,Late,2022,1,85947.82682228154,5021.6299117659,19073.80308948436
53,63,2022-01-02 02:30:00,2022-01-02 07:30:00,2713.637721680121,2780.59937731139,1,0.024675974650665733,2120.8463959464275,10,-2.7864180704287533,2.4675974650665733,1.0,0.885580484584956,Bullish,18000.0,2,Sunday,Asia,2022,1,88068.67321822797,7142.476307712328,19073.80308948436
63,67,2022-01-02 07:30:00,2022-01-02 09:30:00,2780.59937731139,2625.21059211092,-1,0.05588319787035201,4921.559091633604,4,-0.0,5.588319787035201,1.0,5.588319787035201,Bullish,7200.0,7,Sunday,Asia,2022,1,92990.23230986157,12064.035399345932,19073.80308948436
67,82,2022-01-02 09:30:00,2022-01-02 17:00:00,2625.21059211092,2751.95647307576,1,0.048280271817326526,4489.593692276456,15,-1.6313354315182327,4.8280271817326526,1.0,2.9595551524552857,Bullish,27000.0,9,Sunday,London,2022,1,97479.82600213803,16553.629091622388,19073.80308948436
82,101,2022-01-02 17:00:00,2022-01-03 02:30:00,2751.95647307576,2866.900982339489,-1,-0.04176828753954087,-4071.565401761714,19,-9.66468530735205,1.1479196703361394,-3.638607179482348,0.11877465575241257,Bullish,34200.0,17,Sunday,NY,2022,1,93408.26060037632,16553.629091622388,23145.368491246074
101,106,2022-01-03 02:30:00,2022-01-03 05:00:00,2866.900982339489,2943.355559719531,1,0.026668021620213977,2491.0135131974166,5,-1.7950047883736775,2.6668021620213977,1.0,1.4856796924968607,Sideways,9000.0,2,Monday,Asia,2022,1,95899.27411357373,19044.642604819805,23145.368491246074
106,109,2022-01-03 05:00:00,2022-01-03 06:30:00,2943.355559719531,2798.684815336249,-1,0.049151637118917235,4713.606321197949,3,-0.05697795760275515,4.915163711891724,1.0,86.26430147180378,Bullish,5400.0,5,Monday,Asia,2022,1,100612.88043477168,23758.248926017754,23145.368491246074
109,129,2022-01-03 06:30:00,2022-01-03 16:30:00,2798.684815336249,2665.344773158132,1,-0.047643822358073185,-4793.582202368319,20,-11.007782217770224,0.16571184887699264,-28.75100524250323,0.015054063170824599,Sideways,36000.0,6,Monday,Asia,2022,1,95819.29823240337,23758.248926017754,27938.95069361439
129,130,2022-01-03 16:30:00,2022-01-03 17:00:00,2665.344773158132,2548.828467108606,-1,0.043715284875309735,4188.767918781775,1,-0.0,4.3715284875309735,1.0,4.3715284875309735,Sideways,1800.0,16,Monday,NY,2022,1,100008.06615118514,27947.016844799527,27938.95069361439
130,140,2022-01-03 17:00:00,2022-01-03 22:00:00,2548.828467108606,2615.005355081571,1,0.025963649114463916,2596.574338165466,10,-0.16152111692673277,3.1089775693781574,0.8351185730702149,19.24811831748547,Sideways,18000.0,17,Monday,NY,2022,1,102604.6404893506,30543.591182964992,27938.95069361439
140,144,2022-01-03 22:00:00,2022-01-04 00:00:00,2615.005355081571,2452.289179460879,-1,0.062224031512782996,6384.47438316712,4,-0.3252070439415444,6.2224031512783,1.0,19.133666589327536,Bearish,7200.0,22,Monday,Late,2022,1,108989.11487251772,36928.065566132114,27938.95069361439
144,149,2022-01-04 00:00:00,2022-01-04 02:30:00,2452.289179460879,2582.768081892992,1,0.053206980451138364,5798.981704408923,5,-2.3568741744833144,5.320698045113836,1.0,2.2575231646722362,Bearish,9000.0,0,Tuesday,Asia,2022,1,114788.09657692665,42727.047270541036,27938.95069361439
149,151,2022-01-04 02:30:00,2022-01-04 03:30:00,2582.768081892992,2483.985215933619,-1,0.03824689744770726,4390.28855799523,2,-0.0,3.824689744770726,1.0,3.824689744770726,Bearish,3600.0,2,Tuesday,Asia,2022,1,119178.38513492187,47117.33582853626,27938.95069361439
151,155,2022-01-04 03:30:00,2022-01-04 05:30:00,2483.985215933619,2530.145703728003,1,0.018583237733576397,2214.7202636659804,4,-0.6311631509218651,1.8583237733576397,1.0,2.944284327504555,Bearish,7200.0,3,Tuesday,Asia,2022,1,121393.10539858785,49332.05609220224,27938.95069361439
155,169,2022-01-04 05:30:00,2022-01-04 12:30:00,2530.145703728003,2511.540982479006,-1,0.007353221287447642,892.6303667662714,14,-5.266904786296278,0.7353221287447642,1.0,0.13961181349964133,Bearish,25200.0,5,Tuesday,Asia,2022,1,122285.73576535413,50224.686458968514,27938.95069361439
169,174,2022-01-04 12:30:00,2022-01-04 15:00:00,2511.540982479006,2619.200155583631,1,0.04286578393730234,5241.873927931714,5,0.0,4.286578393730234,1.0,4.286578393730234,Bearish,9000.0,12,Tuesday,London,2022,1,127527.60969328585,55466.56038690023,27938.95069361439
174,179,2022-01-04 15:00:00,2022-01-04 17:30:00,2619.200155583631,2529.512623095891,-1,0.03424233627069073,4366.843294914892,5,-2.2503149700771052,3.424233627069073,1.0,1.521668598663655,Bullish,9000.0,15,Tuesday,NY_overlap,2022,1,131894.45298820073,59833.40368181512,27938.95069361439
179,195,2022-01-04 17:30:00,2022-01-05 01:30:00,2529.512623095891,2483.835980994296,1,-0.018057487313777876,-2381.6824115921067,16,-7.904914356136694,0.23829726691455555,-7.577714821317112,0.030145458404563497,Bearish,28800.0,17,Tuesday,NY,2022,1,129512.77057660863,59833.40368181512,30320.6331052065
195,196,2022-01-05 01:30:00,2022-01-05 02:00:00,2483.835980994296,2406.200345054559,-1,0.0312563456418965,4048.0959221821213,1,-0.0,3.12563456418965,1.0,3.12563456418965,Bullish,1800.0,1,Wednesday,Asia,2022,1,133560.86649879074,63881.49960399725,30320.6331052065
196,206,2022-01-05 02:00:00,2022-01-05 07:00:00,2406.200345054559,2414.051991719818,1,0.0032630893272858064,435.82103801524835,10,-4.37813760073632,0.32630893272858064,1.0,0.0745314474980644,Sideways,18000.0,2,Wednesday,Asia,2022,1,133996.68753680598,64317.32064201249,30320.6331052065
206,219,2022-01-05 07:00:00,2022-01-05 13:30:00,2414.051991719818,2436.99983652884,-1,-0.00950594473016042,-1273.7651057494531,13,-7.904995004182469,1.1970695900521355,-0.7941012627132573,0.15143204890310186,Bearish,23400.0,7,Wednesday,Asia,2022,1,132722.92243105656,64317.32064201249,31594.39821095595
219,226,2022-01-05 13:30:00,2022-01-05 17:00:00,2436.99983652884,2598.576791049234,1,0.0663015861135785,8799.740270808492,7,-0.8738596626784445,6.63015861135785,1.0,7.587212105701187,Sideways,12600.0,13,Wednesday,NY_overlap,2022,1,141522.66270186505,73117.06091282098,31594.39821095595
226,233,2022-01-05 17:00:00,2022-01-05 20:30:00,2598.576791049234,2475.504502763564,-1,0.047361420570518176,6702.714348482614,7,-0.0,4.736142057051818,1.0,4.736142057051818,Sideways,12600.0,17,Wednesday,NY,2022,1,148225.37705034766,79819.77526130358,31594.39821095595
233,235,2022-01-05 20:30:00,2022-01-05 21:30:00,2475.504502763564,2559.331192286431,1,0.03386246699583295,5019.27693831229,2,0.0,3.386246699583295,1.0,3.386246699583295,Sideways,3600.0,20,Wednesday,NY,2022,1,153244.65398865996,84839.05219961588,31594.39821095595
235,236,2022-01-05 21:30:00,2022-01-05 22:00:00,2559.331192286431,2529.834245714323,-1,0.0115252557625245,1766.1838314588754,1,-0.0,1.15252557625245,1.0,1.15252557625245,Sideways,1800.0,21,Wednesday,Late,2022,1,155010.83782011882,86605.23603107476,31594.39821095595
236,240,2022-01-05 22:00:00,2022-01-06 00:00:00,2529.834245714323,2568.79631676638,1,0.0154010370908928,2387.327662758017,4,-1.210302855530554,1.54010370908928,1.0,1.2724944852039972,Sideways,7200.0,22,Wednesday,Late,2022,1,157398.16548287685,88992.56369383278,31594.39821095595
240,244,2022-01-06 00:00:00,2022-01-06 02:00:00,2568.79631676638,2442.098821383674,-1,0.04932173662651229,7763.1508634426455,4,-0.0,4.932173662651229,1.0,4.932173662651229,Bullish,7200.0,0,Thursday,Asia,2022,1,165161.31634631948,96755.71455727542,31594.39821095595
244,247,2022-01-06 02:00:00,2022-01-06 03:30:00,2442.098821383674,2539.539774742889,1,0.03990049563350828,6590.018381700798,3,0.0,4.793913083081325,0.83231579175528,4.793913083081325,Sideways,5400.0,2,Thursday,Asia,2022,1,171751.3347280203,103345.73293897622,31594.39821095595
247,256,2022-01-06 03:30:00,2022-01-06 08:00:00,2539.539774742889,2547.201695999593,-1,-0.003017051094417189,-518.1825524087864,9,-5.383619177991084,-0.0,0.0,-0.0,Bullish,16200.0,3,Thursday,Asia,2022,1,171233.1521756115,103345.73293897622,32112.58076336474
256,290,2022-01-06 08:00:00,2022-01-07 01:00:00,2547.201695999593,2309.126528502696,1,-0.09346537726902293,-16004.371169057538,34,-16.43160149836651,0.0,0.0,0.0,Bullish,61200.0,8,Thursday,London,2022,1,155228.78100655397,103345.73293897622,48116.95193242228
290,294,2022-01-07 01:00:00,2022-01-07 03:00:00,2309.126528502696,2177.692262226316,-1,0.056919473512612506,8835.540488897672,4,-0.9016299078519641,6.163774077256512,0.92345165152366,6.836257341929838,Bearish,7200.0,1,Friday,Asia,2022,1,164064.32149545162,112181.2734278739,48116.95193242228
294,306,2022-01-07 03:00:00,2022-01-07 09:00:00,2177.692262226316,2182.568650863315,1,0.0022392459768458828,367.3803718526394,12,-4.62979904465326,0.5376550422609316,0.4164837676271889,0.11612923953618343,Bearish,21600.0,3,Friday,Asia,2022,1,164431.70186730428,112548.65379972653,48116.95193242228
306,316,2022-01-07 09:00:00,2022-01-07 14:00:00,2182.568650863315,2177.587341582551,-1,0.0022823150505683065,375.2849479623091,10,-3.214873041877686,0.22823150505683065,1.0,0.07099238510629621,Bearish,18000.0,9,Friday,London,2022,1,164806.98681526657,112923.93874768884,48116.95193242228
316,327,2022-01-07 14:00:00,2022-01-07 19:30:00,2177.587341582551,2169.34379774192,1,-0.003785631778443377,-623.8985665973715,11,-6.878531799370469,0.5050272071581707,-0.7495896705734797,0.07342078540719858,Bearish,19800.0,14,Friday,NY_overlap,2022,1,164183.0882486692,112923.93874768884,48740.85049901965
327,346,2022-01-07 19:30:00,2022-01-08 05:00:00,2169.34379774192,2241.507732642214,-1,-0.03326532888673972,-5461.60442823259,19,-14.69953970230813,1.5254151313281006,-2.180739406837882,0.10377298624449982,Bearish,34200.0,19,Friday,NY,2022,1,158721.4838204366,112923.93874768884,54202.45492725224
346,358,2022-01-08 05:00:00,2022-01-08 11:00:00,2241.507732642214,2304.778194902711,1,0.02822674280312043,4480.190501129103,12,-0.780482382559966,4.022502365659331,0.7017209745877618,5.153866961693108,Sideways,21600.0,5,Saturday,Asia,2022,1,163201.67432156572,117404.12924881795,54202.45492725224
358,359,2022-01-08 11:00:00,2022-01-08 11:30:00,2304.778194902711,2219.999390618705,-1,0.0367839319512413,6003.199282573116,1,-0.0,3.67839319512413,1.0,3.67839319512413,Bullish,1800.0,11,Saturday,London,2022,1,169204.87360413885,123407.32853139106,54202.45492725224
359,367,2022-01-08 11:30:00,2022-01-08 15:30:00,2219.999390618705,2291.992254850481,1,0.032429227024117324,5487.183259695694,8,-0.3401359205497556,3.2429227024117324,1.0,9.534196497595003,Sideways,14400.0,11,Saturday,London,2022,1,174692.05686383453,128894.51179108676,54202.45492725224
367,398,2022-01-08 15:30:00,2022-01-09 07:00:00,2291.992254850481,2553.485626506682,-1,-0.11408998922348434,-19930.614885023188,31,-20.439026462531572,0.34337115218054937,-33.2264339910227,0.01679978020528574,Bullish,55800.0,15,Saturday,NY_overlap,2022,1,154761.44197881134,128894.51179108676,74133.06981227543
398,405,2022-01-09 07:00:00,2022-01-09 10:30:00,2553.485626506682,2631.60907099993,1,0.030594824455748126,4734.89914986018,7,-0.8266630115787987,3.7276138371778345,0.8207616398084674,4.509230224367566,Bullish,12600.0,7,Sunday,Asia,2022,1,159496.34112867154,133629.41094094692,74133.06981227543
405,417,2022-01-09 10:30:00,2022-01-09 16:30:00,2631.60907099993,2643.959488299714,-1,-0.004693104852040664,-748.5330524337008,12,-4.697582067123696,-0.0,0.0,-0.0,Bullish,21600.0,10,Sunday,London,2022,1,158747.80807623782,133629.41094094692,74881.60286470913
417,430,2022-01-09 16:30:00,2022-01-09 23:00:00,2643.959488299714,2405.318426360933,1,-0.09025897068197786,-14328.413754981391,13,-14.57272196259738,0.0,0.0,0.0,Bullish,23400.0,16,Sunday,NY,2022,1,144419.39432125643,133629.41094094692,89210.01661969052
430,431,2022-01-09 23:00:00,2022-01-09 23:30:00,2405.318426360933,2347.626872866776,-1,0.023984996274044157,3463.8986346950483,1,-0.0,2.3984996274044157,1.0,2.3984996274044157,Bearish,1800.0,23,Sunday,Late,2022,1,147883.29295595147,137093.30957564196,89210.01661969052
431,432,2022-01-09 23:30:00,2022-01-10 00:00:00,2347.626872866776,2385.234958271988,1,0.01601961787023143,2369.033842545829,1,0.0,1.6019617870231428,1.0,1.6019617870231428,Bearish,1800.0,23,Sunday,Late,2022,1,150252.32679849732,139462.34341818778,89210.01661969052
432,439,2022-01-10 00:00:00,2022-01-10 03:30:00,2385.234958271988,2366.300758587674,-1,0.007938085771655445,1192.715857517275,7,-6.444756744783553,0.7938085771655445,1.0,0.12317122408197341,Bearish,12600.0,0,Monday,Asia,2022,1,151445.0426560146,140655.05927570505,89210.01661969052
439,459,2022-01-10 03:30:00,2022-01-10 13:30:00,2366.300758587674,2384.812262646427,1,0.007822971780561572,1184.750295003945,20,-7.135153507493208,1.3821572121851755,0.5659972477511106,0.19371092867639908,Bearish,36000.0,3,Monday,Asia,2022,1,152629.79295101852,141839.80957070898,89210.01661969052
459,480,2022-01-10 13:30:00,2022-01-11 00:00:00,2384.812262646427,2675.853863417819,-1,-0.122039627743453,-18626.883114302596,21,-17.05737383901351,-0.0,0.0,-0.0,Bearish,37800.0,13,Monday,NY_overlap,2022,1,134002.90983671593,141839.80957070898,107836.89973399311
480,483,2022-01-11 00:00:00,2022-01-11 01:30:00,2675.853863417819,2736.421463339762,1,0.022634868349866055,3033.138222653034,3,-0.09280117330171533,2.2634868349866055,1.0,24.390713548712938,Bullish,5400.0,0,Tuesday,Asia,2022,1,137036.04805936897,144872.94779336202,107836.89973399311
483,493,2022-01-11 01:30:00,2022-01-11 06:30:00,2736.421463339762,2742.54489648662,-1,-0.0022377521989556115,-306.65271788103956,10,-6.342197223843282,-0.0,0.0,-0.0,Bullish,18000.0,1,Tuesday,Asia,2022,1,136729.39534148792,144872.94779336202,108143.55245187414
493,497,2022-01-11 06:30:00,2022-01-11 08:30:00,2742.54489648662,2869.123508266021,1,0.04615370634098159,6310.568360771006,4,-1.473588971037254,4.615370634098159,1.0,3.1320610596382354,Bullish,7200.0,6,Tuesday,Asia,2022,1,143039.96370225894,151183.51615413302,108143.55245187414
497,522,2022-01-11 08:30:00,2022-01-11 21:00:00,2869.123508266021,3184.980802285853,-1,-0.11008842704395216,-15747.044608405688,25,-18.40324794668513,-0.0,0.0,-0.0,Bullish,45000.0,8,Tuesday,London,2022,1,127292.91909385324,151183.51615413302,123890.59706027983
522,530,2022-01-11 21:00:00,2022-01-12 01:00:00,3184.980802285853,3239.431084755372,1,0.017095953115459972,2176.1937767585528,8,-2.045264365534516,1.7095953115459972,1.0,0.8358798697884741,Bullish,14400.0,21,Tuesday,Late,2022,1,129469.11287061179,153359.70993089158,123890.59706027983
530,558,2022-01-12 01:00:00,2022-01-12 15:00:00,3239.431084755372,3336.178522156369,-1,-0.02986556431352616,-3866.6681170524307,28,-9.511492919483011,-0.0,0.0,-0.0,Bullish,50400.0,1,Wednesday,Asia,2022,1,125602.44475355936,153359.70993089158,127757.26517733226
558,577,2022-01-12 15:00:00,2022-01-13 00:30:00,3336.178522156369,3231.179431885277,1,-0.031472863209737634,-3953.068562537399,19,-7.947237930424134,0.0,0.0,0.0,Bullish,34200.0,15,Wednesday,NY_overlap,2022,1,121649.37619102196,153359.70993089158,131710.33373986965
577,583,2022-01-13 00:30:00,2022-01-13 03:30:00,3231.179431885277,3127.117944800166,-1,0.0322054188814872,3917.769116903475,6,-2.5273865076109514,3.2205418881487202,1.0,1.274257767243121,Sideways,10800.0,0,Thursday,Asia,2022,1,125567.14530792544,157277.47904779506,131710.33373986965
583,589,2022-01-13 03:30:00,2022-01-13 06:30:00,3127.117944800166,3261.591060957237,1,0.0430022527230467,5399.670116242933,6,-1.0823312410066066,4.30022527230467,1.0,3.973113876215295,Bearish,10800.0,3,Thursday,Asia,2022,1,130966.81542416837,162677.14916403798,131710.33373986965
589,593,2022-01-13 06:30:00,2022-01-13 08:30:00,3261.591060957237,3127.749718852017,-1,0.04103559876262941,5374.301688965515,4,-0.0,4.103559876262941,1.0,4.103559876262941,Sideways,7200.0,6,Thursday,Asia,2022,1,136341.1171131339,168051.4508530035,131710.33373986965
593,603,2022-01-13 08:30:00,2022-01-13 13:30:00,3127.749718852017,3137.818914944402,1,0.003219310046355117,438.92432805359124,10,-3.3176967867119322,0.9942153951443711,0.3238040833080882,0.29967036141651376,Bearish,18000.0,8,Thursday,London,2022,1,136780.04144118747,168490.3751810571,131710.33373986965
603,610,2022-01-13 13:30:00,2022-01-13 17:00:00,3137.818914944402,3084.516492892753,-1,0.016987093103998818,2323.495298730267,7,-0.8581033376817926,1.6987093103998818,1.0,1.979609256606584,Bearish,12600.0,13,Thursday,NY_overlap,2022,1,139103.53673991773,170813.87047978738,131710.33373986965
610,630,2022-01-13 17:00:00,2022-01-14 03:00:00,3084.516492892753,2800.203647458436,1,-0.09217420172316204,-12821.757455870455,20,-15.982024682045793,0.0,0.0,0.0,Bearish,36000.0,17,Thursday,NY,2022,1,126281.77928404728,170813.87047978738,144532.0911957401
630,632,2022-01-14 03:00:00,2022-01-14 04:00:00,2800.203647458436,2619.429111206658,-1,0.0645576390188104,8152.45352167261,2,-0.0,6.45576390188104,1.0,6.45576390188104,Bearish,3600.0,3,Friday,Asia,2022,1,134434.2328057199,178966.32400146,144532.0911957401
632,637,2022-01-14 04:00:00,2022-01-14 06:30:00,2619.429111206658,2726.310491922197,1,0.04080331101852308,5485.361812708325,5,-0.45941851328721306,4.080331101852308,1.0,8.881512137281725,Bearish,9000.0,4,Friday,Asia,2022,1,139919.5946184282,184451.6858141683,144532.0911957401
637,648,2022-01-14 06:30:00,2022-01-14 12:00:00,2726.310491922197,2717.930018943594,-1,0.0030739246331016323,430.1022885511809,11,-2.8396335162230057,1.4481969161701191,0.2122587473277384,0.5099943031016075,Bearish,19800.0,6,Friday,Asia,2022,1,140349.6969069794,184881.7881027195,144532.0911957401
648,650,2022-01-14 12:00:00,2022-01-14 13:00:00,2717.930018943594,2755.845177059799,1,0.013950012639008857,1957.8800457334241,2,0.0,1.3950012639008857,1.0,1.3950012639008857,Bearish,3600.0,12,Friday,London,2022,1,142307.5769527128,186839.6681484529,144532.0911957401
650,674,2022-01-14 13:00:00,2022-01-15 01:00:00,2755.845177059799,2941.119578161694,-1,-0.06722961167926123,-9567.283137547463,24,-12.27753970420078,-0.0,0.0,-0.0,Bearish,43200.0,13,Friday,NY_overlap,2022,1,132740.29381516535,186839.6681484529,154099.37433328756
674,676,2022-01-15 01:00:00,2022-01-15 02:00:00,2941.119578161694,3083.82314645589,1,0.048520151765944375,6440.579201367867,2,-0.056380893494145656,4.8520151765944375,1.0,86.05779149452907,Bullish,3600.0,1,Saturday,Asia,2022,1,139180.8730165332,193280.24734982077,154099.37433328756
676,679,2022-01-15 02:00:00,2022-01-15 03:30:00,3083.82314645589,2891.292827681133,-1,0.06243234765133143,8689.388650584011,3,-0.0,6.243234765133144,1.0,6.243234765133144,Bullish,5400.0,2,Saturday,Asia,2022,1,147870.26166711724,201969.63600040477,154099.37433328756
679,681,2022-01-15 03:30:00,2022-01-15 04:30:00,2891.292827681133,3043.68960809946,1,0.05270887091037135,7794.074533694911,2,0.0,5.270887091037135,1.0,5.270887091037135,Bullish,3600.0,3,Saturday,Asia,2022,1,155664.33620081213,209763.7105340997,154099.37433328756
681,686,2022-01-15 04:30:00,2022-01-15 07:00:00,3043.68960809946,2947.408675068474,-1,0.03163296703276708,4924.12481521786,5,-0.9660203893525399,3.163296703276708,1.0,3.27456515218779,Bullish,9000.0,4,Saturday,Asia,2022,1,160588.46101603,214687.83534931755,154099.37433328756
686,693,2022-01-15 07:00:00,2022-01-15 10:30:00,2947.408675068474,3010.646230675672,1,0.0214553061956122,3445.4746025810555,7,-2.0491330911201255,2.545609713816055,0.84283565069561,1.2422861769435085,Bullish,12600.0,7,Saturday,Asia,2022,1,164033.93561861105,218133.3099518986,154099.37433328756
693,701,2022-01-15 10:30:00,2022-01-15 14:30:00,3010.646230675672,2923.31970623091,-1,0.02900590695611671,4757.953074199069,8,-2.521273004676594,2.900590695611671,1.0,1.1504468933873873,Bullish,14400.0,10,Saturday,London,2022,1,168791.88869281014,222891.26302609767,154099.37433328756
701,725,2022-01-15 14:30:00,2022-01-16 02:30:00,2923.31970623091,2878.287492765482,1,-0.015404477782380077,-2600.1508992143636,24,-7.990270826242696,1.8539147086454877,-0.8309162072312885,0.2320215107799122,Bullish,43200.0,14,Saturday,NY_overlap,2022,1,166191.73779359576,222891.26302609767,156699.5252325019
725,746,2022-01-16 02:30:00,2022-01-16 13:00:00,2878.287492765482,2998.651285246306,-1,-0.041817849253542594,-6949.7810382368625,21,-10.112573582788364,3.6120204960139124,-1.1577411949818992,0.3571811336099036,Sideways,37800.0,2,Sunday,Asia,2022,1,159241.9567553589,222891.26302609767,163649.30627073877
746,747,2022-01-16 13:00:00,2022-01-16 13:30:00,2998.651285246306,3138.259498916316,1,0.046557001928466235,7413.828087751978,1,0.0,4.6557001928466235,1.0,4.6557001928466235,Sideways,1800.0,13,Sunday,NY_overlap,2022,1,166655.7848431109,230305.09111384966,163649.30627073877
747,777,2022-01-16 13:30:00,2022-01-17 04:30:00,3138.259498916316,3623.539259952946,-1,-0.15463340785049917,-25770.551948289794,30,-25.18238324103008,-0.0,0.0,-0.0,Bullish,54000.0,13,Sunday,NY_overlap,2022,1,140885.2328948211,230305.09111384966,189419.85821902857
777,785,2022-01-17 04:30:00,2022-01-17 08:30:00,3623.539259952946,3737.431432793227,1,0.03143119604056954,4428.191374338417,8,-2.5723356269957365,3.1431196040569542,1.0,1.2218932751508182,Bullish,14400.0,4,Monday,Asia,2022,1,145313.4242691595,234733.28248818807,189419.85821902857
785,787,2022-01-17 08:30:00,2022-01-17 09:30:00,3737.431432793227,3607.254881595213,-1,0.0348304854654482,5061.337111941466,2,-0.0,3.48304854654482,1.0,3.48304854654482,Bullish,3600.0,8,Monday,London,2022,1,150374.76138110095,239794.61960012955,189419.85821902857
787,793,2022-01-17 09:30:00,2022-01-17 12:30:00,3607.254881595213,3720.360948872309,1,0.031355163688094434,4715.025257662561,6,-1.9344944877945802,3.1355163688094434,1.0,1.620845336387641,Bullish,10800.0,9,Monday,London,2022,1,155089.7866387635,244509.6448577921,189419.85821902857
793,804,2022-01-17 12:30:00,2022-01-17 18:00:00,3720.360948872309,3668.794504485453,-1,0.013860602531721167,2149.6378893293404,11,-1.7737190043495055,2.415530179811609,0.5738120205478938,1.3618448998337715,Bullish,19800.0,12,Monday,London,2022,1,157239.42452809284,246659.28274712144,189419.85821902857
804,813,2022-01-17 18:00:00,2022-01-17 22:30:00,3668.794504485453,3679.424941620727,1,0.0028975286357078023,455.60573523236474,9,-4.798173460212086,0.28975286357078023,1.0,0.060388159363870264,Bullish,16200.0,18,Monday,NY,2022,1,157695.03026332523,247114.8884823538,189419.85821902857
813,816,2022-01-17 22:30:00,2022-01-18 00:00:00,3679.424941620727,3558.744027499053,-1,0.03279885200444288,5172.215959442943,3,-0.23303371529659334,3.279885200444288,1.0,14.074723892505506,Sideways,5400.0,22,Monday,Late,2022,1,162867.24622276815,252287.10444179675,189419.85821902857
816,826,2022-01-18 00:00:00,2022-01-18 05:00:00,3558.744027499053,3609.288393335567,1,0.014202866361263444,2313.181732728964,10,-4.526046478430801,1.4202866361263444,1.0,0.3138029277637387,Bearish,18000.0,0,Tuesday,Asia,2022,1,165180.4279554971,254600.2861745257,189419.85821902857
826,834,2022-01-18 05:00:00,2022-01-18 09:00:00,3609.288393335567,3566.794711864401,-1,0.011773423689176221,1944.7391634795156,8,-1.9766325999389656,2.024338127975911,0.5815937331056544,1.024134747164657,Bearish,14400.0,5,Tuesday,Asia,2022,1,167125.16711897665,256545.02533800522,189419.85821902857
834,837,2022-01-18 09:00:00,2022-01-18 10:30:00,3566.794711864401,3626.732285908222,1,0.01680432401798959,2808.4254598279426,3,-2.2603270502000505,1.6804324017989591,1.0,0.743446574092113,Bearish,5400.0,9,Tuesday,London,2022,1,169933.5925788046,259353.45079783315,189419.85821902857
837,843,2022-01-18 10:30:00,2022-01-18 13:30:00,3626.732285908222,3565.194670363623,-1,0.016967785514168,2883.396750529166,6,-1.745902577514613,1.6967785514168,1.0,0.9718632489976938,Sideways,10800.0,10,Tuesday,London,2022,1,172816.98932933377,262236.84754836233,189419.85821902857
843,846,2022-01-18 13:30:00,2022-01-18 15:00:00,3565.194670363623,3726.731429033855,1,0.04530937960079373,7830.230570989101,3,-1.1346910188620996,4.530937960079373,1.0,3.9931028665610895,Bearish,5400.0,13,Tuesday,NY_overlap,2022,1,180647.21990032285,270067.0781193514,189419.85821902857
846,863,2022-01-18 15:00:00,2022-01-18 23:30:00,3726.731429033855,3833.009906274461,-1,-0.0285178793439802,-5151.675620942865,17,-8.543690359450483,0.5114004017442442,-5.576428811301999,0.05985708519721408,Sideways,30600.0,15,Tuesday,NY_overlap,2022,1,175495.54427937997,270067.0781193514,194571.53383997144
863,869,2022-01-18 23:30:00,2022-01-19 02:30:00,3833.009906274461,3888.923260997869,1,0.01458732330221224,2560.010242501019,6,-0.8657552301206017,1.458732330221224,1.0,1.684924652454042,Bullish,10800.0,23,Tuesday,Late,2022,1,178055.554521881,272627.08836185245,194571.53383997144
869,872,2022-01-19 02:30:00,2022-01-19 04:00:00,3888.923260997869,3827.988104953131,-1,0.01566890163553969,2789.9349694648267,3,-1.6798829787648462,1.566890163553969,1.0,0.932737686708418,Bullish,5400.0,2,Wednesday,Asia,2022,1,180845.48949134583,275417.0233313173,194571.53383997144
872,873,2022-01-19 04:00:00,2022-01-19 04:30:00,3827.988104953131,3882.720133336433,1,0.0142978574861512,2585.7030357605167,1,0.0,1.42978574861512,1.0,1.42978574861512,Bullish,1800.0,4,Wednesday,Asia,2022,1,183431.19252710632,278002.7263670778,194571.53383997144
873,880,2022-01-19 04:30:00,2022-01-19 08:00:00,3882.720133336433,3838.43165750713,-1,0.011406558883564344,2092.318698642866,7,-2.8757151183359753,1.1406558883564344,1.0,0.39665121245266877,Bullish,12600.0,4,Wednesday,Asia,2022,1,185523.5112257492,280095.0450657207,194571.53383997144
880,894,2022-01-19 08:00:00,2022-01-19 15:00:00,3838.43165750713,3649.040143452897,1,-0.0493408587030133,-9153.889353476592,14,-9.900531529481782,0.0,0.0,0.0,Bullish,25200.0,8,Wednesday,London,2022,1,176369.62187227258,280095.0450657207,203725.42319344802
894,900,2022-01-19 15:00:00,2022-01-19 18:00:00,3649.040143452897,3583.751452805564,-1,0.01789201764866144,3155.608387226446,6,-0.7113327971174144,1.789201764866144,1.0,2.515280853233053,Bullish,10800.0,15,Wednesday,NY_overlap,2022,1,179525.23025949905,283250.65345294715,203725.42319344802
900,905,2022-01-19 18:00:00,2022-01-19 20:30:00,3583.751452805564,3637.086409459368,1,0.014882437400074222,2671.773001070905,5,-2.996825834314487,1.706840423895617,0.8719290445504686,0.5695494227097954,Bearish,9000.0,18,Wednesday,NY,2022,1,182197.00326056994,285922.42645401804,203725.42319344802
905,909,2022-01-19 20:30:00,2022-01-19 22:30:00,3637.086409459368,3558.731834653788,-1,0.021543226083877043,3925.111233047341,4,-3.8966832133084717,2.1543226083877043,1.0,0.5528605971945512,Bearish,7200.0,20,Wednesday,NY,2022,1,186122.11449361726,289847.53768706537,203725.42319344802
909,952,2022-01-19 22:30:00,2022-01-20 20:00:00,3558.731834653788,2822.262698872906,1,-0.20694707272106938,-38517.42676310982,43,-22.594328960429333,0.6249250532578632,-33.115502673834506,0.027658491400754947,Bearish,77400.0,22,Wednesday,Late,2022,1,147604.68773050746,289847.53768706537,242242.84995655785
952,954,2022-01-20 20:00:00,2022-01-20 21:00:00,2822.262698872906,2787.050512201171,-1,0.012476580116300817,1841.6017120112406,2,-0.0,1.2476580116300817,1.0,1.2476580116300817,Bearish,3600.0,20,Thursday,NY,2022,1,149446.2894425187,291689.13939907664,242242.84995655785
954,964,2022-01-20 21:00:00,2022-01-21 02:00:00,2787.050512201171,2866.155329559792,1,0.02838298660620442,4241.732031593957,10,-5.010113037078778,2.838298660620442,1.0,0.5665138969150594,Bearish,18000.0,21,Thursday,Late,2022,1,153688.02147411264,295930.8714306706,242242.84995655785
964,976,2022-01-21 02:00:00,2022-01-21 08:00:00,2866.155329559792,2806.904945035942,-1,0.02067242619853049,3177.104281521763,12,-2.6855414341008244,2.067242619853049,1.0,0.7697675387180185,Bearish,21600.0,2,Friday,Asia,2022,1,156865.12575563442,299107.97571219236,242242.84995655785
976,991,2022-01-21 08:00:00,2022-01-21 15:30:00,2806.904945035942,2688.589044496885,1,-0.042151730413351074,-6612.136492107915,15,-9.244169158823201,1.3024620314004975,-3.2363116464920374,0.14089552116831916,Bearish,27000.0,8,Friday,London,2022,1,150252.9892635265,299107.97571219236,248854.98644866576
991,1011,2022-01-21 15:30:00,2022-01-22 01:30:00,2688.589044496885,2996.447064231764,-1,-0.1145054207391849,-17204.781752940333,20,-16.382661690692622,1.0320833761152337,-11.094590164816317,0.06299851608982347,Bearish,36000.0,15,Friday,NY_overlap,2022,1,133048.2075105862,299107.97571219236,266059.7682016061
1011,1017,2022-01-22 01:30:00,2022-01-22 04:30:00,2996.447064231764,3071.054547702945,1,0.02489864892384097,3312.7206087524264,6,-1.6950194970948296,2.489864892384097,1.0,1.4689299424883246,Bullish,10800.0,1,Saturday,Asia,2022,1,136360.92811933858,302420.6963209448,266059.7682016061
1017,1019,2022-01-22 04:30:00,2022-01-22 05:30:00,3071.054547702945,2905.744244784577,-1,0.05382851406596312,7340.106137319603,2,-0.0,5.382851406596312,1.0,5.382851406596312,Bullish,3600.0,4,Saturday,Asia,2022,1,143701.0342566582,309760.8024582644,266059.7682016061
1019,1030,2022-01-22 05:30:00,2022-01-22 11:00:00,2905.744244784577,2893.660093713283,1,-0.004158711178034125,-597.6110974582291,11,-6.132214052410911,3.864781435954212,-0.10760533931739251,0.6302424218924245,Bullish,19800.0,5,Saturday,Asia,2022,1,143103.42315919997,309760.8024582644,266657.37929906434
1030,1032,2022-01-22 11:00:00,2022-01-22 12:00:00,2893.660093713283,2815.428973111854,-1,0.027035352483656516,3868.8514867268264,2,-0.0,2.7035352483656516,1.0,2.7035352483656516,Bullish,3600.0,11,Saturday,London,2022,1,146972.27464592678,313629.65394499124,266657.37929906434
1032,1034,2022-01-22 12:00:00,2022-01-22 13:00:00,2815.428973111854,2987.184065968512,1,0.06100494613679408,8966.03569837687,2,0.0,6.100494613679408,1.0,6.100494613679408,Bullish,3600.0,12,Saturday,London,2022,1,155938.31034430367,322595.6896433681,266657.37929906434
1034,1051,2022-01-22 13:00:00,2022-01-22 21:30:00,2987.184065968512,3056.311928931891,-1,-0.023141480885265242,-3608.6434281132624,17,-5.509733005035877,-0.0,0.0,-0.0,Bullish,30600.0,13,Saturday,NY_overlap,2022,1,152329.6669161904,322595.6896433681,270266.0227271776
1051,1053,2022-01-22 21:30:00,2022-01-22 22:30:00,3056.311928931891,3143.910920595837,1,0.02866166598857589,4366.022033302869,2,-0.8787349867459326,2.866166598857589,1.0,3.261696236167139,Bullish,3600.0,21,Saturday,Late,2022,1,156695.68894949328,326961.711676671,270266.0227271776
1053,1058,2022-01-22 22:30:00,2022-01-23 01:00:00,3143.910920595837,3048.412253263876,-1,0.030375754830185175,4759.749830476764,5,-0.0,3.0375754830185175,1.0,3.0375754830185175,Sideways,9000.0,22,Saturday,Late,2022,1,161455.43877997005,331721.46150714776,270266.0227271776
1058,1059,2022-01-23 01:00:00,2022-01-23 01:30:00,3048.412253263876,3102.635895994035,1,0.017787503206661892,2871.88913503172,1,0.0,1.7787503206661892,1.0,1.7787503206661892,Sideways,1800.0,1,Sunday,Asia,2022,1,164327.32791500178,334593.3506421795,270266.0227271776
1059,1073,2022-01-23 01:30:00,2022-01-23 08:30:00,3102.635895994035,3096.885575300345,-1,0.0018533662622528535,304.55872552382584,14,-5.6338137055565785,0.18533662622528535,1.0,0.0328971875733998,Sideways,25200.0,1,Sunday,Asia,2022,1,164631.8866405256,334897.9093677033,270266.0227271776
1073,1077,2022-01-23 08:30:00,2022-01-23 10:30:00,3096.885575300345,3274.944842808695,1,0.05749623716435859,9465.713999099458,4,-1.3217893962328642,5.749623716435859,1.0,4.34987883305952,Bullish,7200.0,8,Sunday,London,2022,1,174097.60063962505,344363.62336680276,270266.0227271776
1077,1083,2022-01-23 10:30:00,2022-01-23 13:30:00,3274.944842808695,3155.326340948127,-1,0.03652534854845968,6358.975544812842,6,-2.0256133900602435,3.652534854845968,1.0,1.8031747187143832,Bullish,10800.0,10,Sunday,London,2022,1,180456.5761844379,350722.5989116156,270266.0227271776
1083,1089,2022-01-23 13:30:00,2022-01-23 16:30:00,3155.326340948127,3290.616731712239,1,0.04287682988868258,7737.405919354232,6,0.0,4.287682988868258,1.0,4.287682988868258,Bullish,10800.0,13,Sunday,NY_overlap,2022,1,188193.98210379214,358460.00483096985,270266.0227271776
1089,1096,2022-01-23 16:30:00,2022-01-23 20:00:00,3290.616731712239,3239.096270550333,-1,0.015656779674580346,2946.51171388099,7,-0.5366699707243683,1.9374421657914365,0.8081159763643639,3.6101184554380437,Bullish,12600.0,16,Sunday,NY,2022,1,191140.49381767312,361406.51654485083,270266.0227271776
1096,1100,2022-01-23 20:00:00,2022-01-23 22:00:00,3239.096270550333,3315.380936039411,1,0.023551218956550768,4501.591621363258,4,-1.3042116277933946,2.355121895655077,1.0,1.8057820107306704,Bullish,7200.0,20,Sunday,NY,2022,1,195642.08543903637,365908.1081662141,270266.0227271776
1100,1110,2022-01-23 22:00:00,2022-01-24 03:00:00,3315.380936039411,3235.401510006545,-1,0.024123751561535678,4719.62106411205,10,-2.7440307531580777,2.412375156153568,1.0,0.8791356122292686,Bullish,18000.0,22,Sunday,Late,2022,1,200361.70650314842,370627.72923032613,270266.0227271776
1110,1147,2022-01-24 03:00:00,2022-01-24 21:30:00,3235.401510006545,2646.632760758523,1,-0.1819770274035728,-36461.22775495005,37,-21.248266344407906,0.0,0.0,0.0,Bullish,66600.0,3,Monday,Asia,2022,1,163900.47874819837,370627.72923032613,306727.25048212765
1147,1149,2022-01-24 21:30:00,2022-01-24 22:30:00,2646.632760758523,2535.783205852714,-1,0.04188323992257981,6864.683074836485,2,-0.0,4.188323992257981,1.0,4.188323992257981,Bearish,3600.0,21,Monday,Late,2022,1,170765.16182303487,377492.41230516264,306727.25048212765
1149,1153,2022-01-24 22:30:00,2022-01-25 00:30:00,2535.783205852714,2640.836643459575,1,0.04142839867556192,7074.527203901533,4,0.0,4.142839867556192,1.0,4.142839867556192,Bearish,7200.0,22,Monday,Late,2022,1,177839.6890269364,384566.9395090642,306727.25048212765
1153,1172,2022-01-25 00:30:00,2022-01-25 10:00:00,2640.836643459575,2724.349278784264,-1,-0.03162355215401913,-5623.922680997865,19,-11.361278358052784,-0.0,0.0,-0.0,Bearish,34200.0,0,Tuesday,Asia,2022,1,172215.76634593852,384566.9395090642,312351.1731631255
1172,1201,2022-01-25 10:00:00,2022-01-26 00:30:00,2724.349278784264,2509.832649088628,1,-0.07874050194891435,-13560.35588559615,29,-10.670070176640877,3.796959107848852,-2.073777981599712,0.3558513716396381,Bearish,52200.0,10,Tuesday,London,2022,1,158655.41046034236,384566.9395090642,325911.52904872166
1201,1202,2022-01-26 00:30:00,2022-01-26 01:00:00,2509.832649088628,2416.201374192813,-1,0.03730578408477325,5918.764486514607,1,-0.0,3.7305784084773252,1.0,3.7305784084773252,Sideways,1800.0,0,Wednesday,Asia,2022,1,164574.17494685698,390485.7039955788,325911.52904872166
1202,1209,2022-01-26 01:00:00,2022-01-26 04:30:00,2416.201374192813,2482.192545862767,1,0.02731195022683064,4494.841674770275,7,-0.8247639462404255,2.731195022683064,1.0,3.3114869231770445,Bearish,12600.0,1,Wednesday,Asia,2022,1,169069.01662162726,394980.5456703491,325911.52904872166
1209,1211,2022-01-26 04:30:00,2022-01-26 05:30:00,2482.192545862767,2393.13971604057,-1,0.0358766808685439,6065.635154092664,2,-0.2000957356504296,3.5876680868543898,1.0,17.929757849123295,Bearish,3600.0,4,Wednesday,Asia,2022,1,175134.65177571995,401046.1808244418,325911.52904872166
1211,1230,2022-01-26 05:30:00,2022-01-26 15:00:00,2393.13971604057,2258.703124235569,1,-0.0561758224577984,-9838.333104361187,19,-10.926296575228378,0.0372321650104146,-150.87981706700342,0.0034075740809402645,Bearish,34200.0,5,Wednesday,Asia,2022,1,165296.31867135875,401046.1808244418,335749.86215308285
1230,1252,2022-01-26 15:00:00,2022-01-27 02:00:00,2258.703124235569,2600.557707767385,-1,-0.15134994053169915,-25017.58800101893,22,-22.59005287082161,-0.0,0.0,-0.0,Bearish,39600.0,15,Wednesday,NY_overlap,2022,1,140278.73067033984,401046.1808244418,360767.45015410177
1252,1255,2022-01-27 02:00:00,2022-01-27 03:30:00,2600.557707767385,2756.007755710421,1,0.05977565792088946,8385.253418126815,3,-0.5893366851653092,5.977565792088946,1.0,10.14287069268772,Bullish,5400.0,2,Thursday,Asia,2022,1,148663.98408846662,409431.4342425686,360767.45015410177
1255,1275,2022-01-27 03:30:00,2022-01-27 13:30:00,2756.007755710421,3178.823524152685,-1,-0.1534160299680558,-22807.43823808676,20,-22.519879137219267,2.479156022782325,-6.188236180306189,0.11008744796880153,Bullish,36000.0,3,Thursday,Asia,2022,1,125856.54585037987,409431.4342425686,383574.8883921885
1275,1278,2022-01-27 13:30:00,2022-01-27 15:00:00,3178.823524152685,3316.960559782941,1,0.043455396180596795,5469.146061849701,3,0.0,4.3455396180596795,1.0,4.3455396180596795,Bullish,5400.0,13,Thursday,NY_overlap,2022,1,131325.69191222958,414900.58030441834,383574.8883921885
1278,1301,2022-01-27 15:00:00,2022-01-28 02:30:00,3316.960559782941,3833.774462226325,-1,-0.1558094807365462,-20461.78786421213,23,-22.326793037938298,0.4698129523055483,-33.16415181231822,0.02104256314407668,Bullish,41400.0,15,Thursday,NY_overlap,2022,1,110863.90404801744,414900.58030441834,404036.67625640065
1301,1327,2022-01-28 02:30:00,2022-01-28 15:30:00,3833.774462226325,3508.075304994102,1,-0.08495522113814824,-9418.467484637766,26,-15.928032978265005,0.2623803071782671,-32.37865754933648,0.016472863129823042,Bullish,46800.0,2,Friday,Asia,2022,1,101445.43656337968,414900.58030441834,413455.1437410384
1327,1331,2022-01-28 15:30:00,2022-01-28 17:30:00,3508.075304994102,3351.70873348082,-1,0.04457332238298273,4521.760148221944,4,-0.0,4.457332238298273,1.0,4.457332238298273,Bullish,7200.0,15,Friday,NY_overlap,2022,1,105967.19671160162,419422.34045264026,413455.1437410384
1331,1335,2022-01-28 17:30:00,2022-01-28 19:30:00,3351.70873348082,3434.668027534004,1,0.024751343463854436,2622.8304817106773,4,-1.9647650603890954,2.4751343463854436,1.0,1.259760974116303,Sideways,7200.0,17,Friday,NY,2022,1,108590.0271933123,422045.1709343509,413455.1437410384
1335,1336,2022-01-28 19:30:00,2022-01-28 20:00:00,3434.668027534004,3330.72862717323,-1,0.030261847586882995,3286.134852379496,1,-0.0,3.0261847586882995,1.0,3.0261847586882995,Bearish,1800.0,19,Friday,NY,2022,1,111876.1620456918,425331.30578673043,413455.1437410384
1336,1342,2022-01-28 20:00:00,2022-01-28 23:00:00,3330.72862717323,3460.100010251126,1,0.03884176633978509,4345.467745170693,6,-1.0382086154508419,3.884176633978509,1.0,3.7412294371028754,Bearish,10800.0,20,Friday,NY,2022,1,116221.62979086248,429676.7735319011,413455.1437410384
1342,1353,2022-01-28 23:00:00,2022-01-29 04:30:00,3460.100010251126,3396.602230024054,-1,0.018351429160703314,2132.8330060484986,11,-5.9156661851442305,1.8351429160703314,1.0,0.3102174562653401,Bearish,19800.0,23,Friday,Late,2022,1,118354.46279691099,431809.60653794964,413455.1437410384
1353,1357,2022-01-29 04:30:00,2022-01-29 06:30:00,3396.602230024054,3744.960919796689,1,0.10256093183162274,12138.543990882315,4,0.0,10.256093183162275,1.0,10.256093183162275,Bearish,7200.0,4,Saturday,Asia,2022,1,130493.0067877933,443948.15052883193,413455.1437410384
1357,1375,2022-01-29 06:30:00,2022-01-29 15:30:00,3744.960919796689,3719.014900303087,-1,0.006928248398119563,904.0879652433341,18,-6.360198000780559,0.6928248398119563,1.0,0.10893133196905645,Sideways,32400.0,6,Saturday,Asia,2022,1,131397.09475303662,444852.23849407525,413455.1437410384
1375,1384,2022-01-29 15:30:00,2022-01-29 20:00:00,3719.014900303087,3780.175210127842,1,0.0164452984094714,2160.8644333512757,9,-3.384254541959797,1.9933088058457171,0.8250251221106716,0.5889949414654273,Bullish,16200.0,15,Saturday,NY_overlap,2022,1,133557.95918638792,447013.1029274265,413455.1437410384
1384,1390,2022-01-29 20:00:00,2022-01-29 23:00:00,3780.175210127842,3681.126704947287,-1,0.026202093732371035,3499.4981653059203,6,-1.7105928838357043,2.6202093732371035,1.0,1.531755099648108,Bullish,10800.0,20,Saturday,NY,2022,1,137057.45735169383,450512.60109273245,413455.1437410384
1390,1398,2022-01-29 23:00:00,2022-01-30 03:00:00,3681.126704947287,3828.933121577947,1,0.0401524936460389,5503.198685456133,8,-0.5040340943898491,4.01524936460389,1.0,7.966225716267249,Bullish,14400.0,23,Saturday,Late,2022,1,142560.65603714998,456015.7997781886,413455.1437410384
1398,1432,2022-01-30 03:00:00,2022-01-30 20:00:00,3828.933121577947,4419.494346275147,-1,-0.15423649511376758,-21988.055928289374,34,-20.4802175538767,0.0253988328476229,-607.2581997727614,0.0012401642111860847,Bullish,61200.0,3,Sunday,Asia,2022,1,120572.6001088606,456015.7997781886,435443.19966932776
1432,1442,2022-01-30 20:00:00,2022-01-31 01:00:00,4419.494346275147,4348.777726397291,1,-0.016001065809136628,-1929.2901091205918,10,-8.070101482372538,0.0,0.0,0.0,Bullish,18000.0,20,Sunday,NY,2022,1,118643.30999974001,456015.7997781886,437372.48977844836
1442,1450,2022-01-31 01:00:00,2022-01-31 05:00:00,4348.777726397291,4309.1278671915,-1,0.00911747201175972,1081.7270583051613,8,-2.2173643220233297,0.911747201175972,1.0,0.4111851138400247,Bullish,14400.0,1,Monday,Asia,2022,1,119725.03705804517,457097.52683649375,437372.48977844836
1450,1467,2022-01-31 05:00:00,2022-01-31 13:30:00,4309.1278671915,4007.549163719199,1,-0.06998601869497467,-8379.078681800882,17,-9.922009003835297,0.0,0.0,0.0,Bullish,30600.0,5,Monday,Asia,2022,1,111345.95837624429,457097.52683649375,445751.5684602492
1467,1468,2022-01-31 13:30:00,2022-01-31 14:00:00,4007.549163719199,3935.271387134041,-1,0.01803540608796439,2008.169575569145,1,-0.0,1.803540608796439,1.0,1.803540608796439,Bearish,1800.0,13,Monday,NY_overlap,2022,1,113354.12795181343,459105.6964120629,445751.5684602492
1468,1469,2022-01-31 14:00:00,2022-01-31 14:30:00,3935.271387134041,4011.393389506658,1,0.019343520404079273,2192.667886922515,1,0.0,1.9343520404079273,1.0,1.9343520404079273,Bearish,1800.0,14,Monday,NY_overlap,2022,1,115546.79583873594,461298.36429898546,445751.5684602492
1469,1470,2022-01-31 14:30:00,2022-01-31 15:00:00,4011.393389506658,3898.547773532268,-1,0.02813127634641399,3250.478844682158,1,-0.0,2.813127634641399,1.0,2.813127634641399,Bearish,1800.0,14,Monday,NY_overlap,2022,1,118797.2746834181,464548.8431436676,445751.5684602492
1470,1473,2022-01-31 15:00:00,2022-01-31 16:30:00,3898.547773532268,3962.332873564686,1,0.0163612462223659,1943.671461641438,3,0.0,1.7952972488745278,0.9113391240711124,1.7952972488745278,Bearish,5400.0,15,Monday,NY_overlap,2022,1,120740.94614505954,466492.51460530906,445751.5684602492
1473,1496,2022-01-31 16:30:00,2022-02-01 04:00:00,3962.332873564686,4507.480467250403,-1,-0.13758248261340023,-16611.839123728143,23,-26.05072747117476,-0.0,0.0,-0.0,Bearish,41400.0,16,Monday,NY,2022,1,104129.10702133141,466492.51460530906,462363.4075839774
1496,1500,2022-02-01 04:00:00,2022-02-01 06:00:00,4507.480467250403,4768.136109532767,1,0.05782734815518009,6021.510124810537,4,-0.9543598298622946,5.782734815518009,1.0,6.059281451894727,Bullish,7200.0,4,Tuesday,Asia,2022,2,110150.61714614194,472514.0247301196,462363.4075839774
1500,1506,2022-02-01 06:00:00,2022-02-01 09:00:00,4768.136109532767,4608.145441580878,-1,0.03355413190324519,3696.0083369455065,6,-1.16661597412,3.355413190324519,1.0,2.876193421623229,Bullish,10800.0,6,Tuesday,Asia,2022,2,113846.62548308744,476210.0330670651,462363.4075839774
1506,1518,2022-02-01 09:00:00,2022-02-01 15:00:00,4608.145441580878,4540.198434672606,1,-0.014744978814071885,-1678.6660808017002,12,-6.15249821762982,0.0,0.0,0.0,Bullish,21600.0,9,Tuesday,London,2022,2,112167.95940228575,476210.0330670651,464042.0736647791
1518,1521,2022-02-01 15:00:00,2022-02-01 16:30:00,4540.198434672606,4411.512055978885,-1,0.028343778481347504,3179.263794003166,3,-1.5925607075407466,2.8343778481347504,1.0,1.779761257899948,Bullish,5400.0,15,Tuesday,NY_overlap,2022,2,115347.2231962889,479389.2968610683,464042.0736647791
1521,1526,2022-02-01 16:30:00,2022-02-01 19:00:00,4411.512055978885,4526.849296794749,1,0.02614460514950845,3015.7076055591947,5,-1.2676287304607459,2.614460514950845,1.0,2.0624812708375306,Bullish,9000.0,16,Tuesday,NY,2022,2,118362.9308018481,482405.0044666275,464042.0736647791
1526,1527,2022-02-01 19:00:00,2022-02-01 19:30:00,4526.849296794749,4378.04440044156,-1,0.03287162584770609,3890.781975556276,1,-0.0,3.2871625847706087,1.0,3.2871625847706087,Bullish,1800.0,19,Tuesday,NY,2022,2,122253.71277740438,486295.7864421838,464042.0736647791
1527,1528,2022-02-01 19:30:00,2022-02-01 20:00:00,4378.04440044156,4484.302509966588,1,0.024270678825073277,2967.1805979931382,1,0.0,2.4270678825073277,1.0,2.4270678825073277,Bullish,1800.0,19,Tuesday,NY,2022,2,125220.89337539751,489262.9670401769,464042.0736647791
1528,1541,2022-02-01 20:00:00,2022-02-02 02:30:00,4484.302509966588,4661.784356202767,-1,-0.03957847309402451,-4956.051759267882,13,-11.508323087326566,-0.0,0.0,-0.0,Bullish,23400.0,20,Tuesday,NY,2022,2,120264.84161612963,489262.9670401769,468998.12542404694
1541,1560,2022-02-02 02:30:00,2022-02-02 12:00:00,4661.784356202767,4438.427497981475,1,-0.04791231021317044,-5762.166399249812,19,-10.703804693610696,3.5549378639596174,-1.3477678667442021,0.33211908902650544,Bearish,34200.0,2,Wednesday,Asia,2022,2,114502.67521687983,489262.9670401769,474760.29182329675
1560,1575,2022-02-02 12:00:00,2022-02-02 19:30:00,4438.427497981475,4588.985447330015,-1,-0.03392146191799017,-3884.098136877385,15,-13.300368500943915,3.098786573862511,-1.0946691909700788,0.23298501644090486,Sideways,27000.0,12,Wednesday,London,2022,2,110618.57708000243,489262.9670401769,478644.38996017416
1575,1587,2022-02-02 19:30:00,2022-02-03 01:30:00,4588.985447330015,4573.115577861855,1,-0.003458252297878439,-382.54694837496163,12,-4.558355405951431,1.197128063033892,-0.28887906019963816,0.262622800642291,Bullish,21600.0,19,Wednesday,NY,2022,2,110236.03013162747,489262.9670401769,479026.9369085491
1587,1599,2022-02-03 01:30:00,2022-02-03 07:30:00,4573.115577861855,4548.160786102628,-1,0.005456846942603399,601.5411439885075,12,-5.475266511769283,0.5456846942603399,1.0,0.09966358588890074,Bearish,21600.0,1,Thursday,Asia,2022,2,110837.57127561598,489864.5081841654,479026.9369085491
1599,1603,2022-02-03 07:30:00,2022-02-03 09:30:00,4548.160786102628,4728.728114848645,1,0.039701175318550774,4400.381849095596,4,0.0,4.629177591360212,0.8576291260168569,4.629177591360212,Sideways,7200.0,7,Thursday,Asia,2022,2,115237.95312471158,494264.890033261,479026.9369085491
1603,1611,2022-02-03 09:30:00,2022-02-03 13:30:00,4728.728114848645,4715.586761546267,-1,0.002779046073956737,320.25158120204014,8,-5.702881286395756,0.2779046073956737,1.0,0.0487305615248587,Bullish,14400.0,9,Thursday,London,2022,2,115558.20470591362,494585.141614463,479026.9369085491
1611,1621,2022-02-03 13:30:00,2022-02-03 18:30:00,4715.586761546267,4778.107230207294,1,0.013258258584246008,1532.1005595222364,10,-5.452557419932836,1.3258258584246008,1.0,0.2431566980987304,Bullish,18000.0,13,Thursday,NY_overlap,2022,2,117090.30526543586,496117.2421739852,479026.9369085491
1621,1624,2022-02-03 18:30:00,2022-02-03 20:00:00,4778.107230207294,4540.903497670981,-1,0.04964386965547918,5812.815852517564,3,-0.0,4.964386965547918,1.0,4.964386965547918,Bearish,5400.0,18,Thursday,NY,2022,2,122903.12111795341,501930.0580265028,479026.9369085491
1624,1627,2022-02-03 20:00:00,2022-02-03 21:30:00,4540.903497670981,4722.698949836398,1,0.0400350838238821,4920.436756173999,3,0.0,4.00350838238821,1.0,4.00350838238821,Bearish,5400.0,20,Thursday,NY,2022,2,127823.55787412742,506850.4947826768,479026.9369085491
1627,1711,2022-02-03 21:30:00,2022-02-05 15:30:00,4722.698949836398,6869.224183109072,-1,-0.45451239981050096,-58097.3920416861,84,-52.59139745438568,-0.0,0.0,-0.0,Bullish,151200.0,21,Thursday,Late,2022,2,69726.16583244133,506850.4947826768,537124.3289502352
1711,1714,2022-02-05 15:30:00,2022-02-05 17:00:00,6869.224183109072,7211.561797933798,1,0.04983643067968413,3474.903230068621,3,0.0,4.983643067968413,1.0,4.983643067968413,Bullish,5400.0,15,Saturday,NY_overlap,2022,2,73201.06906250994,510325.3980127454,537124.3289502352
1714,1723,2022-02-05 17:00:00,2022-02-05 21:30:00,7211.561797933798,7146.406906564137,-1,0.009034782366883154,661.3557280029606,9,-3.5775063950023167,0.9034782366883154,1.0,0.252544129047666,Bullish,16200.0,17,Saturday,NY,2022,2,73862.4247905129,510986.7537407484,537124.3289502352
1723,1732,2022-02-05 21:30:00,2022-02-06 02:00:00,7146.406906564137,7172.390146727188,1,0.0036358467272812334,268.55245544364254,9,-3.6411333244164235,0.6348635200765118,0.57269737704303,0.17435876786474538,Bullish,16200.0,21,Saturday,Late,2022,2,74130.97724595654,511255.30619619205,537124.3289502352
1732,1765,2022-02-06 02:00:00,2022-02-06 18:30:00,7172.390146727188,7799.132017103751,-1,-0.08738256809169109,-6477.7551668984,33,-16.70323110880334,-0.0,0.0,-0.0,Bullish,59400.0,2,Sunday,Asia,2022,2,67653.22207905815,511255.30619619205,543602.0841171335
1765,1773,2022-02-06 18:30:00,2022-02-06 22:30:00,7799.132017103751,8010.490017416032,1,0.02710019523310625,1833.4155264911697,8,-2.9405565629401442,2.710019523310625,1.0,0.9216008824536894,Bullish,14400.0,18,Sunday,NY,2022,2,69486.6376055493,513088.7217226832,543602.0841171335
1773,1782,2022-02-06 22:30:00,2022-02-07 03:00:00,8010.490017416032,7962.259739597763,-1,0.006020889822396569,418.3713891518105,9,-4.109808096596401,0.6020889822396569,1.0,0.14650051002096323,Bullish,16200.0,22,Sunday,Late,2022,2,69905.00899470111,513507.093111835,543602.0841171335
1782,1791,2022-02-07 03:00:00,2022-02-07 07:30:00,7962.259739597763,8067.211504827465,1,0.013181153172856064,921.4286311090362,9,-2.909563350749722,1.3181153172856064,1.0,0.4530285676529301,Bullish,16200.0,3,Monday,Asia,2022,2,70826.43762581015,514428.521742944,543602.0841171335
1791,1794,2022-02-07 07:30:00,2022-02-07 09:00:00,8067.211504827465,7864.733697287566,-1,0.02509885942853185,1777.662801793888,3,-1.138007577525335,2.509885942853185,1.0,2.205508989941069,Bullish,5400.0,7,Monday,Asia,2022,2,72604.10042760405,516206.1845447379,543602.0841171335
1794,1804,2022-02-07 09:00:00,2022-02-07 14:00:00,7864.733697287566,7903.247050615989,1,0.004896968519316092,355.539994167241,10,-6.1511107690137345,0.48969685193160917,1.0,0.07961112558701766,Bullish,18000.0,9,Monday,London,2022,2,72959.64042177128,516561.72453890514,543602.0841171335
1804,1809,2022-02-07 14:00:00,2022-02-07 16:30:00,7903.247050615989,7406.52672509587,-1,0.06285015795898785,4585.524925139281,5,-0.0,6.285015795898785,1.0,6.285015795898785,Bullish,9000.0,14,Monday,NY_overlap,2022,2,77545.16534691057,521147.2494640444,543602.0841171335
1809,1813,2022-02-07 16:30:00,2022-02-07 18:30:00,7406.52672509587,7852.38891510643,1,0.06019855278450903,4668.1067293194765,4,0.0,6.019855278450903,1.0,6.019855278450903,Bearish,7200.0,16,Monday,NY,2022,2,82213.27207623005,525815.3561933639,543602.0841171335
1813,1849,2022-02-07 18:30:00,2022-02-08 12:30:00,7852.38891510643,10130.25987677982,-1,-0.2900863656015842,-23848.94930080778,36,-33.754779153300184,0.34445506585822905,-84.21602535553303,0.010204631003327181,Sideways,64800.0,18,Monday,NY,2022,2,58364.32277542226,525815.3561933639,567451.0334179413
1849,1850,2022-02-08 12:30:00,2022-02-08 13:00:00,10130.25987677982,10472.51313727873,1,0.033785239930853805,1971.8526483694363,1,0.0,3.3785239930853805,1.0,3.3785239930853805,Bullish,1800.0,12,Tuesday,London,2022,2,60336.1754237917,527787.2088417333,567451.0334179413
1850,1858,2022-02-08 13:00:00,2022-02-08 17:00:00,10472.51313727873,10108.23639162583,-1,0.03478408103936326,2098.7384155464083,8,-3.2153776081856433,3.4784081039363257,1.0,1.0818039209706085,Bullish,14400.0,13,Tuesday,NY_overlap,2022,2,62434.91383933811,529885.9472572797,567451.0334179413
1858,1866,2022-02-08 17:00:00,2022-02-08 21:00:00,10108.23639162583,10128.28985804322,1,0.0019838739064317323,123.86299641617632,8,-5.219227279878269,0.19838739064317323,1.0,0.03801087402497642,Bullish,14400.0,17,Tuesday,NY,2022,2,62558.77683575428,530009.8102536958,567451.0334179413
1866,1867,2022-02-08 21:00:00,2022-02-08 21:30:00,10128.28985804322,10037.17905968178,-1,0.008995674456244607,562.7583907953016,1,-0.0,0.8995674456244607,1.0,0.8995674456244607,Bullish,1800.0,21,Tuesday,Late,2022,2,63121.53522654958,530572.5686444911,567451.0334179413
1867,1883,2022-02-08 21:30:00,2022-02-09 05:30:00,10037.17905968178,9566.291825107379,1,-0.04691430049961964,-2961.302671615674,16,-8.860381828761577,0.0,0.0,0.0,Bullish,28800.0,21,Tuesday,Late,2022,2,60160.23255493391,530572.5686444911,570412.3360895569
1883,1887,2022-02-09 05:30:00,2022-02-09 07:30:00,9566.291825107379,9372.003124615645,-1,0.020309719172669438,1221.8374285531934,4,-0.651532061785387,2.030971917266944,1.0,3.1172248249786683,Bullish,7200.0,5,Wednesday,Asia,2022,2,61382.0699834871,531794.4060730443,570412.3360895569
1887,1896,2022-02-09 07:30:00,2022-02-09 12:00:00,9372.003124615645,9599.220669967095,1,0.02424428826262992,1488.1645988365847,9,-3.6884024424817086,2.424428826262992,1.0,0.6573113601540012,Sideways,16200.0,7,Wednesday,Asia,2022,2,62870.23458232368,533282.5706718809,570412.3360895569
1896,1921,2022-02-09 12:00:00,2022-02-10 00:30:00,9599.220669967095,10316.5913925059,-1,-0.07473218370562407,-4698.429920421892,25,-10.74048182149905,-0.0,0.0,-0.0,Bearish,45000.0,12,Wednesday,London,2022,2,58171.80466190179,533282.5706718809,575110.7660099788
1921,1922,2022-02-10 00:30:00,2022-02-10 01:00:00,10316.5913925059,10445.78572285005,1,0.012522966688202741,728.483571973633,1,0.0,1.2522966688202741,1.0,1.2522966688202741,Bullish,1800.0,0,Thursday,Asia,2022,2,58900.28823387543,534011.0542438545,575110.7660099788
1922,1925,2022-02-10 01:00:00,2022-02-10 02:30:00,10445.78572285005,10160.00896124351,-1,0.027358091501092918,1611.3994749431106,3,-1.151728353214998,2.735809150109292,1.0,2.3753944603971964,Bullish,5400.0,1,Thursday,Asia,2022,2,60511.687708818536,535622.4537187975,575110.7660099788
1925,1928,2022-02-10 02:30:00,2022-02-10 04:00:00,10160.00896124351,10627.07129179725,1,0.04597066127947347,2781.762299111375,3,0.0,4.597066127947347,1.0,4.597066127947347,Bullish,5400.0,2,Thursday,Asia,2022,2,63293.45000792991,538404.2160179089,575110.7660099788
1928,1932,2022-02-10 04:00:00,2022-02-10 06:00:00,10627.07129179725,10250.29475634628,-1,0.035454409319884195,2244.0318838487747,4,-2.262716086957983,3.5454409319884195,1.0,1.5668960646118637,Bullish,7200.0,4,Thursday,Asia,2022,2,65537.48189177868,540648.2479017577,575110.7660099788
1932,1952,2022-02-10 06:00:00,2022-02-10 16:00:00,10250.29475634628,10265.03275338585,1,0.0014378120229612268,94.23057941860309,20,-6.357434831778919,2.796742622953552,0.05141023743696511,0.4399168370509235,Bullish,36000.0,6,Thursday,Asia,2022,2,65631.71247119729,540742.4784811763,575110.7660099788
1952,1988,2022-02-10 16:00:00,2022-02-11 10:00:00,10265.03275338585,12021.07809839996,-1,-0.17107060320239986,-11227.65664165419,36,-23.030983382500313,-0.0,0.0,-0.0,Bullish,64800.0,16,Thursday,NY,2022,2,54404.0558295431,540742.4784811763,586338.422651633
1988,1990,2022-02-11 10:00:00,2022-02-11 11:00:00,12021.07809839996,12437.56692933862,1,0.034646545636709325,1884.9126031203468,2,-0.1766940664339911,3.4646545636709325,1.0,19.608211150459027,Bullish,3600.0,10,Friday,London,2022,2,56288.968432663445,542627.3910842966,586338.422651633
1990,1995,2022-02-11 11:00:00,2022-02-11 13:30:00,12437.56692933862,12154.58351081401,-1,0.02275231322430815,1280.7042408531527,5,-0.5367387212017904,2.3589235878888393,0.9645209934362792,4.39491971551273,Bullish,9000.0,11,Friday,London,2022,2,57569.6726735166,543908.0953251498,586338.422651633
1995,1996,2022-02-11 13:30:00,2022-02-11 14:00:00,12154.58351081401,12505.08801492626,1,0.028837228671834136,1660.149815448839,1,0.0,2.8837228671834136,1.0,2.8837228671834136,Bullish,1800.0,13,Friday,NY_overlap,2022,2,59229.82248896544,545568.2451405986,586338.422651633
1996,2002,2022-02-11 14:00:00,2022-02-11 17:00:00,12505.08801492626,11870.55811734549,-1,0.0507417378289049,3005.4241243876595,6,-0.0,5.07417378289049,1.0,5.07417378289049,Bullish,10800.0,14,Friday,NY_overlap,2022,2,62235.2466133531,548573.6692649863,586338.422651633
2002,2007,2022-02-11 17:00:00,2022-02-11 19:30:00,11870.55811734549,12471.04634897934,1,0.05058635202302786,3148.2540934230324,5,0.0,5.058635202302786,1.0,5.058635202302786,Bullish,9000.0,17,Friday,NY,2022,2,65383.50070677613,551721.9233584093,586338.422651633
2007,2016,2022-02-11 19:30:00,2022-02-12 00:00:00,12471.04634897934,12393.63701688402,-1,0.006207124079981918,405.8435016705449,9,-6.303650317436915,0.6207124079981918,1.0,0.0984687247452799,Bullish,16200.0,19,Friday,NY,2022,2,65789.34420844668,552127.7668600798,586338.422651633
2016,2035,2022-02-12 00:00:00,2022-02-12 09:30:00,12393.63701688402,12218.10642301923,1,-0.014162960689074855,-931.7718957842449,19,-8.263783878472896,2.191474511717262,-0.6462754010301773,0.2651902014797409,Bullish,34200.0,0,Saturday,Asia,2022,2,64857.572312662436,552127.7668600798,587270.1945474173
2035,2056,2022-02-12 09:30:00,2022-02-12 20:00:00,12218.10642301923,12452.9988868195,-1,-0.019224948258572017,-1246.8834718875282,21,-7.537880826082088,-0.0,0.0,-0.0,Sideways,37800.0,9,Saturday,London,2022,2,63610.68884077491,552127.7668600798,588517.0780193049
2056,2060,2022-02-12 20:00:00,2022-02-12 22:00:00,12452.9988868195,13002.10529136879,1,0.04409431089972049,2804.8694902905095,4,0.0,4.409431089972049,1.0,4.409431089972049,Bullish,7200.0,20,Saturday,NY,2022,2,66415.55833106542,554932.6363503704,588517.0780193049
2060,2066,2022-02-12 22:00:00,2022-02-13 01:00:00,13002.10529136879,12766.96370056632,-1,0.018084885911404225,1201.1177951595305,6,-3.277467513338439,1.8084885911404225,1.0,0.5517945132271624,Sideways,10800.0,22,Saturday,Late,2022,2,67616.67612622495,556133.7541455299,588517.0780193049
2066,2069,2022-02-13 01:00:00,2022-02-13 02:30:00,12766.96370056632,13151.49601729197,1,0.030119324041674167,2036.5685788667029,3,0.0,3.0119324041674167,1.0,3.0119324041674167,Bullish,5400.0,1,Sunday,Asia,2022,2,69653.24470509165,558170.3227243966,588517.0780193049
2069,2076,2022-02-13 02:30:00,2022-02-13 06:00:00,13151.49601729197,12962.08985880413,-1,0.014401871713971004,1003.1370947045601,7,-3.030983510786256,1.6159931559828755,0.8912087072059122,0.5331580162782465,Bullish,12600.0,2,Sunday,Asia,2022,2,70656.38179979622,559173.4598191011,588517.0780193049
2076,2092,2022-02-13 06:00:00,2022-02-13 14:00:00,12962.08985880413,12337.98659752715,1,-0.04814835169909548,-3401.9883206821573,16,-9.10858630638629,1.4192021557368983,-3.392635186218077,0.15580926699260184,Bullish,28800.0,6,Sunday,Asia,2022,2,67254.39347911405,559173.4598191011,591919.0663399871
2092,2101,2022-02-13 14:00:00,2022-02-13 18:30:00,12337.98659752715,12105.81318328736,-1,0.01881777163595899,1265.5778180048978,9,-3.1859401783618013,1.881777163595899,1.0,0.5906505013422763,Sideways,16200.0,14,Sunday,NY_overlap,2022,2,68519.97129711896,560439.037637106,591919.0663399871
2101,2111,2022-02-13 18:30:00,2022-02-13 23:30:00,12105.81318328736,12412.49288409565,1,0.02533325900251593,1735.8341797148719,10,-0.4641267911723368,2.533325900251593,1.0,5.458262587799922,Bearish,18000.0,18,Sunday,NY,2022,2,70255.80547683383,562174.8718168209,591919.0663399871
2111,2117,2022-02-13 23:30:00,2022-02-14 02:30:00,12412.49288409565,12130.19009489728,-1,0.02274344016423091,1597.8587080522166,6,-3.445825950768877,2.274344016423091,1.0,0.6600286981748483,Bearish,10800.0,23,Sunday,Late,2022,2,71853.66418488605,563772.7305248731,591919.0663399871
2117,2119,2022-02-14 02:30:00,2022-02-14 03:30:00,12130.19009489728,12490.77568779234,1,0.029726293658558944,2135.943122003402,2,0.0,2.9726293658558944,1.0,2.9726293658558944,Bearish,3600.0,2,Monday,Asia,2022,2,73989.60730688945,565908.6736468766,591919.0663399871
2119,2132,2022-02-14 03:30:00,2022-02-14 10:00:00,12490.77568779234,13101.91026448599,-1,-0.04892687147451791,-3620.080007154231,13,-9.663168580546966,-0.0,0.0,-0.0,Bearish,23400.0,3,Monday,Asia,2022,2,70369.52729973521,565908.6736468766,595539.1463471414
2132,2135,2022-02-14 10:00:00,2022-02-14 11:30:00,13101.91026448599,13671.10997481775,1,0.04344402448508822,3057.1354670137803,3,-1.4018475428547506,4.344402448508822,1.0,3.0990548655967203,Bullish,5400.0,10,Monday,London,2022,2,73426.662766749,568965.8091138904,595539.1463471414
2135,2136,2022-02-14 11:30:00,2022-02-14 12:00:00,13671.10997481775,13120.14500024489,-1,0.04030140753660383,2959.1978602155255,1,-0.0,4.030140753660383,1.0,4.030140753660383,Bullish,1800.0,11,Monday,London,2022,2,76385.86062696451,571925.006974106,595539.1463471414
2136,2168,2022-02-14 12:00:00,2022-02-15 04:00:00,13120.14500024489,10739.31079464875,1,-0.1814640162552853,-13861.285054485448,32,-23.704211977669754,1.1816170061675235,-15.357261727626005,0.04984839855805587,Bullish,57600.0,12,Monday,London,2022,2,62524.575572479065,571925.006974106,609400.4314016268
2168,2171,2022-02-15 04:00:00,2022-02-15 05:30:00,10739.31079464875,10280.04413736431,-1,0.04276500290067842,2673.8636557207547,3,-0.0,4.276500290067842,1.0,4.276500290067842,Bearish,5400.0,4,Tuesday,Asia,2022,2,65198.43922819982,574598.8706298267,609400.4314016268
2171,2176,2022-02-15 05:30:00,2022-02-15 08:00:00,10280.04413736431,10547.17218409263,1,0.025985106985815687,1694.188418652975,5,-2.0766870416919714,2.5985106985815687,1.0,1.2512769841643756,Bearish,9000.0,5,Tuesday,Asia,2022,2,66892.6276468528,576293.0590484797,609400.4314016268
2176,2196,2022-02-15 08:00:00,2022-02-15 18:00:00,10547.17218409263,10636.21440657049,-1,-0.008442283952864171,-564.7265569479437,20,-3.9231410270212264,1.8011994740246395,-0.46870344315616236,0.4591217755412324,Bearish,36000.0,8,Tuesday,London,2022,2,66327.90108990486,576293.0590484797,609965.1579585747
2196,2204,2022-02-15 18:00:00,2022-02-15 22:00:00,10636.21440657049,10381.80238092712,1,-0.02391941492700711,-1586.5245874069215,8,-8.559594652035397,0.0,0.0,0.0,Bearish,14400.0,18,Tuesday,NY,2022,2,64741.37650249793,576293.0590484797,611551.6825459816
2204,2223,2022-02-15 22:00:00,2022-02-16 07:30:00,10381.80238092712,11358.09272909628,-1,-0.09403861799206936,-6088.189573199139,19,-14.316526967032473,-0.0,0.0,-0.0,Bearish,34200.0,22,Tuesday,Late,2022,2,58653.18692929879,576293.0590484797,617639.8721191807
2223,2228,2022-02-16 07:30:00,2022-02-16 10:00:00,11358.09272909628,11779.68447644228,1,0.03711818149415169,2177.0996376521184,5,-0.30107658063099896,3.711818149415169,1.0,12.328485137023637,Bullish,9000.0,7,Wednesday,Asia,2022,2,60830.28656695091,578470.1586861318,617639.8721191807
2228,2230,2022-02-16 10:00:00,2022-02-16 11:00:00,11779.68447644228,11451.27899914878,-1,0.027878970608276044,1695.8857712930337,2,-0.0,2.7878970608276044,1.0,2.7878970608276044,Bullish,3600.0,10,Wednesday,London,2022,2,62526.172338243945,580166.0444574249,617639.8721191807
2230,2232,2022-02-16 11:00:00,2022-02-16 12:00:00,11451.27899914878,11774.61272477094,1,0.028235599328790606,1765.4639497055666,2,-0.9923368190476234,2.8235599328790606,1.0,2.8453644757320595,Bullish,3600.0,11,Wednesday,London,2022,2,64291.636287949514,581931.5084071305,617639.8721191807
2232,2233,2022-02-16 12:00:00,2022-02-16 12:30:00,11774.61272477094,11339.92631281993,-1,0.036917257672223314,2373.4709030110953,1,-0.0,3.6917257672223314,1.0,3.6917257672223314,Bullish,1800.0,12,Wednesday,London,2022,2,66665.10719096061,584304.9793101415,617639.8721191807
2233,2238,2022-02-16 12:30:00,2022-02-16 15:00:00,11339.92631281993,11620.28958775668,1,0.024723553504910845,1648.1983445463313,5,-1.4040074331657437,2.4723553504910845,1.0,1.760927536484931,Bullish,9000.0,12,Wednesday,London,2022,2,68313.30553550694,585953.1776546879,617639.8721191807
2238,2240,2022-02-16 15:00:00,2022-02-16 16:00:00,11620.28958775668,11216.391970246,-1,0.03475796489067129,2374.431475368851,2,-0.0,3.475796489067129,1.0,3.475796489067129,Bullish,3600.0,15,Wednesday,NY_overlap,2022,2,70687.73701087579,588327.6091300567,617639.8721191807
2240,2241,2022-02-16 16:00:00,2022-02-16 16:30:00,11216.391970246,11524.78114866806,1,0.02749450797013253,1943.5245486361566,1,0.0,2.749450797013253,1.0,2.749450797013253,Bullish,1800.0,16,Wednesday,NY,2022,2,72631.26155951194,590271.1336786929,617639.8721191807
2241,2244,2022-02-16 16:30:00,2022-02-16 18:00:00,11524.78114866806,11211.36021833605,-1,0.027195391069810615,1975.23556200463,3,-0.1367042128864293,2.7195391069810615,1.0,19.893601298450044,Bullish,5400.0,16,Wednesday,NY,2022,2,74606.49712151659,592246.3692406975,617639.8721191807
2244,2246,2022-02-16 18:00:00,2022-02-16 19:00:00,11211.36021833605,11640.46404479578,1,0.03827402011023917,2855.4905711834263,2,0.0,3.827402011023917,1.0,3.827402011023917,Bullish,3600.0,18,Wednesday,NY,2022,2,77461.9876927,595101.8598118809,617639.8721191807
2246,2294,2022-02-16 19:00:00,2022-02-17 19:00:00,11640.46404479578,14106.20320357671,-1,-0.21182481637261796,-16408.37131886417,48,-26.091590871885238,-0.0,0.0,-0.0,Bullish,86400.0,19,Wednesday,NY,2022,2,61053.61637383583,595101.8598118809,634048.2434380449
2294,2299,2022-02-17 19:00:00,2022-02-17 21:30:00,14106.20320357671,14881.92620806383,1,0.054991622713221,3357.437436907712,5,0.0,5.4991622713221,1.0,5.4991622713221,Bullish,9000.0,19,Thursday,NY,2022,2,64411.05381074354,598459.2972487885,634048.2434380449
2299,2301,2022-02-17 21:30:00,2022-02-17 22:30:00,14881.92620806383,14134.72368637847,-1,0.05020872373903351,3233.9968065236444,2,-0.0,5.020872373903352,1.0,5.020872373903352,Bullish,3600.0,21,Thursday,Late,2022,2,67645.05061726719,601693.2940553122,634048.2434380449
2301,2331,2022-02-17 22:30:00,2022-02-18 13:30:00,14134.72368637847,12366.52673871302,1,-0.12509596840364468,-8462.1231146806,30,-15.605442746538156,0.0,0.0,0.0,Bullish,54000.0,22,Thursday,Late,2022,2,59182.927502586586,601693.2940553122,642510.3665527256
2331,2335,2022-02-18 13:30:00,2022-02-18 15:30:00,12366.52673871302,11934.82718628352,-1,0.03490871459308598,2065.9999249710936,4,-0.9926875304931748,3.4908714593085977,1.0,3.516586390053984,Bearish,7200.0,13,Friday,NY_overlap,2022,2,61248.92742755768,603759.2939802833,642510.3665527256
2335,2365,2022-02-18 15:30:00,2022-02-19 06:30:00,11934.82718628352,10966.43314087104,1,-0.08114018161280445,-4969.74909506151,30,-13.513920228826471,0.0,0.0,0.0,Bearish,54000.0,15,Friday,NY_overlap,2022,2,56279.17833249617,603759.2939802833,647480.1156477871
2365,2369,2022-02-19 06:30:00,2022-02-19 08:30:00,10966.43314087104,10088.04230477361,-1,0.08009813444480296,4507.85719251932,4,-0.0,8.009813444480296,1.0,8.009813444480296,Bearish,7200.0,6,Saturday,Asia,2022,2,60787.03552501549,608267.1511728027,647480.1156477871
2369,2376,2022-02-19 08:30:00,2022-02-19 12:00:00,10088.04230477361,10631.89829391218,1,0.05391095444566285,3277.0871030759995,7,-1.4570600095623498,5.391095444566285,1.0,3.6999817503642713,Bearish,12600.0,8,Saturday,London,2022,2,64064.12262809149,611544.2382758787,647480.1156477871
2376,2378,2022-02-19 12:00:00,2022-02-19 13:00:00,10631.89829391218,10078.51565511741,-1,0.05204927883025712,3334.4913816853186,2,-0.0,5.204927883025712,1.0,5.204927883025712,Bearish,3600.0,12,Saturday,London,2022,2,67398.61400977681,614878.7296575641,647480.1156477871
2378,2380,2022-02-19 13:00:00,2022-02-19 14:00:00,10078.51565511741,10584.73353631823,1,0.05022742420842352,3385.258776928856,2,0.0,5.022742420842352,1.0,5.022742420842352,Bearish,3600.0,13,Saturday,NY_overlap,2022,2,70783.87278670567,618263.988434493,647480.1156477871
2380,2395,2022-02-19 14:00:00,2022-02-19 21:30:00,10584.73353631823,10580.9119445687,-1,0.00036104751587917594,25.55634143394768,15,-3.4228910121885114,0.036104751587917594,1.0,0.010548028394521715,Bearish,27000.0,14,Saturday,NY_overlap,2022,2,70809.42912813961,618289.5447759269,647480.1156477871
2395,2411,2022-02-19 21:30:00,2022-02-20 05:30:00,10580.9119445687,10377.9752322545,1,-0.019179510554226842,-1358.090193301931,16,-7.2658197494745895,0.7041313795696391,-2.7238539725284285,0.09691010840456876,Bearish,28800.0,21,Saturday,Late,2022,2,69451.33893483768,618289.5447759269,648838.205841089
2411,2415,2022-02-20 05:30:00,2022-02-20 07:30:00,10377.9752322545,10134.69621946485,-1,0.02344185713929481,1628.0683654432078,4,-0.2373799771251628,2.344185713929481,1.0,9.875246186806512,Sideways,7200.0,5,Sunday,Asia,2022,2,71079.40730028089,619917.6131413701,648838.205841089
2415,2447,2022-02-20 07:30:00,2022-02-20 23:30:00,10134.69621946485,8110.627163952064,1,-0.19971679581528334,-14195.751474461555,32,-23.81765223973381,0.0,0.0,0.0,Bearish,57600.0,7,Sunday,Asia,2022,2,56883.65582581934,619917.6131413701,663033.9573155505
2447,2452,2022-02-20 23:30:00,2022-02-21 02:00:00,8110.627163952064,7870.347933836705,-1,0.029625234307808834,1685.1916321246524,5,-0.0,2.9625234307808834,1.0,2.9625234307808834,Bearish,9000.0,23,Sunday,Late,2022,2,58568.84745794399,621602.8047734947,663033.9573155505
2452,2483,2022-02-21 02:00:00,2022-02-21 17:30:00,7870.347933836705,6869.846722114746,1,-0.12712286929787953,-7445.439940323655,31,-16.643215065801886,1.7493526274756643,-7.266852165839158,0.10510905618651746,Bearish,55800.0,2,Monday,Asia,2022,2,51123.40751762034,621602.8047734947,670479.3972558742
2483,2498,2022-02-21 17:30:00,2022-02-22 01:00:00,6869.846722114746,7134.314107005252,-1,-0.038496839243757464,-1968.0896007989313,15,-8.362529293134058,-0.0,0.0,-0.0,Bearish,27000.0,17,Monday,NY,2022,2,49155.31791682141,621602.8047734947,672447.4868566731
2498,2514,2022-02-22 01:00:00,2022-02-22 09:00:00,7134.314107005252,7237.582003757341,1,0.014474817789518202,711.5142702318291,16,-6.653209180331531,1.4474817789518202,1.0,0.21756144136139902,Bearish,28800.0,1,Tuesday,Asia,2022,2,49866.83218705324,622314.3190437265,672447.4868566731
2514,2519,2022-02-22 09:00:00,2022-02-22 11:30:00,7237.582003757341,6952.838310146934,-1,0.039342378913646,1961.8798071262463,5,-0.0,3.9342378913646003,1.0,3.9342378913646003,Sideways,9000.0,9,Tuesday,London,2022,2,51828.71199417948,624276.1988508528,672447.4868566731
2519,2522,2022-02-22 11:30:00,2022-02-22 13:00:00,6952.838310146934,7057.727595753329,1,0.015085822642145974,781.8787569150552,3,-1.2226767198065036,1.5085822642145974,1.0,1.2338357635968895,Sideways,5400.0,11,Tuesday,London,2022,2,52610.59075109453,625058.0776077679,672447.4868566731
2522,2527,2022-02-22 13:00:00,2022-02-22 15:30:00,7057.727595753329,6971.747068605658,-1,0.012182466095660427,640.926738097875,5,-4.241063121420585,1.226938124359911,0.9929160936307179,0.2892996612483655,Bullish,9000.0,13,Tuesday,NY_overlap,2022,2,53251.51748919241,625699.0043458658,672447.4868566731
2527,2529,2022-02-22 15:30:00,2022-02-22 16:30:00,6971.747068605658,7246.991157685212,1,0.03947993040639708,2102.366204508353,2,0.0,3.947993040639708,1.0,3.947993040639708,Bullish,3600.0,15,Tuesday,NY_overlap,2022,2,55353.883693700765,627801.3705503742,672447.4868566731
2529,2542,2022-02-22 16:30:00,2022-02-22 23:00:00,7246.991157685212,7540.571254076651,-1,-0.04051061882145479,-2242.420082602653,13,-8.328282243639551,-0.0,0.0,-0.0,Bullish,23400.0,16,Tuesday,NY,2022,2,53111.463611098116,627801.3705503742,674689.9069392758
2542,2586,2022-02-22 23:00:00,2022-02-23 21:00:00,7540.571254076651,5240.148761443649,1,-0.30507270803777986,-16202.8580316877,44,-33.77214266647205,0.0,0.0,0.0,Bullish,79200.0,23,Tuesday,Late,2022,2,36908.60557941042,627801.3705503742,690892.7649709635
2586,2593,2022-02-23 21:00:00,2022-02-24 00:30:00,5240.148761443649,5129.617955928954,-1,0.021093066351086653,778.5156664125907,7,-3.183165334611915,2.1093066351086653,1.0,0.6626443848747894,Bearish,12600.0,21,Wednesday,Late,2022,2,37687.12124582301,628579.8862167867,690892.7649709635
2593,2609,2022-02-24 00:30:00,2022-02-24 08:30:00,5129.617955928954,4954.489862556774,1,-0.034140572431863525,-1286.6598926414426,16,-7.598408725937111,0.0,0.0,0.0,Bearish,28800.0,0,Thursday,Asia,2022,2,36400.46135318156,628579.8862167867,692179.424863605
2609,2638,2022-02-24 08:30:00,2022-02-24 23:00:00,4954.489862556774,5669.446905006169,-1,-0.144304875432814,-5252.764041267824,29,-18.73560985234599,-0.0,0.0,-0.0,Bearish,52200.0,8,Thursday,London,2022,2,31147.69731191374,628579.8862167867,697432.1889048727
2638,2651,2022-02-24 23:00:00,2022-02-25 05:30:00,5669.446905006169,5562.514328530873,1,-0.018861200795596722,-587.4829733204731,13,-6.891404655547017,1.0693839111874714,-1.763744582116703,0.1551764791995932,Bullish,23400.0,23,Thursday,Late,2022,2,30560.214338593272,628579.8862167867,698019.6718781933
2651,2674,2022-02-25 05:30:00,2022-02-25 17:00:00,5562.514328530873,6113.18141544337,-1,-0.09899607522591936,-3025.3412775835973,23,-19.870807394252623,-0.0,0.0,-0.0,Bullish,41400.0,5,Friday,Asia,2022,2,27534.873061009668,628579.8862167867,701045.0131557769
2674,2684,2022-02-25 17:00:00,2022-02-25 22:00:00,6113.18141544337,6232.53449226104,1,0.019523889233215908,537.5878116938131,10,-2.6137482254225075,3.079986168102544,0.6338953543172497,1.1783790566150152,Bullish,18000.0,17,Friday,NY,2022,2,28072.46087270348,629117.4740284805,701045.0131557769
2684,2689,2022-02-25 22:00:00,2022-02-26 00:30:00,6232.53449226104,6113.172593693958,-1,0.01915142206036624,537.6275464462614,5,-3.085398483684365,2.3858794222411883,0.8026986561783686,0.7732808046862523,Bullish,9000.0,22,Friday,Late,2022,2,28610.088419149746,629655.1015749268,701045.0131557769
2689,2725,2022-02-26 00:30:00,2022-02-26 18:30:00,6113.172593693958,5078.534641711446,1,-0.169247299356441,-4842.180199290081,36,-19.02713718283802,0.0,0.0,0.0,Bullish,64800.0,0,Saturday,Asia,2022,2,23767.90821985966,629655.1015749268,705887.1933550669
2725,2726,2022-02-26 18:30:00,2022-02-26 19:00:00,5078.534641711446,4976.490803612747,-1,0.02009316570582853,477.57251834256397,1,-0.0,2.009316570582853,1.0,2.009316570582853,Bearish,1800.0,18,Saturday,NY,2022,2,24245.480738202226,630132.6740932693,705887.1933550669
2726,2732,2022-02-26 19:00:00,2022-02-26 22:00:00,4976.490803612747,5064.418896196411,1,0.017668693875578123,428.38597702952086,6,-2.5972124171870226,1.7668693875578123,1.0,0.6802945249551308,Bearish,10800.0,19,Saturday,NY,2022,2,24673.86671523175,630561.0600702988,705887.1933550669
2732,2737,2022-02-26 22:00:00,2022-02-27 00:30:00,5064.418896196411,4956.089455422315,-1,0.021390300248554817,527.7814173316298,5,-3.292721093852413,2.1390300248554817,1.0,0.6496238107895322,Bearish,9000.0,22,Saturday,Late,2022,2,25201.64813256338,631088.8414876305,705887.1933550669
2737,2748,2022-02-27 00:30:00,2022-02-27 06:00:00,4956.089455422315,4968.347819188132,1,0.0024733943719288387,62.333614654413154,11,-3.9944891067301147,0.2567871559439716,0.9632079777652542,0.06428535642050538,Bearish,19800.0,0,Sunday,Asia,2022,2,25263.981747217797,631151.1751022849,705887.1933550669
2748,2775,2022-02-27 06:00:00,2022-02-27 19:30:00,4968.347819188132,5494.202183281736,-1,-0.10584089182780532,-2673.9623592469247,27,-15.39644396511557,0.4312310232674865,-24.543895526309036,0.028008481974444648,Bearish,48600.0,6,Sunday,Asia,2022,2,22590.019387970868,631151.1751022849,708561.1557143138
2775,2778,2022-02-27 19:30:00,2022-02-27 21:00:00,5494.202183281736,5699.587899265086,1,0.03738226390872845,844.4660664644189,3,0.0,3.7382263908728453,1.0,3.7382263908728453,Bullish,5400.0,19,Sunday,NY,2022,2,23434.485454435286,631995.6411687493,708561.1557143138
2778,2800,2022-02-27 21:00:00,2022-02-28 08:00:00,5699.587899265086,5664.478861931291,-1,0.006159925586606274,144.35468655972838,22,-3.236000903775138,0.6159925586606274,1.0,0.190356114530749,Bullish,39600.0,21,Sunday,Late,2022,2,23578.840140995017,632139.9958553091,708561.1557143138
2800,2809,2022-02-28 08:00:00,2022-02-28 12:30:00,5664.478861931291,5774.147090410007,1,0.019360691627918758,456.5026529137966,9,-3.95701875326121,1.9360691627918758,1.0,0.4892746998472646,Bullish,16200.0,8,Monday,London,2022,2,24035.342793908814,632596.4985082229,708561.1557143138
2809,2818,2022-02-28 12:30:00,2022-02-28 17:00:00,5774.147090410007,5676.596361470189,-1,0.016894396248033794,406.06260511761883,9,-3.9618877544510545,1.6894396248033794,1.0,0.4264228896705486,Bullish,16200.0,12,Monday,London,2022,2,24441.405399026436,633002.5611133404,708561.1557143138
2818,2829,2022-02-28 17:00:00,2022-02-28 22:30:00,5676.596361470189,5782.987214959864,1,0.01874201488268601,458.08118374231526,11,-2.494569361745169,2.401508637167926,0.780426711468682,0.9626946734757702,Sideways,19800.0,17,Monday,NY,2022,2,24899.486582768746,633460.6422970827,708561.1557143138
2829,2837,2022-02-28 22:30:00,2022-03-01 02:30:00,5782.987214959864,5744.247345594765,-1,0.006698937404683192,166.80010202671673,8,-3.9470001851144465,0.6698937404683192,1.0,0.1697222470357941,Sideways,14400.0,22,Monday,Late,2022,2,25066.286684795457,633627.4423991094,708561.1557143138
2837,2842,2022-03-01 02:30:00,2022-03-01 05:00:00,5744.247345594765,5883.202422347316,1,0.024190301773671985,606.3610392505778,5,0.0,2.4190301773671985,1.0,2.4190301773671985,Sideways,9000.0,2,Tuesday,Asia,2022,3,25672.647724046037,634233.80343836,708561.1557143138
2842,2843,2022-03-01 05:00:00,2022-03-01 05:30:00,5883.202422347316,5792.829736030147,-1,0.0153611383442952,394.3610933534263,1,-0.0,1.53611383442952,1.0,1.53611383442952,Sideways,1800.0,5,Tuesday,Asia,2022,3,26067.00881739946,634628.1645317135,708561.1557143138
2843,2844,2022-03-01 05:30:00,2022-03-01 06:00:00,5792.829736030147,5893.322902292221,1,0.017347854302885768,452.20667107628435,1,0.0,1.7347854302885768,1.0,1.7347854302885768,Sideways,1800.0,5,Tuesday,Asia,2022,3,26519.215488475747,635080.3712027897,708561.1557143138
2844,2847,2022-03-01 06:00:00,2022-03-01 07:30:00,5893.322902292221,5723.913337355333,-1,0.028746017780732158,762.3218399627912,3,-0.0,2.874601778073216,1.0,2.874601778073216,Sideways,5400.0,6,Tuesday,Asia,2022,3,27281.537328438542,635842.6930427524,708561.1557143138
2847,2850,2022-03-01 07:30:00,2022-03-01 09:00:00,5723.913337355333,5872.715551196889,1,0.025996587486823763,709.2268719338005,3,-0.674197881026628,2.5996587486823763,1.0,3.855928388151817,Sideways,5400.0,7,Tuesday,Asia,2022,3,27990.764200372345,636551.9199146862,708561.1557143138
2850,2863,2022-03-01 09:00:00,2022-03-01 15:30:00,5872.715551196889,5927.203155236391,-1,-0.009278093509636598,-259.7009276572429,13,-5.550422919198561,0.15424293167259906,-6.015247122850708,0.027789401621826425,Bullish,23400.0,9,Tuesday,London,2022,3,27731.063272715095,636551.9199146862,708820.856641971
2863,2865,2022-03-01 15:30:00,2022-03-01 16:30:00,5927.203155236391,6178.671257648046,1,0.04242609808126718,1176.5208103060363,2,0.0,4.242609808126718,1.0,4.242609808126718,Sideways,3600.0,15,Tuesday,NY_overlap,2022,3,28907.58408302114,637728.4407249923,708820.856641971
2865,2886,2022-03-01 16:30:00,2022-03-02 03:00:00,6178.671257648046,6474.19088415478,-1,-0.047828993352079685,-1382.6206469315016,21,-12.849719253202796,0.5920130939864432,-8.079043155956775,0.04607206448023242,Sideways,37800.0,16,Tuesday,NY,2022,3,27524.96343608963,637728.4407249923,710203.4772889025
2886,2887,2022-03-02 03:00:00,2022-03-02 03:30:00,6474.19088415478,6694.189227800032,1,0.03398082441215711,935.3209494728059,1,0.0,3.3980824412157107,1.0,3.3980824412157107,Bullish,1800.0,3,Wednesday,Asia,2022,3,28460.284385562438,638663.7616744651,710203.4772889025
2887,2888,2022-03-02 03:30:00,2022-03-02 04:00:00,6694.189227800032,6577.723662858751,-1,0.017398009075933585,495.152286043666,1,-0.0,1.7398009075933585,1.0,1.7398009075933585,Bullish,1800.0,3,Wednesday,Asia,2022,3,28955.436671606105,639158.9139605088,710203.4772889025
2888,2896,2022-03-02 04:00:00,2022-03-02 08:00:00,6577.723662858751,6521.880178400228,1,-0.008489788765959294,-245.8255409680472,8,-9.338021701272226,0.0,0.0,0.0,Bullish,14400.0,4,Wednesday,Asia,2022,3,28709.611130638063,639158.9139605088,710449.3028298706
2896,2931,2022-03-02 08:00:00,2022-03-03 01:30:00,6521.880178400228,7363.070665392946,-1,-0.1289797518480409,-3702.958519283448,35,-16.890611934088206,0.16477683974979174,-78.2754130033641,0.009755528123717251,Bullish,63000.0,8,Wednesday,London,2022,3,25006.652611354613,639158.9139605088,714152.261349154
2931,2932,2022-03-03 01:30:00,2022-03-03 02:00:00,7363.070665392946,7513.525207285933,1,0.02043366806190483,510.9776387997855,1,0.0,2.043366806190483,1.0,2.043366806190483,Bullish,1800.0,1,Thursday,Asia,2022,3,25517.630250154398,639669.8915993086,714152.261349154
2932,2946,2022-03-03 02:00:00,2022-03-03 09:00:00,7513.525207285933,7441.63035694926,-1,0.00956872418115473,244.1711656204177,14,-5.128535061710826,0.9568724181154731,1.0,0.1865781176498909,Bullish,25200.0,2,Thursday,Asia,2022,3,25761.80141577481,639914.062764929,714152.261349154
2946,2952,2022-03-03 09:00:00,2022-03-03 12:00:00,7441.63035694926,7708.121493218491,1,0.035810853735884995,922.5521024732263,6,-0.7682859389932295,3.5810853735884995,1.0,4.661136162769286,Bullish,10800.0,9,Thursday,London,2022,3,26684.35351824804,640836.6148674022,714152.261349154
2952,2953,2022-03-03 12:00:00,2022-03-03 12:30:00,7708.121493218491,7358.70689380998,-1,0.045330707321611596,1209.6206194021179,1,-0.0,4.53307073216116,1.0,4.53307073216116,Bullish,1800.0,12,Thursday,London,2022,3,27893.974137650162,642046.2354868044,714152.261349154
2953,2968,2022-03-03 12:30:00,2022-03-03 20:00:00,7358.70689380998,7155.533583705927,1,-0.02760992019874564,-770.1503999663953,15,-5.592195539845346,0.0,0.0,0.0,Bullish,27000.0,12,Thursday,London,2022,3,27123.823737683764,642046.2354868044,714922.4117491205
2968,2988,2022-03-03 20:00:00,2022-03-04 06:00:00,7155.533583705927,7793.562562075165,-1,-0.08916581424788661,-2418.5178290867266,20,-15.306044289725907,0.3334131997258516,-26.74333659291325,0.021783106948779263,Sideways,36000.0,20,Thursday,NY,2022,3,24705.30590859703,642046.2354868044,717340.9295782072
2988,3017,2022-03-04 06:00:00,2022-03-04 20:30:00,7793.562562075165,6819.18003227676,1,-0.1250240210478223,-3088.7566859093226,29,-15.894139972891564,1.6384529620533828,-7.630613996457767,0.10308534874160322,Sideways,52200.0,6,Friday,Asia,2022,3,21616.54922268771,642046.2354868044,720429.6862641165
3017,3022,2022-03-04 20:30:00,2022-03-04 23:00:00,6819.18003227676,6718.333881406516,-1,0.014788603672716616,319.6785792260988,5,-4.089619498799912,1.4788603672716616,1.0,0.3616131935270822,Bearish,9000.0,20,Friday,NY,2022,3,21936.227801913803,642365.9140660305,720429.6862641165
3022,3023,2022-03-04 23:00:00,2022-03-04 23:30:00,6718.333881406516,6886.597471799436,1,0.025045434383456522,549.4023540333867,1,0.0,2.504543438345652,1.0,2.504543438345652,Bearish,1800.0,23,Friday,Late,2022,3,22485.63015594719,642915.316420064,720429.6862641165
3023,3039,2022-03-04 23:30:00,2022-03-05 07:30:00,6886.597471799436,7228.049243276495,-1,-0.04958207197027287,-1114.8841326891113,16,-9.297218257493522,0.4271160363379045,-11.608571852134107,0.04594019678882451,Bearish,28800.0,23,Friday,Late,2022,3,21370.746023258078,642915.316420064,721544.5703968056
3039,3056,2022-03-05 07:30:00,2022-03-05 16:00:00,7228.049243276495,6810.814270925445,1,-0.057724423050819706,-1233.613984358172,17,-12.572548955196472,0.0,0.0,0.0,Bearish,30600.0,7,Saturday,Asia,2022,3,20137.1320388999,642915.316420064,722778.1843811638
3056,3065,2022-03-05 16:00:00,2022-03-05 20:30:00,6810.814270925445,6583.369706669946,-1,0.03339462143703331,672.471901266617,9,-0.0,3.339462143703331,1.0,3.339462143703331,Sideways,16200.0,16,Saturday,NY,2022,3,20809.60394016652,643587.7883213306,722778.1843811638
3065,3082,2022-03-05 20:30:00,2022-03-06 05:00:00,6583.369706669946,5925.11822157061,1,-0.09998701492222561,-2080.6901796910347,17,-17.4642880859862,0.0,0.0,0.0,Bearish,30600.0,20,Saturday,NY,2022,3,18728.91376047548,643587.7883213306,724858.8745608549
3082,3085,2022-03-06 05:00:00,2022-03-06 06:30:00,5925.11822157061,5481.747209638899,-1,0.07482905747223789,1401.466964175207,3,-0.0,7.482905747223789,1.0,7.482905747223789,Bearish,5400.0,5,Sunday,Asia,2022,3,20130.38072465069,644989.2552855058,724858.8745608549
3085,3089,2022-03-06 06:30:00,2022-03-06 08:30:00,5481.747209638899,5917.804050977327,1,0.07954705400710238,1601.3124826873213,4,0.0,7.954705400710238,1.0,7.954705400710238,Bearish,7200.0,6,Sunday,Asia,2022,3,21731.693207338016,646590.5677681931,724858.8745608549
3089,3091,2022-03-06 08:30:00,2022-03-06 09:30:00,5917.804050977327,5488.995232213741,-1,0.07246080050466841,1574.6958861255773,2,-0.0,7.246080050466841,1.0,7.246080050466841,Bearish,3600.0,8,Sunday,London,2022,3,23306.3890934636,648165.2636543186,724858.8745608549
3091,3100,2022-03-06 09:30:00,2022-03-06 14:00:00,5488.995232213741,5509.923162377218,1,0.003812706930524712,88.86043122215419,9,-4.84731476680853,0.3812706930524712,1.0,0.07865606245816374,Bearish,16200.0,9,Sunday,London,2022,3,23395.249524685758,648254.1240855408,724858.8745608549
3100,3102,2022-03-06 14:00:00,2022-03-06 15:00:00,5509.923162377218,5350.959191386278,-1,0.02885048780287469,674.964361057156,2,-0.0,2.885048780287469,1.0,2.885048780287469,Bearish,3600.0,14,Sunday,NY_overlap,2022,3,24070.21388574291,648929.0884465979,724858.8745608549
3102,3108,2022-03-06 15:00:00,2022-03-06 18:00:00,5350.959191386278,5577.662216284178,1,0.04236680131346082,1019.7779692697751,6,-1.6747299902659774,4.236680131346082,1.0,2.5297690708179297,Bearish,10800.0,15,Sunday,NY_overlap,2022,3,25089.99185501269,649948.8664158677,724858.8745608549
3108,3117,2022-03-06 18:00:00,2022-03-06 22:30:00,5577.662216284178,5375.508783098664,-1,0.036243398281688655,909.3465676855487,9,-5.0777044186151254,3.6243398281688655,1.0,0.7137752672018185,Bearish,16200.0,18,Sunday,NY,2022,3,25999.338422698245,650858.2129835533,724858.8745608549
3117,3122,2022-03-06 22:30:00,2022-03-07 01:00:00,5375.508783098664,5546.410797608911,1,0.031792714216668294,826.589536295288,5,0.0,5.303980233330385,0.5994123812317745,5.303980233330385,Bearish,9000.0,22,Sunday,Late,2022,3,26825.927958993532,651684.8025198486,724858.8745608549
3122,3127,2022-03-07 01:00:00,2022-03-07 03:30:00,5546.410797608911,5360.684836345828,-1,0.03348579253147821,898.2874580992374,5,-2.058929199009496,3.348579253147821,1.0,1.6263693063164806,Sideways,9000.0,1,Monday,Asia,2022,3,27724.215417092768,652583.0899779478,724858.8745608549
3127,3139,2022-03-07 03:30:00,2022-03-07 09:30:00,5360.684836345828,5443.664074821681,1,0.015479223459146096,429.1493256706819,12,-3.9831394539547205,1.5479223459146096,1.0,0.38861866721179733,Bearish,21600.0,3,Monday,Asia,2022,3,28153.364742763457,653012.2393036184,724858.8745608549
3139,3149,2022-03-07 09:30:00,2022-03-07 14:30:00,5443.664074821681,5283.20752795682,-1,0.029475835514357618,829.8439483334099,10,-2.668947418156553,2.947583551435762,1.0,1.1043992591924734,Bearish,18000.0,9,Monday,London,2022,3,28983.208691096865,653842.0832519518,724858.8745608549
3149,3152,2022-03-07 14:30:00,2022-03-07 16:00:00,5283.20752795682,5482.687704838798,1,0.03775739942570899,1094.3305871884236,3,0.0,3.7757399425708993,1.0,3.7757399425708993,Sideways,5400.0,14,Monday,NY_overlap,2022,3,30077.539278285287,654936.4138391403,724858.8745608549
3152,3155,2022-03-07 16:00:00,2022-03-07 17:30:00,5482.687704838798,5415.15164129719,-1,0.012318057707719432,370.4968645361157,3,-1.5637156996435309,1.2318057707719432,1.0,0.7877427917701083,Sideways,5400.0,16,Monday,NY,2022,3,30448.03614282141,655306.9107036764,724858.8745608549
3155,3174,2022-03-07 17:30:00,2022-03-08 03:00:00,5415.15164129719,4925.175081658322,1,-0.09048251869849666,-2755.014999625337,19,-14.150845270765222,0.0,0.0,0.0,Sideways,34200.0,17,Monday,NY,2022,3,27693.021143196078,655306.9107036764,727613.8895604803
3174,3181,2022-03-08 03:00:00,2022-03-08 06:30:00,4925.175081658322,4751.844760162197,-1,0.03519272282149277,974.592817182237,7,-0.4059917936723556,3.5192722821492772,1.0,8.66833354023261,Bearish,12600.0,3,Tuesday,Asia,2022,3,28667.61396037831,656281.5035208586,727613.8895604803
3181,3188,2022-03-08 06:30:00,2022-03-08 10:00:00,4751.844760162197,4923.57889061515,1,0.03614051786638983,1036.0624145218176,7,-1.9194217018442705,3.614051786638983,1.0,1.8828857583335816,Bearish,12600.0,6,Tuesday,Asia,2022,3,29703.676374900126,657317.5659353804,727613.8895604803
3188,3193,2022-03-08 10:00:00,2022-03-08 12:30:00,4923.57889061515,4640.26491581181,-1,0.057542283996579346,1709.2173817069856,5,-0.0,5.754228399657935,1.0,5.754228399657935,Bearish,9000.0,10,Tuesday,London,2022,3,31412.89375660711,659026.7833170875,727613.8895604803
3193,3206,2022-03-08 12:30:00,2022-03-08 19:00:00,4640.26491581181,4637.273134222036,1,-0.000644743704088957,-20.253265476787718,13,-6.1705716048931825,0.0,0.0,0.0,Bearish,23400.0,12,Tuesday,London,2022,3,31392.640491130325,659026.7833170875,727634.142825957
3206,3212,2022-03-08 19:00:00,2022-03-08 22:00:00,4637.273134222036,4501.73724843565,-1,0.029227496820526166,917.5283001424315,6,-0.040512138456705316,2.9608747088325726,0.9871237284488177,73.0861124992652,Bearish,10800.0,19,Tuesday,NY,2022,3,32310.16879127275,659944.3116172298,727634.142825957
3212,3221,2022-03-08 22:00:00,2022-03-09 02:30:00,4501.73724843565,4532.31191278077,1,0.006791747864837161,219.4425199006548,9,-3.0196139958153734,0.8869152998955299,0.7657718685918671,0.2937181047394238,Bearish,16200.0,22,Tuesday,Late,2022,3,32529.6113111734,660163.7541371305,727634.142825957
3221,3224,2022-03-09 02:30:00,2022-03-09 04:00:00,4532.31191278077,4387.741574922868,-1,0.031897702682426976,1037.619869978722,3,-0.0,3.1897702682426976,1.0,3.1897702682426976,Bearish,5400.0,2,Wednesday,Asia,2022,3,33567.23118115212,661201.3740071092,727634.142825957
3224,3260,2022-03-09 04:00:00,2022-03-09 22:00:00,4387.741574922868,4054.298545050267,1,-0.07599422713915471,-2550.915790812989,36,-17.573728529483322,0.0,0.0,0.0,Bearish,64800.0,4,Wednesday,Asia,2022,3,31016.315390339136,661201.3740071092,730185.0586167701
3260,3276,2022-03-09 22:00:00,2022-03-10 06:00:00,4054.298545050267,4118.792231331848,-1,-0.015907483271136558,-493.39151820411473,16,-4.241308548004463,-0.0,0.0,-0.0,Bearish,28800.0,22,Wednesday,Late,2022,3,30522.923872135027,661201.3740071092,730678.4501349742
3276,3280,2022-03-10 06:00:00,2022-03-10 08:00:00,4118.792231331848,4254.945510388962,1,0.03305660286075862,1008.9841725903352,4,-0.6639496940681333,3.305660286075862,1.0,4.978781247448909,Sideways,7200.0,6,Thursday,Asia,2022,3,31531.908044725365,662210.3581796995,730678.4501349742
3280,3285,2022-03-10 08:00:00,2022-03-10 10:30:00,4254.945510388962,4164.387762519584,-1,0.021282939499053688,671.0916912056134,5,-3.9280409108032543,2.9077834905752775,0.7319299930010628,0.74026303610485,Sideways,9000.0,8,Thursday,London,2022,3,32202.99973593098,662881.4498709051,730678.4501349742
3285,3288,2022-03-10 10:30:00,2022-03-10 12:00:00,4164.387762519584,4304.504701744774,1,0.03364646791210801,1083.5171972886233,3,-0.9827456261765843,3.3646467912108013,1.0,3.423720952390406,Bullish,5400.0,10,Thursday,London,2022,3,33286.516933219595,663964.9670681937,730678.4501349742
3288,3293,2022-03-10 12:00:00,2022-03-10 14:30:00,4304.504701744774,4200.218448557952,-1,0.024227236444776423,806.4403161641646,5,-1.297585822464753,2.4227236444776423,1.0,1.867100890387119,Bullish,9000.0,12,Thursday,London,2022,3,34092.95724938376,664771.4073843579,730678.4501349742
3293,3294,2022-03-10 14:30:00,2022-03-10 15:00:00,4200.218448557952,4275.16429860054,1,0.017843321951104496,608.3316124659959,1,0.0,1.7843321951104496,1.0,1.7843321951104496,Bullish,1800.0,14,Thursday,NY_overlap,2022,3,34701.28886184976,665379.7389968239,730678.4501349742
3294,3336,2022-03-10 15:00:00,2022-03-11 12:00:00,4275.16429860054,5127.926433884743,-1,-0.19946885680238124,-6921.826418842371,42,-33.44008141822459,-0.0,0.0,-0.0,Bullish,75600.0,15,Thursday,NY_overlap,2022,3,27779.46244300739,665379.7389968239,737600.2765538166
3336,3341,2022-03-11 12:00:00,2022-03-11 14:30:00,5127.926433884743,5455.619661564664,1,0.06390365226664763,1775.20910811234,5,0.0,6.390365226664763,1.0,6.390365226664763,Bullish,9000.0,12,Friday,London,2022,3,29554.671551119725,667154.9481049363,737600.2765538166
3341,3347,2022-03-11 14:30:00,2022-03-11 17:30:00,5455.619661564664,5260.865703400213,-1,0.03569786206624903,1055.0385884451653,6,-0.9843074884952951,3.569786206624903,1.0,3.626698210009571,Bullish,10800.0,14,Friday,NY_overlap,2022,3,30609.710139564893,668209.9866933814,737600.2765538166
3347,3368,2022-03-11 17:30:00,2022-03-12 04:00:00,5260.865703400213,4922.374751987189,1,-0.06434130245793002,-1969.4686182393102,21,-9.500908729500967,0.0,0.0,0.0,Bullish,37800.0,17,Friday,NY,2022,3,28640.241521325588,668209.9866933814,739569.7451720559
3368,3375,2022-03-12 04:00:00,2022-03-12 07:30:00,4922.374751987189,4770.007585670432,-1,0.030953995580130456,886.52990946498,7,-3.240904587085214,3.0953995580130456,1.0,0.9551035752018138,Sideways,12600.0,4,Saturday,Asia,2022,3,29526.77143079057,669096.5166028464,739569.7451720559
3375,3395,2022-03-12 07:30:00,2022-03-12 17:30:00,4770.007585670432,4681.023732050943,1,-0.018654866270402692,-550.8179724381442,20,-6.238638784157313,2.610024195464211,-0.7147392082733085,0.4183643717427954,Bearish,36000.0,7,Saturday,Asia,2022,3,28975.953458352422,669096.5166028464,740120.5631444941
3395,3405,2022-03-12 17:30:00,2022-03-12 22:30:00,4681.023732050943,4605.629235192227,-1,0.016106412010366666,466.69864479343255,10,-1.6628914530447236,2.066742246500597,0.7793140164255125,1.2428605864299982,Bearish,18000.0,17,Saturday,NY,2022,3,29442.652103145854,669563.2152476399,740120.5631444941
3405,3450,2022-03-12 22:30:00,2022-03-13 21:00:00,4605.629235192227,3740.323294918522,1,-0.18788006938591284,-5531.68752004433,45,-21.647009634013603,0.25753402787476176,-72.95349315053564,0.011896979408652484,Bearish,81000.0,22,Saturday,Late,2022,3,23910.964583101522,669563.2152476399,745652.2506645384
3450,3451,2022-03-13 21:00:00,2022-03-13 21:30:00,3740.323294918522,3677.947310847451,-1,0.016676629037873036,398.7542862901041,1,-0.0,1.6676629037873036,1.0,1.6676629037873036,Bearish,1800.0,21,Sunday,Late,2022,3,24309.718869391625,669961.9695339301,745652.2506645384
3451,3454,2022-03-13 21:30:00,2022-03-13 23:00:00,3677.947310847451,3785.143415432449,1,0.029145633562732698,708.5221581803361,3,0.0,2.91456335627327,1.0,2.91456335627327,Bearish,5400.0,21,Sunday,Late,2022,3,25018.24102757196,670670.4916921104,745652.2506645384
3454,3457,2022-03-13 23:00:00,2022-03-14 00:30:00,3785.143415432449,3590.012499353141,-1,0.051551789367805134,1289.735091806369,3,-0.0,5.155178936780514,1.0,5.155178936780514,Bearish,5400.0,23,Sunday,Late,2022,3,26307.976119378334,671960.2267839168,745652.2506645384
3457,3461,2022-03-14 00:30:00,2022-03-14 02:30:00,3590.012499353141,3780.341157778458,1,0.05301615480715216,1394.747734607822,4,-1.8676876758943695,5.301615480715216,1.0,2.8385985243364957,Bearish,7200.0,0,Monday,Asia,2022,3,27702.723853986157,673354.9745185246,745652.2506645384
3461,3466,2022-03-14 02:30:00,2022-03-14 05:00:00,3780.341157778458,3617.749197366233,-1,0.04300986435514542,1191.4903952279944,5,-1.3942781888495626,4.300986435514542,1.0,3.0847405273285835,Bearish,9000.0,2,Monday,Asia,2022,3,28894.214249214157,674546.4649137526,745652.2506645384
3466,3473,2022-03-14 05:00:00,2022-03-14 08:30:00,3617.749197366233,3685.875135131872,1,0.018831028368477165,544.1077682118081,7,-4.249698234952781,1.8831028368477165,1.0,0.4431144831319158,Bearish,12600.0,5,Monday,Asia,2022,3,29438.322017425962,675090.5726819645,745652.2506645384
3473,3474,2022-03-14 08:30:00,2022-03-14 09:00:00,3685.875135131872,3557.331737304234,-1,0.034874593716544555,1026.6495200545373,1,-0.0,3.4874593716544555,1.0,3.4874593716544555,Bearish,1800.0,8,Monday,London,2022,3,30464.971537480495,676117.2222020191,745652.2506645384
3474,3480,2022-03-14 09:00:00,2022-03-14 12:00:00,3557.331737304234,3721.890624834215,1,0.04625907834355769,1409.2815050865638,6,-0.4800681881939828,4.625907834355769,1.0,9.635939118895674,Bearish,10800.0,9,Monday,London,2022,3,31874.253042567056,677526.5037071056,745652.2506645384
3480,3500,2022-03-14 12:00:00,2022-03-14 22:00:00,3721.890624834215,4182.709025997817,-1,-0.12381298850879796,-3946.4465256858693,20,-20.67612288901428,-0.0,0.0,-0.0,Bearish,36000.0,12,Monday,London,2022,3,27927.806516881188,677526.5037071056,749598.6971902242
3500,3514,2022-03-14 22:00:00,2022-03-15 05:00:00,4182.709025997817,4141.364453086252,1,-0.009884639991590505,-276.0563131741653,14,-6.5937700011824525,2.412919017603121,-0.4096548586785741,0.3659392149211173,Bullish,25200.0,22,Monday,Late,2022,3,27651.750203707023,677526.5037071056,749874.7535033984
3514,3526,2022-03-15 05:00:00,2022-03-15 11:00:00,4141.364453086252,4303.008319641112,-1,-0.039031548270135774,-1079.2906228297259,12,-8.744990926388407,-0.0,0.0,-0.0,Bullish,21600.0,5,Tuesday,Asia,2022,3,26572.4595808773,677526.5037071056,750954.0441262281
3526,3530,2022-03-15 11:00:00,2022-03-15 13:00:00,4303.008319641112,4356.347568101333,1,0.012395804167227187,329.38700520611434,4,-1.5004880327048276,1.2395804167227187,1.0,0.8261181626941813,Bullish,7200.0,11,Tuesday,London,2022,3,26901.84658608341,677855.8907123117,750954.0441262281
3530,3536,2022-03-15 13:00:00,2022-03-15 16:00:00,4356.347568101333,4336.475205479121,-1,0.004561702736421869,122.71822718653785,6,-6.448410706498442,0.4561702736421869,1.0,0.07074150428763437,Bullish,10800.0,13,Tuesday,NY_overlap,2022,3,27024.564813269943,677978.6089394983,750954.0441262281
3536,3540,2022-03-15 16:00:00,2022-03-15 18:00:00,4336.475205479121,4421.490858452448,1,0.01960478244310271,529.8107137836852,4,-3.9368908693120264,1.9604782443102708,1.0,0.49797627350865975,Bullish,7200.0,16,Tuesday,NY,2022,3,27554.375527053635,678508.419653282,750954.0441262281
3540,3541,2022-03-15 18:00:00,2022-03-15 18:30:00,4421.490858452448,4344.437568135007,-1,0.01742699301755668,480.1899099130977,1,-0.0,1.742699301755668,1.0,1.742699301755668,Bullish,1800.0,18,Tuesday,NY,2022,3,28034.56543696673,678988.6095631951,750954.0441262281
3541,3545,2022-03-15 18:30:00,2022-03-15 20:30:00,4344.437568135007,4512.150285469921,1,0.03860401138343694,1082.2466832583702,4,-0.992271747474105,3.8604011383436942,1.0,3.890467654824001,Sideways,7200.0,18,Tuesday,NY,2022,3,29116.812120225106,680070.8562464535,750954.0441262281
3545,3553,2022-03-15 20:30:00,2022-03-16 00:30:00,4512.150285469921,4441.78475874641,-1,0.015594677098877407,454.06728316359,8,-2.0993960727722527,1.5594677098877407,1.0,0.7428172940365957,Sideways,14400.0,20,Tuesday,NY,2022,3,29570.879403388695,680524.923529617,750954.0441262281
3553,3554,2022-03-16 00:30:00,2022-03-16 01:00:00,4441.78475874641,4524.481834931205,1,0.018617983688190787,550.5501503777468,1,0.0,1.8617983688190787,1.0,1.8617983688190787,Bullish,1800.0,0,Wednesday,Asia,2022,3,30121.429553766444,681075.4736799948,750954.0441262281
3554,3555,2022-03-16 01:00:00,2022-03-16 01:30:00,4524.481834931205,4386.038395588028,-1,0.03059873912506994,921.67776498987,1,-0.0,3.059873912506994,1.0,3.059873912506994,Bullish,1800.0,1,Wednesday,Asia,2022,3,31043.107318756316,681997.1514449847,750954.0441262281
3555,3562,2022-03-16 01:30:00,2022-03-16 05:00:00,4386.038395588028,4490.877385242936,1,0.023902889167675134,742.019953660476,7,-4.482301987188341,2.3902889167675134,1.0,0.5332726183107743,Bullish,12600.0,1,Wednesday,Asia,2022,3,31785.127272416794,682739.1713986452,750954.0441262281
3562,3564,2022-03-16 05:00:00,2022-03-16 06:00:00,4490.877385242936,4224.370037093646,-1,0.05934416045849655,1886.261693048034,2,-0.0,5.934416045849655,1.0,5.934416045849655,Bullish,3600.0,5,Wednesday,Asia,2022,3,33671.38896546482,684625.4330916932,750954.0441262281
3564,3569,2022-03-16 06:00:00,2022-03-16 08:30:00,4224.370037093646,4498.777606547902,1,0.06495822265680307,2187.233581582483,5,0.0,6.495822265680307,1.0,6.495822265680307,Sideways,9000.0,6,Wednesday,Asia,2022,3,35858.62254704731,686812.6666732756,750954.0441262281
3569,3586,2022-03-16 08:30:00,2022-03-16 17:00:00,4498.777606547902,4613.277643853423,-1,-0.02545136641981771,-912.6509417548369,17,-7.891417326838002,2.3272768242581288,-1.093611475632294,0.29491240012656145,Sideways,30600.0,8,Wednesday,London,2022,3,34945.97160529247,686812.6666732756,751866.6950679829
3586,3604,2022-03-16 17:00:00,2022-03-17 02:00:00,4613.277643853423,4331.102117736516,1,-0.061165953558608765,-2137.5036762697773,18,-12.632399478014356,0.43248079768734016,-14.143044936489503,0.034235839235454604,Bullish,32400.0,17,Wednesday,NY,2022,3,32808.46792902269,686812.6666732756,754004.1987442527
3604,3613,2022-03-17 02:00:00,2022-03-17 06:30:00,4331.102117736516,4167.933816493617,-1,0.03767362135718311,1236.0137980672846,9,-0.3100674337402465,3.7673621357183107,1.0,12.15013808536356,Bearish,16200.0,2,Thursday,Asia,2022,3,34044.48172708998,688048.6804713429,754004.1987442527
3613,3614,2022-03-17 06:30:00,2022-03-17 07:00:00,4167.933816493617,4335.380924458963,1,0.04017508802628145,1367.7400501949685,1,0.0,4.017508802628145,1.0,4.017508802628145,Bearish,1800.0,6,Thursday,Asia,2022,3,35412.22177728495,689416.4205215379,754004.1987442527
3614,3623,2022-03-17 07:00:00,2022-03-17 11:30:00,4335.380924458963,4321.718408774659,-1,0.0031513991324785273,111.59804498807286,9,-4.8372376579290055,0.31513991324785273,1.0,0.0651487347807458,Sideways,16200.0,7,Thursday,Asia,2022,3,35523.81982227302,689528.018566526,754004.1987442527
3623,3633,2022-03-17 11:30:00,2022-03-17 16:30:00,4321.718408774659,4258.711281363408,1,-0.014579183892065695,-517.9083017375262,10,-5.925969595108738,0.0,0.0,0.0,Sideways,18000.0,11,Thursday,London,2022,3,35005.9115205355,689528.018566526,754522.1070459902
3633,3646,2022-03-17 16:30:00,2022-03-17 23:00:00,4258.711281363408,4129.649903906703,-1,0.030305265825718575,1060.8634541014112,13,-6.763266635916931,3.0305265825718575,1.0,0.4480862201229766,Bearish,23400.0,16,Thursday,NY,2022,3,36066.77497463691,690588.8820206274,754522.1070459902
3646,3661,2022-03-17 23:00:00,2022-03-18 06:30:00,4129.649903906703,4300.791616399941,1,0.04144218431962843,1494.685936313463,15,-5.244612398031889,4.144218431962843,1.0,0.7901858359481467,Sideways,27000.0,23,Thursday,Late,2022,3,37561.46091095037,692083.5679569409,754522.1070459902
3661,3673,2022-03-18 06:30:00,2022-03-18 12:30:00,4300.791616399941,4365.381854477841,-1,-0.015018220792563541,-564.106313251897,12,-6.505536823482538,-0.0,0.0,-0.0,Sideways,21600.0,6,Friday,Asia,2022,3,36997.354597698475,692083.5679569409,755086.2133592421
3673,3677,2022-03-18 12:30:00,2022-03-18 14:30:00,4365.381854477841,4531.830460519667,1,0.038129220212680615,1410.680280742275,4,0.0,3.8129220212680615,1.0,3.8129220212680615,Sideways,7200.0,12,Friday,London,2022,3,38408.03487844075,693494.2482376831,755086.2133592421
3677,3695,2022-03-18 14:30:00,2022-03-18 23:30:00,4531.830460519667,4599.564639715791,-1,-0.014946318002451608,-574.0587031424276,18,-4.353310192654036,0.668491715130326,-2.2358269615260293,0.15355940320043535,Bullish,32400.0,14,Friday,NY_overlap,2022,3,37833.97617529832,693494.2482376831,755660.2720623845
3695,3708,2022-03-18 23:30:00,2022-03-19 06:00:00,4599.564639715791,4481.226366281443,1,-0.02572814661903733,-973.3980862192392,13,-7.423294384359947,0.0,0.0,0.0,Bullish,23400.0,23,Friday,Late,2022,3,36860.57808907908,693494.2482376831,756633.6701486037
3708,3711,2022-03-19 06:00:00,2022-03-19 07:30:00,4481.226366281443,4240.919857472763,-1,0.05362516623057534,1976.6546273819663,3,-0.0,5.362516623057534,1.0,5.362516623057534,Bullish,5400.0,6,Saturday,Asia,2022,3,38837.23271646105,695470.902865065,756633.6701486037
3711,3745,2022-03-19 07:30:00,2022-03-20 00:30:00,4240.919857472763,3543.570032791792,1,-0.16443362480717427,-6386.146953047462,34,-19.904331109257367,0.0,0.0,0.0,Sideways,61200.0,7,Saturday,Asia,2022,3,32451.08576341359,695470.902865065,763019.8171016512
3745,3753,2022-03-20 00:30:00,2022-03-20 04:30:00,3543.570032791792,3493.827018870732,-1,0.01403754221328879,455.53348627097245,8,-1.0590392099230073,1.403754221328879,1.0,1.3254978740880923,Bearish,14400.0,0,Sunday,Asia,2022,3,32906.61924968456,695926.436351336,763019.8171016512
3753,3754,2022-03-20 04:30:00,2022-03-20 05:00:00,3493.827018870732,3577.566766677301,1,0.023967914654697164,788.7030417510532,1,0.0,2.3967914654697164,1.0,2.3967914654697164,Bearish,1800.0,4,Sunday,Asia,2022,3,33695.322291435616,696715.139393087,763019.8171016512
3754,3765,2022-03-20 05:00:00,2022-03-20 10:30:00,3577.566766677301,3460.015280488268,-1,0.032857943360819486,1107.158991376548,11,-6.371423287376277,3.2857943360819486,1.0,0.5157080589186571,Bearish,19800.0,5,Sunday,Asia,2022,3,34802.481282812165,697822.2983844635,763019.8171016512
3765,3782,2022-03-20 10:30:00,2022-03-20 19:00:00,3460.015280488268,3338.559170074972,1,-0.03510276705950177,-1221.663393563224,17,-11.368253539863026,1.8287291857778998,-1.9195169701723689,0.16086280793838925,Bearish,30600.0,10,Sunday,London,2022,3,33580.81788924894,697822.2983844635,764241.4804952145
3782,3798,2022-03-20 19:00:00,2022-03-21 03:00:00,3338.559170074972,3216.060736107326,-1,0.036692006259962384,1232.147580206977,16,-7.087064695198375,3.6692006259962384,1.0,0.5177320631039524,Bearish,28800.0,19,Sunday,NY,2022,3,34812.965469455914,699054.4459646705,764241.4804952145
3798,3810,2022-03-21 03:00:00,2022-03-21 09:00:00,3216.060736107326,3230.128369636646,1,0.004374181548059575,152.27823118972896,12,-5.435474113141014,1.1340499690639438,0.3857132990065745,0.20863864779012017,Bearish,21600.0,3,Monday,Asia,2022,3,34965.243700645646,699206.7241958602,764241.4804952145
3810,3815,2022-03-21 09:00:00,2022-03-21 11:30:00,3230.128369636646,3131.964145412527,-1,0.030390192893529178,1062.6005006318755,5,-2.0077195417558036,3.0390192893529178,1.0,1.5136672359602654,Bearish,9000.0,9,Monday,London,2022,3,36027.84420127752,700269.324696492,764241.4804952145
3815,3823,2022-03-21 11:30:00,2022-03-21 15:30:00,3131.964145412527,3227.835010832359,1,0.03061046071049578,1102.8289094070672,8,-2.6357926969017287,3.061046071049578,1.0,1.1613379438556446,Bearish,14400.0,11,Monday,London,2022,3,37130.673110684584,701372.1536058991,764241.4804952145
3823,3831,2022-03-21 15:30:00,2022-03-21 19:30:00,3227.835010832359,3109.414255306009,-1,0.036687363241596604,1362.2264918166672,8,-0.6595848869937804,3.6687363241596604,1.0,5.562189790128189,Sideways,14400.0,15,Monday,NY_overlap,2022,3,38492.89960250125,702734.3800977158,764241.4804952145
3831,3847,2022-03-21 19:30:00,2022-03-22 03:30:00,3109.414255306009,2805.297359305619,1,-0.09780520414140215,-3764.8059036171276,16,-12.607611343462333,0.0,0.0,0.0,Bearish,28800.0,19,Monday,NY,2022,3,34728.09369888413,702734.3800977158,768006.2863988316
3847,3890,2022-03-22 03:30:00,2022-03-23 01:00:00,2805.297359305619,3373.581483557152,-1,-0.20257536063563597,-7035.056105239599,43,-25.555932653930924,-0.0,0.0,-0.0,Bearish,77400.0,3,Tuesday,Asia,2022,3,27693.037593644534,702734.3800977158,775041.3425040712
3890,3891,2022-03-23 01:00:00,2022-03-23 01:30:00,3373.581483557152,3491.052710357028,1,0.03482092469751552,964.2971766937608,1,0.0,3.482092469751552,1.0,3.482092469751552,Bullish,1800.0,1,Wednesday,Asia,2022,3,28657.33477033829,703698.6772744096,775041.3425040712
3891,3894,2022-03-23 01:30:00,2022-03-23 03:00:00,3491.052710357028,3324.647794888879,-1,0.04766611371248264,1365.983777859625,3,-0.957481164675289,4.766611371248263,1.0,4.9782821293040955,Bullish,5400.0,1,Wednesday,Asia,2022,3,30023.318548197916,705064.6610522692,775041.3425040712
3894,3903,2022-03-23 03:00:00,2022-03-23 07:30:00,3324.647794888879,3484.042565891875,1,0.04794335545799466,1439.4186331848546,9,0.0,4.794335545799466,1.0,4.794335545799466,Bullish,16200.0,3,Wednesday,Asia,2022,3,31462.737181382778,706504.079685454,775041.3425040712
3903,3905,2022-03-23 07:30:00,2022-03-23 08:30:00,3484.042565891875,3388.508956935884,-1,0.027420333462985558,862.7187451717884,2,-0.0,2.7420333462985558,1.0,2.7420333462985558,Bullish,3600.0,7,Wednesday,Asia,2022,3,32325.45592655457,707366.7984306258,775041.3425040712
3905,3913,2022-03-23 08:30:00,2022-03-23 12:30:00,3388.508956935884,3371.820122881935,1,-0.004925126144285086,-159.20694810980888,8,-5.010664757699191,0.0,0.0,0.0,Bullish,14400.0,8,Wednesday,London,2022,3,32166.248978444753,707366.7984306258,775200.549452181
3913,3921,2022-03-23 12:30:00,2022-03-23 16:30:00,3371.820122881935,3340.228734222275,-1,0.00936923901879394,301.3732750170848,8,-3.361679900905634,0.936923901879394,1.0,0.27870705406156826,Bullish,14400.0,12,Wednesday,London,2022,3,32467.622253461843,707668.171705643,775200.549452181
3921,3933,2022-03-23 16:30:00,2022-03-23 22:30:00,3340.228734222275,3260.310746562163,1,-0.023925902690828726,-776.817170638912,12,-9.167372727213486,0.0,0.0,0.0,Bullish,21600.0,16,Wednesday,NY,2022,3,31690.80508282293,707668.171705643,775977.3666228199
3933,3957,2022-03-23 22:30:00,2022-03-24 10:30:00,3260.310746562163,3500.112082879032,-1,-0.07355168109963994,-2330.9119892426365,24,-14.162733657741144,0.46432346134756,-15.840612681120653,0.03278487561571614,Bearish,43200.0,22,Wednesday,Late,2022,3,29359.893093580293,707668.171705643,778308.2786120626
3957,3961,2022-03-24 10:30:00,2022-03-24 12:30:00,3500.112082879032,3647.054015512807,1,0.04198206490373502,1232.588937421407,4,0.0,4.198206490373502,1.0,4.198206490373502,Bullish,7200.0,10,Thursday,London,2022,3,30592.482031001695,708900.7606430644,778308.2786120626
3961,3965,2022-03-24 12:30:00,2022-03-24 14:30:00,3647.054015512807,3555.426833698229,-1,0.025123615231592455,768.5937475262914,4,-0.025988878516680636,2.5123615231592455,1.0,96.67064015658535,Bullish,7200.0,12,Thursday,London,2022,3,31361.075778527986,709669.3543905907,778308.2786120626
3965,3981,2022-03-24 14:30:00,2022-03-24 22:30:00,3555.426833698229,3414.250483108141,1,-0.03970728612723029,-1245.26320919576,16,-7.477561263988541,0.0,0.0,0.0,Bullish,28800.0,14,Thursday,NY_overlap,2022,3,30115.81256933222,709669.3543905907,779553.5418212584
3981,3992,2022-03-24 22:30:00,2022-03-25 04:00:00,3414.250483108141,3455.618822629575,-1,-0.012116375094944454,-364.8944813790715,11,-5.703490174522408,-0.0,0.0,-0.0,Bullish,19800.0,22,Thursday,Late,2022,3,29750.91808795315,709669.3543905907,779918.4363026374
3992,3999,2022-03-25 04:00:00,2022-03-25 07:30:00,3455.618822629575,3196.937463827881,1,-0.074858186645959,-2227.099779116631,7,-7.775930396024688,0.0,0.0,0.0,Bullish,12600.0,4,Friday,Asia,2022,3,27523.81830883652,709669.3543905907,782145.5360817541
