entry_i,exit_i,entry_time,exit_time,entry_price,exit_price,direction,ret,pnl,hold_bars,mae_pct,mfe_pct,trade_efficiency_pct,edge_ratio,entry_regime,hold_sec,hour,weekday,session,year,month,equity,cum_profit,cum_loss
1,6,2022-01-01 04:00:00,2022-01-02 00:00:00,485.6299989199289,491.4579605623974,1,0.012000827081173338,1200.0827081173338,5,0.0,3.1075739694154336,0.38617993326256417,3.1075739694154336,Sideways,72000.0,4,Saturday,Asia,2022,1,101200.08270811733,1200.0827081173338,-0.0
6,8,2022-01-02 00:00:00,2022-01-02 08:00:00,491.4579605623974,495.0801702056598,1,0.00737033466528314,745.8784777131581,2,0.0,0.737033466528314,1.0,0.737033466528314,Sideways,28800.0,0,Sunday,Asia,2022,1,101945.96118583049,1945.961185830492,-0.0
8,12,2022-01-02 08:00:00,2022-01-03 00:00:00,495.0801702056598,498.263839358109,-1,-0.00643061335122086,-655.5750591046451,4,-2.240253980584228,-0.0,0.0,-0.0,Sideways,57600.0,8,Sunday,London,2022,1,101290.38612672585,1945.961185830492,655.5750591046451
12,17,2022-01-03 00:00:00,2022-01-03 20:00:00,498.263839358109,513.8727686976673,1,0.03132663481995124,3173.086936963796,5,-2.5028751025379714,3.132663481995124,1.0,1.25162597159504,Bullish,72000.0,0,Monday,Asia,2022,1,104463.47306368964,5119.048122794287,655.5750591046451
17,23,2022-01-03 20:00:00,2022-01-04 20:00:00,513.8727686976673,499.3578153635786,-1,0.02824620065171901,2950.6962209324215,6,-1.298785760274912,2.824620065171901,1.0,2.1748160101278122,Bullish,86400.0,20,Monday,NY,2022,1,107414.16928462207,8069.744343726708,655.5750591046451
23,26,2022-01-04 20:00:00,2022-01-05 08:00:00,499.3578153635786,506.2066881730003,1,0.013715361207344179,1473.224130525406,3,0.0,1.3715361207344179,1.0,1.3715361207344179,Bullish,43200.0,20,Tuesday,NY,2022,1,108887.39341514747,9542.968474252115,655.5750591046451
26,27,2022-01-05 08:00:00,2022-01-05 12:00:00,506.2066881730003,497.8380547610256,-1,0.01653204828679522,1800.1316457624857,1,-0.0,1.653204828679522,1.0,1.653204828679522,Bullish,14400.0,8,Wednesday,London,2022,1,110687.52506090996,11343.1001200146,655.5750591046451
27,28,2022-01-05 12:00:00,2022-01-05 16:00:00,497.8380547610256,513.4187856214413,1,0.03129678559405202,3464.163739767559,1,0.0,3.1296785594052023,1.0,3.1296785594052023,Bullish,14400.0,12,Wednesday,London,2022,1,114151.68880067751,14807.263859782159,655.5750591046451
28,29,2022-01-05 16:00:00,2022-01-05 20:00:00,513.4187856214413,501.6915638516534,-1,0.022841434903074886,2607.3883688167384,1,-0.0,2.2841434903074886,1.0,2.2841434903074886,Bullish,14400.0,16,Wednesday,NY,2022,1,116759.07716949425,17414.652228598898,655.5750591046451
29,30,2022-01-05 20:00:00,2022-01-06 00:00:00,501.6915638516534,511.1734712585339,1,0.018899874126016236,2206.731861573258,1,0.0,1.8899874126016236,1.0,1.8899874126016236,Bullish,14400.0,20,Wednesday,NY,2022,1,118965.8090310675,19621.384090172156,655.5750591046451
30,36,2022-01-06 00:00:00,2022-01-07 00:00:00,511.1734712585339,528.2350439381955,-1,-0.03337726552525355,-3970.7533964565478,6,-6.971594155937777,-0.0,0.0,-0.0,Bullish,86400.0,0,Thursday,Asia,2022,1,114995.05563461097,19621.384090172156,4626.328455561193
36,38,2022-01-07 00:00:00,2022-01-07 08:00:00,528.2350439381955,538.1984003639845,1,0.018861596821574622,2168.990375854575,2,0.0,1.8861596821574622,1.0,1.8861596821574622,Bullish,28800.0,0,Friday,Asia,2022,1,117164.04601046554,21790.374466026733,4626.328455561193
38,43,2022-01-07 08:00:00,2022-01-08 04:00:00,538.1984003639845,551.0030839351112,-1,-0.02379175330596839,-2787.538079010126,5,-6.072117405692623,-0.0,0.0,-0.0,Bullish,72000.0,8,Friday,London,2022,1,114376.50793145542,21790.374466026733,7413.866534571318
43,44,2022-01-08 04:00:00,2022-01-08 08:00:00,551.0030839351112,559.6217413631449,1,0.015641758965270425,1789.0497683531667,1,0.0,1.5641758965270425,1.0,1.5641758965270425,Bullish,14400.0,4,Saturday,Asia,2022,1,116165.55769980857,23579.424234379898,7413.866534571318
44,47,2022-01-08 08:00:00,2022-01-08 20:00:00,559.6217413631449,558.6698941863038,-1,0.0017008759783394556,197.58320660201042,3,-2.131827259225161,0.17008759783394556,1.0,0.0797848874001949,Bullish,43200.0,8,Saturday,London,2022,1,116363.14090641058,23777.00744098191,7413.866534571318
47,48,2022-01-08 20:00:00,2022-01-09 00:00:00,558.6698941863038,570.1257439065023,1,0.020505579125368323,2386.093593132786,1,0.0,2.0505579125368323,1.0,2.0505579125368323,Bullish,14400.0,20,Saturday,NY,2022,1,118749.23449954338,26163.101034114698,7413.866534571318
48,50,2022-01-09 00:00:00,2022-01-09 08:00:00,570.1257439065023,565.553129481154,-1,0.008020361252268238,952.4117591166523,2,-0.7444692251474816,0.8020361252268238,1.0,1.0773260977549985,Bullish,28800.0,0,Sunday,Asia,2022,1,119701.64625866002,27115.512793231348,7413.866534571318
50,51,2022-01-09 08:00:00,2022-01-09 12:00:00,565.553129481154,571.5691380365404,1,0.010637388853113716,1273.3129576112315,1,0.0,1.0637388853113716,1.0,1.0637388853113716,Bullish,14400.0,8,Sunday,London,2022,1,120974.95921627127,28388.82575084258,7413.866534571318
51,52,2022-01-09 12:00:00,2022-01-09 16:00:00,571.5691380365404,565.0736114241876,-1,0.01136437603098428,1374.804926866694,1,-0.0,1.136437603098428,1.0,1.136437603098428,Bullish,14400.0,12,Sunday,London,2022,1,122349.76414313796,29763.630677709276,7413.866534571318
52,54,2022-01-09 16:00:00,2022-01-10 00:00:00,565.0736114241876,573.1631685037518,1,0.014315934979118206,1751.551268183611,2,0.0,1.4315934979118206,1.0,1.4315934979118206,Bullish,28800.0,16,Sunday,NY,2022,1,124101.31541132156,31515.181945892888,7413.866534571318
54,56,2022-01-10 00:00:00,2022-01-10 08:00:00,573.1631685037518,567.3705698960802,-1,0.010106369226050016,1254.213714985307,2,-0.0,1.0106369226050016,1.0,1.0106369226050016,Bullish,28800.0,0,Monday,Asia,2022,1,125355.52912630688,32769.395660878195,7413.866534571318
56,58,2022-01-10 08:00:00,2022-01-10 16:00:00,567.3705698960802,580.9792088831903,1,0.0239854509718449,3006.7088979087093,2,-0.5959524168628993,2.39854509718449,1.0,4.024725849440229,Bullish,28800.0,8,Monday,London,2022,1,128362.23802421558,35776.1045587869,7413.866534571318
58,59,2022-01-10 16:00:00,2022-01-10 20:00:00,580.9792088831903,555.3392712589857,-1,0.044132280866800544,5664.918341175787,1,-0.0,4.413228086680054,1.0,4.413228086680054,Bullish,14400.0,16,Monday,NY,2022,1,134027.15636539136,41441.022899962685,7413.866534571318
59,68,2022-01-10 20:00:00,2022-01-12 08:00:00,555.3392712589857,521.8878488326119,1,-0.06023601095333586,-8073.261258870174,9,-7.631013005579446,0.11909629619251128,-50.577568639051826,0.015606878943258719,Bullish,129600.0,20,Monday,NY,2022,1,125953.8951065212,41441.022899962685,15487.127793441492
68,73,2022-01-12 08:00:00,2022-01-13 04:00:00,521.8878488326119,520.5837774877465,-1,0.00249875782274378,314.7282807024694,5,-2.8428932354269687,0.249875782274378,1.0,0.08789488791226086,Bullish,72000.0,8,Wednesday,London,2022,1,126268.62338722366,41755.75118066515,15487.127793441492
73,84,2022-01-13 04:00:00,2022-01-15 00:00:00,520.5837774877465,489.7206741364768,1,-0.05928556494827797,-7485.906672752901,11,-8.102029199256688,0.0,0.0,0.0,Bullish,158400.0,4,Thursday,Asia,2022,1,118782.71671447076,41755.75118066515,22973.034466194393
84,89,2022-01-15 00:00:00,2022-01-15 20:00:00,489.7206741364768,491.3436283186269,-1,-0.0033140405701919118,-393.65074222936914,5,-2.1641063721244524,-0.0,0.0,-0.0,Bearish,72000.0,0,Saturday,Asia,2022,1,118389.0659722414,41755.75118066515,23366.68520842376
89,90,2022-01-15 20:00:00,2022-01-16 00:00:00,491.3436283186269,502.8231166376806,1,0.023363462264355483,2765.978475354754,1,0.0,2.3363462264355483,1.0,2.3363462264355483,Bearish,14400.0,20,Saturday,NY,2022,1,121155.04444759616,44521.72965601991,23366.68520842376
90,94,2022-01-16 00:00:00,2022-01-16 16:00:00,502.8231166376806,505.5659855584165,-1,-0.00545493798908292,-660.8932545262221,4,-2.408843562382579,-0.0,0.0,-0.0,Bearish,57600.0,0,Sunday,Asia,2022,1,120494.15119306993,44521.72965601991,24027.578462949983
94,98,2022-01-16 16:00:00,2022-01-17 08:00:00,505.5659855584165,504.9804630499152,1,-0.0011581524968586887,-139.55060206112233,4,-2.6097126746523647,0.0,0.0,0.0,Bearish,57600.0,16,Sunday,NY,2022,1,120354.60059100881,44521.72965601991,24167.129065011104
98,99,2022-01-17 08:00:00,2022-01-17 12:00:00,504.9804630499152,487.2189260252117,-1,0.03517272117307213,4233.198808484016,1,-0.0,3.517272117307213,1.0,3.517272117307213,Bearish,14400.0,8,Monday,London,2022,1,124587.79939949283,48754.92846450393,24167.129065011104
99,103,2022-01-17 12:00:00,2022-01-18 04:00:00,487.2189260252117,484.1608851489736,1,-0.00627652316626115,-781.9782091644139,4,-3.057643998460935,0.0,0.0,0.0,Bearish,57600.0,12,Monday,London,2022,1,123805.82119032841,48754.92846450393,24949.10727417552
103,104,2022-01-18 04:00:00,2022-01-18 08:00:00,484.1608851489736,481.4633875838678,-1,0.0055714900725112315,689.7829036810156,1,-0.0,0.5571490072511232,1.0,0.5571490072511232,Bearish,14400.0,4,Tuesday,Asia,2022,1,124495.60409400942,49444.711368184944,24949.10727417552
104,108,2022-01-18 08:00:00,2022-01-19 00:00:00,481.4633875838678,481.0363110535646,1,-0.0008870384359783712,-110.43238594173265,4,-1.4004351319891528,0.0,0.0,0.0,Bearish,57600.0,8,Tuesday,London,2022,1,124385.17170806769,49444.711368184944,25059.53966011725
108,109,2022-01-19 00:00:00,2022-01-19 04:00:00,481.0363110535646,469.2666982169138,-1,0.024467202508835495,3043.3571852775685,1,-0.0,2.4467202508835495,1.0,2.4467202508835495,Bearish,14400.0,0,Wednesday,Asia,2022,1,127428.52889334525,52488.068553462515,25059.53966011725
109,110,2022-01-19 04:00:00,2022-01-19 08:00:00,469.2666982169138,486.1301927722249,1,0.03593584334747768,4579.25165231079,1,0.0,3.593584334747768,1.0,3.593584334747768,Bearish,14400.0,4,Wednesday,Asia,2022,1,132007.78054565605,57067.32020577331,25059.53966011725
110,118,2022-01-19 08:00:00,2022-01-20 16:00:00,486.1301927722249,486.3245235711193,-1,-0.00039975052318008686,-52.770179336968106,8,-3.961405794652073,-0.0,0.0,-0.0,Bearish,115200.0,8,Wednesday,London,2022,1,131955.01036631907,57067.32020577331,25112.309839454218
118,123,2022-01-20 16:00:00,2022-01-21 12:00:00,486.3245235711193,485.3872543798497,1,-0.0019272505206752166,-254.3103624341921,5,-3.5943579148619564,0.0,0.0,0.0,Bearish,72000.0,16,Thursday,NY,2022,1,131700.70000388488,57067.32020577331,25366.62020188841
123,124,2022-01-21 12:00:00,2022-01-21 16:00:00,485.3872543798497,478.1508667882574,-1,0.014908482920174326,1963.457636582921,1,-0.0,1.4908482920174326,1.0,1.4908482920174326,Bearish,14400.0,12,Friday,London,2022,1,133664.1576404678,59030.77784235623,25366.62020188841
124,125,2022-01-21 16:00:00,2022-01-21 20:00:00,478.1508667882574,482.8090354748085,1,0.009742047981299518,1302.1626371134203,1,0.0,0.9742047981299518,1.0,0.9742047981299518,Bearish,14400.0,16,Friday,NY,2022,1,134966.32027758122,60332.940479469646,25366.62020188841
125,126,2022-01-21 20:00:00,2022-01-22 00:00:00,482.8090354748085,476.2683610862865,-1,0.013547125070038746,1828.4056210432998,1,-0.0,1.3547125070038746,1.0,1.3547125070038746,Bearish,14400.0,20,Friday,NY,2022,1,136794.7258986245,62161.34610051294,25366.62020188841
126,128,2022-01-22 00:00:00,2022-01-22 08:00:00,476.2683610862865,480.5509654613605,1,0.008991998471840734,1230.057966236304,2,-1.042382610816861,0.8991998471840734,1.0,0.8626389560349796,Bearish,28800.0,0,Saturday,Asia,2022,1,138024.78386486083,63391.404066749245,25366.62020188841
128,138,2022-01-22 08:00:00,2022-01-24 00:00:00,480.5509654613605,502.473196175226,-1,-0.045618950516140844,-6296.545785132123,10,-6.380436241077847,-0.0,0.0,-0.0,Bearish,144000.0,8,Saturday,London,2022,1,131728.2380797287,63391.404066749245,31663.165987020533
138,139,2022-01-24 00:00:00,2022-01-24 04:00:00,502.473196175226,509.505447132699,1,0.013995275789836725,1843.5730212350757,1,0.0,1.3995275789836725,1.0,1.3995275789836725,Sideways,14400.0,0,Monday,Asia,2022,1,133571.8111009638,65234.97708798432,31663.165987020533
139,147,2022-01-24 04:00:00,2022-01-25 12:00:00,509.505447132699,503.9051469369367,-1,0.010991639495276484,1468.173194352964,8,-1.0277971598593227,1.0991639495276484,1.0,1.0694366480620494,Bullish,115200.0,4,Monday,Asia,2022,1,135039.98429531674,66703.15028233729,31663.165987020533
147,152,2022-01-25 12:00:00,2022-01-26 08:00:00,503.9051469369367,509.1338974363037,1,0.010376457813838114,1401.236700221716,5,-1.5082191678372103,1.0376457813838114,1.0,0.687994028660833,Sideways,72000.0,12,Tuesday,London,2022,1,136441.22099553846,68104.38698255901,31663.165987020533
152,153,2022-01-26 08:00:00,2022-01-26 12:00:00,509.1338974363037,494.1972731629755,-1,0.029337320395558364,4002.8198155072982,1,-0.0,2.9337320395558364,1.0,2.9337320395558364,Bullish,14400.0,8,Wednesday,London,2022,1,140444.04081104576,72107.20679806631,31663.165987020533
153,170,2022-01-26 12:00:00,2022-01-29 08:00:00,494.1972731629755,432.6965236089214,1,-0.1244457484769903,-17477.66377786357,17,-14.264457879089953,0.0,0.0,0.0,Sideways,244800.0,12,Wednesday,London,2022,1,122966.37703318219,72107.20679806631,49140.8297648841
170,171,2022-01-29 08:00:00,2022-01-29 12:00:00,432.6965236089214,427.5758240321422,-1,0.011834390380744964,1455.2321095165503,1,-0.0,1.1834390380744964,1.0,1.1834390380744964,Bearish,14400.0,8,Saturday,London,2022,1,124421.60914269874,73562.43890758287,49140.8297648841
171,173,2022-01-29 12:00:00,2022-01-29 20:00:00,427.5758240321422,429.0584573167411,1,0.0034675330111448854,431.4360370020744,2,-0.6652123033256574,0.34675330111448854,1.0,0.5212671193556293,Bearish,28800.0,12,Saturday,London,2022,1,124853.04517970081,73993.87494458494,49140.8297648841
173,174,2022-01-29 20:00:00,2022-01-30 00:00:00,429.0584573167411,424.4145321723444,-1,0.010823525478180773,1351.3501155309475,1,-0.0,1.0823525478180773,1.0,1.0823525478180773,Bearish,14400.0,20,Saturday,NY,2022,1,126204.39529523175,75345.22506011589,49140.8297648841
174,177,2022-01-30 00:00:00,2022-01-30 12:00:00,424.4145321723444,428.1503783424001,1,0.008802352150700132,1110.8955303547934,3,-0.23590637394326208,0.8802352150700132,1.0,3.7312905130817655,Bearish,43200.0,0,Sunday,Asia,2022,1,127315.29082558655,76456.12059047069,49140.8297648841
177,178,2022-01-30 12:00:00,2022-01-30 16:00:00,428.1503783424001,422.4514783935988,-1,0.013310510131661624,1694.6314684494168,1,-0.0,1.3310510131661624,1.0,1.3310510131661624,Bearish,14400.0,12,Sunday,London,2022,1,129009.92229403596,78150.7520589201,49140.8297648841
178,184,2022-01-30 16:00:00,2022-01-31 16:00:00,422.4514783935988,421.2527089621463,1,-0.0028376499852974524,-366.0850041008968,6,-2.7304351710400576,0.0,0.0,0.0,Bearish,86400.0,16,Sunday,NY,2022,1,128643.83728993507,78150.7520589201,49506.914768985
184,186,2022-01-31 16:00:00,2022-02-01 00:00:00,421.2527089621463,416.8608735721796,-1,0.01042565494899006,1341.1962588988843,2,-0.0,1.042565494899006,1.0,1.042565494899006,Bearish,28800.0,16,Monday,NY,2022,1,129985.03354883395,79491.94831781898,49506.914768985
186,188,2022-02-01 00:00:00,2022-02-01 08:00:00,416.8608735721796,423.6530144950507,1,0.01629354384993631,2117.9168439633695,2,-0.07704131362635813,1.629354384993631,1.0,21.149099207936924,Bearish,28800.0,0,Tuesday,Asia,2022,2,132102.95039279733,81609.86516178235,49506.914768985
188,190,2022-02-01 08:00:00,2022-02-01 16:00:00,423.6530144950507,418.7842787826289,-1,0.011492272085505628,1518.16304921208,2,-0.0,1.1492272085505628,1.0,1.1492272085505628,Bearish,28800.0,8,Tuesday,London,2022,2,133621.1134420094,83128.02821099442,49506.914768985
190,194,2022-02-01 16:00:00,2022-02-02 08:00:00,418.7842787826289,417.6485305806462,1,-0.0027120125074518997,-362.3821309143788,4,-2.681986606186748,0.392099895876985,-0.6916636642777252,0.14619755929149592,Bearish,57600.0,16,Tuesday,NY,2022,2,133258.731311095,83128.02821099442,49869.29689989938
194,199,2022-02-02 08:00:00,2022-02-03 04:00:00,417.6485305806462,408.7126107683305,-1,0.021395788942181415,2851.1756898350527,5,-2.622107773783622,2.1395788942181415,1.0,0.8159767175133287,Bearish,72000.0,8,Wednesday,London,2022,2,136109.90700093008,85979.20390082948,49869.29689989938
199,209,2022-02-03 04:00:00,2022-02-04 20:00:00,408.7126107683305,397.6288505813355,1,-0.027118713479769685,-3691.1255697163224,10,-5.900120810956977,0.0,0.0,0.0,Bearish,144000.0,4,Thursday,Asia,2022,2,132418.78143121375,85979.20390082948,53560.4224696157
209,214,2022-02-04 20:00:00,2022-02-05 16:00:00,397.6288505813355,394.1465149697593,-1,0.008757753886532549,1159.6910977291168,5,-0.35221829031075735,2.0021332308278184,0.4374211342025174,5.684353385116269,Bearish,72000.0,20,Friday,NY,2022,2,133578.47252894286,87138.8949985586,53560.4224696157
214,217,2022-02-05 16:00:00,2022-02-06 04:00:00,394.1465149697593,393.1021377570747,1,-0.002649718246943711,-353.9453160588093,3,-1.070806643393385,0.0,0.0,0.0,Bearish,43200.0,16,Saturday,NY,2022,2,133224.52721288404,87138.8949985586,53914.36778567451
217,218,2022-02-06 04:00:00,2022-02-06 08:00:00,393.1021377570747,386.7280575695333,-1,0.016214819445933393,2160.2116545267554,1,-0.0,1.6214819445933393,1.0,1.6214819445933393,Bearish,14400.0,4,Sunday,Asia,2022,2,135384.7388674108,89299.10665308534,53914.36778567451
218,219,2022-02-06 08:00:00,2022-02-06 12:00:00,386.7280575695333,394.1203498824543,1,0.019114962486506126,2587.8742046959865,1,0.0,1.9114962486506126,1.0,1.9114962486506126,Bearish,14400.0,8,Sunday,London,2022,2,137972.6130721068,91886.98085778132,53914.36778567451
219,227,2022-02-06 12:00:00,2022-02-07 20:00:00,394.1203498824543,399.5890475961543,-1,-0.013875705010743422,-1914.4672785499963,8,-3.8274631811126447,-0.0,0.0,-0.0,Bearish,115200.0,12,Sunday,London,2022,2,136058.14579355682,91886.98085778132,55828.835064224506
227,239,2022-02-07 20:00:00,2022-02-09 20:00:00,399.5890475961543,346.5826914256162,1,-0.13265217475156899,-18048.40893218135,12,-14.958174348751484,0.0,0.0,0.0,Bearish,172800.0,20,Monday,NY,2022,2,118009.73686137545,91886.98085778132,73877.24399640586
239,241,2022-02-09 20:00:00,2022-02-10 04:00:00,346.5826914256162,342.0078327029278,-1,0.013199905349774999,1557.7173569220101,2,-0.0,1.3199905349774999,1.0,1.3199905349774999,Bearish,28800.0,20,Wednesday,NY,2022,2,119567.45421829747,93444.69821470333,73877.24399640586
241,242,2022-02-10 04:00:00,2022-02-10 08:00:00,342.0078327029278,346.8414912525824,1,0.014133180843998838,1689.8684535237503,1,0.0,1.4133180843998838,1.0,1.4133180843998838,Bearish,14400.0,4,Thursday,Asia,2022,2,121257.32267182122,95134.56666822708,73877.24399640586
242,246,2022-02-10 08:00:00,2022-02-11 00:00:00,346.8414912525824,345.6143094463665,-1,0.003538163216240453,429.0281987772375,4,-0.4098318466026152,0.3538163216240453,1.0,0.8633207120361143,Bearish,57600.0,8,Thursday,London,2022,2,121686.35087059846,95563.59486700431,73877.24399640586
246,249,2022-02-11 00:00:00,2022-02-11 12:00:00,345.6143094463665,346.3600178531909,1,0.0021576317485780816,262.55433400701537,3,-2.6704511035389844,0.21576317485780816,1.0,0.08079652706311323,Bearish,43200.0,0,Friday,Asia,2022,2,121948.90520460547,95826.14920101133,73877.24399640586
249,253,2022-02-11 12:00:00,2022-02-12 04:00:00,346.3600178531909,345.9507242061041,-1,0.001181700040390643,144.10702620587702,4,-2.356993898792026,0.1181700040390643,1.0,0.05013589729681828,Bearish,57600.0,12,Friday,London,2022,2,122093.01223081135,95970.2562272172,73877.24399640586
253,258,2022-02-12 04:00:00,2022-02-13 00:00:00,345.9507242061041,344.7821129936528,1,-0.003377970128934038,-412.426548267259,5,-3.7452817355661083,0.0,0.0,0.0,Bearish,72000.0,4,Saturday,Asia,2022,2,121680.58568254409,95970.2562272172,74289.67054467312
258,267,2022-02-13 00:00:00,2022-02-14 12:00:00,344.7821129936528,340.5472333692987,-1,0.012282770668071374,1494.5747286952985,9,-1.9228183709544044,1.2282770668071374,1.0,0.6387899581994703,Bearish,129600.0,0,Sunday,Asia,2022,2,123175.16041123938,97464.8309559125,74289.67054467312
267,269,2022-02-14 12:00:00,2022-02-14 20:00:00,340.5472333692987,347.586753003704,1,0.0206711990132995,2546.17825435582,2,-1.0164337428276826,2.06711990132995,1.0,2.0336986212001342,Bearish,28800.0,12,Monday,London,2022,2,125721.3386655952,100011.00921026833,74289.67054467312
269,284,2022-02-14 20:00:00,2022-02-17 08:00:00,347.586753003704,397.092633821675,-1,-0.14242740953204125,-17906.164589041186,15,-17.261819983846216,-0.0,0.0,-0.0,Bearish,216000.0,20,Monday,NY,2022,2,107815.17407655402,100011.00921026833,92195.83513371431
284,290,2022-02-17 08:00:00,2022-02-18 08:00:00,397.092633821675,397.6595723084858,1,0.0014277235046000758,153.93025818164497,6,-3.5441676518761067,0.2698839229221095,0.5290139142568071,0.07614874617436518,Bullish,86400.0,8,Thursday,London,2022,2,107969.10433473566,100164.93946844997,92195.83513371431
290,293,2022-02-18 08:00:00,2022-02-18 20:00:00,397.6595723084858,383.1693271827496,-1,0.03643881886614142,3934.266635992958,3,-0.04056280055857453,3.643881886614142,1.0,89.83309427445008,Bullish,43200.0,8,Friday,London,2022,2,111903.37097072862,104099.20610444293,92195.83513371431
293,298,2022-02-18 20:00:00,2022-02-19 16:00:00,383.1693271827496,384.3409715345093,1,0.0030577717699227236,342.1749687134841,5,-3.5520008379681056,0.30577717699227236,1.0,0.08608589663711617,Bullish,72000.0,20,Friday,NY,2022,2,112245.5459394421,104441.38107315642,92195.83513371431
298,300,2022-02-19 16:00:00,2022-02-20 00:00:00,384.3409715345093,375.8681908045746,-1,0.022044958402708148,2474.4483911242683,2,-0.0,2.204495840270815,1.0,2.204495840270815,Bullish,28800.0,16,Saturday,NY,2022,2,114719.99433056638,106915.82946428069,92195.83513371431
300,302,2022-02-20 00:00:00,2022-02-20 08:00:00,375.8681908045746,383.7234779319496,1,0.02089904737764625,2397.5385966778167,2,0.0,2.089904737764625,1.0,2.089904737764625,Bullish,28800.0,0,Sunday,Asia,2022,2,117117.53292724419,109313.3680609585,92195.83513371431
302,308,2022-02-20 08:00:00,2022-02-21 08:00:00,383.7234779319496,378.9923316376859,-1,0.012329572117301568,1444.0090684268987,6,-2.3591688527616173,1.2329572117301568,1.0,0.5226235545992693,Bullish,86400.0,8,Sunday,London,2022,2,118561.54199567108,110757.3771293854,92195.83513371431
308,311,2022-02-21 08:00:00,2022-02-21 20:00:00,378.9923316376859,381.005487402193,1,0.005311864110305153,629.7827997892426,3,-1.004116224999152,0.5311864110305153,1.0,0.5290088914069324,Bullish,43200.0,8,Monday,London,2022,2,119191.32479546033,111387.15992917464,92195.83513371431
311,312,2022-02-21 20:00:00,2022-02-22 00:00:00,381.005487402193,373.5711298435115,-1,0.019512468466979627,2325.716966608947,1,-0.0,1.9512468466979627,1.0,1.9512468466979627,Bullish,14400.0,20,Monday,NY,2022,2,121517.04176206928,113712.87689578359,92195.83513371431
312,321,2022-02-22 00:00:00,2022-02-23 12:00:00,373.5711298435115,374.5202580165384,1,0.0025406893017252408,308.73704798218876,9,-3.015235756399459,0.7756788454654107,0.32754397217070114,0.2572531331320046,Bullish,129600.0,0,Tuesday,Asia,2022,2,121825.77881005146,114021.61394376577,92195.83513371431
321,325,2022-02-23 12:00:00,2022-02-24 04:00:00,374.5202580165384,369.3959355070959,-1,0.013682364037077566,1666.8646547796147,4,-0.8186267540971848,1.3682364037077566,1.0,1.6713800237529544,Bullish,57600.0,12,Wednesday,London,2022,2,123492.64346483108,115688.47859854538,92195.83513371431
325,327,2022-02-24 04:00:00,2022-02-24 12:00:00,369.3959355070959,376.8231066600424,1,0.020106261165951267,2482.975341577599,2,0.0,2.0106261165951267,1.0,2.0106261165951267,Sideways,28800.0,4,Thursday,Asia,2022,2,125975.61880640867,118171.45394012297,92195.83513371431
327,335,2022-02-24 12:00:00,2022-02-25 20:00:00,376.8231066600424,390.5501257296578,-1,-0.03642828379417673,-4589.075593026883,8,-4.939790388176424,-0.0,0.0,-0.0,Sideways,115200.0,12,Thursday,London,2022,2,121386.5432133818,118171.45394012297,96784.91072674119
335,337,2022-02-25 20:00:00,2022-02-26 04:00:00,390.5501257296578,391.8168746025388,1,0.0032434988223710715,393.7171099642991,2,0.0,0.32434988223710715,1.0,0.32434988223710715,Sideways,28800.0,20,Friday,NY,2022,2,121780.2603233461,118565.17105008727,96784.91072674119
337,340,2022-02-26 04:00:00,2022-02-26 16:00:00,391.8168746025388,389.4492710011908,-1,0.00604262795917021,735.8728059048779,3,-2.896586486658914,0.604262795917021,1.0,0.20861203306033915,Sideways,43200.0,4,Saturday,Asia,2022,2,122516.13312925097,119301.04385599215,96784.91072674119
340,344,2022-02-26 16:00:00,2022-02-27 08:00:00,389.4492710011908,401.7216424741363,1,0.03151211823145994,3860.742872430243,4,-0.5150946044373494,3.151211823145994,1.0,6.117734093891627,Sideways,57600.0,16,Saturday,NY,2022,2,126376.87600168122,123161.78672842239,96784.91072674119
344,357,2022-02-27 08:00:00,2022-03-01 12:00:00,401.7216424741363,423.9362292904818,-1,-0.05529845661172139,-6988.446194303864,13,-9.366087863180073,0.7023899768996311,-7.87289944765589,0.07499288786953022,Bullish,187200.0,8,Sunday,London,2022,2,119388.42980737735,123161.78672842239,103773.35692104505
357,358,2022-03-01 12:00:00,2022-03-01 16:00:00,423.9362292904818,431.6946753008044,1,0.018300974236874046,2184.9245780856586,1,0.0,1.8300974236874046,1.0,1.8300974236874046,Bullish,14400.0,12,Tuesday,London,2022,3,121573.35438546301,125346.71130650805,103773.35692104505
358,359,2022-03-01 16:00:00,2022-03-01 20:00:00,431.6946753008044,424.6252552260455,-1,0.016375972369436664,1990.8818922760743,1,-0.0,1.6375972369436664,1.0,1.6375972369436664,Bullish,14400.0,16,Tuesday,NY,2022,3,123564.23627773908,127337.59319878412,103773.35692104505
359,361,2022-03-01 20:00:00,2022-03-02 04:00:00,424.6252552260455,429.1346323807938,1,0.010619663101168575,1312.2105606227813,2,0.0,1.0619663101168575,1.0,1.0619663101168575,Bullish,28800.0,20,Tuesday,NY,2022,3,124876.44683836187,128649.8037594069,103773.35692104505
361,362,2022-03-02 04:00:00,2022-03-02 08:00:00,429.1346323807938,424.8482061023179,-1,0.009988534960917228,1247.3327550400993,1,-0.0,0.9988534960917228,1.0,0.9988534960917228,Bullish,14400.0,4,Wednesday,Asia,2022,3,126123.77959340197,129897.136514447,103773.35692104505
362,363,2022-03-02 08:00:00,2022-03-02 12:00:00,424.8482061023179,429.5017994045725,1,0.01095354349015154,1381.502304918616,1,0.0,1.095354349015154,1.0,1.095354349015154,Bullish,14400.0,8,Wednesday,London,2022,3,127505.28189832058,131278.63881936562,103773.35692104505
363,364,2022-03-02 12:00:00,2022-03-02 16:00:00,429.5017994045725,409.3176657262865,-1,0.046994293635713946,5992.02065763416,1,-0.0,4.699429363571395,1.0,4.699429363571395,Bullish,14400.0,12,Wednesday,London,2022,3,133497.30255595475,137270.65947699978,103773.35692104505
364,368,2022-03-02 16:00:00,2022-03-03 08:00:00,409.3176657262865,417.5251391204148,1,0.0200515982606444,2676.8342797317014,4,0.0,2.00515982606444,1.0,2.00515982606444,Bullish,57600.0,16,Wednesday,NY,2022,3,136174.13683568646,139947.49375673148,103773.35692104505
368,376,2022-03-03 08:00:00,2022-03-04 16:00:00,417.5251391204148,427.9394573267417,-1,-0.024942972842944,-3396.5877970038673,8,-5.377366044764353,-0.0,0.0,-0.0,Bullish,115200.0,8,Thursday,London,2022,3,132777.5490386826,139947.49375673148,107169.94471804892
376,379,2022-03-04 16:00:00,2022-03-05 04:00:00,427.9394573267417,433.88461599026,1,0.013892522789687556,1844.615125978755,3,0.0,1.3892522789687556,1.0,1.3892522789687556,Bullish,43200.0,16,Friday,NY,2022,3,134622.16416466134,141792.10888271022,107169.94471804892
379,382,2022-03-05 04:00:00,2022-03-05 16:00:00,433.88461599026,440.293900575272,-1,-0.014771864105815435,-1988.620314671154,3,-3.981324285085752,-0.0,0.0,-0.0,Bullish,43200.0,4,Saturday,Asia,2022,3,132633.54384999018,141792.10888271022,109158.56503272007
382,385,2022-03-05 16:00:00,2022-03-06 04:00:00,440.293900575272,448.2275248135149,1,0.018018928329184503,2389.914320678723,3,-0.3613514539925311,1.8018928329184503,1.0,4.986538210956511,Bullish,43200.0,16,Saturday,NY,2022,3,135023.45817066892,144182.02320338893,109158.56503272007
385,389,2022-03-06 04:00:00,2022-03-06 20:00:00,448.2275248135149,447.7241388386481,-1,0.0011230590425614917,151.63931565649304,4,-1.2021407707570875,0.11230590425614917,1.0,0.09342159170379094,Bullish,57600.0,4,Sunday,Asia,2022,3,135175.09748632542,144333.66251904544,109158.56503272007
389,404,2022-03-06 20:00:00,2022-03-09 08:00:00,447.7241388386481,408.9338439916613,1,-0.0866388284259253,-11711.412078575471,15,-9.948890200379779,0.0,0.0,0.0,Bullish,216000.0,20,Sunday,NY,2022,3,123463.68540774993,144333.66251904544,120869.97711129553
404,405,2022-03-09 08:00:00,2022-03-09 12:00:00,408.9338439916613,405.3403760128616,-1,0.008787406646814433,1084.9256097922678,1,-0.0,0.8787406646814433,1.0,0.8787406646814433,Bearish,14400.0,8,Wednesday,London,2022,3,124548.6110175422,145418.5881288377,120869.97711129553
405,406,2022-03-09 12:00:00,2022-03-09 16:00:00,405.3403760128616,411.3713219645325,1,0.014878719980956356,1853.123907347066,1,0.0,1.4878719980956356,1.0,1.4878719980956356,Bearish,14400.0,12,Wednesday,London,2022,3,126401.73492488927,147271.71203618476,120869.97711129553
406,407,2022-03-09 16:00:00,2022-03-09 20:00:00,411.3713219645325,398.8010068443873,-1,0.030557101209959914,3862.470607214366,1,-0.0,3.0557101209959914,1.0,3.0557101209959914,Bearish,14400.0,16,Wednesday,NY,2022,3,130264.20553210363,151134.18264339914,120869.97711129553
407,410,2022-03-09 20:00:00,2022-03-10 08:00:00,398.8010068443873,408.1255585759127,1,0.023381464869680846,3045.767945425766,3,-2.13599899650877,2.3381464869680846,1.0,1.0946383826910588,Bearish,43200.0,20,Wednesday,NY,2022,3,133309.97347752942,154179.9505888249,120869.97711129553
410,412,2022-03-10 08:00:00,2022-03-10 16:00:00,408.1255585759127,402.8553457613422,-1,0.012913214337666123,1721.4602608639232,2,-1.3670518135360021,1.2913214337666123,1.0,0.9446031386524361,Bearish,28800.0,8,Thursday,London,2022,3,135031.43373839333,155901.4108496888,120869.97711129553
412,414,2022-03-10 16:00:00,2022-03-11 00:00:00,402.8553457613422,407.1665402149205,1,0.010701594254460378,1445.0516154663371,2,-0.8298351036162499,1.0701594254460378,1.0,1.2896049116053347,Bearish,28800.0,16,Thursday,NY,2022,3,136476.48535385967,157346.46246515514,120869.97711129553
414,415,2022-03-11 00:00:00,2022-03-11 04:00:00,407.1665402149205,391.5133002499039,-1,0.03844431803446835,5246.745407170241,1,-0.0,3.844431803446835,1.0,3.844431803446835,Sideways,14400.0,0,Friday,Asia,2022,3,141723.2307610299,162593.20787232538,120869.97711129553
415,419,2022-03-11 04:00:00,2022-03-11 20:00:00,391.5133002499039,399.5152514592976,1,0.02043851691445986,2896.6126490812067,4,0.0,2.043851691445986,1.0,2.043851691445986,Bearish,57600.0,4,Friday,Asia,2022,3,144619.84341011112,165489.8205214066,120869.97711129553
419,424,2022-03-11 20:00:00,2022-03-12 16:00:00,399.5152514592976,401.2686054591819,-1,-0.004388703543806827,-634.6936192787429,5,-2.709070171773398,-0.0,0.0,-0.0,Bearish,72000.0,20,Friday,NY,2022,3,143985.14979083237,165489.8205214066,121504.67073057427
424,429,2022-03-12 16:00:00,2022-03-13 12:00:00,401.2686054591819,402.8619543212443,1,0.003970778776074546,571.7331768593514,5,-1.4064935903613907,0.3970778776074546,1.0,0.2823175877434519,Bearish,72000.0,16,Saturday,NY,2022,3,144556.88296769172,166061.55369826595,121504.67073057427
429,430,2022-03-13 12:00:00,2022-03-13 16:00:00,402.8619543212443,392.1540806511447,-1,0.026579510810695983,3842.2512336002756,1,-0.0,2.6579510810695983,1.0,2.6579510810695983,Bearish,14400.0,12,Sunday,London,2022,3,148399.134201292,169903.80493186624,121504.67073057427
430,435,2022-03-13 16:00:00,2022-03-14 12:00:00,392.1540806511447,388.8428155486524,1,-0.008443785914439839,-1253.0505190839365,5,-2.437764014018695,0.0,0.0,0.0,Bearish,72000.0,16,Sunday,NY,2022,3,147146.08368220806,169903.80493186624,122757.7212496582
435,445,2022-03-14 12:00:00,2022-03-16 04:00:00,388.8428155486524,407.035441919411,-1,-0.04678658224683674,-6884.4623464975475,10,-5.856284279206481,-0.0,0.0,-0.0,Bearish,144000.0,12,Monday,London,2022,3,140261.62133571052,169903.80493186624,129642.18359615575
445,448,2022-03-16 04:00:00,2022-03-16 16:00:00,407.035441919411,411.5643671375882,1,0.011126611473488923,1560.636565244075,3,-1.1127313067165412,1.1126611473488923,1.0,0.9999369485092894,Sideways,43200.0,4,Wednesday,Asia,2022,3,141822.25790095457,171464.44149711033,129642.18359615575
448,449,2022-03-16 16:00:00,2022-03-16 20:00:00,411.5643671375882,406.9210345628782,-1,0.011282154009114365,1600.0605555589061,1,-0.0,1.1282154009114365,1.0,1.1282154009114365,Sideways,14400.0,16,Wednesday,NY,2022,3,143422.3184565135,173064.50205266924,129642.18359615575
449,467,2022-03-16 20:00:00,2022-03-19 20:00:00,406.9210345628782,358.9980824172311,1,-0.1177696606348374,-16890.79777208517,18,-14.073004936134648,0.0,0.0,0.0,Sideways,259200.0,20,Wednesday,NY,2022,3,126531.52068442832,173064.50205266924,146532.98136824093
467,469,2022-03-19 20:00:00,2022-03-20 04:00:00,358.9980824172311,355.2999434978037,-1,0.010301277640612505,1303.4363248592,2,-0.34204229350462967,1.0301277640612505,1.0,3.011697043387143,Bearish,28800.0,20,Saturday,NY,2022,3,127834.95700928752,174367.93837752845,146532.98136824093
469,470,2022-03-20 04:00:00,2022-03-20 08:00:00,355.2999434978037,359.9883598275906,1,0.013195657403238137,1686.8662968522337,1,0.0,1.3195657403238137,1.0,1.3195657403238137,Bearish,14400.0,4,Sunday,Asia,2022,3,129521.82330613976,176054.8046743807,146532.98136824093
470,471,2022-03-20 08:00:00,2022-03-20 12:00:00,359.9883598275906,357.0721845132005,-1,0.008100748912511335,1049.223769293697,1,-0.0,0.8100748912511335,1.0,0.8100748912511335,Bearish,14400.0,8,Sunday,London,2022,3,130571.04707543345,177104.02844367438,146532.98136824093
471,476,2022-03-20 12:00:00,2022-03-21 08:00:00,357.0721845132005,351.4922840386624,1,-0.015626813615138513,-2040.409416181275,5,-4.552700572491897,0.0,0.0,0.0,Bearish,72000.0,12,Sunday,London,2022,3,128530.63765925218,177104.02844367438,148573.3907844222
476,486,2022-03-21 08:00:00,2022-03-23 00:00:00,351.4922840386624,365.8291263126827,-1,-0.04078849785630956,-5242.5716386345075,10,-5.4054794368723735,-0.0,0.0,-0.0,Bearish,144000.0,8,Monday,London,2022,3,123288.06602061767,177104.02844367438,153815.9624230567
486,487,2022-03-23 00:00:00,2022-03-23 04:00:00,365.8291263126827,375.5869528348806,1,0.0266731810573706,3288.484907180995,1,0.0,2.66731810573706,1.0,2.66731810573706,Bearish,14400.0,0,Wednesday,Asia,2022,3,126576.55092779867,180392.51335085538,153815.9624230567
487,492,2022-03-23 04:00:00,2022-03-24 00:00:00,375.5869528348806,371.5250703410213,-1,0.010814759307267607,1368.894932228243,5,-1.3051159847046856,1.0814759307267607,1.0,0.8286435408048972,Bearish,72000.0,4,Wednesday,Asia,2022,3,127945.44586002691,181761.40828308364,153815.9624230567
492,496,2022-03-24 00:00:00,2022-03-24 16:00:00,371.5250703410213,370.9819829951419,1,-0.0014617784618974339,-187.02789705605153,4,-2.270127528471877,0.0,0.0,0.0,Bearish,57600.0,0,Thursday,Asia,2022,3,127758.41796297085,181761.40828308364,154002.99032011276
496,499,2022-03-24 16:00:00,2022-03-25 04:00:00,370.9819829951419,368.5271252225797,-1,0.00661718866437333,845.4015551228408,3,-1.2611852381434252,0.661718866437333,1.0,0.5246801551621719,Bearish,43200.0,16,Thursday,NY,2022,3,128603.8195180937,182606.80983820648,154002.99032011276
499,503,2022-03-25 04:00:00,2022-03-25 20:00:00,368.5271252225797,361.519037618745,1,-0.019016477008583776,-2445.5915770818865,4,-4.03981363479512,0.0,0.0,0.0,Bearish,57600.0,4,Friday,Asia,2022,3,126158.2279410118,182606.80983820648,156448.58189719464
503,505,2022-03-25 20:00:00,2022-03-26 04:00:00,361.519037618745,351.408301028216,-1,0.027967369732798786,3528.313805660984,2,-0.29772941256225316,2.7967369732798786,1.0,9.393552854624668,Bearish,28800.0,20,Friday,NY,2022,3,129686.5417466728,186135.12364386747,156448.58189719464
505,506,2022-03-26 04:00:00,2022-03-26 08:00:00,351.408301028216,361.3022614695087,1,0.028155169961390003,3651.346624582473,1,0.0,2.8155169961390003,1.0,2.8155169961390003,Bearish,14400.0,4,Saturday,Asia,2022,3,133337.88837125528,189786.47026844995,156448.58189719464
506,513,2022-03-26 08:00:00,2022-03-27 12:00:00,361.3022614695087,374.4497153528815,-1,-0.03638907165955385,-4852.0419748752,7,-5.93411533770416,-0.0,0.0,-0.0,Bearish,100800.0,8,Saturday,London,2022,3,128485.84639638008,189786.47026844995,161300.62387206985
513,516,2022-03-27 12:00:00,2022-03-28 00:00:00,374.4497153528815,377.5121084683366,1,0.00817838281054395,1050.806437566345,3,0.0,0.8178382810543949,1.0,0.8178382810543949,Bullish,43200.0,12,Sunday,London,2022,3,129536.65283394641,190837.2767060163,161300.62387206985
516,517,2022-03-28 00:00:00,2022-03-28 04:00:00,377.5121084683366,375.394092867071,-1,0.0056104573966089255,726.7598720241772,1,-0.0,0.5610457396608926,1.0,0.5610457396608926,Bullish,14400.0,0,Monday,Asia,2022,3,130263.4127059706,191564.03657804048,161300.62387206985
517,518,2022-03-28 04:00:00,2022-03-28 08:00:00,375.394092867071,384.6128504572141,1,0.024557545697469374,3198.9497102351856,1,0.0,2.4557545697469374,1.0,2.4557545697469374,Bullish,14400.0,4,Monday,Asia,2022,3,133462.36241620578,194762.98628827566,161300.62387206985
518,522,2022-03-28 08:00:00,2022-03-29 00:00:00,384.6128504572141,373.4000380048943,-1,0.029153504462969382,3890.8955783392926,4,-0.156625127869936,2.915350446296938,1.0,18.613555091350936,Bullish,57600.0,8,Monday,London,2022,3,137353.25799454507,198653.88186661495,161300.62387206985
522,524,2022-03-29 00:00:00,2022-03-29 08:00:00,373.4000380048943,379.2721085275781,1,0.01572595052228354,2160.0105392966616,2,-0.12421778919530224,1.5725950522283538,1.0,12.65998261936405,Bullish,28800.0,0,Tuesday,Asia,2022,3,139513.26853384174,200813.8924059116,161300.62387206985
524,528,2022-03-29 08:00:00,2022-03-30 00:00:00,379.2721085275781,381.872393002144,-1,-0.006855986549237247,-956.5010925081431,4,-1.7162781082314948,-0.0,0.0,-0.0,Bullish,57600.0,8,Tuesday,London,2022,3,138556.7674413336,200813.8924059116,162257.124964578
528,529,2022-03-30 00:00:00,2022-03-30 04:00:00,381.872393002144,385.3074828306096,1,0.008995386656417192,1246.3716969980724,1,0.0,0.8995386656417192,1.0,0.8995386656417192,Bullish,14400.0,0,Wednesday,Asia,2022,3,139803.13913833167,202060.26410290968,162257.124964578
529,531,2022-03-30 04:00:00,2022-03-30 12:00:00,385.3074828306096,383.4488122535186,-1,0.004823863173994303,674.3912144981997,2,-0.0,0.4823863173994303,1.0,0.4823863173994303,Bullish,28800.0,4,Wednesday,Asia,2022,3,140477.53035282987,202734.6553174079,162257.124964578
531,533,2022-03-30 12:00:00,2022-03-30 20:00:00,383.4488122535186,393.0106380971064,1,0.024936381436137856,3503.001280084799,2,-0.29532562109375604,2.4936381436137856,1.0,8.443690508051581,Bullish,28800.0,12,Wednesday,London,2022,3,143980.53163291467,206237.6565974927,162257.124964578
533,541,2022-03-30 20:00:00,2022-04-01 04:00:00,393.0106380971064,401.7672164966626,-1,-0.022280766856475287,-3207.996657184337,8,-4.594319229011856,-0.0,0.0,-0.0,Bullish,115200.0,20,Wednesday,NY,2022,3,140772.53497573032,206237.6565974927,165465.12162176232
541,544,2022-04-01 04:00:00,2022-04-01 16:00:00,401.7672164966626,414.2058614229035,1,0.030959830507585107,4358.293822971708,3,-0.8296592101974309,3.0959830507585107,1.0,3.7316322324943165,Bullish,43200.0,4,Friday,Asia,2022,4,145130.82879870204,210595.9504204644,165465.12162176232
544,554,2022-04-01 16:00:00,2022-04-03 08:00:00,414.2058614229035,441.2105859380701,-1,-0.06519638428678531,-9462.005286219828,10,-7.70881518283093,-0.0,0.0,-0.0,Bullish,144000.0,16,Friday,NY,2022,4,135668.82351248222,210595.9504204644,174927.12690798214
554,555,2022-04-03 08:00:00,2022-04-03 12:00:00,441.2105859380701,446.1173566643798,1,0.011121153668326667,1508.7938342834047,1,0.0,1.1121153668326667,1.0,1.1121153668326667,Bullish,14400.0,8,Sunday,London,2022,4,137177.61734676562,212104.74425474778,174927.12690798214
555,556,2022-04-03 12:00:00,2022-04-03 16:00:00,446.1173566643798,442.7092065102855,-1,0.007639582058804106,1047.9796643518455,1,-0.0,0.7639582058804106,1.0,0.7639582058804106,Bullish,14400.0,12,Sunday,London,2022,4,138225.59701111744,213152.72391909963,174927.12690798214
556,558,2022-04-03 16:00:00,2022-04-04 00:00:00,442.7092065102855,445.0593659481605,1,0.0053085849657394935,733.782326173584,2,-0.4348232347413883,0.5308584965739493,1.0,1.2208604650339767,Bullish,28800.0,16,Sunday,NY,2022,4,138959.37933729103,213886.50624527322,174927.12690798214
558,559,2022-04-04 00:00:00,2022-04-04 04:00:00,445.0593659481605,442.3124719042849,-1,0.006171972222230648,857.6534292881719,1,-0.0,0.6171972222230648,1.0,0.6171972222230648,Bullish,14400.0,0,Monday,Asia,2022,4,139817.0327665792,214744.1596745614,174927.12690798214
559,560,2022-04-04 04:00:00,2022-04-04 08:00:00,442.3124719042849,447.3172676502875,1,0.011315068111137583,1582.0392488509992,1,0.0,1.1315068111137583,1.0,1.1315068111137583,Bullish,14400.0,4,Monday,Asia,2022,4,141399.0720154302,216326.19892341242,174927.12690798214
560,562,2022-04-04 08:00:00,2022-04-04 16:00:00,447.3172676502875,444.2866430437244,-1,0.006775112041801257,957.9945555112646,2,-0.0,0.6775112041801257,1.0,0.6775112041801257,Bullish,28800.0,8,Monday,London,2022,4,142357.06657094148,217284.1934789237,174927.12690798214
562,563,2022-04-04 16:00:00,2022-04-04 20:00:00,444.2866430437244,453.2142359538396,1,0.020094218563389443,2860.5540097194803,1,0.0,2.0094218563389443,1.0,2.0094218563389443,Bullish,14400.0,16,Monday,NY,2022,4,145217.62058066094,220144.7474886432,174927.12690798214
563,571,2022-04-04 20:00:00,2022-04-06 04:00:00,453.2142359538396,482.6937482613587,-1,-0.06504542436862382,-9445.741756470896,8,-9.067637415010466,-0.0,0.0,-0.0,Bullish,115200.0,20,Monday,NY,2022,4,135771.87882419006,220144.7474886432,184372.86866445304
571,574,2022-04-06 04:00:00,2022-04-06 16:00:00,482.6937482613587,492.8611132149918,1,0.021063800785188436,2859.871807783485,3,-0.9138254535507984,2.1063800785188436,1.0,2.3050135781775447,Bullish,43200.0,4,Wednesday,Asia,2022,4,138631.75063197355,223004.61929642668,184372.86866445304
574,580,2022-04-06 16:00:00,2022-04-07 16:00:00,492.8611132149918,490.4869723075997,-1,0.0048170586880050825,667.7972788151026,6,-0.3480810105858545,1.7889356247384414,0.269269537785038,5.139423209923136,Bullish,86400.0,16,Wednesday,NY,2022,4,139299.54791078865,223672.41657524178,184372.86866445304
580,582,2022-04-07 16:00:00,2022-04-08 00:00:00,490.4869723075997,492.2757501134621,1,0.0036469425425240676,508.01744743022493,2,-0.22196996950210046,0.36469425425240676,1.0,1.6429891623197963,Bullish,28800.0,16,Thursday,NY,2022,4,139807.56535821885,224180.434022672,184372.86866445304
582,583,2022-04-08 00:00:00,2022-04-08 04:00:00,492.2757501134621,484.8848617509383,-1,0.015013716115043874,2099.0310970237415,1,-0.0,1.5013716115043874,1.0,1.5013716115043874,Bullish,14400.0,0,Friday,Asia,2022,4,141906.5964552426,226279.46511969576,184372.86866445304
583,589,2022-04-08 04:00:00,2022-04-09 04:00:00,484.8848617509383,473.0709830969145,1,-0.024364296735029822,-3457.454424693664,6,-6.0364086538378325,0.0,0.0,0.0,Bullish,86400.0,4,Friday,Asia,2022,4,138449.14203054894,226279.46511969576,187830.3230891467
589,601,2022-04-09 04:00:00,2022-04-11 04:00:00,473.0709830969145,501.6447649694865,-1,-0.06040062251444045,-8362.414365235343,12,-9.066702946486927,-0.0,0.0,-0.0,Bullish,172800.0,4,Saturday,Asia,2022,4,130086.7276653136,226279.46511969576,196192.73745438203
601,604,2022-04-11 04:00:00,2022-04-11 16:00:00,501.6447649694865,497.4071129086316,1,-0.008447515765688696,-1098.9096828595893,3,-3.3089926911564427,0.0,0.0,0.0,Bullish,43200.0,4,Monday,Asia,2022,4,128987.81798245401,226279.46511969576,197291.6471372416
604,605,2022-04-11 16:00:00,2022-04-11 20:00:00,497.4071129086316,488.6024391977372,-1,0.017701141544615773,2283.231623638556,1,-0.0,1.7701141544615773,1.0,1.7701141544615773,Bullish,14400.0,16,Monday,NY,2022,4,131271.04960609257,228562.69674333432,197291.6471372416
605,609,2022-04-11 20:00:00,2022-04-12 12:00:00,488.6024391977372,505.192663788346,1,0.03395444488130095,4457.235618360595,4,0.0,3.395444488130095,1.0,3.395444488130095,Bullish,57600.0,20,Monday,NY,2022,4,135728.28522445317,233019.93236169493,197291.6471372416
609,616,2022-04-12 12:00:00,2022-04-13 16:00:00,505.192663788346,505.7269343650499,-1,-0.0010575580664562434,-143.5405428853943,7,-1.1368246380536684,0.20929957524072895,-0.5052843825602024,0.1841089366246196,Bullish,100800.0,12,Tuesday,London,2022,4,135584.74468156777,233019.93236169493,197435.187680127
616,625,2022-04-13 16:00:00,2022-04-15 04:00:00,505.7269343650499,475.8679374146358,1,-0.05904173758888809,-8005.158916545519,9,-7.956388550289207,0.0,0.0,0.0,Bullish,129600.0,16,Wednesday,NY,2022,4,127579.58576502225,233019.93236169493,205440.34659667252
625,626,2022-04-15 04:00:00,2022-04-15 08:00:00,475.8679374146358,472.7919257534786,-1,0.006464002760658727,824.6747945888012,1,-0.0,0.6464002760658727,1.0,0.6464002760658727,Sideways,14400.0,4,Friday,Asia,2022,4,128404.26055961105,233844.60715628372,205440.34659667252
626,627,2022-04-15 08:00:00,2022-04-15 12:00:00,472.7919257534786,480.3849394914417,1,0.016059947990571644,2062.1657463551646,1,0.0,1.6059947990571644,1.0,1.6059947990571644,Bearish,14400.0,8,Friday,London,2022,4,130466.42630596622,235906.77290263888,205440.34659667252
627,632,2022-04-15 12:00:00,2022-04-16 08:00:00,480.3849394914417,483.639836154815,-1,-0.006775600972876328,-883.988445006403,5,-2.514949761047891,-0.0,0.0,-0.0,Sideways,72000.0,12,Friday,London,2022,4,129582.43786095982,235906.77290263888,206324.33504167892
632,634,2022-04-16 08:00:00,2022-04-16 16:00:00,483.639836154815,491.4267473965211,1,0.01610064072392392,2086.360276129512,2,0.0,1.610064072392392,1.0,1.610064072392392,Sideways,28800.0,8,Saturday,London,2022,4,131668.79813708932,237993.1331787684,206324.33504167892
634,635,2022-04-16 16:00:00,2022-04-16 20:00:00,491.4267473965211,481.8291463767245,-1,0.01953007456481093,2571.5014454763946,1,-0.0,1.9530074564810929,1.0,1.9530074564810929,Bullish,14400.0,16,Saturday,NY,2022,4,134240.29958256573,240564.6346242448,206324.33504167892
635,638,2022-04-16 20:00:00,2022-04-17 08:00:00,481.8291463767245,503.8247059464882,1,0.045650122528217096,6128.0861241687,3,0.0,4.56501225282171,1.0,4.56501225282171,Sideways,43200.0,20,Saturday,NY,2022,4,140368.38570673444,246692.7207484135,206324.33504167892
638,657,2022-04-17 08:00:00,2022-04-20 12:00:00,503.8247059464882,592.3935513976922,-1,-0.17579297800574922,-24675.776541246505,19,-22.049011711385734,-0.0,0.0,-0.0,Bullish,273600.0,8,Sunday,London,2022,4,115692.60916548791,246692.7207484135,231000.11158292543
657,668,2022-04-20 12:00:00,2022-04-22 08:00:00,592.3935513976922,575.4736316384137,1,-0.028561958041841806,-3304.4074487358716,11,-3.9810927717625177,0.7315827544260189,-3.9041322214122975,0.18376430703023558,Bullish,158400.0,12,Wednesday,London,2022,4,112388.20171675204,246692.7207484135,234304.5190316613
668,678,2022-04-22 08:00:00,2022-04-24 00:00:00,575.4736316384137,606.0109232777097,-1,-0.053064623573375824,-5963.837618188083,10,-7.884010104327399,-0.0,0.0,-0.0,Bullish,144000.0,8,Friday,London,2022,4,106424.36409856396,246692.7207484135,240268.3566498494
678,680,2022-04-24 00:00:00,2022-04-24 08:00:00,606.0109232777097,612.4648744689799,1,0.010649892507486491,1133.4080378273115,2,0.0,1.0649892507486491,1.0,1.0649892507486491,Bullish,28800.0,0,Sunday,Asia,2022,4,107557.77213639127,247826.12878624082,240268.3566498494
680,690,2022-04-24 08:00:00,2022-04-26 00:00:00,612.4648744689799,650.9093549766195,-1,-0.06277009851539939,-6751.411953098164,10,-8.219875450456126,-0.0,0.0,-0.0,Bullish,144000.0,8,Sunday,London,2022,4,100806.36018329312,247826.12878624082,247019.76860294756
690,694,2022-04-26 00:00:00,2022-04-26 16:00:00,650.9093549766195,658.6202924720963,1,0.011846407547412952,1194.193226102593,4,-1.6023502570911563,1.1846407547412952,1.0,0.7393144847692947,Bullish,57600.0,0,Tuesday,Asia,2022,4,102000.5534093957,249020.32201234341,247019.76860294756
694,696,2022-04-26 16:00:00,2022-04-27 00:00:00,658.6202924720963,647.7973768483121,-1,0.01643270902443794,1676.1454145082423,2,-0.0,1.6432709024437941,1.0,1.6432709024437941,Bullish,28800.0,16,Tuesday,NY,2022,4,103676.69882390395,250696.46742685165,247019.76860294756
696,698,2022-04-27 00:00:00,2022-04-27 08:00:00,647.7973768483121,656.7339555380595,1,0.013795330158985708,1430.2542900694812,2,-1.7251791247966608,1.3795330158985708,1.0,0.7996462489430889,Bullish,28800.0,0,Wednesday,Asia,2022,4,105106.95311397343,252126.72171692114,247019.76860294756
698,700,2022-04-27 08:00:00,2022-04-27 16:00:00,656.7339555380595,642.4183533471179,-1,0.021798175760857186,2291.1398376665697,2,-0.0,2.1798175760857186,1.0,2.1798175760857186,Bullish,28800.0,8,Wednesday,London,2022,4,107398.09295163999,254417.8615545877,247019.76860294756
700,707,2022-04-27 16:00:00,2022-04-28 20:00:00,642.4183533471179,630.6259289672284,1,-0.018356300560917527,-1971.4316738896634,7,-3.0398518884892645,0.19731081097380532,-9.303241150508718,0.06490803440817118,Bullish,100800.0,16,Wednesday,NY,2022,4,105426.66127775033,254417.8615545877,248991.20027683722
707,708,2022-04-28 20:00:00,2022-04-29 00:00:00,630.6259289672284,623.0310071639424,-1,0.012043465792350494,1269.7023887003097,1,-0.0,1.2043465792350494,1.0,1.2043465792350494,Bullish,14400.0,20,Thursday,NY,2022,4,106696.36366645065,255687.563943288,248991.20027683722
708,709,2022-04-29 00:00:00,2022-04-29 04:00:00,623.0310071639424,634.4410678877737,1,0.01831379272079925,1954.015088250395,1,0.0,1.831379272079925,1.0,1.831379272079925,Bullish,14400.0,0,Friday,Asia,2022,4,108650.37875470103,257641.5790315384,248991.20027683722
709,711,2022-04-29 04:00:00,2022-04-29 12:00:00,634.4410678877737,611.5570893849899,-1,0.0360695100948788,3918.965933305097,2,-0.0,3.60695100948788,1.0,3.60695100948788,Bullish,28800.0,4,Friday,Asia,2022,4,112569.34468800614,261560.5449648435,248991.20027683722
711,719,2022-04-29 12:00:00,2022-04-30 20:00:00,611.5570893849899,594.3028812167444,1,-0.028213569048144316,-3175.9829790594213,8,-4.786340402692602,0.0,0.0,0.0,Bullish,115200.0,12,Friday,London,2022,4,109393.36170894672,261560.5449648435,252167.18325589664
719,721,2022-04-30 20:00:00,2022-05-01 04:00:00,594.3028812167444,584.0163249715667,-1,0.017308609078450776,1893.4469335977262,2,-0.31275970264261765,1.7308609078450776,1.0,5.534155753507949,Sideways,28800.0,20,Saturday,NY,2022,4,111286.80864254443,263453.9918984412,252167.18325589664
721,729,2022-05-01 04:00:00,2022-05-02 12:00:00,584.0163249715667,546.581802677108,1,-0.06409841761920132,-7133.308335877961,8,-8.565605938025122,0.0,0.0,0.0,Sideways,115200.0,4,Sunday,Asia,2022,5,104153.50030666648,263453.9918984412,259300.4915917746
729,737,2022-05-02 12:00:00,2022-05-03 20:00:00,546.581802677108,568.4664465491752,-1,-0.04003910076200512,-4170.212493494154,8,-5.022292720574328,-0.0,0.0,-0.0,Bearish,115200.0,12,Monday,London,2022,5,99983.28781317233,263453.9918984412,263470.7040852688
737,739,2022-05-03 20:00:00,2022-05-04 04:00:00,568.4664465491752,575.0789968231975,1,0.011632261348340167,1163.031734309136,2,-0.027894967384611835,1.1632261348340167,1.0,41.70021490957923,Bearish,28800.0,20,Tuesday,NY,2022,5,101146.31954748146,264617.0236327504,263470.7040852688
739,746,2022-05-04 04:00:00,2022-05-05 08:00:00,575.0789968231975,599.8311772255418,-1,-0.04304135699456624,-4353.474848329626,7,-7.20058534475676,-0.0,0.0,-0.0,Bearish,100800.0,4,Wednesday,Asia,2022,5,96792.84469915183,264617.0236327504,267824.1789335984
746,747,2022-05-05 08:00:00,2022-05-05 12:00:00,599.8311772255418,604.7924924506524,1,0.00827118598279375,800.5916203103576,1,0.0,0.827118598279375,1.0,0.827118598279375,Bearish,14400.0,8,Thursday,London,2022,5,97593.43631946218,265417.61525306077,267824.1789335984
747,752,2022-05-05 12:00:00,2022-05-06 08:00:00,604.7924924506524,607.4988824931004,-1,-0.004474906808914936,-436.7215326913679,5,-1.274495181531421,-0.0,0.0,-0.0,Bearish,72000.0,12,Thursday,London,2022,5,97156.71478677083,265417.61525306077,268260.9004662898
752,757,2022-05-06 08:00:00,2022-05-07 04:00:00,607.4988824931004,600.7321542565527,1,-0.01113866779273387,-1082.1963698432355,5,-4.548796882339634,0.0,0.0,0.0,Bearish,72000.0,8,Friday,London,2022,5,96074.51841692759,265417.61525306077,269343.096836133
757,759,2022-05-07 04:00:00,2022-05-07 12:00:00,600.7321542565527,594.0160632160101,-1,0.011179842785099758,1074.0980115554225,2,-0.27513619064407635,1.1179842785099758,1.0,4.063385030856339,Bearish,28800.0,4,Saturday,Asia,2022,5,97148.61642848302,266491.7132646162,269343.096836133
759,760,2022-05-07 12:00:00,2022-05-07 16:00:00,594.0160632160101,606.1141922218214,1,0.020366669783830282,1978.5937907549046,1,0.0,2.0366669783830282,1.0,2.0366669783830282,Bearish,14400.0,12,Saturday,London,2022,5,99127.21021923791,268470.3070553711,269343.096836133
760,769,2022-05-07 16:00:00,2022-05-09 04:00:00,606.1141922218214,623.7919782170592,-1,-0.029165768137579207,-2891.1212293793674,9,-4.458535218403892,-0.0,0.0,-0.0,Bearish,129600.0,16,Saturday,NY,2022,5,96236.08898985854,268470.3070553711,272234.21806551237
769,770,2022-05-09 04:00:00,2022-05-09 08:00:00,623.7919782170592,635.3905177058978,1,0.018593601543241745,1789.3754927573852,1,0.0,1.8593601543241745,1.0,1.8593601543241745,Bullish,14400.0,4,Monday,Asia,2022,5,98025.46448261593,270259.6825481285,272234.21806551237
770,772,2022-05-09 08:00:00,2022-05-09 16:00:00,635.3905177058978,631.8727226553277,-1,0.005536429884523852,542.7111110058868,2,-0.5488125461657445,0.5536429884523852,1.0,1.0088016251093173,Bullish,28800.0,8,Monday,London,2022,5,98568.17559362183,270802.39365913434,272234.21806551237
772,777,2022-05-09 16:00:00,2022-05-10 12:00:00,631.8727226553277,630.3960409757652,1,-0.0023369922875560167,-230.3530661607616,5,-2.645237250752175,0.09916210684126625,-2.3567392444544946,0.03748703705615421,Bullish,72000.0,16,Monday,NY,2022,5,98337.82252746106,270802.39365913434,272464.5711316731
777,778,2022-05-10 12:00:00,2022-05-10 16:00:00,630.3960409757652,616.4896352552742,-1,0.022059792283856794,2169.311938602566,1,-0.0,2.2059792283856794,1.0,2.2059792283856794,Bullish,14400.0,12,Tuesday,London,2022,5,100507.13446606362,272971.70559773693,272464.5711316731
778,783,2022-05-10 16:00:00,2022-05-11 12:00:00,616.4896352552742,618.2845460574275,1,0.0029115019937198117,292.6267223810097,5,-1.7639188383526183,0.29115019937198117,1.0,0.16505872778358435,Bullish,72000.0,16,Tuesday,NY,2022,5,100799.76118844464,273264.3323201179,272464.5711316731
783,790,2022-05-11 12:00:00,2022-05-12 16:00:00,618.2845460574275,635.2982765771135,-1,-0.027517638323933946,-2773.7713715225364,7,-5.428144235428389,0.11125691272790839,-24.733418939308073,0.020496307375503627,Bullish,100800.0,12,Wednesday,London,2022,5,98025.9898169221,273264.3323201179,275238.3425031956
790,792,2022-05-12 16:00:00,2022-05-13 00:00:00,635.2982765771135,639.4943793470103,1,0.006604933343286712,647.4551286504731,2,-1.7237049048256181,0.6604933343286712,1.0,0.3831823721563821,Bullish,28800.0,16,Thursday,NY,2022,5,98673.44494557257,273911.7874487684,275238.3425031956
792,794,2022-05-13 00:00:00,2022-05-13 08:00:00,639.4943793470103,632.9276825800915,-1,0.010268576204882418,1013.2357888218827,2,-0.5324382743845613,1.0268576204882418,1.0,1.9285946745191707,Bullish,28800.0,0,Friday,Asia,2022,5,99686.68073439445,274925.02323759027,275238.3425031956
794,795,2022-05-13 08:00:00,2022-05-13 12:00:00,632.9276825800915,642.9866416889693,1,0.015892746336948038,1584.2951300840573,1,0.0,1.5892746336948038,1.0,1.5892746336948038,Sideways,14400.0,8,Friday,London,2022,5,101270.9758644785,276509.3183676743,275238.3425031956
795,796,2022-05-13 12:00:00,2022-05-13 16:00:00,642.9866416889693,628.7681682918409,-1,0.0221131707492086,2239.422381230198,1,-0.0,2.21131707492086,1.0,2.21131707492086,Bullish,14400.0,12,Friday,London,2022,5,103510.39824570871,278748.7407489045,275238.3425031956
796,797,2022-05-13 16:00:00,2022-05-13 20:00:00,628.7681682918409,637.6317920798564,1,0.014096807432372183,1459.1661513179122,1,0.0,1.4096807432372183,1.0,1.4096807432372183,Bullish,14400.0,16,Friday,NY,2022,5,104969.56439702662,280207.9069002224,275238.3425031956
797,802,2022-05-13 20:00:00,2022-05-14 16:00:00,637.6317920798564,641.4102928595889,-1,-0.0059258349829258705,-622.0323168463908,5,-2.0759960379366005,-0.0,0.0,-0.0,Bullish,72000.0,20,Friday,NY,2022,5,104347.53208018023,280207.9069002224,275860.374820042
802,815,2022-05-14 16:00:00,2022-05-16 20:00:00,641.4102928595889,623.2822398904656,1,-0.028262803342776643,-2949.153778486213,13,-7.513151370898264,0.0,0.0,0.0,Bullish,187200.0,16,Saturday,NY,2022,5,101398.37830169401,280207.9069002224,278809.5285985282
815,818,2022-05-16 20:00:00,2022-05-17 08:00:00,623.2822398904656,596.3704249707248,-1,0.04317757381386356,4378.135963727457,3,-0.0,4.317757381386356,1.0,4.317757381386356,Sideways,43200.0,20,Monday,NY,2022,5,105776.51426542147,284586.04286394984,278809.5285985282
818,826,2022-05-17 08:00:00,2022-05-18 16:00:00,596.3704249707248,579.8793464229373,1,-0.02765240839801386,-2924.975371385776,8,-4.624268394385833,0.0,0.0,0.0,Bearish,115200.0,8,Tuesday,London,2022,5,102851.5388940357,284586.04286394984,281734.50396991393
826,836,2022-05-18 16:00:00,2022-05-20 08:00:00,579.8793464229373,621.4306358685252,-1,-0.07165506014639522,-7369.833205601441,10,-9.95297312468837,0.6004018316609905,-11.934517246252236,0.060323867465460396,Bearish,144000.0,16,Wednesday,NY,2022,5,95481.70568843426,284586.04286394984,289104.33717551536
836,837,2022-05-20 08:00:00,2022-05-20 12:00:00,621.4306358685252,634.0430445887529,1,0.020295762700209163,1937.8740408636747,1,0.0,2.0295762700209163,1.0,2.0295762700209163,Bearish,14400.0,8,Friday,London,2022,5,97419.57972929793,286523.9169048135,289104.33717551536
837,838,2022-05-20 12:00:00,2022-05-20 16:00:00,634.0430445887529,620.7942930283392,-1,0.020895665796644702,2035.646980072994,1,-0.0,2.0895665796644702,1.0,2.0895665796644702,Sideways,14400.0,12,Friday,London,2022,5,99455.22670937092,288559.5638848865,289104.33717551536
838,840,2022-05-20 16:00:00,2022-05-21 00:00:00,620.7942930283392,625.3674156104548,1,0.007366566725037327,732.643563708296,2,-1.0175737940671836,0.7366566725037327,1.0,0.7239343984669245,Bearish,28800.0,16,Friday,NY,2022,5,100187.87027307923,289292.2074485948,289104.33717551536
840,841,2022-05-21 00:00:00,2022-05-21 04:00:00,625.3674156104548,613.3488757757384,-1,0.019218365931305326,1925.447152786185,1,-0.0,1.9218365931305326,1.0,1.9218365931305326,Sideways,14400.0,0,Saturday,Asia,2022,5,102113.3174258654,291217.654601381,289104.33717551536
841,857,2022-05-21 04:00:00,2022-05-23 20:00:00,613.3488757757384,568.7200570342723,1,-0.07276253451189818,-7430.023783323952,16,-11.288813011174314,0.5638865591393039,-12.90375401445289,0.049950916768763606,Sideways,230400.0,4,Saturday,Asia,2022,5,94683.29364254145,291217.654601381,296534.3609588393
857,859,2022-05-23 20:00:00,2022-05-24 04:00:00,568.7200570342723,555.6861028025254,-1,0.022918049171178456,2169.9563793888956,2,-0.0,2.2918049171178456,1.0,2.2918049171178456,Bearish,28800.0,20,Monday,NY,2022,5,96853.25002193035,293387.61098076985,296534.3609588393
859,861,2022-05-24 04:00:00,2022-05-24 12:00:00,555.6861028025254,567.4261625388426,1,0.021127142962740875,2046.23245961941,2,0.0,2.1127142962740875,1.0,2.1127142962740875,Bearish,28800.0,4,Tuesday,Asia,2022,5,98899.48248154976,295433.84344038926,296534.3609588393
861,867,2022-05-24 12:00:00,2022-05-25 12:00:00,567.4261625388426,565.5278844741226,-1,0.0033454186465892155,330.8601728318003,6,-3.1850082567386417,0.4004590387356233,0.8353959638797934,0.12573249626224894,Bearish,86400.0,12,Tuesday,London,2022,5,99230.34265438156,295764.70361322106,296534.3609588393
867,870,2022-05-25 12:00:00,2022-05-26 00:00:00,565.5278844741226,570.9585667067583,1,0.009602854928516313,952.8945850169913,3,-1.423977560477696,0.9602854928516313,1.0,0.674368416683117,Bearish,43200.0,12,Wednesday,London,2022,5,100183.23723939856,296717.59819823806,296534.3609588393
870,874,2022-05-26 00:00:00,2022-05-26 16:00:00,570.9585667067583,567.885880952171,-1,0.005381626502795833,539.1487646634303,4,-0.8538791703337933,0.5381626502795833,1.0,0.6302562106875238,Sideways,57600.0,0,Thursday,Asia,2022,5,100722.38600406198,297256.7469629015,296534.3609588393
874,879,2022-05-26 16:00:00,2022-05-27 12:00:00,567.885880952171,568.873430329852,1,0.0017389926582171977,175.15548977918257,5,-2.262849241354681,0.17389926582171977,1.0,0.07684969137299354,Sideways,72000.0,16,Thursday,NY,2022,5,100897.54149384117,297431.9024526807,296534.3609588393
879,887,2022-05-27 12:00:00,2022-05-28 20:00:00,568.873430329852,589.8957167157292,-1,-0.036954241954467504,-3728.5921609743345,8,-6.171189797043453,-0.0,0.0,-0.0,Sideways,115200.0,12,Friday,London,2022,5,97168.94933286683,297431.9024526807,300262.95311981364
887,894,2022-05-28 20:00:00,2022-05-30 00:00:00,589.8957167157292,560.0936218658674,1,-0.050520954815177155,-4909.068098684008,7,-6.205981131233484,0.0,0.0,0.0,Bearish,100800.0,20,Saturday,NY,2022,5,92259.88123418282,297431.9024526807,305172.02121849766
894,895,2022-05-30 00:00:00,2022-05-30 04:00:00,560.0936218658674,548.0910452476386,-1,0.021429589892925427,1977.0914184185465,1,-0.0,2.1429589892925427,1.0,2.1429589892925427,Bearish,14400.0,0,Monday,Asia,2022,5,94236.97265260137,299408.99387109926,305172.02121849766
895,900,2022-05-30 04:00:00,2022-05-31 00:00:00,548.0910452476386,562.7047537219811,1,0.026662921427113906,2512.632997365395,5,-0.6908696873698106,2.6662921427113906,1.0,3.8593271516400613,Bearish,72000.0,4,Monday,Asia,2022,5,96749.60564996676,301921.62686846463,305172.02121849766
900,905,2022-05-31 00:00:00,2022-05-31 20:00:00,562.7047537219811,569.5489195882773,-1,-0.01216297857984272,-1176.7633811287772,5,-2.8725666814237716,-0.0,0.0,-0.0,Bearish,72000.0,0,Tuesday,Asia,2022,5,95572.842268838,301921.62686846463,306348.78459962644
905,908,2022-05-31 20:00:00,2022-06-01 08:00:00,569.5489195882773,569.771219841434,1,0.00039030932288919296,37.30297135254583,3,-1.5849243203795327,0.039030932288919296,1.0,0.024626369718128108,Bullish,43200.0,20,Tuesday,NY,2022,5,95610.14524019053,301958.92983981717,306348.78459962644
908,910,2022-06-01 08:00:00,2022-06-01 16:00:00,569.771219841434,563.834207193378,-1,0.010419993922662907,996.2571323477042,2,-0.19035964274951578,1.0419993922662907,1.0,5.473846122086932,Sideways,28800.0,8,Wednesday,London,2022,6,96606.40237253824,302955.1869721649,306348.78459962644
910,913,2022-06-01 16:00:00,2022-06-02 04:00:00,563.834207193378,573.5558426602158,1,0.01724201075920817,1665.6886291156995,3,-1.5205504978367923,1.724201075920817,1.0,1.1339321373237836,Sideways,43200.0,16,Wednesday,NY,2022,6,98272.09100165394,304620.8756012806,306348.78459962644
913,917,2022-06-02 04:00:00,2022-06-02 20:00:00,573.5558426602158,574.9285100733846,-1,-0.002393258530507092,-235.19052010047773,4,-2.1566272006743548,0.622135428804349,-0.3846844946777225,0.2884761114993884,Sideways,57600.0,4,Thursday,Asia,2022,6,98036.90048155346,304620.8756012806,306583.9751197269
917,927,2022-06-02 20:00:00,2022-06-04 12:00:00,574.9285100733846,540.6752643902552,1,-0.05957826944215605,-5840.8688721638355,10,-8.749745184676616,0.0,0.0,0.0,Sideways,144000.0,20,Thursday,NY,2022,6,92196.03160938963,304620.8756012806,312424.8439918907
927,933,2022-06-04 12:00:00,2022-06-05 12:00:00,540.6752643902552,541.5369820997591,-1,-0.0015937805301224905,-146.94024013360303,6,-3.5220559368934756,0.4602759146814184,-0.34626633271168045,0.13068387411455792,Sideways,86400.0,12,Saturday,London,2022,6,92049.09136925603,304620.8756012806,312571.78423202434
933,934,2022-06-05 12:00:00,2022-06-05 16:00:00,541.5369820997591,555.3734322558938,1,0.025550332873823578,2351.8849252174946,1,0.0,2.555033287382358,1.0,2.555033287382358,Bearish,14400.0,12,Sunday,London,2022,6,94400.97629447351,306972.7605264981,312571.78423202434
934,940,2022-06-05 16:00:00,2022-06-06 16:00:00,555.3734322558938,563.2021330844229,-1,-0.014096282562040097,-1330.702835979349,6,-3.3375215323769414,-0.0,0.0,-0.0,Bearish,86400.0,16,Sunday,NY,2022,6,93070.27345849416,306972.7605264981,313902.4870680037
940,941,2022-06-06 16:00:00,2022-06-06 20:00:00,563.2021330844229,565.5932863177918,1,0.004245639518929867,395.1428310329928,1,0.0,0.4245639518929867,1.0,0.4245639518929867,Sideways,14400.0,16,Monday,NY,2022,6,93465.41628952716,307367.90335753106,313902.4870680037
941,942,2022-06-06 20:00:00,2022-06-07 00:00:00,565.5932863177918,554.4236024044574,-1,0.019748614744091064,1845.8124981979672,1,-0.0,1.9748614744091064,1.0,1.9748614744091064,Sideways,14400.0,20,Monday,NY,2022,6,95311.22878772512,309213.715855729,313902.4870680037
942,945,2022-06-07 00:00:00,2022-06-07 12:00:00,554.4236024044574,566.5958741068637,1,0.021954822358963177,2092.5410968490046,3,0.0,2.1954822358963177,1.0,2.1954822358963177,Sideways,43200.0,0,Tuesday,Asia,2022,6,97403.76988457413,311306.256952578,313902.4870680037
945,946,2022-06-07 12:00:00,2022-06-07 16:00:00,566.5958741068637,557.9087131352314,-1,0.015332199489320297,1493.4140308821407,1,-0.0,1.5332199489320297,1.0,1.5332199489320297,Bullish,14400.0,12,Tuesday,London,2022,6,98897.18391545628,312799.67098346015,313902.4870680037
946,948,2022-06-07 16:00:00,2022-06-08 00:00:00,557.9087131352314,562.6905825449098,1,0.008571060636078043,847.6537600767386,2,-1.2415252244942776,0.8571060636078043,1.0,0.6903654043412106,Sideways,28800.0,16,Tuesday,NY,2022,6,99744.83767553301,313647.3247435369,313902.4870680037
948,957,2022-06-08 00:00:00,2022-06-09 12:00:00,562.6905825449098,599.4681527765229,-1,-0.06536020216524197,-6519.342755412086,9,-9.859579054749656,-0.0,0.0,-0.0,Bullish,129600.0,0,Wednesday,Asia,2022,6,93225.49492012092,313647.3247435369,320421.8298234158
957,959,2022-06-09 12:00:00,2022-06-09 20:00:00,599.4681527765229,614.0351270320414,1,0.024299830087802787,2265.3636864102623,2,0.0,2.4299830087802787,1.0,2.4299830087802787,Bullish,28800.0,12,Thursday,London,2022,6,95490.85860653118,315912.6884299471,320421.8298234158
959,964,2022-06-09 20:00:00,2022-06-10 16:00:00,614.0351270320414,614.7776599863894,-1,-0.0012092678768023113,-115.47402784114978,5,-3.4349496643319988,-0.0,0.0,-0.0,Bullish,72000.0,20,Thursday,NY,2022,6,95375.38457869003,315912.6884299471,320537.30385125696
964,969,2022-06-10 16:00:00,2022-06-11 12:00:00,614.7776599863894,619.7788213266857,1,0.008134910660883676,775.8702327950668,5,-1.3907814590998102,0.8134910660883676,1.0,0.5849165307502039,Bullish,72000.0,16,Friday,NY,2022,6,96151.25481148511,316688.5586627422,320537.30385125696
969,973,2022-06-11 12:00:00,2022-06-12 04:00:00,619.7788213266857,616.3233082118778,-1,0.00557539721575373,536.0814383671819,4,-1.9097787754300821,0.557539721575373,1.0,0.29193942709401777,Bullish,57600.0,12,Saturday,London,2022,6,96687.33624985229,317224.6401011094,320537.30385125696
973,975,2022-06-12 04:00:00,2022-06-12 12:00:00,616.3233082118778,625.3167818152934,1,0.01459213611360588,1410.8747710198256,2,0.0,1.459213611360588,1.0,1.459213611360588,Bullish,28800.0,4,Sunday,Asia,2022,6,98098.21102087211,318635.51487212925,320537.30385125696
975,979,2022-06-12 12:00:00,2022-06-13 04:00:00,625.3167818152934,621.1476511768565,-1,0.00666722973008016,654.0433089860362,4,-2.143088680997618,0.666722973008016,1.0,0.3111037722889065,Bullish,57600.0,12,Sunday,London,2022,6,98752.25432985814,319289.5581811153,320537.30385125696
979,981,2022-06-13 04:00:00,2022-06-13 12:00:00,621.1476511768565,637.5471242154291,1,0.026401891736210326,2607.246327523624,2,0.0,2.6401891736210326,1.0,2.6401891736210326,Bullish,28800.0,4,Monday,Asia,2022,6,101359.50065738177,321896.8045086389,320537.30385125696
981,984,2022-06-13 12:00:00,2022-06-14 00:00:00,637.5471242154291,639.0955430950929,-1,-0.0024287128289839366,-246.173119585989,3,-2.1604619935667424,-0.0,0.0,-0.0,Bullish,43200.0,12,Monday,London,2022,6,101113.32753779578,321896.8045086389,320783.4769708429
984,987,2022-06-14 00:00:00,2022-06-14 12:00:00,639.0955430950929,638.5692620484961,1,-0.0008234778857134639,-83.26458917827709,3,-2.766108556831648,0.023886588969190825,-3.447448636452841,0.008635448854744503,Bullish,43200.0,0,Tuesday,Asia,2022,6,101030.0629486175,321896.8045086389,320866.7415600212
987,991,2022-06-14 12:00:00,2022-06-15 04:00:00,638.5692620484961,640.0540477363295,-1,-0.0023251756325857187,-234.91264052672685,4,-2.531702032793981,-0.0,0.0,-0.0,Bullish,57600.0,12,Tuesday,London,2022,6,100795.15030809077,321896.8045086389,321101.6542005479
991,992,2022-06-15 04:00:00,2022-06-15 08:00:00,640.0540477363295,650.4115979351377,1,0.016182305596597057,1631.0979249404602,1,0.0,1.6182305596597057,1.0,1.6182305596597057,Bullish,14400.0,4,Wednesday,Asia,2022,6,102426.24823303123,323527.9024335794,321101.6542005479
992,1014,2022-06-15 08:00:00,2022-06-19 00:00:00,650.4115979351377,723.4392264461156,-1,-0.11227909948533954,-11500.326915266605,22,-15.345653767396383,0.007367560268844997,-1523.9658094163292,0.0004801072916488075,Bullish,316800.0,8,Wednesday,London,2022,6,90925.92131776463,323527.9024335794,332601.98111581453
1014,1032,2022-06-19 00:00:00,2022-06-22 00:00:00,723.4392264461156,665.6534761238103,1,-0.0798764404940786,-7262.838943507705,18,-9.066080620501927,0.4512046111981638,-17.702930890260294,0.04976843137461353,Bullish,259200.0,0,Sunday,Asia,2022,6,83663.08237425693,323527.9024335794,339864.8200593222
1032,1041,2022-06-22 00:00:00,2022-06-23 12:00:00,665.6534761238103,690.0924248526494,-1,-0.036714220845281975,-3071.624882885489,9,-7.248575241266564,-0.0,0.0,-0.0,Sideways,129600.0,0,Wednesday,Asia,2022,6,80591.45749137145,323527.9024335794,342936.4449422077
1041,1044,2022-06-23 12:00:00,2022-06-24 00:00:00,690.0924248526494,698.0528937172276,1,0.011535366246453016,929.6519784984199,3,0.0,1.1535366246453016,1.0,1.1535366246453016,Bullish,43200.0,12,Thursday,London,2022,6,81521.10946986986,324457.5544120778,342936.4449422077
1044,1045,2022-06-24 00:00:00,2022-06-24 04:00:00,698.0528937172276,687.9489085052934,-1,0.014474526648158514,1179.9794714090797,1,-0.0,1.4474526648158514,1.0,1.4474526648158514,Bullish,14400.0,0,Friday,Asia,2022,6,82701.08894127894,325637.5338834869,342936.4449422077
1045,1047,2022-06-24 04:00:00,2022-06-24 12:00:00,687.9489085052934,709.0516154174703,1,0.030674817055857728,2536.8407735939522,2,0.0,3.067481705585773,1.0,3.067481705585773,Sideways,28800.0,4,Friday,Asia,2022,6,85237.9297148729,328174.3746570808,342936.4449422077
1047,1050,2022-06-24 12:00:00,2022-06-25 00:00:00,709.0516154174703,703.5014009395933,-1,0.0078276593088491,667.2134739996507,3,-0.44782143493204973,0.78276593088491,1.0,1.7479420809852104,Bullish,43200.0,12,Friday,London,2022,6,85905.14318887255,328841.58813108044,342936.4449422077
1050,1054,2022-06-25 00:00:00,2022-06-25 16:00:00,703.5014009395933,715.1229580222536,1,0.01651959337556197,1419.1180343496026,4,-0.6626920782514367,1.651959337556197,1.0,2.4928007920586843,Bullish,57600.0,0,Saturday,Asia,2022,6,87324.26122322214,330260.70616543,342936.4449422077
1054,1057,2022-06-25 16:00:00,2022-06-26 04:00:00,715.1229580222536,707.9812732343852,-1,0.00998665293534895,872.0770896720708,3,-0.6953966623123975,0.998665293534895,1.0,1.4361088392544774,Sideways,43200.0,16,Saturday,NY,2022,6,88196.33831289422,331132.7832551021,342936.4449422077
1057,1061,2022-06-26 04:00:00,2022-06-26 20:00:00,707.9812732343852,716.4637434671345,1,0.011981207064979849,1056.6985916998021,4,-1.9220948885369182,1.1981207064979849,1.0,0.6233410814644972,Sideways,57600.0,4,Sunday,Asia,2022,6,89253.03690459402,332189.48184680194,342936.4449422077
1061,1062,2022-06-26 20:00:00,2022-06-27 00:00:00,716.4637434671345,701.7678012851859,-1,0.0205117737163244,1830.738096481785,1,-0.0,2.05117737163244,1.0,2.05117737163244,Sideways,14400.0,20,Sunday,NY,2022,6,91083.7750010758,334020.2199432837,342936.4449422077
1062,1063,2022-06-27 00:00:00,2022-06-27 04:00:00,701.7678012851859,717.6314801618283,1,0.022605310257310718,2058.976993306402,1,0.0,2.260531025731072,1.0,2.260531025731072,Bearish,14400.0,0,Monday,Asia,2022,6,93142.75199438221,336079.19693659013,342936.4449422077
1063,1079,2022-06-27 04:00:00,2022-06-29 20:00:00,717.6314801618283,810.9650944236715,-1,-0.13005785955877536,-12113.946957803217,16,-14.684925327769193,-0.0,0.0,-0.0,Bearish,230400.0,4,Monday,Asia,2022,6,81028.805036579,336079.19693659013,355050.39190001093
1079,1081,2022-06-29 20:00:00,2022-06-30 04:00:00,810.9650944236715,817.4318226749082,1,0.007974114170514746,646.1329424620618,2,0.0,0.7974114170514746,1.0,0.7974114170514746,Bullish,28800.0,20,Wednesday,NY,2022,6,81674.93797904105,336725.3298790522,355050.39190001093
1081,1085,2022-06-30 04:00:00,2022-06-30 20:00:00,817.4318226749082,813.2148153868685,-1,0.005158848935242322,421.3486668291591,4,-0.8408504025410268,0.5158848935242322,1.0,0.613527557298233,Bullish,57600.0,4,Thursday,Asia,2022,6,82096.28664587022,337146.67854588135,355050.39190001093
1085,1086,2022-06-30 20:00:00,2022-07-01 00:00:00,813.2148153868685,821.5232365573036,1,0.010216760704836014,838.7581154164814,1,0.0,1.0216760704836014,1.0,1.0216760704836014,Bullish,14400.0,20,Thursday,NY,2022,6,82935.0447612867,337985.43666129786,355050.39190001093
1086,1094,2022-07-01 00:00:00,2022-07-02 08:00:00,821.5232365573036,836.0096855952721,-1,-0.017633644909029966,-1462.4471298350372,8,-3.8126482797810057,-0.0,0.0,-0.0,Bullish,115200.0,0,Friday,Asia,2022,7,81472.59763145166,337985.43666129786,356512.83902984596
1094,1095,2022-07-02 08:00:00,2022-07-02 12:00:00,836.0096855952721,846.055172078151,1,0.01201599294358191,978.9741582348124,1,0.0,1.201599294358191,1.0,1.201599294358191,Bullish,14400.0,8,Saturday,London,2022,7,82451.57178968647,338964.4108195327,356512.83902984596
1095,1100,2022-07-02 12:00:00,2022-07-03 08:00:00,846.055172078151,853.312616005246,-1,-0.008577979506074751,-707.2678930555824,5,-1.7612465797989696,0.021976788026800698,-39.03199819561395,0.012477973430221877,Bullish,72000.0,12,Saturday,London,2022,7,81744.30389663088,338964.4108195327,357220.1069229015
1100,1101,2022-07-03 08:00:00,2022-07-03 12:00:00,853.312616005246,865.3733042611293,1,0.01413396219587737,1155.3709010032933,1,0.0,1.413396219587737,1.0,1.413396219587737,Bullish,14400.0,8,Sunday,London,2022,7,82899.67479763419,340119.781720536,357220.1069229015
1101,1104,2022-07-03 12:00:00,2022-07-04 00:00:00,865.3733042611293,859.028678012874,-1,0.007331663938573207,607.7925562332613,3,-1.0744854438546225,0.7331663938573207,1.0,0.6823418577241498,Bullish,43200.0,12,Sunday,London,2022,7,83507.46735386744,340727.57427676924,357220.1069229015
1104,1106,2022-07-04 00:00:00,2022-07-04 08:00:00,859.028678012874,874.2278338488618,1,0.017693420749522293,1477.5327556189752,2,0.0,1.7693420749522293,1.0,1.7693420749522293,Bullish,28800.0,0,Monday,Asia,2022,7,84985.00010948641,342205.1070323882,357220.1069229015
1106,1111,2022-07-04 08:00:00,2022-07-05 04:00:00,874.2278338488618,871.4588940939885,-1,0.003167297639887323,269.1727902726005,5,-2.7415283164878623,0.8660541792284482,0.3657158773494992,0.3159019638863112,Bullish,72000.0,8,Monday,London,2022,7,85254.17289975901,342474.27982266084,357220.1069229015
1111,1123,2022-07-05 04:00:00,2022-07-07 04:00:00,871.4588940939885,824.7807934197141,1,-0.05356316974973707,-4566.4837349032305,12,-7.673274925383811,0.15720681956188365,-34.07178511658154,0.020487578131969553,Bullish,172800.0,4,Tuesday,Asia,2022,7,80687.68916485578,342474.27982266084,361786.59065780474
1123,1127,2022-07-07 04:00:00,2022-07-07 20:00:00,824.7807934197141,792.4667836104818,-1,0.0391789067677627,3161.2554510961045,4,-1.2557428765864742,3.91789067677627,1.0,3.1199784206034256,Sideways,57600.0,4,Thursday,Asia,2022,7,83848.94461595188,345635.53527375695,361786.59065780474
1127,1134,2022-07-07 20:00:00,2022-07-09 00:00:00,792.4667836104818,804.8675663256777,1,0.015648331225566192,1312.0960582645714,7,-2.722032405322772,2.085835147878079,0.7502189826211936,0.7662785879401557,Bearish,100800.0,20,Thursday,NY,2022,7,85161.04067421646,346947.6313320215,361786.59065780474
1134,1138,2022-07-09 00:00:00,2022-07-09 16:00:00,804.8675663256777,785.3964064110486,-1,0.024191756171164203,2060.195131273244,4,-0.016797826620207346,2.4191756171164203,1.0,144.01717983005108,Sideways,57600.0,0,Saturday,Asia,2022,7,87221.2358054897,349007.82646329474,361786.59065780474
1138,1142,2022-07-09 16:00:00,2022-07-10 08:00:00,785.3964064110486,774.0265214566749,1,-0.014476619528130508,-1262.6686455294293,4,-5.266591375432094,0.0,0.0,0.0,Bearish,57600.0,16,Saturday,NY,2022,7,85958.56715996028,349007.82646329474,363049.25930333417
1142,1144,2022-07-10 08:00:00,2022-07-10 16:00:00,774.0265214566749,762.3043174461186,-1,0.01514444749063093,1301.7950067238921,2,-0.4292423107552956,1.514444749063093,1.0,3.5281814283365334,Bearish,28800.0,8,Sunday,London,2022,7,87260.36216668416,350309.62147001864,363049.25930333417
1144,1153,2022-07-10 16:00:00,2022-07-12 04:00:00,762.3043174461186,730.742747237499,1,-0.04140284855575471,-3612.8275597075362,9,-6.0785080999000485,0.0,0.0,0.0,Bearish,129600.0,16,Sunday,NY,2022,7,83647.53460697664,350309.62147001864,366662.0868630417
1153,1157,2022-07-12 04:00:00,2022-07-12 20:00:00,730.742747237499,718.6947958062351,-1,0.016487267888473656,1379.119311275596,4,-0.7088618154004633,1.6487267888473656,1.0,2.3258789696775195,Bearish,57600.0,4,Tuesday,Asia,2022,7,85026.65391825222,351688.74078129424,366662.0868630417
1157,1159,2022-07-12 20:00:00,2022-07-13 04:00:00,718.6947958062351,733.5410944542965,1,0.020657306459839875,1756.4216472440828,2,0.0,2.0657306459839875,1.0,2.0657306459839875,Bearish,28800.0,20,Tuesday,NY,2022,7,86783.07556549631,353445.1624285383,366662.0868630417
1159,1160,2022-07-13 04:00:00,2022-07-13 08:00:00,733.5410944542965,721.9213294019736,-1,0.015840646338931008,1374.7000082377535,1,-0.0,1.5840646338931008,1.0,1.5840646338931008,Bearish,14400.0,4,Wednesday,Asia,2022,7,88157.77557373406,354819.86243677605,366662.0868630417
1160,1169,2022-07-13 08:00:00,2022-07-14 20:00:00,721.9213294019736,691.9245722195371,1,-0.04155128261314178,-3663.0686474101553,9,-5.505721692121234,0.35932308538109137,-11.5637665108751,0.06526357587149524,Bearish,129600.0,8,Wednesday,London,2022,7,84494.70692632391,354819.86243677605,370325.1555104518
1169,1174,2022-07-14 20:00:00,2022-07-15 16:00:00,691.9245722195371,692.635417207814,-1,-0.0010273446222566207,-86.8051827699082,5,-3.3322643810017816,-0.0,0.0,-0.0,Bearish,72000.0,20,Thursday,NY,2022,7,84407.901743554,354819.86243677605,370411.9606932217
1174,1183,2022-07-15 16:00:00,2022-07-17 04:00:00,692.635417207814,700.5465079604098,1,0.01142172426655197,964.083779633086,9,-2.1065521732586467,1.3532010765868518,0.8440522597987229,0.6423771951935904,Bearish,129600.0,16,Friday,NY,2022,7,85371.98552318709,355783.94621640915,370411.9606932217
1183,1187,2022-07-17 04:00:00,2022-07-17 20:00:00,700.5465079604098,698.1970403234899,-1,0.003353763968876544,286.3174889991151,4,-0.8438534397314568,0.3353763968876544,1.0,0.3974344134858095,Bearish,57600.0,4,Sunday,Asia,2022,7,85658.3030121862,356070.26370540826,370411.9606932217
1187,1189,2022-07-17 20:00:00,2022-07-18 04:00:00,698.1970403234899,701.8678429068988,1,0.005257545322317814,450.35241031940194,2,-1.3003709715851297,0.5257545322317814,1.0,0.4043111878996312,Bearish,28800.0,20,Sunday,NY,2022,7,86108.6554225056,356520.61611572764,370411.9606932217
1189,1194,2022-07-18 04:00:00,2022-07-19 00:00:00,701.8678429068988,697.2270059923802,-1,0.006612123580555851,569.3610710091084,5,-2.9228758697884327,0.6612123580555851,1.0,0.22621978746687105,Bearish,72000.0,4,Monday,Asia,2022,7,86678.0164935147,357089.97718673677,370411.9606932217
1194,1196,2022-07-19 00:00:00,2022-07-19 08:00:00,697.2270059923802,705.6027727657557,1,0.012012969522679384,1041.2603704228943,2,-1.926508752119771,1.2012969522679384,1.0,0.6235616375716594,Bearish,28800.0,0,Tuesday,Asia,2022,7,87719.2768639376,358131.2375571597,370411.9606932217
1196,1201,2022-07-19 08:00:00,2022-07-20 04:00:00,705.6027727657557,700.6679684559148,-1,0.006993742797378744,613.4860607584362,5,-0.7788291866984931,0.6993742797378744,1.0,0.8979816006929154,Bearish,72000.0,8,Tuesday,London,2022,7,88332.76292469604,358744.7236179181,370411.9606932217
1201,1204,2022-07-20 04:00:00,2022-07-20 16:00:00,700.6679684559148,718.5691805927905,1,0.025548780510582292,2256.794371856363,3,0.0,2.554878051058229,1.0,2.554878051058229,Sideways,43200.0,4,Wednesday,Asia,2022,7,90589.5572965524,361001.51798977447,370411.9606932217
1204,1214,2022-07-20 16:00:00,2022-07-22 08:00:00,718.5691805927905,715.7962349017569,-1,0.0038589822190064904,349.5834908350658,10,-2.3593655379761325,0.49637173416421376,0.7774379468855553,0.2103835654860002,Sideways,144000.0,16,Wednesday,NY,2022,7,90939.14078738747,361351.1014806095,370411.9606932217
1214,1215,2022-07-22 08:00:00,2022-07-22 12:00:00,715.7962349017569,735.0378000760495,1,0.026881344488957293,2444.5663710355525,1,0.0,2.6881344488957293,1.0,2.6881344488957293,Sideways,14400.0,8,Friday,London,2022,7,93383.70715842303,363795.66785164503,370411.9606932217
1215,1218,2022-07-22 12:00:00,2022-07-23 00:00:00,735.0378000760495,725.1812330749838,-1,0.013409605601298225,1252.2386825815838,3,-0.6755374883489873,1.3409605601298225,1.0,1.9850276013654375,Bullish,43200.0,12,Friday,London,2022,7,94635.9458410046,365047.9065342266,370411.9606932217
1218,1221,2022-07-23 00:00:00,2022-07-23 12:00:00,725.1812330749838,738.0326985073905,1,0.017721729198524105,1677.112604640479,3,0.0,1.7721729198524105,1.0,1.7721729198524105,Bullish,43200.0,0,Saturday,Asia,2022,7,96313.05844564509,366725.0191388671,370411.9606932217
1221,1222,2022-07-23 12:00:00,2022-07-23 16:00:00,738.0326985073905,727.7466837012687,-1,0.01393707193045024,1342.322023398615,1,-0.0,1.393707193045024,1.0,1.393707193045024,Bullish,14400.0,12,Saturday,London,2022,7,97655.3804690437,368067.3411622657,370411.9606932217
1222,1223,2022-07-23 16:00:00,2022-07-23 20:00:00,727.7466837012687,742.5880966542368,1,0.020393652469133494,1991.549891026686,1,0.0,2.0393652469133494,1.0,2.0393652469133494,Sideways,14400.0,16,Saturday,NY,2022,7,99646.93036007039,370058.8910532924,370411.9606932217
1223,1227,2022-07-23 20:00:00,2022-07-24 12:00:00,742.5880966542368,738.8661895511993,-1,0.0050120748229155465,499.43787083852817,4,-2.3194279899190207,0.5012074822915547,1.0,0.21609098642853472,Bullish,57600.0,20,Saturday,NY,2022,7,100146.36823090892,370558.3289241309,370411.9606932217
1227,1229,2022-07-24 12:00:00,2022-07-24 20:00:00,738.8661895511993,752.1268799552662,1,0.01794735040200135,1797.3619621279804,2,0.0,1.794735040200135,1.0,1.794735040200135,Bullish,28800.0,12,Sunday,London,2022,7,101943.7301930369,372355.69088625885,370411.9606932217
1229,1236,2022-07-24 20:00:00,2022-07-26 00:00:00,752.1268799552662,780.5846386490377,-1,-0.03783638033979608,-3857.181748841302,7,-5.189493522434918,-0.0,0.0,-0.0,Bullish,100800.0,20,Sunday,NY,2022,7,98086.54844419559,372355.69088625885,374269.142442063
1236,1238,2022-07-26 00:00:00,2022-07-26 08:00:00,780.5846386490377,785.153806819087,1,0.005853520481721386,574.1516202994566,2,-0.6706513151638283,0.5853520481721386,1.0,0.8728113028886665,Bullish,28800.0,0,Tuesday,Asia,2022,7,98660.70006449505,372929.8425065583,374269.142442063
1238,1245,2022-07-26 08:00:00,2022-07-27 12:00:00,785.153806819087,818.4043355475778,-1,-0.04234906389004145,-4178.188290467522,7,-6.025171258282547,-0.0,0.0,-0.0,Bullish,100800.0,8,Tuesday,London,2022,7,94482.51177402753,372929.8425065583,378447.33073253057
1245,1255,2022-07-27 12:00:00,2022-07-29 04:00:00,818.4043355475778,776.9913601662548,1,-0.05060209676628169,-4781.013203510695,10,-8.946214299271427,0.0,0.0,0.0,Bullish,144000.0,12,Wednesday,London,2022,7,89701.49857051684,372929.8425065583,383228.3439360413
1255,1258,2022-07-29 04:00:00,2022-07-29 16:00:00,776.9913601662548,758.3990164608463,-1,0.023928636351156163,2146.434539447654,3,-0.0,2.3928636351156163,1.0,2.3928636351156163,Bullish,43200.0,4,Friday,Asia,2022,7,91847.93310996449,375076.27704600594,383228.3439360413
1258,1259,2022-07-29 16:00:00,2022-07-29 20:00:00,758.3990164608463,780.9884196257815,1,0.029785644066828043,2735.749843887236,1,0.0,2.9785644066828043,1.0,2.9785644066828043,Bullish,14400.0,16,Friday,NY,2022,7,94583.68295385172,377812.02688989317,383228.3439360413
1259,1266,2022-07-29 20:00:00,2022-07-31 00:00:00,780.9884196257815,790.2825058093482,-1,-0.011900414846125473,-1125.5850648252433,7,-5.035429215105514,-0.0,0.0,-0.0,Bullish,100800.0,20,Friday,NY,2022,7,93458.09788902648,377812.02688989317,384353.92900086654
1266,1268,2022-07-31 00:00:00,2022-07-31 08:00:00,790.2825058093482,798.4677954749442,1,0.010357422321038534,967.9849891576084,2,-1.4787939481136991,1.0357422321038534,1.0,0.7003965856264236,Bullish,28800.0,0,Sunday,Asia,2022,7,94426.08287818408,378780.01187905075,384353.92900086654
1268,1282,2022-07-31 08:00:00,2022-08-02 16:00:00,798.4677954749442,852.4735086106036,-1,-0.06763668295918657,-6386.66703070962,14,-7.4573725873881,-0.0,0.0,-0.0,Bullish,201600.0,8,Sunday,London,2022,7,88039.41584747448,378780.01187905075,390740.59603157616
1282,1283,2022-08-02 16:00:00,2022-08-02 20:00:00,852.4735086106036,863.2487547803495,1,0.01263997773644343,1112.8162562415637,1,0.0,1.263997773644343,1.0,1.263997773644343,Bullish,14400.0,16,Tuesday,NY,2022,8,89152.23210371603,379892.82813529234,390740.59603157616
1283,1286,2022-08-02 20:00:00,2022-08-03 08:00:00,863.2487547803495,849.0689941117963,-1,0.016426042424076415,1464.4183467367486,3,-0.7057882066434429,1.6426042424076415,1.0,2.3273330822846527,Bullish,43200.0,20,Tuesday,NY,2022,8,90616.65045045278,381357.2464820291,390740.59603157616
1286,1288,2022-08-03 08:00:00,2022-08-03 16:00:00,849.0689941117963,874.3428313832775,1,0.029766529512622153,2697.3431999683717,2,0.0,2.9766529512622153,1.0,2.9766529512622153,Bullish,28800.0,8,Wednesday,London,2022,8,93313.99365042115,384054.5896819975,390740.59603157616
1288,1293,2022-08-03 16:00:00,2022-08-04 12:00:00,874.3428313832775,881.7849201979299,-1,-0.008511637023292495,-794.2548431462064,5,-3.335314993257721,-0.0,0.0,-0.0,Bullish,72000.0,16,Wednesday,NY,2022,8,92519.73880727495,384054.5896819975,391534.85087472235
1293,1301,2022-08-04 12:00:00,2022-08-05 20:00:00,881.7849201979299,824.5955830330682,1,-0.06485633384615452,-6000.49106744365,8,-8.40517560515055,0.0,0.0,0.0,Bullish,115200.0,12,Thursday,London,2022,8,86519.2477398313,384054.5896819975,397535.341942166
1301,1303,2022-08-05 20:00:00,2022-08-06 04:00:00,824.5955830330682,813.613611127382,-1,0.013318009617868443,1152.2641735298173,2,-1.167375844902696,1.3318009617868443,1.0,1.1408501962774924,Bullish,28800.0,20,Friday,NY,2022,8,87671.51191336112,385206.8538555273,397535.341942166
1303,1305,2022-08-06 04:00:00,2022-08-06 12:00:00,813.613611127382,842.6641839395164,1,0.03570561310040099,3130.365084305672,2,-0.12561524605314567,3.570561310040099,1.0,28.42458556765837,Bullish,28800.0,4,Saturday,Asia,2022,8,90801.87699766678,388337.218939833,397535.341942166
1305,1307,2022-08-06 12:00:00,2022-08-06 20:00:00,842.6641839395164,816.8153165251645,-1,0.030675170378675176,2785.3630476069384,2,-0.0,3.0675170378675176,1.0,3.0675170378675176,Bullish,28800.0,12,Saturday,London,2022,8,93587.24004527372,391122.58198743995,397535.341942166
1307,1312,2022-08-06 20:00:00,2022-08-07 16:00:00,816.8153165251645,814.0802657199833,1,-0.0033484323198251786,-313.37053929083214,5,-2.062320689513286,0.0,0.0,0.0,Bullish,72000.0,20,Saturday,NY,2022,8,93273.86950598289,391122.58198743995,397848.7124814568
1312,1313,2022-08-07 16:00:00,2022-08-07 20:00:00,814.0802657199833,806.8758269235811,-1,0.0088497892649817,825.4540890573523,1,-0.0,0.88497892649817,1.0,0.88497892649817,Sideways,14400.0,16,Sunday,NY,2022,8,94099.32359504024,391948.0360764973,397848.7124814568
1313,1314,2022-08-07 20:00:00,2022-08-08 00:00:00,806.8758269235811,838.4345138566056,1,0.039112197788041314,3680.4313561701215,1,0.0,3.9112197788041314,1.0,3.9112197788041314,Sideways,14400.0,20,Sunday,NY,2022,8,97779.75495121037,395628.4674326674,397848.7124814568
1314,1316,2022-08-08 00:00:00,2022-08-08 08:00:00,838.4345138566056,816.7307938822374,-1,0.025886004948121766,2531.1272204931684,2,-0.0,2.5886004948121766,1.0,2.5886004948121766,Sideways,28800.0,0,Monday,Asia,2022,8,100310.88217170353,398159.59465316054,397848.7124814568
1316,1317,2022-08-08 08:00:00,2022-08-08 12:00:00,816.7307938822374,828.4158350434186,1,0.014307090229373598,1435.1568422186276,1,0.0,1.4307090229373598,1.0,1.4307090229373598,Bullish,14400.0,8,Monday,London,2022,8,101746.03901392216,399594.7514953792,397848.7124814568
1317,1318,2022-08-08 12:00:00,2022-08-08 16:00:00,828.4158350434186,821.4523384662499,-1,0.008405798492255645,855.256701336212,1,-0.0,0.8405798492255645,1.0,0.8405798492255645,Bullish,14400.0,12,Monday,London,2022,8,102601.29571525837,400450.0081967154,397848.7124814568
1318,1319,2022-08-08 16:00:00,2022-08-08 20:00:00,821.4523384662499,825.4948079353643,1,0.004921124793024756,504.9137801408233,1,0.0,0.4921124793024756,1.0,0.4921124793024756,Sideways,14400.0,16,Monday,NY,2022,8,103106.20949539919,400954.9219768562,397848.7124814568
1319,1320,2022-08-08 20:00:00,2022-08-09 00:00:00,825.4948079353643,809.2657225103366,-1,0.019659827377495054,2027.050280227392,1,-0.0,1.9659827377495054,1.0,1.9659827377495054,Sideways,14400.0,20,Monday,NY,2022,8,105133.25977562659,402981.9722570836,397848.7124814568
1320,1322,2022-08-09 00:00:00,2022-08-09 08:00:00,809.2657225103366,817.7917410251046,1,0.010535499376299162,1107.6313927944132,2,0.0,1.0535499376299162,1.0,1.0535499376299162,Sideways,28800.0,0,Tuesday,Asia,2022,8,106240.891168421,404089.603649878,397848.7124814568
1322,1324,2022-08-09 08:00:00,2022-08-09 16:00:00,817.7917410251046,813.4922502874019,-1,0.005257439665889985,558.5550753683582,2,-0.5040469232494127,0.5257439665889985,1.0,1.0430456815403466,Sideways,28800.0,8,Tuesday,London,2022,8,106799.44624378937,404648.1587252464,397848.7124814568
1324,1333,2022-08-09 16:00:00,2022-08-11 04:00:00,813.4922502874019,776.8686136295763,1,-0.04502026496858047,-4808.139368393069,9,-8.203808337422236,0.0,0.0,0.0,Sideways,129600.0,16,Tuesday,NY,2022,8,101991.30687539629,404648.1587252464,402656.85184984986
1333,1341,2022-08-11 04:00:00,2022-08-12 12:00:00,776.8686136295763,783.397373078438,-1,-0.008403942873118408,-857.1291165355204,8,-2.3330191659979516,0.20994893000026993,-4.0028510138668505,0.08999022942465372,Bearish,115200.0,4,Thursday,Asia,2022,8,101134.17775886077,404648.1587252464,403513.9809663854
1341,1351,2022-08-12 12:00:00,2022-08-14 04:00:00,783.397373078438,773.520383328007,1,-0.012607892354321248,-1275.0888265265085,10,-3.2174116715019574,0.0,0.0,0.0,Bearish,144000.0,12,Friday,London,2022,8,99859.08893233426,404648.1587252464,404789.0697929119
1351,1354,2022-08-14 04:00:00,2022-08-14 16:00:00,773.520383328007,758.8467013872361,-1,0.01897000034781071,1894.3269517784445,3,-0.0,1.8970000347810712,1.0,1.8970000347810712,Bearish,43200.0,4,Sunday,Asia,2022,8,101753.4158841127,406542.4856770248,404789.0697929119
1354,1355,2022-08-14 16:00:00,2022-08-14 20:00:00,758.8467013872361,772.201719575403,1,0.01759909895338918,1790.7684349898645,1,0.0,1.759909895338918,1.0,1.759909895338918,Bearish,14400.0,16,Sunday,NY,2022,8,103544.18431910257,408333.25411201466,404789.0697929119
1355,1360,2022-08-14 20:00:00,2022-08-15 16:00:00,772.201719575403,796.9200147315029,-1,-0.03201015295548859,-3314.465177705781,5,-6.768014690221125,-0.0,0.0,-0.0,Bearish,72000.0,20,Sunday,NY,2022,8,100229.7191413968,408333.25411201466,408103.5349706177
1360,1367,2022-08-15 16:00:00,2022-08-16 20:00:00,796.9200147315029,793.6535473840763,1,-0.004098864738046659,-410.82806149299216,7,-1.9417855318154542,0.0,0.0,0.0,Sideways,100800.0,16,Monday,NY,2022,8,99818.8910799038,408333.25411201466,408514.3630321107
1367,1368,2022-08-16 20:00:00,2022-08-17 00:00:00,793.6535473840763,778.5104669490352,-1,0.019080215145454216,1904.5659173852277,1,-0.0,1.9080215145454216,1.0,1.9080215145454216,Bearish,14400.0,20,Tuesday,NY,2022,8,101723.45699728903,410237.8200293999,408514.3630321107
1368,1371,2022-08-17 00:00:00,2022-08-17 12:00:00,778.5104669490352,787.047620203633,1,0.010966009600429372,1115.5004060211372,3,0.0,1.0966009600429372,1.0,1.0966009600429372,Bearish,43200.0,0,Wednesday,Asia,2022,8,102838.95740331017,411353.320435421,408514.3630321107
1371,1373,2022-08-17 12:00:00,2022-08-17 20:00:00,787.047620203633,785.5499731193339,-1,0.001902867178369183,195.68887670046567,2,-0.1989495902581906,0.1902867178369183,1.0,0.9564569476618179,Bearish,28800.0,12,Wednesday,London,2022,8,103034.64628001062,411549.0093121215,408514.3630321107
1373,1378,2022-08-17 20:00:00,2022-08-18 16:00:00,785.5499731193339,779.5797947652004,1,-0.0075999981648864345,-783.0631226478048,5,-3.159478927628634,0.0,0.0,0.0,Bearish,72000.0,20,Wednesday,NY,2022,8,102251.58315736282,411549.0093121215,409297.4261547585
1378,1382,2022-08-18 16:00:00,2022-08-19 08:00:00,779.5797947652004,774.9495844392354,-1,0.005939366767913179,607.3096549713525,4,-1.720478569913353,0.5939366767913179,1.0,0.3452159690784349,Bullish,57600.0,16,Thursday,NY,2022,8,102858.89281233418,412156.31896709284,409297.4261547585
1382,1385,2022-08-19 08:00:00,2022-08-19 20:00:00,774.9495844392354,789.545763543016,1,0.018835004749815587,1937.3477346810894,3,0.0,1.8835004749815587,1.0,1.8835004749815587,Sideways,43200.0,8,Friday,London,2022,8,104796.24054701527,414093.66670177394,409297.4261547585
1385,1390,2022-08-19 20:00:00,2022-08-20 16:00:00,789.545763543016,795.2824085577867,-1,-0.007265753651856555,-761.4236674553151,5,-2.743874012711278,-0.0,0.0,-0.0,Sideways,72000.0,20,Friday,NY,2022,8,104034.81687955995,414093.66670177394,410058.8498222138
1390,1391,2022-08-20 16:00:00,2022-08-20 20:00:00,795.2824085577867,805.3925785569694,1,0.012712679031235075,1322.5612350631643,1,0.0,1.2712679031235075,1.0,1.2712679031235075,Sideways,14400.0,16,Saturday,NY,2022,8,105357.37811462312,415416.2279368371,410058.8498222138
1391,1393,2022-08-20 20:00:00,2022-08-21 04:00:00,805.3925785569694,799.2449021683028,-1,0.007633142584553498,804.2078894836357,2,-0.6004931476205178,0.7633142584553498,1.0,1.2711456599963187,Sideways,28800.0,20,Saturday,NY,2022,8,106161.58600410675,416220.4358263208,410058.8498222138
1393,1394,2022-08-21 04:00:00,2022-08-21 08:00:00,799.2449021683028,827.8088259800404,1,0.035738637474252766,3794.0704358924827,1,0.0,3.5738637474252766,1.0,3.5738637474252766,Sideways,14400.0,4,Sunday,Asia,2022,8,109955.65643999923,420014.5062622133,410058.8498222138
1394,1399,2022-08-21 08:00:00,2022-08-22 04:00:00,827.8088259800404,815.9327447911606,-1,0.014346405614629298,1577.4684469110573,5,-1.417307786275268,1.4346405614629298,1.0,1.0122293656716674,Bullish,72000.0,8,Sunday,London,2022,8,111533.12488691029,421591.97470912436,410058.8498222138
1399,1404,2022-08-22 04:00:00,2022-08-23 00:00:00,815.9327447911606,822.6466792627101,1,0.008228539073116714,917.7546760787486,5,-1.3289985135574334,0.8228539073116714,1.0,0.619153369185549,Bullish,72000.0,4,Monday,Asia,2022,8,112450.87956298904,422509.7293852031,410058.8498222138
1404,1406,2022-08-23 00:00:00,2022-08-23 08:00:00,822.6466792627101,812.4932500058278,-1,0.01234239377952906,1387.913036420809,2,-0.0,1.234239377952906,1.0,1.234239377952906,Bullish,28800.0,0,Tuesday,Asia,2022,8,113838.79259940985,423897.6424216239,410058.8498222138
1406,1407,2022-08-23 08:00:00,2022-08-23 12:00:00,812.4932500058278,835.8498972295971,1,0.028746881556987347,3272.510287445687,1,0.0,2.8746881556987347,1.0,2.8746881556987347,Sideways,14400.0,8,Tuesday,London,2022,8,117111.30288685554,427170.1527090696,410058.8498222138
1407,1410,2022-08-23 12:00:00,2022-08-24 00:00:00,835.8498972295971,822.2182735436935,-1,0.016308698165885094,1909.932890595277,3,-0.42626168947101917,1.6308698165885094,1.0,3.825982622581872,Bullish,43200.0,12,Tuesday,London,2022,8,119021.23577745081,429080.0855996649,410058.8498222138
1410,1413,2022-08-24 00:00:00,2022-08-24 12:00:00,822.2182735436935,836.0387919037437,1,0.0168088192694682,2000.6064414119357,3,-0.7086213770009175,1.68088192694682,1.0,2.3720451873196082,Bullish,43200.0,0,Wednesday,Asia,2022,8,121021.84221886274,431080.69204107684,410058.8498222138
1413,1418,2022-08-24 12:00:00,2022-08-25 08:00:00,836.0387919037437,838.6043237134908,-1,-0.003068675562177159,-371.3767697066845,5,-3.1176872788450716,1.1560860485784086,-0.2654366053418414,0.37081526951820315,Bullish,72000.0,12,Wednesday,London,2022,8,120650.46544915607,431080.69204107684,410430.2265919205
1418,1419,2022-08-25 08:00:00,2022-08-25 12:00:00,838.6043237134908,852.7126290946865,1,0.01682355430594673,2029.7696575216291,1,0.0,1.682355430594673,1.0,1.682355430594673,Bullish,14400.0,8,Thursday,London,2022,8,122680.23510667769,433110.46169859846,410430.2265919205
1419,1423,2022-08-25 12:00:00,2022-08-26 04:00:00,852.7126290946865,839.5642853304599,-1,0.015419431254566907,1891.6594515215245,4,-1.0000094055332864,1.5419431254566907,1.0,1.5419286227957036,Bullish,57600.0,12,Thursday,London,2022,8,124571.89455819922,435002.12115012,410430.2265919205
1423,1431,2022-08-26 04:00:00,2022-08-27 12:00:00,839.5642853304599,834.5937154790665,1,-0.005920416027983988,-737.5174411786949,8,-3.745285060248915,0.6326181220431826,-0.9358593789350631,0.1689105400167159,Bullish,115200.0,4,Friday,Asia,2022,8,123834.37711702053,435002.12115012,411167.74403309915
1431,1432,2022-08-27 12:00:00,2022-08-27 16:00:00,834.5937154790665,813.2332376670684,-1,0.02559386371575656,3169.4001712586296,1,-0.0,2.559386371575656,1.0,2.559386371575656,Bullish,14400.0,12,Saturday,London,2022,8,127003.77728827915,438171.5213213786,411167.74403309915
1432,1436,2022-08-27 16:00:00,2022-08-28 08:00:00,813.2332376670684,813.3100839793767,1,9.449480019885215e-05,12.001196559355467,4,-1.3608197945938372,0.009449480019885215,1.0,0.006943961322010012,Bullish,57600.0,16,Saturday,NY,2022,8,127015.7784848385,438183.52251793793,411167.74403309915
1436,1438,2022-08-28 08:00:00,2022-08-28 16:00:00,813.3100839793767,808.3376307833275,-1,0.006113846728322714,776.5550017348934,2,-0.2226683189332057,0.6113846728322714,1.0,2.745719174426739,Sideways,28800.0,8,Sunday,London,2022,8,127792.3334865734,438960.0775196728,411167.74403309915
1438,1442,2022-08-28 16:00:00,2022-08-29 08:00:00,808.3376307833275,802.1481515860974,1,-0.007657046958499558,-978.5118984429291,4,-3.230828069938574,0.0,0.0,0.0,Sideways,57600.0,16,Sunday,NY,2022,8,126813.82158813048,438960.0775196728,412146.2559315421
1442,1443,2022-08-29 08:00:00,2022-08-29 12:00:00,802.1481515860974,787.764763633178,-1,0.017931086576063238,2273.9096139382073,1,-0.0,1.7931086576063238,1.0,1.7931086576063238,Sideways,14400.0,8,Monday,London,2022,8,129087.73120206868,441233.987133611,412146.2559315421
1443,1450,2022-08-29 12:00:00,2022-08-30 16:00:00,787.764763633178,774.720638583062,1,-0.016558401254146315,-2137.4864502312385,7,-3.2566199665880258,0.0,0.0,0.0,Sideways,100800.0,12,Monday,London,2022,8,126950.24475183744,441233.987133611,414283.7423817733
1450,1451,2022-08-30 16:00:00,2022-08-30 20:00:00,774.720638583062,757.6933779721113,-1,0.021978581391729812,2790.1862869782826,1,-0.0,2.1978581391729812,1.0,2.1978581391729812,Bearish,14400.0,16,Tuesday,NY,2022,8,129740.43103881573,444024.1734205893,414283.7423817733
1451,1453,2022-08-30 20:00:00,2022-08-31 04:00:00,757.6933779721113,765.5331709109988,1,0.010346920227638723,1342.4138902580905,2,-0.721984600651715,1.0346920227638723,1.0,1.4331220109540912,Bearish,28800.0,20,Tuesday,NY,2022,8,131082.84492907382,445366.5873108474,414283.7423817733
1453,1456,2022-08-31 04:00:00,2022-08-31 16:00:00,765.5331709109988,769.386512441461,-1,-0.005033539599435866,-659.8106907572045,3,-3.462161423080734,-0.0,0.0,-0.0,Bearish,43200.0,4,Wednesday,Asia,2022,8,130423.03423831661,445366.5873108474,414943.5530725305
1456,1457,2022-08-31 16:00:00,2022-08-31 20:00:00,769.386512441461,782.0137309601031,1,0.016412061187000226,2140.5108181134797,1,0.0,1.6412061187000226,1.0,1.6412061187000226,Bearish,14400.0,16,Wednesday,NY,2022,8,132563.5450564301,447507.0981289609,414943.5530725305
1457,1458,2022-08-31 20:00:00,2022-09-01 00:00:00,782.0137309601031,764.6952705443808,-1,0.022145979961834983,2935.7496124895124,1,-0.0,2.2145979961834983,1.0,2.2145979961834983,Bearish,14400.0,20,Wednesday,NY,2022,8,135499.2946689196,450442.8477414504,414943.5530725305
1458,1462,2022-09-01 00:00:00,2022-09-01 16:00:00,764.6952705443808,763.3251872260763,1,-0.001791672279245482,-242.7703301156186,4,-1.4710947353230752,0.0,0.0,0.0,Bearish,57600.0,0,Thursday,Asia,2022,9,135256.52433880398,450442.8477414504,415186.3234026461
1462,1466,2022-09-01 16:00:00,2022-09-02 08:00:00,763.3251872260763,786.7666850141582,-1,-0.030709713475155054,-4153.6891080900095,4,-7.311505516978678,-0.0,0.0,-0.0,Bearish,57600.0,16,Thursday,NY,2022,9,131102.83523071397,450442.8477414504,419340.0125107361
1466,1468,2022-09-02 08:00:00,2022-09-02 16:00:00,786.7666850141582,802.7219721877755,1,0.02027956632826955,2658.70864288546,2,-1.6046686607512517,2.027956632826955,1.0,1.2637852800574632,Bearish,28800.0,8,Friday,London,2022,9,133761.54387359944,453101.55638433585,419340.0125107361
1468,1473,2022-09-02 16:00:00,2022-09-03 12:00:00,802.7219721877755,810.0901261131409,-1,-0.009178961309958877,-1227.7920359761372,5,-2.3739864676108446,0.21946631838066777,-4.182400915860732,0.0924463224095529,Bearish,72000.0,16,Friday,NY,2022,9,132533.7518376233,453101.55638433585,420567.80454671226
1473,1475,2022-09-03 12:00:00,2022-09-03 20:00:00,810.0901261131409,813.8057789751941,1,0.0045867154064465065,607.8946014277853,2,-1.8589520583361607,0.45867154064465065,1.0,0.24673661624989982,Bearish,28800.0,12,Saturday,London,2022,9,133141.64643905108,453709.45098576363,420567.80454671226
1475,1477,2022-09-03 20:00:00,2022-09-04 04:00:00,813.8057789751941,802.2158970893258,-1,0.01424158218741478,1896.147700329468,2,-1.698496485582357,1.424158218741478,1.0,0.8384816988615567,Sideways,28800.0,20,Saturday,NY,2022,9,135037.79413938057,455605.5986860931,420567.80454671226
1477,1482,2022-09-04 04:00:00,2022-09-05 00:00:00,802.2158970893258,800.1021909503662,1,-0.002634834521017093,-355.80224164043983,5,-1.9802592241337291,0.0,0.0,0.0,Bearish,72000.0,4,Sunday,Asia,2022,9,134681.9918977401,455605.5986860931,420923.6067883527
1482,1483,2022-09-05 00:00:00,2022-09-05 04:00:00,800.1021909503662,783.06391296611,-1,0.021295127268703085,2868.0701582648157,1,-0.0,2.1295127268703085,1.0,2.1295127268703085,Sideways,14400.0,0,Monday,Asia,2022,9,137550.06205600494,458473.66884435795,420923.6067883527
1483,1489,2022-09-05 04:00:00,2022-09-06 04:00:00,783.06391296611,775.0308710960061,1,-0.010258475377413534,-1411.0539247632312,6,-2.9539496547840716,0.0,0.0,0.0,Bearish,86400.0,4,Monday,Asia,2022,9,136139.0081312417,458473.66884435795,422334.66071311594
1489,1491,2022-09-06 04:00:00,2022-09-06 12:00:00,775.0308710960061,760.8376828201194,-1,0.018313061847220924,2493.1220757267433,2,-0.006919293282714456,1.8313061847220924,1.0,264.666651621344,Sideways,28800.0,4,Tuesday,Asia,2022,9,138632.13020696843,460966.7909200847,422334.66071311594
1491,1497,2022-09-06 12:00:00,2022-09-07 12:00:00,760.8376828201194,751.8772035112045,1,-0.011777123440708248,-1632.6877102958074,6,-3.629657181613566,0.0,0.0,0.0,Sideways,86400.0,12,Tuesday,London,2022,9,136999.44249667262,460966.7909200847,423967.3484234117
1497,1501,2022-09-07 12:00:00,2022-09-08 04:00:00,751.8772035112045,750.8098498056817,-1,0.0014195851404170678,194.4823728136992,4,-1.1431148158298932,0.4187384929967064,0.3390147225916089,0.366313590899183,Sideways,57600.0,12,Wednesday,London,2022,9,137193.92486948633,461161.2732928984,423967.3484234117
1501,1503,2022-09-08 04:00:00,2022-09-08 12:00:00,750.8098498056817,754.7449133566334,1,0.0052410920714083264,719.045991878855,2,-0.3259862531192814,0.5241092071408326,1.0,1.6077647511996653,Sideways,28800.0,4,Thursday,Asia,2022,9,137912.97086136517,461880.3192847772,423967.3484234117
1503,1506,2022-09-08 12:00:00,2022-09-09 00:00:00,754.7449133566334,743.1442879235462,-1,0.015370259842487521,2119.758197788595,3,-1.1009713259197307,1.5370259842487521,1.0,1.3960635922690807,Sideways,43200.0,12,Thursday,London,2022,9,140032.72905915376,464000.07748256583,423967.3484234117
1506,1507,2022-09-09 00:00:00,2022-09-09 04:00:00,743.1442879235462,776.5695848559326,1,0.04497820608401826,6298.420946130116,1,0.0,4.497820608401826,1.0,4.497820608401826,Bearish,14400.0,0,Friday,Asia,2022,9,146331.15000528388,470298.49842869595,423967.3484234117
1507,1513,2022-09-09 04:00:00,2022-09-10 04:00:00,776.5695848559326,763.5102023272889,-1,0.016816757678021155,2460.8154903850254,6,-0.2523818508017195,1.6816757678021155,1.0,6.663219888672986,Sideways,86400.0,4,Friday,Asia,2022,9,148791.9654956689,472759.313919081,423967.3484234117
1513,1515,2022-09-10 04:00:00,2022-09-10 12:00:00,763.5102023272889,789.7625052972023,1,0.034383696366980576,5116.017763449335,2,0.0,3.4383696366980576,1.0,3.4383696366980576,Sideways,28800.0,4,Saturday,Asia,2022,9,153907.98325911825,477875.33168253035,423967.3484234117
1515,1518,2022-09-10 12:00:00,2022-09-11 00:00:00,789.7625052972023,773.9400830534614,-1,0.02003440545431645,3083.4549392693266,3,-0.36565931890881753,2.003440545431645,1.0,5.478981231519583,Sideways,43200.0,12,Saturday,London,2022,9,156991.43819838756,480958.7866217997,423967.3484234117
1518,1521,2022-09-11 00:00:00,2022-09-11 12:00:00,773.9400830534614,787.181466039568,1,0.017109054403623647,2685.975057039335,3,-0.9926908812671886,1.7109054403623647,1.0,1.7235027264261376,Bearish,43200.0,0,Sunday,Asia,2022,9,159677.41325542692,483644.76167883904,423967.3484234117
1521,1525,2022-09-11 12:00:00,2022-09-12 04:00:00,787.181466039568,765.5227777926914,-1,0.027514225348628796,4393.4003313959465,4,-0.0,2.7514225348628796,1.0,2.7514225348628796,Bearish,57600.0,12,Sunday,London,2022,9,164070.81358682286,488038.162010235,423967.3484234117
1525,1526,2022-09-12 04:00:00,2022-09-12 08:00:00,765.5227777926914,792.3808861940057,1,0.0350846626389838,5756.369143597283,1,0.0,3.50846626389838,1.0,3.50846626389838,Bearish,14400.0,4,Monday,Asia,2022,9,169827.18273042014,493794.5311538323,423967.3484234117
1526,1529,2022-09-12 08:00:00,2022-09-12 20:00:00,792.3808861940057,793.5357801466934,-1,-0.0014574984995345819,-247.52286400977277,3,-3.1840783267884643,-0.0,0.0,-0.0,Bearish,43200.0,8,Monday,London,2022,9,169579.65986641037,493794.5311538323,424214.8712874215
1529,1530,2022-09-12 20:00:00,2022-09-13 00:00:00,793.5357801466934,809.4701891978267,1,0.020080265376550166,3405.204572582636,1,0.0,2.0080265376550166,1.0,2.0080265376550166,Sideways,14400.0,20,Monday,NY,2022,9,172984.86443899298,497199.7357264149,424214.8712874215
1530,1535,2022-09-13 00:00:00,2022-09-13 20:00:00,809.4701891978267,819.138361039447,-1,-0.011943826926104961,-2066.101281695063,5,-3.6671263687109157,0.4686654286288894,-2.5484762042396403,0.12780182123738396,Sideways,72000.0,0,Tuesday,Asia,2022,9,170918.76315729792,497199.7357264149,426280.97256911657
1535,1536,2022-09-13 20:00:00,2022-09-14 00:00:00,819.138361039447,821.2557541431204,1,0.0025849028740230207,441.80840210975975,1,0.0,0.25849028740230207,1.0,0.25849028740230207,Bullish,14400.0,20,Tuesday,NY,2022,9,171360.5715594077,497641.54412852466,426280.97256911657
1536,1539,2022-09-14 00:00:00,2022-09-14 12:00:00,821.2557541431204,809.661296468828,-1,0.014117962176581345,2419.2620678330804,3,-1.11781720672246,1.4117962176581345,1.0,1.262993814344339,Bullish,43200.0,0,Wednesday,Asia,2022,9,173779.8336272408,500060.80619635776,426280.97256911657
1539,1540,2022-09-14 12:00:00,2022-09-14 16:00:00,809.661296468828,832.7555232795529,1,0.028523318221391536,4956.777495010269,1,0.0,2.8523318221391536,1.0,2.8523318221391536,Bullish,14400.0,12,Wednesday,London,2022,9,178736.61112225105,505017.58369136805,426280.97256911657
1540,1546,2022-09-14 16:00:00,2022-09-15 16:00:00,832.7555232795529,870.0523864393692,-1,-0.04478729004754478,-8005.12844444748,6,-6.752504798402104,-0.0,0.0,-0.0,Bullish,86400.0,16,Wednesday,NY,2022,9,170731.48267780358,505017.58369136805,434286.10101356404
1546,1547,2022-09-15 16:00:00,2022-09-15 20:00:00,870.0523864393692,877.2658947552491,1,0.00829088963872704,1415.5158807379073,1,0.0,0.8290889638727039,1.0,0.8290889638727039,Bullish,14400.0,16,Thursday,NY,2022,9,172146.99855854147,506433.099572106,434286.10101356404
1547,1549,2022-09-15 20:00:00,2022-09-16 04:00:00,877.2658947552491,859.1283933995252,-1,0.020675033036345436,3559.1448823055575,2,-1.0924777170205013,2.0675033036345436,1.0,1.8924901363418336,Bullish,28800.0,20,Thursday,NY,2022,9,175706.14344084705,509992.24445441156,434286.10101356404
1549,1564,2022-09-16 04:00:00,2022-09-18 16:00:00,859.1283933995252,773.3420133674049,1,-0.09985280511178096,-17544.75129794154,15,-13.032594488714954,0.38950838342819427,-25.63559845180811,0.029887247989298926,Bullish,216000.0,4,Friday,Asia,2022,9,158161.3921429055,509992.24445441156,451830.8523115056
1564,1582,2022-09-18 16:00:00,2022-09-21 16:00:00,773.3420133674049,892.4395787866523,-1,-0.15400374395883976,-24357.446539749682,18,-16.81137330121425,-0.0,0.0,-0.0,Sideways,259200.0,16,Sunday,NY,2022,9,133803.94560315582,509992.24445441156,476188.29885125527
1582,1583,2022-09-21 16:00:00,2022-09-21 20:00:00,892.4395787866523,900.6111329285358,1,0.009156422839284417,1225.1655035071065,1,0.0,0.9156422839284417,1.0,0.9156422839284417,Bullish,14400.0,16,Wednesday,NY,2022,9,135029.11110666292,511217.4099579187,476188.29885125527
1583,1591,2022-09-21 20:00:00,2022-09-23 04:00:00,900.6111329285358,928.5384660155069,-1,-0.031009313638128422,-4187.160056584204,8,-7.94349701353565,-0.0,0.0,-0.0,Bullish,115200.0,20,Wednesday,NY,2022,9,130841.95105007873,511217.4099579187,480375.4589078395
1591,1593,2022-09-23 04:00:00,2022-09-23 12:00:00,928.5384660155069,955.3361855391627,1,0.028860107043974903,3776.112713147799,2,0.0,2.8860107043974903,1.0,2.8860107043974903,Bullish,28800.0,4,Friday,Asia,2022,9,134618.06376322653,514993.52267106646,480375.4589078395
1593,1594,2022-09-23 12:00:00,2022-09-23 16:00:00,955.3361855391627,943.4401804498144,-1,0.012452166336224924,1676.2865218402308,1,-0.0,1.2452166336224924,1.0,1.2452166336224924,Bullish,14400.0,12,Friday,London,2022,9,136294.35028506676,516669.8091929067,480375.4589078395
1594,1597,2022-09-23 16:00:00,2022-09-24 04:00:00,943.4401804498144,943.8562534057841,1,0.00044101678579266945,60.108096284420384,3,-1.6204756572245516,0.044101678579266945,1.0,0.02721526755594806,Bullish,43200.0,16,Friday,NY,2022,9,136354.45838135117,516729.91728919116,480375.4589078395
1597,1601,2022-09-24 04:00:00,2022-09-24 20:00:00,943.8562534057841,937.1187361116467,-1,0.007138287498573925,973.3373256384183,4,-1.9660200932320127,0.7138287498573925,1.0,0.3630831405613476,Bullish,57600.0,4,Saturday,Asia,2022,9,137327.7957069896,517703.25461482955,480375.4589078395
1601,1602,2022-09-24 20:00:00,2022-09-25 00:00:00,937.1187361116467,950.4794480429786,1,0.014257224209142327,1957.913173541845,1,0.0,1.4257224209142327,1.0,1.4257224209142327,Bullish,14400.0,20,Saturday,NY,2022,9,139285.70888053143,519661.1677883714,480375.4589078395
1602,1605,2022-09-25 00:00:00,2022-09-25 12:00:00,950.4794480429786,952.874714826736,-1,-0.002520061626465786,-351.00857006491225,3,-1.3658227758785113,-0.0,0.0,-0.0,Bullish,43200.0,0,Sunday,Asia,2022,9,138934.70031046652,519661.1677883714,480726.4674779044
1605,1607,2022-09-25 12:00:00,2022-09-25 20:00:00,952.874714826736,952.6874184003108,1,-0.0001965593414442468,-27.30891319677911,2,-1.4648182408475763,0.0,0.0,0.0,Bullish,28800.0,12,Sunday,London,2022,9,138907.39139726973,519661.1677883714,480753.7763911012
1607,1613,2022-09-25 20:00:00,2022-09-26 20:00:00,952.6874184003108,965.4311117525416,-1,-0.013376573581321383,-1858.1049420149886,6,-3.6892020477863996,-0.0,0.0,-0.0,Bullish,86400.0,20,Sunday,NY,2022,9,137049.28645525474,519661.1677883714,482611.88133311615
1613,1616,2022-09-26 20:00:00,2022-09-27 08:00:00,965.4311117525416,985.2921539669918,1,0.020572200307898303,2819.405373012036,3,-0.97632545961438,2.0572200307898303,1.0,2.107104767709706,Bullish,43200.0,20,Monday,NY,2022,9,139868.69182826678,522480.5731613834,482611.88133311615
1616,1636,2022-09-27 08:00:00,2022-09-30 16:00:00,985.2921539669918,1146.645536336696,-1,-0.16376196818381428,-22905.17226109236,20,-18.854010565907387,-0.0,0.0,-0.0,Bullish,288000.0,8,Tuesday,London,2022,9,116963.51956717443,522480.5731613834,505517.0535942085
1636,1637,2022-09-30 16:00:00,2022-09-30 20:00:00,1146.645536336696,1162.864232904594,1,0.014144472772042116,1654.387317840115,1,0.0,1.4144472772042116,1.0,1.4144472772042116,Bullish,14400.0,16,Friday,NY,2022,9,118617.90688501454,524134.9604792235,505517.0535942085
1637,1643,2022-09-30 20:00:00,2022-10-01 20:00:00,1162.864232904594,1221.22261305649,-1,-0.05018503321417733,-5952.843596820652,6,-7.128392107020454,-0.0,0.0,-0.0,Bullish,86400.0,20,Friday,NY,2022,9,112665.06328819388,524134.9604792235,511469.89719102916
1643,1655,2022-10-01 20:00:00,2022-10-03 20:00:00,1221.22261305649,1143.186940095211,1,-0.06389962986844011,-7199.255843219975,12,-8.755336902948263,0.0,0.0,0.0,Bullish,172800.0,20,Saturday,NY,2022,10,105465.8074449739,524134.9604792235,518669.15303424915
1655,1660,2022-10-03 20:00:00,2022-10-04 16:00:00,1143.186940095211,1161.038693459218,-1,-0.015615777908134731,-1646.9306259628163,5,-3.5516611479186944,-0.0,0.0,-0.0,Bullish,72000.0,20,Monday,NY,2022,10,103818.8768190111,524134.9604792235,520316.08366021194
1660,1663,2022-10-04 16:00:00,2022-10-05 04:00:00,1161.038693459218,1172.429330026852,1,0.009810729506091409,1018.5389180975424,3,-1.8181108641926014,0.9810729506091409,1.0,0.5396111809962822,Bullish,43200.0,16,Tuesday,NY,2022,10,104837.41573710863,525153.499397321,520316.08366021194
1663,1667,2022-10-05 04:00:00,2022-10-05 20:00:00,1172.429330026852,1124.134220151592,-1,0.04119234195049859,4318.498678249564,4,-0.794378042069499,4.119234195049859,1.0,5.185483456111786,Bullish,57600.0,4,Wednesday,Asia,2022,10,109155.9144153582,529471.9980755706,520316.08366021194
1667,1676,2022-10-05 20:00:00,2022-10-07 08:00:00,1124.134220151592,1113.925511110593,1,-0.009081396916839846,-991.2881846264688,9,-4.33397423919023,0.7440623401620217,-1.2205155975052233,0.1716813019869366,Bullish,129600.0,20,Wednesday,NY,2022,10,108164.62623073174,529471.9980755706,521307.37184483843
1676,1678,2022-10-07 08:00:00,2022-10-07 16:00:00,1113.925511110593,1085.513379344677,-1,0.025506312120986308,2758.8807170908685,2,-0.0,2.5506312120986308,1.0,2.5506312120986308,Sideways,28800.0,8,Friday,London,2022,10,110923.5069478226,532230.8787926615,521307.37184483843
1678,1685,2022-10-07 16:00:00,2022-10-08 20:00:00,1085.513379344677,1069.864594741306,1,-0.014416021857619254,-1599.0757006835931,7,-2.987671030878225,0.508567624934253,-2.834632239809394,0.17022209596642227,Bearish,100800.0,16,Friday,NY,2022,10,109324.431247139,532230.8787926615,522906.447545522
1685,1686,2022-10-08 20:00:00,2022-10-09 00:00:00,1069.864594741306,1054.246576093861,-1,0.014598126458443605,1595.9318723431602,1,-0.0,1.4598126458443605,1.0,1.4598126458443605,Bearish,14400.0,20,Saturday,NY,2022,10,110920.36311948216,533826.8106650047,522906.447545522
1686,1688,2022-10-09 00:00:00,2022-10-09 08:00:00,1054.246576093861,1070.799292525418,1,0.015700991406476517,1741.5596681422458,2,0.0,1.5700991406476517,1.0,1.5700991406476517,Bearish,28800.0,0,Sunday,Asia,2022,10,112661.92278762441,535568.3703331469,522906.447545522
1688,1690,2022-10-09 08:00:00,2022-10-09 16:00:00,1070.799292525418,1064.003587920496,-1,0.006346385034392998,714.9959407253198,2,-0.0,0.6346385034392998,1.0,0.6346385034392998,Bearish,28800.0,8,Sunday,London,2022,10,113376.91872834973,536283.3662738722,522906.447545522
1690,1691,2022-10-09 16:00:00,2022-10-09 20:00:00,1064.003587920496,1076.051851931731,1,0.011323518217436046,1283.8256046572353,1,0.0,1.1323518217436046,1.0,1.1323518217436046,Bearish,14400.0,16,Sunday,NY,2022,10,114660.74433300697,537567.1918785295,522906.447545522
1691,1699,2022-10-09 20:00:00,2022-10-11 04:00:00,1076.051851931731,1127.292984528959,-1,-0.047619575678662596,-5460.095992137413,8,-6.634518933600919,-0.0,0.0,-0.0,Bearish,115200.0,20,Sunday,NY,2022,10,109200.64834086955,537567.1918785295,528366.5435376595
1699,1702,2022-10-11 04:00:00,2022-10-11 16:00:00,1127.292984528959,1131.973929425828,1,0.0041523764993753876,453.44220588718304,3,-0.5813763090237511,0.41523764993753876,1.0,0.7142321479091693,Sideways,43200.0,4,Tuesday,Asia,2022,10,109654.09054675674,538020.6340844167,528366.5435376595
1702,1708,2022-10-11 16:00:00,2022-10-12 16:00:00,1131.973929425828,1162.41967392807,-1,-0.026896153445587823,-2949.273245281953,6,-4.235754621440591,-0.0,0.0,-0.0,Sideways,86400.0,16,Tuesday,NY,2022,10,106704.81730147479,538020.6340844167,531315.8167829415
1708,1710,2022-10-12 16:00:00,2022-10-13 00:00:00,1162.41967392807,1185.187122644268,1,0.019586255486593318,2089.94781331695,2,0.0,1.9586255486593318,1.0,1.9586255486593318,Sideways,28800.0,16,Wednesday,NY,2022,10,108794.76511479173,540110.5818977336,531315.8167829415
1710,1712,2022-10-13 00:00:00,2022-10-13 08:00:00,1185.187122644268,1157.319921518197,-1,0.02351291251283305,2558.0817939983217,2,-0.09753959195346606,2.351291251283305,1.0,24.106018942595668,Sideways,28800.0,0,Thursday,Asia,2022,10,111352.84690879006,542668.663691732,531315.8167829415
1712,1714,2022-10-13 08:00:00,2022-10-13 16:00:00,1157.319921518197,1187.239858436749,1,0.025852779652580926,2878.780614820529,2,0.0,2.5852779652580926,1.0,2.5852779652580926,Sideways,28800.0,8,Thursday,London,2022,10,114231.62752361059,545547.4443065525,531315.8167829415
1714,1719,2022-10-13 16:00:00,2022-10-14 12:00:00,1187.239858436749,1190.684045466298,-1,-0.0029010035378056465,-331.3863555752915,5,-2.231691664248947,-0.0,0.0,-0.0,Sideways,72000.0,16,Thursday,NY,2022,10,113900.2411680353,545547.4443065525,531647.2031385168
1719,1722,2022-10-14 12:00:00,2022-10-15 00:00:00,1190.684045466298,1203.652956087016,1,0.010891983200832511,1240.5995133730132,3,-1.8338300473879188,1.0891983200832511,1.0,0.5939472535280407,Bullish,43200.0,12,Friday,London,2022,10,115140.84068140831,546788.0438199255,531647.2031385168
1722,1724,2022-10-15 00:00:00,2022-10-15 08:00:00,1203.652956087016,1188.272500760164,-1,0.012778147761837277,1471.2866756492015,2,-0.13992083463125748,1.2778147761837277,1.0,9.132412478464959,Bullish,28800.0,0,Saturday,Asia,2022,10,116612.12735705751,548259.3304955747,531647.2031385168
1724,1734,2022-10-15 08:00:00,2022-10-17 00:00:00,1188.272500760164,1145.850234799334,1,-0.03570078911503172,-4163.144967029535,10,-5.37652984343141,0.0,0.0,0.0,Bullish,144000.0,8,Saturday,London,2022,10,112448.98239002797,548259.3304955747,535810.3481055463
1734,1736,2022-10-17 00:00:00,2022-10-17 08:00:00,1145.850234799334,1138.967350285748,-1,0.006006792427625918,675.4576959146608,2,-0.39324357196550697,0.6006792427625918,1.0,1.5274992030010344,Bullish,28800.0,0,Monday,Asia,2022,10,113124.44008594264,548934.7881914894,535810.3481055463
1736,1737,2022-10-17 08:00:00,2022-10-17 12:00:00,1138.967350285748,1163.274409763467,1,0.021341313665945716,2414.224159158587,1,0.0,2.1341313665945716,1.0,2.1341313665945716,Bullish,14400.0,8,Monday,London,2022,10,115538.66424510122,551349.012350648,535810.3481055463
1737,1743,2022-10-17 12:00:00,2022-10-18 12:00:00,1163.274409763467,1148.498407766594,-1,0.012702077749546126,1467.5810963199822,6,-0.8270372541399063,1.2702077749546126,1.0,1.5358531536473412,Bullish,86400.0,12,Monday,London,2022,10,117006.2453414212,552816.5934469679,535810.3481055463
1743,1744,2022-10-18 12:00:00,2022-10-18 16:00:00,1148.498407766594,1176.83808722914,1,0.024675419026184198,2887.1781324800836,1,0.0,2.4675419026184198,1.0,2.4675419026184198,Sideways,14400.0,12,Tuesday,London,2022,10,119893.42347390129,555703.771579448,535810.3481055463
1744,1747,2022-10-18 16:00:00,2022-10-19 04:00:00,1176.83808722914,1154.327402862018,-1,0.019128106586117744,2293.334183183337,3,-0.0,1.9128106586117744,1.0,1.9128106586117744,Sideways,43200.0,16,Tuesday,NY,2022,10,122186.75765708463,557997.1057626314,535810.3481055463
1747,1750,2022-10-19 04:00:00,2022-10-19 16:00:00,1154.327402862018,1156.483290119217,1,0.001867656656034944,228.20291121758294,3,-1.7417876930393206,0.1867656656034944,1.0,0.10722642394929253,Sideways,43200.0,4,Wednesday,Asia,2022,10,122414.96056830221,558225.308673849,535810.3481055463
1750,1763,2022-10-19 16:00:00,2022-10-21 20:00:00,1156.483290119217,1285.431408164075,-1,-0.11150019991345084,-13649.29257576291,13,-13.393037607807834,-0.0,0.0,-0.0,Sideways,187200.0,16,Wednesday,NY,2022,10,108765.6679925393,558225.308673849,549459.6406813093
1763,1764,2022-10-21 20:00:00,2022-10-22 00:00:00,1285.431408164075,1304.195491266029,1,0.014597498538450937,1587.7066795547337,1,0.0,1.4597498538450937,1.0,1.4597498538450937,Bullish,14400.0,20,Friday,NY,2022,10,110353.37467209404,559813.0153534038,549459.6406813093
1764,1768,2022-10-22 00:00:00,2022-10-22 16:00:00,1304.195491266029,1303.403319468269,-1,0.0006074026501893259,67.0289322331656,4,-1.2765734482178104,0.06074026501893259,1.0,0.047580705288622786,Bullish,57600.0,0,Saturday,Asia,2022,10,110420.4036043272,559880.0442856369,549459.6406813093
1768,1772,2022-10-22 16:00:00,2022-10-23 08:00:00,1303.403319468269,1311.407850142257,1,0.006141253865498353,678.1197304649633,4,-0.5708052419509779,0.6141253865498353,1.0,1.0758930391928283,Bullish,57600.0,16,Saturday,NY,2022,10,111098.52333479217,560558.1640161019,549459.6406813093
1772,1780,2022-10-23 08:00:00,2022-10-24 16:00:00,1311.407850142257,1346.703480572201,-1,-0.026914304673496536,-2990.1395058081634,8,-4.354109322168309,0.4110235981323762,-6.5481166521315854,0.09439900740197538,Bullish,115200.0,8,Sunday,London,2022,10,108108.383828984,560558.1640161019,552449.7801871174
1780,1781,2022-10-24 16:00:00,2022-10-24 20:00:00,1346.703480572201,1350.773515675305,1,0.003022220675760412,326.7273928309983,1,0.0,0.3022220675760412,1.0,0.3022220675760412,Bullish,14400.0,16,Monday,NY,2022,10,108435.11122181501,560884.8914089329,552449.7801871174
1781,1782,2022-10-24 20:00:00,2022-10-25 00:00:00,1350.773515675305,1330.11138756685,-1,0.015296515565842328,1658.6793666883386,1,-0.0,1.5296515565842328,1.0,1.5296515565842328,Bullish,14400.0,20,Monday,NY,2022,10,110093.79058850334,562543.5707756212,552449.7801871174
1782,1783,2022-10-25 00:00:00,2022-10-25 04:00:00,1330.11138756685,1351.464819811836,1,0.016053867702048086,1767.431148924821,1,0.0,1.6053867702048086,1.0,1.6053867702048086,Bullish,14400.0,0,Tuesday,Asia,2022,10,111861.22173742816,564311.0019245461,552449.7801871174
1783,1789,2022-10-25 04:00:00,2022-10-26 04:00:00,1351.464819811836,1363.502624522338,-1,-0.008907227575615462,-996.3733589016567,6,-2.000469196651844,-0.0,0.0,-0.0,Bullish,86400.0,4,Tuesday,Asia,2022,10,110864.84837852651,564311.0019245461,553446.1535460191
1789,1797,2022-10-26 04:00:00,2022-10-27 12:00:00,1363.502624522338,1262.595145925938,1,-0.07400607580916829,-8204.672373673187,8,-9.508015810591141,0.33602712090459175,-22.02384010253174,0.03534145584090062,Bullish,115200.0,4,Wednesday,Asia,2022,10,102660.17600485332,564311.0019245461,561650.8259196923
1797,1798,2022-10-27 12:00:00,2022-10-27 16:00:00,1262.595145925938,1233.375947649905,-1,0.02314217536026153,2375.779795619631,1,-0.0,2.314217536026153,1.0,2.314217536026153,Bullish,14400.0,12,Thursday,London,2022,10,105035.95580047295,566686.7817201657,561650.8259196923
1798,1803,2022-10-27 16:00:00,2022-10-28 12:00:00,1233.375947649905,1224.578784562091,1,-0.007132588489808134,-749.17824935845,5,-3.6590572864137028,0.694294539248208,-1.0273145022185255,0.1897468350184527,Bullish,72000.0,16,Thursday,NY,2022,10,104286.7775511145,566686.7817201657,562400.0041690507
1803,1809,2022-10-28 12:00:00,2022-10-29 12:00:00,1224.578784562091,1248.91402653886,-1,-0.019872336744320984,-2072.4219614758435,6,-3.770871383836605,-0.0,0.0,-0.0,Bullish,86400.0,12,Friday,London,2022,10,102214.35558963865,566686.7817201657,564472.4261305266
1809,1811,2022-10-29 12:00:00,2022-10-29 20:00:00,1248.91402653886,1268.339274082458,1,0.015553710768571705,1589.8125232371817,2,0.0,1.5553710768571705,1.0,1.5553710768571705,Sideways,28800.0,12,Saturday,London,2022,10,103804.16811287584,568276.594243403,564472.4261305266
1811,1817,2022-10-29 20:00:00,2022-10-30 20:00:00,1268.339274082458,1267.773266935091,-1,0.00044625847273893626,46.3234895259878,6,-2.8378216187067373,0.044625847273893626,1.0,0.0157253884386964,Bearish,86400.0,20,Saturday,NY,2022,10,103850.49160240183,568322.9177329289,564472.4261305266
1817,1835,2022-10-30 20:00:00,2022-11-02 20:00:00,1267.773266935091,1125.826625946334,1,-0.11196532115866475,-11627.653644748149,18,-13.406353044880925,0.27073564555235574,-41.35595847758899,0.020194578245553013,Bearish,259200.0,20,Sunday,NY,2022,10,92222.83795765368,568322.9177329289,576100.0797752747
1835,1838,2022-11-02 20:00:00,2022-11-03 08:00:00,1125.826625946334,1116.719904585963,-1,0.008088919866072852,745.983146061283,3,-0.2690899349170772,0.8562164088926405,0.9447284333798732,3.18189682254928,Bearish,43200.0,20,Wednesday,NY,2022,11,92968.82110371496,569068.9008789902,576100.0797752747
1838,1839,2022-11-03 08:00:00,2022-11-03 12:00:00,1116.719904585963,1130.779294462214,1,0.01258989816382261,1170.4679901064148,1,0.0,1.258989816382261,1.0,1.258989816382261,Bearish,14400.0,8,Thursday,London,2022,11,94139.28909382137,570239.3688690966,576100.0797752747
1839,1844,2022-11-03 12:00:00,2022-11-04 08:00:00,1130.779294462214,1143.40051842249,-1,-0.011161527295455498,-1050.7382447954642,5,-2.938272713966028,-0.0,0.0,-0.0,Bearish,72000.0,12,Thursday,London,2022,11,93088.55084902591,570239.3688690966,577150.8180200702
1844,1847,2022-11-04 08:00:00,2022-11-04 20:00:00,1143.40051842249,1151.145555736069,1,0.006773687075342982,630.5527137484554,3,-1.088990936750145,0.6773687075342982,1.0,0.6220150091935172,Bearish,43200.0,8,Friday,London,2022,11,93719.10356277437,570869.921582845,577150.8180200702
1847,1848,2022-11-04 20:00:00,2022-11-05 00:00:00,1151.145555736069,1135.65749912036,-1,0.013454472841017528,1260.941133569858,1,-0.0,1.3454472841017528,1.0,1.3454472841017528,Bearish,14400.0,20,Friday,NY,2022,11,94980.04469634422,572130.8627164148,577150.8180200702
1848,1862,2022-11-05 00:00:00,2022-11-07 08:00:00,1135.65749912036,1032.851984745596,1,-0.09052510502012578,-8598.07852095281,14,-11.641484967100746,0.06855739500561953,-132.04280152812925,0.005889059273740865,Bearish,201600.0,0,Saturday,Asia,2022,11,86381.96617539141,572130.8627164148,585748.896541023
1862,1868,2022-11-07 08:00:00,2022-11-08 08:00:00,1032.851984745596,1025.702413097099,-1,0.006922164796205443,597.9502052863044,6,-2.69822775088846,0.6922164796205443,1.0,0.25654486704934915,Bearish,86400.0,8,Monday,London,2022,11,86979.91638067772,572728.8129217011,585748.896541023
1868,1871,2022-11-08 08:00:00,2022-11-08 20:00:00,1025.702413097099,1030.475041122215,1,0.004653033827526132,404.72049323468815,3,-3.609813808931439,0.4653033827526132,1.0,0.12889955199388808,Bearish,43200.0,8,Tuesday,London,2022,11,87384.63687391242,573133.5334149358,585748.896541023
1871,1875,2022-11-08 20:00:00,2022-11-09 12:00:00,1030.475041122215,1031.149766364498,-1,-0.0006547710670876672,-57.216931933,4,-0.9164879810589222,0.08967621639082157,-0.7301501930390135,0.09784767312191972,Bearish,57600.0,20,Tuesday,NY,2022,11,87327.4199419794,573133.5334149358,585806.113472956
1875,1896,2022-11-09 12:00:00,2022-11-13 00:00:00,1031.149766364498,893.4919307375892,1,-0.13349936170013976,-11658.15482117432,21,-15.074222978447837,0.0,0.0,0.0,Bearish,302400.0,12,Wednesday,London,2022,11,75669.2651208051,573133.5334149358,597464.2682941303
1896,1899,2022-11-13 00:00:00,2022-11-13 12:00:00,893.4919307375892,877.5457267740355,-1,0.01784705985021029,1350.47390343244,3,-1.9547692564518826,1.784705985021029,1.0,0.9130008460745199,Bearish,43200.0,0,Sunday,Asia,2022,11,77019.73902423753,574484.0073183683,597464.2682941303
1899,1902,2022-11-13 12:00:00,2022-11-14 00:00:00,877.5457267740355,907.6462186149465,1,0.034300767381734154,2641.836152072247,3,0.0,3.4300767381734154,1.0,3.4300767381734154,Bearish,43200.0,12,Sunday,London,2022,11,79661.57517630978,577125.8434704406,597464.2682941303
1902,1906,2022-11-14 00:00:00,2022-11-14 16:00:00,907.6462186149465,901.8173305466927,-1,0.0064219824296173345,511.58523609790245,4,-0.3559236586531789,0.8947676477403133,0.7177262662363464,2.513931361365887,Bearish,57600.0,0,Monday,Asia,2022,11,80173.16041240768,577637.4287065385,597464.2682941303
1906,1908,2022-11-14 16:00:00,2022-11-15 00:00:00,901.8173305466927,909.1873366102841,1,0.008172393470331274,655.2066126501832,2,-1.6688087374545857,0.8172393470331274,1.0,0.4897142067218877,Bearish,28800.0,16,Monday,NY,2022,11,80828.36702505786,578292.6353191887,597464.2682941303
1908,1909,2022-11-15 00:00:00,2022-11-15 04:00:00,909.1873366102841,896.719368712865,-1,0.013713310112636656,1108.4244629126347,1,-0.0,1.3713310112636656,1.0,1.3713310112636656,Bearish,14400.0,0,Tuesday,Asia,2022,11,81936.79148797049,579401.0597821013,597464.2682941303
1909,1916,2022-11-15 04:00:00,2022-11-16 08:00:00,896.719368712865,865.2765711827774,1,-0.03506425602830465,-2873.0526348720146,7,-6.042014121492523,0.0,0.0,0.0,Bearish,100800.0,4,Tuesday,Asia,2022,11,79063.73885309848,579401.0597821013,600337.3209290024
1916,1922,2022-11-16 08:00:00,2022-11-17 08:00:00,865.2765711827774,876.9969954697837,-1,-0.013545292542689769,-1070.9414722840477,6,-4.736631820939263,-0.0,0.0,-0.0,Bearish,86400.0,8,Wednesday,London,2022,11,77992.79738081443,579401.0597821013,601408.2624012864
1922,1925,2022-11-17 08:00:00,2022-11-17 20:00:00,876.9969954697837,884.1420409574312,1,0.008147172139193026,635.4207458786991,3,-1.8921850290628761,0.8147172139193026,1.0,0.4305695275069371,Bearish,43200.0,8,Thursday,London,2022,11,78628.21812669313,580036.48052798,601408.2624012864
1925,1933,2022-11-17 20:00:00,2022-11-19 04:00:00,884.1420409574312,945.4688028753212,-1,-0.06936301982821647,-5453.890652979153,8,-10.131468221462159,-0.0,0.0,-0.0,Bearish,115200.0,20,Thursday,NY,2022,11,73174.32747371397,580036.48052798,606862.1530542655
1933,1937,2022-11-19 04:00:00,2022-11-19 20:00:00,945.4688028753212,951.5468658631582,1,0.0064286235244914725,470.41020298636107,4,-1.596561154781173,0.6428623524491472,1.0,0.4026543866008433,Bearish,57600.0,4,Saturday,Asia,2022,11,73644.73767670033,580506.8907309663,606862.1530542655
1937,1938,2022-11-19 20:00:00,2022-11-20 00:00:00,951.5468658631582,936.0584460763857,-1,0.016277096107844113,1198.7224730006217,1,-0.0,1.6277096107844113,1.0,1.6277096107844113,Sideways,14400.0,20,Saturday,NY,2022,11,74843.46014970096,581705.613203967,606862.1530542655
1938,1939,2022-11-20 00:00:00,2022-11-20 04:00:00,936.0584460763857,958.8510423775597,1,0.024349543980626498,1822.4041245774129,1,0.0,2.43495439806265,1.0,2.43495439806265,Sideways,14400.0,0,Sunday,Asia,2022,11,76665.86427427837,583528.0173285444,606862.1530542655
1939,1940,2022-11-20 04:00:00,2022-11-20 08:00:00,958.8510423775597,935.1486249245038,-1,0.024719603364338538,1895.1497564443762,1,-0.0,2.471960336433854,1.0,2.471960336433854,Bullish,14400.0,4,Sunday,Asia,2022,11,78561.01403072274,585423.1670849888,606862.1530542655
1940,1943,2022-11-20 08:00:00,2022-11-20 20:00:00,935.1486249245038,938.382380066185,1,0.00345801197316864,271.66492714250916,3,-1.212202961190345,0.345801197316864,1.0,0.2852667485462155,Bullish,43200.0,8,Sunday,London,2022,11,78832.67895786525,585694.8320121313,606862.1530542655
1943,1944,2022-11-20 20:00:00,2022-11-21 00:00:00,938.382380066185,926.168873457876,-1,0.013015490132548657,1026.0459550984729,1,-0.0,1.3015490132548657,1.0,1.3015490132548657,Bullish,14400.0,20,Sunday,NY,2022,11,79858.72491296372,586720.8779672298,606862.1530542655
1944,1966,2022-11-21 00:00:00,2022-11-24 16:00:00,926.168873457876,811.6321512013067,1,-0.12366721182168805,-9875.905849621415,22,-13.28458774405723,0.0,0.0,0.0,Bullish,316800.0,0,Monday,Asia,2022,11,69982.81906334231,586720.8779672298,616738.0589038869
1966,1967,2022-11-24 16:00:00,2022-11-24 20:00:00,811.6321512013067,807.565323665867,-1,0.00501067821108403,350.66138663092596,1,-0.0,0.501067821108403,1.0,0.501067821108403,Bearish,14400.0,16,Thursday,NY,2022,11,70333.48044997323,587071.5393538608,616738.0589038869
1967,1969,2022-11-24 20:00:00,2022-11-25 04:00:00,807.565323665867,815.4243308171367,1,0.009731729336265316,684.4663950166487,2,0.0,0.9731729336265316,1.0,0.9731729336265316,Bearish,28800.0,20,Thursday,NY,2022,11,71017.94684498988,587756.0057488774,616738.0589038869
1969,1971,2022-11-25 04:00:00,2022-11-25 12:00:00,815.4243308171367,800.1898684471457,-1,0.018682864607099114,1326.8186855791096,2,-0.0,1.8682864607099114,1.0,1.8682864607099114,Bearish,28800.0,4,Friday,Asia,2022,11,72344.765530569,589082.8244344565,616738.0589038869
1971,1972,2022-11-25 12:00:00,2022-11-25 16:00:00,800.1898684471457,815.4167586798148,1,0.01902909650958029,1376.655525244157,1,0.0,1.902909650958029,1.0,1.902909650958029,Bearish,14400.0,12,Friday,London,2022,11,73721.42105581315,590459.4799597007,616738.0589038869
1972,1976,2022-11-25 16:00:00,2022-11-26 08:00:00,815.4167586798148,832.0248467192054,-1,-0.02036760694773987,-1501.5289276936385,4,-3.637666568668596,-0.0,0.0,-0.0,Bearish,57600.0,16,Friday,NY,2022,11,72219.8921281195,590459.4799597007,618239.5878315805
1976,1979,2022-11-26 08:00:00,2022-11-26 20:00:00,832.0248467192054,842.206693277792,1,0.012237430887713563,883.7859386359927,3,-1.651967160251544,1.2237430887713563,1.0,0.740779307371351,Bearish,43200.0,8,Saturday,London,2022,11,73103.6780667555,591343.2658983368,618239.5878315805
1979,1982,2022-11-26 20:00:00,2022-11-27 08:00:00,842.206693277792,817.9497621331242,-1,0.028801636627063698,2105.5055717805417,3,-0.3013442480944928,2.88016366270637,1.0,9.557719056921353,Bearish,43200.0,20,Saturday,NY,2022,11,75209.18363853605,593448.7714701173,618239.5878315805
1982,1988,2022-11-27 08:00:00,2022-11-28 08:00:00,817.9497621331242,820.9646417961637,1,0.0036858983309404625,277.2134044446751,6,-1.7164607470841586,0.7744107715264015,0.475961655811602,0.4511671897198543,Bearish,86400.0,8,Sunday,London,2022,11,75486.39704298072,593725.9848745619,618239.5878315805
1988,1992,2022-11-28 08:00:00,2022-11-29 00:00:00,820.9646417961637,821.4867231603706,-1,-0.0006359364796328926,-48.004553595684015,4,-0.8847029225198977,-0.0,0.0,-0.0,Bearish,57600.0,8,Monday,London,2022,11,75438.39248938503,593725.9848745619,618287.5923851762
1992,1993,2022-11-29 00:00:00,2022-11-29 04:00:00,821.4867231603706,833.5242537420027,1,0.014653347695410046,1105.42499472977,1,0.0,1.4653347695410046,1.0,1.4653347695410046,Bearish,14400.0,0,Tuesday,Asia,2022,11,76543.81748411481,594831.4098692917,618287.5923851762
1993,1995,2022-11-29 04:00:00,2022-11-29 12:00:00,833.5242537420027,822.8020149999771,-1,0.012863739349982195,984.639716968264,2,-0.41524174476257336,1.2863739349982195,1.0,3.097891652809959,Bearish,28800.0,4,Tuesday,Asia,2022,11,77528.45720108307,595816.04958626,618287.5923851762
1995,1997,2022-11-29 12:00:00,2022-11-29 20:00:00,822.8020149999771,833.6276630498685,1,0.013157050970386441,1020.0458630500749,2,-0.21614261742587404,1.3157050970386441,1.0,6.087208125393708,Bearish,28800.0,12,Tuesday,London,2022,11,78548.50306413314,596836.09544931,618287.5923851762
1997,1998,2022-11-29 20:00:00,2022-11-30 00:00:00,833.6276630498685,821.502360122838,-1,0.014545226201670758,1142.5057448704467,1,-0.0,1.4545226201670758,1.0,1.4545226201670758,Bearish,14400.0,20,Tuesday,NY,2022,11,79691.0088090036,597978.6011941804,618287.5923851762
1998,2005,2022-11-30 00:00:00,2022-12-01 04:00:00,821.502360122838,787.7743070930022,1,-0.04105655037289546,-3271.837917433716,7,-5.835955725262998,0.5300008638419174,-7.746506312325812,0.09081646413930475,Bearish,100800.0,0,Wednesday,Asia,2022,11,76419.17089156987,597978.6011941804,621559.4303026099
2005,2006,2022-12-01 04:00:00,2022-12-01 08:00:00,787.7743070930022,777.9642517297178,-1,0.012452875493597748,951.6384204366901,1,-0.0,1.2452875493597748,1.0,1.2452875493597748,Bearish,14400.0,4,Thursday,Asia,2022,12,77370.80931200658,598930.2396146171,621559.4303026099
2006,2008,2022-12-01 08:00:00,2022-12-01 16:00:00,777.9642517297178,781.8595428814202,1,0.005007031033934517,387.3980433458471,2,-0.2444401495842019,0.5007031033934517,1.0,2.0483668670844732,Bearish,28800.0,8,Thursday,London,2022,12,77758.20735535241,599317.637657963,621559.4303026099
2008,2009,2022-12-01 16:00:00,2022-12-01 20:00:00,781.8595428814202,767.3893783537427,-1,0.018507370869133344,1439.0999816444812,1,-0.0,1.8507370869133344,1.0,1.8507370869133344,Bearish,14400.0,16,Thursday,NY,2022,12,79197.30733699689,600756.7376396074,621559.4303026099
2009,2010,2022-12-01 20:00:00,2022-12-02 00:00:00,767.3893783537427,782.9742831819804,1,0.02030899210733339,1608.4174896291288,1,0.0,2.030899210733339,1.0,2.030899210733339,Bearish,14400.0,20,Thursday,NY,2022,12,80805.72482662603,602365.1551292365,621559.4303026099
2010,2012,2022-12-02 00:00:00,2022-12-02 08:00:00,782.9742831819804,772.7416368838938,-1,0.013068943026457336,1056.0454139707658,2,-0.0,1.3068943026457336,1.0,1.3068943026457336,Bearish,28800.0,0,Friday,Asia,2022,12,81861.77024059679,603421.2005432072,621559.4303026099
2012,2017,2022-12-02 08:00:00,2022-12-03 04:00:00,772.7416368838938,773.0064557850019,1,0.00034270044277162626,28.054064907521692,5,-1.8918227447713654,0.034270044277162626,1.0,0.01811482834313016,Bearish,72000.0,8,Friday,London,2022,12,81889.82430550431,603449.2546081147,621559.4303026099
2017,2021,2022-12-03 04:00:00,2022-12-03 20:00:00,773.0064557850019,767.3068152226957,-1,0.007373341476841988,603.8016380830788,4,-2.228766080698219,0.7373341476841988,1.0,0.33082617061957875,Bearish,57600.0,4,Saturday,Asia,2022,12,82493.6259435874,604053.0562461978,621559.4303026099
2021,2025,2022-12-03 20:00:00,2022-12-04 12:00:00,767.3068152226957,775.2467545130951,1,0.010347802382147497,853.6277390510393,4,-0.5657642103512828,1.0347802382147497,1.0,1.8289955767478736,Bearish,57600.0,20,Saturday,NY,2022,12,83347.25368263843,604906.6839852488,621559.4303026099
2025,2029,2022-12-04 12:00:00,2022-12-05 04:00:00,775.2467545130951,774.6459446836446,-1,0.0007749917377309901,64.59343296661369,4,-1.9227334242662097,0.5552894572925404,0.13956536137200692,0.28880210344523477,Bearish,57600.0,12,Sunday,London,2022,12,83411.84711560505,604971.2774182154,621559.4303026099
2029,2034,2022-12-05 04:00:00,2022-12-06 00:00:00,774.6459446836446,772.2256308176388,1,-0.0031244130077957566,-260.6130601322677,5,-2.0010079549356297,0.0,0.0,0.0,Bearish,72000.0,4,Monday,Asia,2022,12,83151.23405547277,604971.2774182154,621820.0433627422
2034,2035,2022-12-06 00:00:00,2022-12-06 04:00:00,772.2256308176388,761.8063316014536,-1,0.013492558133758381,1121.9228593872176,1,-0.0,1.349255813375838,1.0,1.349255813375838,Bearish,14400.0,0,Tuesday,Asia,2022,12,84273.15691486,606093.2002776026,621820.0433627422
2035,2037,2022-12-06 04:00:00,2022-12-06 12:00:00,761.8063316014536,772.9782286159035,1,0.014665009400702367,1235.866638383289,2,-0.40291955771375454,1.4665009400702367,1.0,3.6396866620013526,Bearish,28800.0,4,Tuesday,Asia,2022,12,85509.02355324329,607329.0669159859,621820.0433627422
2037,2039,2022-12-06 12:00:00,2022-12-06 20:00:00,772.9782286159035,766.8538738810619,-1,0.007923062394406544,677.493328897126,2,-0.0,0.7923062394406544,1.0,0.7923062394406544,Bearish,28800.0,12,Tuesday,London,2022,12,86186.51688214041,608006.5602448831,621820.0433627422
2039,2040,2022-12-06 20:00:00,2022-12-07 00:00:00,766.8538738810619,772.252073268404,1,0.0070394107289590835,606.702291631753,1,0.0,0.7039410728959083,1.0,0.7039410728959083,Bearish,14400.0,20,Tuesday,NY,2022,12,86793.21917377216,608613.2625365148,621820.0433627422
2040,2041,2022-12-07 00:00:00,2022-12-07 04:00:00,772.252073268404,758.5860338957206,-1,0.017696345333000796,1535.9227790619,1,-0.0,1.7696345333000796,1.0,1.7696345333000796,Bearish,14400.0,0,Wednesday,Asia,2022,12,88329.14195283406,610149.1853155767,621820.0433627422
2041,2043,2022-12-07 04:00:00,2022-12-07 12:00:00,758.5860338957206,770.1293296864943,1,0.01521685777879811,1344.091990819547,2,-1.0775470933740205,1.521685777879811,1.0,1.41217566010512,Bearish,28800.0,4,Wednesday,Asia,2022,12,89673.23394365361,611493.2773063963,621820.0433627422
2043,2047,2022-12-07 12:00:00,2022-12-08 04:00:00,770.1293296864943,770.6022429573854,-1,-0.0006140699395043026,-55.06563734293461,4,-2.6509112036552596,0.012386285342169678,-4.957660206758463,0.004672463311894646,Bearish,57600.0,12,Wednesday,London,2022,12,89618.16830631068,611493.2773063963,621875.1090000852
2047,2052,2022-12-08 04:00:00,2022-12-09 00:00:00,770.6022429573854,768.3385797889633,1,-0.0029375247595111453,-263.2555883018249,5,-0.9131188273812207,0.0,0.0,0.0,Bearish,72000.0,4,Thursday,Asia,2022,12,89354.91271800885,611493.2773063963,622138.364588387
2052,2053,2022-12-09 00:00:00,2022-12-09 04:00:00,768.3385797889633,766.9095599254991,-1,0.0018598830008726974,166.18968320868845,1,-0.0,0.18598830008726974,1.0,0.18598830008726974,Sideways,14400.0,0,Friday,Asia,2022,12,89521.10240121753,611659.466989605,622138.364588387
2053,2055,2022-12-09 04:00:00,2022-12-09 12:00:00,766.9095599254991,772.5839551885505,1,0.007399040981576288,662.3703053824968,2,-0.5139400363146751,0.7399040981576288,1.0,1.4396700896534171,Sideways,28800.0,4,Friday,Asia,2022,12,90183.47270660003,612321.8372949875,622138.364588387
2055,2056,2022-12-09 12:00:00,2022-12-09 16:00:00,772.5839551885505,759.6580409663158,-1,0.016730756748734366,1508.837744610252,1,-0.0,1.6730756748734366,1.0,1.6730756748734366,Sideways,14400.0,12,Friday,London,2022,12,91692.31045121029,613830.6750395978,622138.364588387
2056,2064,2022-12-09 16:00:00,2022-12-11 00:00:00,759.6580409663158,715.2476874838796,1,-0.05846097992452548,-5360.422320521569,8,-7.730165145682988,0.0,0.0,0.0,Sideways,115200.0,16,Friday,NY,2022,12,86331.88813068872,613830.6750395978,627498.7869089085
2064,2071,2022-12-11 00:00:00,2022-12-12 04:00:00,715.2476874838796,714.6246923867536,-1,0.0008710200788172306,75.19680800403293,7,-2.048280637326161,0.08710200788172306,1.0,0.0425244501629555,Bearish,100800.0,0,Sunday,Asia,2022,12,86407.08493869274,613905.8718476018,627498.7869089085
2071,2073,2022-12-12 04:00:00,2022-12-12 12:00:00,714.6246923867536,725.9824798885305,1,0.015893360001098422,1373.2989075761352,2,0.0,1.5893360001098422,1.0,1.5893360001098422,Bearish,28800.0,4,Monday,Asia,2022,12,87780.38384626889,615279.170755178,627498.7869089085
2073,2076,2022-12-12 12:00:00,2022-12-13 00:00:00,725.9824798885305,706.6389644564083,-1,0.026644603648138032,2338.873535665256,3,-0.1865074322700222,2.664460364813803,1.0,14.286081430557921,Bearish,43200.0,12,Monday,London,2022,12,90119.25738193413,617618.0442908432,627498.7869089085
2076,2080,2022-12-13 00:00:00,2022-12-13 16:00:00,706.6389644564083,713.3979578054685,1,0.009564988189208812,861.9896324784703,4,-0.5227191022401545,0.9564988189208812,1.0,1.8298524290038933,Bearish,57600.0,0,Tuesday,Asia,2022,12,90981.24701441261,618480.0339233216,627498.7869089085
2080,2086,2022-12-13 16:00:00,2022-12-14 16:00:00,713.3979578054685,732.9134148226872,-1,-0.02735563902825211,-2488.8501516665146,6,-3.8577559197993327,-0.0,0.0,-0.0,Bearish,86400.0,16,Tuesday,NY,2022,12,88492.3968627461,618480.0339233216,629987.6370605751
2086,2087,2022-12-14 16:00:00,2022-12-14 20:00:00,732.9134148226872,755.9044171066876,1,0.031369329335529494,2775.947140877863,1,0.0,3.1369329335529494,1.0,3.1369329335529494,Bearish,14400.0,16,Wednesday,NY,2022,12,91268.34400362396,621255.9810641995,629987.6370605751
2087,2090,2022-12-14 20:00:00,2022-12-15 08:00:00,755.9044171066876,746.6392075231438,-1,0.012257117929019956,1118.6868556387817,3,-0.0,1.2257117929019956,1.0,1.2257117929019956,Sideways,43200.0,20,Wednesday,NY,2022,12,92387.03085926274,622374.6679198382,629987.6370605751
2090,2093,2022-12-15 08:00:00,2022-12-15 20:00:00,746.6392075231438,753.457766858989,1,0.009132334957957289,843.709311577925,3,-0.9485283406546641,0.9132334957957289,1.0,0.9627898889825737,Bearish,43200.0,8,Thursday,London,2022,12,93230.74017084067,623218.3772314162,629987.6370605751
2093,2099,2022-12-15 20:00:00,2022-12-16 20:00:00,753.457766858989,748.4678319801644,-1,0.006622713439701555,617.4404759227509,6,-3.686057964473899,0.6622713439701555,1.0,0.17966927008557765,Sideways,86400.0,20,Thursday,NY,2022,12,93848.18064676342,623835.817707339,629987.6370605751
2099,2108,2022-12-16 20:00:00,2022-12-18 08:00:00,748.4678319801644,738.3751124140883,1,-0.013484506794867235,-1265.4964296172107,9,-3.9415680258989116,0.0,0.0,0.0,Sideways,129600.0,20,Friday,NY,2022,12,92582.6842171462,623835.817707339,631253.1334901922
2108,2112,2022-12-18 08:00:00,2022-12-19 00:00:00,738.3751124140883,745.3509799349977,-1,-0.009447592969516583,-874.6835165088855,4,-4.460758879473281,-0.0,0.0,-0.0,Sideways,57600.0,8,Sunday,London,2022,12,91708.00070063732,623835.817707339,632127.8170067011
2112,2113,2022-12-19 00:00:00,2022-12-19 04:00:00,745.3509799349977,764.4080462656563,1,0.025567909406009726,2344.7818537201742,1,0.0,2.5567909406009726,1.0,2.5567909406009726,Bullish,14400.0,0,Monday,Asia,2022,12,94052.78255435749,626180.5995610591,632127.8170067011
2113,2116,2022-12-19 04:00:00,2022-12-19 16:00:00,764.4080462656563,744.7197738662711,-1,0.02575623385385306,2422.445462075626,3,-0.0,2.575623385385306,1.0,2.575623385385306,Bullish,43200.0,4,Monday,Asia,2022,12,96475.22801643312,628603.0450231348,632127.8170067011
2116,2117,2022-12-19 16:00:00,2022-12-19 20:00:00,744.7197738662711,758.7523770551683,1,0.018842796554260577,1817.8630940395517,1,0.0,1.8842796554260577,1.0,1.8842796554260577,Sideways,14400.0,16,Monday,NY,2022,12,98293.09111047267,630420.9081171743,632127.8170067011
2117,2122,2022-12-19 20:00:00,2022-12-20 16:00:00,758.7523770551683,775.9229271222546,-1,-0.02262997861532612,-2224.3705498643008,5,-3.8253143831824987,-0.0,0.0,-0.0,Bullish,72000.0,20,Monday,NY,2022,12,96068.72056060837,630420.9081171743,634352.1875565654
2122,2124,2022-12-20 16:00:00,2022-12-21 00:00:00,775.9229271222546,786.9456763764379,1,0.014205984729777743,1364.7507772932893,2,0.0,1.4205984729777743,1.0,1.4205984729777743,Bullish,28800.0,16,Tuesday,NY,2022,12,97433.47133790166,631785.6588944676,634352.1875565654
2124,2126,2022-12-21 00:00:00,2022-12-21 08:00:00,786.9456763764379,774.2283335148222,-1,0.016160382150104402,1574.5621310317367,2,-0.4428807585113992,1.6160382150104402,1.0,3.6489239687048753,Bullish,28800.0,0,Wednesday,Asia,2022,12,99008.0334689334,633360.2210254994,634352.1875565654
2126,2128,2022-12-21 08:00:00,2022-12-21 16:00:00,774.2283335148222,782.2633640024851,1,0.01037811474967043,1027.5167324798026,2,0.0,1.037811474967043,1.0,1.037811474967043,Bullish,28800.0,8,Wednesday,London,2022,12,100035.5502014132,634387.7377579792,634352.1875565654
2128,2129,2022-12-21 16:00:00,2022-12-21 20:00:00,782.2633640024851,772.6157939381684,-1,0.012332892614265512,1233.7276982429971,1,-0.0,1.2332892614265512,1.0,1.2332892614265512,Bullish,14400.0,16,Wednesday,NY,2022,12,101269.2778996562,635621.4654562222,634352.1875565654
2129,2132,2022-12-21 20:00:00,2022-12-22 08:00:00,772.6157939381684,776.9671536272975,1,0.005631983869951007,570.3469396524504,3,-2.419480268789753,0.5631983869951007,1.0,0.23277659845385631,Bullish,43200.0,20,Wednesday,NY,2022,12,101839.62483930864,636191.8123958746,634352.1875565654
2132,2133,2022-12-22 08:00:00,2022-12-22 12:00:00,776.9671536272975,766.6004236884586,-1,0.013342558807591165,1358.8011833614992,1,-0.0,1.3342558807591165,1.0,1.3342558807591165,Bullish,14400.0,8,Thursday,London,2022,12,103198.42602267014,637550.6135792361,634352.1875565654
2133,2134,2022-12-22 12:00:00,2022-12-22 16:00:00,766.6004236884586,793.5902760852132,1,0.035207197338731344,3633.32735002662,1,0.0,3.5207197338731344,1.0,3.5207197338731344,Bullish,14400.0,12,Thursday,London,2022,12,106831.75337269677,641183.9409292627,634352.1875565654
2134,2143,2022-12-22 16:00:00,2022-12-24 04:00:00,793.5902760852132,794.8020352286994,-1,-0.0015269329526865771,-163.12492461805624,9,-3.494119574733845,2.4223018890945025,-0.06303644312713517,0.6932509999400964,Bullish,129600.0,16,Thursday,NY,2022,12,106668.62844807871,641183.9409292627,634515.3124811834
2143,2150,2022-12-24 04:00:00,2022-12-25 08:00:00,794.8020352286994,808.8192343602343,1,0.017636088623629975,1881.2173846713758,7,-2.2817317758614175,1.7636088623629975,1.0,0.7729255826737943,Bullish,100800.0,4,Saturday,Asia,2022,12,108549.84583275008,643065.158313934,634515.3124811834
2150,2155,2022-12-25 08:00:00,2022-12-26 04:00:00,808.8192343602343,813.5093980981235,-1,-0.005798778687056139,-629.4565324981814,5,-3.061141662435918,-0.0,0.0,-0.0,Bullish,72000.0,8,Sunday,London,2022,12,107920.3893002519,643065.158313934,635144.7690136817
2155,2168,2022-12-26 04:00:00,2022-12-28 08:00:00,813.5093980981235,793.4875768915385,1,-0.024611665523954995,-2656.100524672814,13,-7.18378326197816,0.0,0.0,0.0,Bullish,187200.0,4,Monday,Asia,2022,12,105264.28877557909,643065.158313934,637800.8695383545
2168,2173,2022-12-28 08:00:00,2022-12-29 04:00:00,793.4875768915385,787.6182189622837,-1,0.007396912188906479,778.6307007006533,5,-2.246720604294028,0.7396912188906479,1.0,0.32923151079707846,Sideways,72000.0,8,Wednesday,London,2022,12,106042.91947627974,643843.7890146347,637800.8695383545
2173,2186,2022-12-29 04:00:00,2022-12-31 08:00:00,787.6182189622837,710.9519812378176,1,-0.09733934015071,-10322.147809475955,13,-11.711918852280977,0.31608163792173904,-30.795632669687368,0.026988031757083083,Sideways,187200.0,4,Thursday,Asia,2022,12,95720.77166680379,643843.7890146347,648123.0173478305
2186,2192,2022-12-31 08:00:00,2023-01-01 08:00:00,710.9519812378176,728.1720593488251,-1,-0.024221154966086678,-2318.4676440150565,6,-4.179585848965917,0.18339349727184429,-13.207204904426707,0.0438783898450652,Bearish,86400.0,8,Saturday,London,2022,12,93402.30402278874,643843.7890146347,650441.4849918456
2192,2195,2023-01-01 08:00:00,2023-01-01 20:00:00,728.1720593488251,742.3419987213445,1,0.019459603249802004,1817.5717789008568,3,-1.1571515710163793,1.9459603249802004,1.0,1.6816814440920425,Bearish,43200.0,8,Sunday,London,2023,1,95219.87580168959,645661.3607935355,650441.4849918456
2195,2201,2023-01-01 20:00:00,2023-01-02 20:00:00,742.3419987213445,754.3078029440826,-1,-0.016118991305016817,-1534.8483501122178,6,-3.1290840357108607,-0.0,0.0,-0.0,Bearish,86400.0,20,Sunday,NY,2023,1,93685.02745157736,645661.3607935355,651976.3333419578
2201,2202,2023-01-02 20:00:00,2023-01-03 00:00:00,754.3078029440826,763.7323162650619,1,0.012494254048804887,1170.524533549269,1,0.0,1.2494254048804887,1.0,1.2494254048804887,Bearish,14400.0,20,Monday,NY,2023,1,94855.55198512664,646831.8853270848,651976.3333419578
2202,2209,2023-01-03 00:00:00,2023-01-04 04:00:00,763.7323162650619,790.2157531618948,-1,-0.0346763340149685,-3289.242803810464,7,-4.648674235864014,-0.0,0.0,-0.0,Bearish,100800.0,0,Tuesday,Asia,2023,1,91566.30918131617,646831.8853270848,655265.5761457683
2209,2217,2023-01-04 04:00:00,2023-01-05 12:00:00,790.2157531618948,764.946983033482,1,-0.03197705187134625,-2928.0206183586797,8,-4.375281201772996,0.0,0.0,0.0,Sideways,115200.0,4,Wednesday,Asia,2023,1,88638.28856295749,646831.8853270848,658193.5967641269
2217,2220,2023-01-05 12:00:00,2023-01-06 00:00:00,764.946983033482,753.7164781017198,-1,0.014681416073080489,1301.3355943985523,3,-0.6145799485099079,1.4681416073080489,1.0,2.3888537380167723,Sideways,43200.0,12,Thursday,London,2023,1,89939.62415735604,648133.2209214834,658193.5967641269
2220,2222,2023-01-06 00:00:00,2023-01-06 08:00:00,753.7164781017198,769.4104000750762,1,0.020822049708774326,1872.7273249929501,2,-0.9291659191951407,2.0822049708774326,1.0,2.24093988798155,Bearish,28800.0,0,Friday,Asia,2023,1,91812.351482349,650005.9482464764,658193.5967641269
2222,2224,2023-01-06 08:00:00,2023-01-06 16:00:00,769.4104000750762,758.1801257291569,-1,0.014595948202446252,1340.088326581157,2,-0.18234489545891908,1.4595948202446252,1.0,8.004582835023538,Bearish,28800.0,8,Friday,London,2023,1,93152.43980893015,651346.0365730575,658193.5967641269
2224,2225,2023-01-06 16:00:00,2023-01-06 20:00:00,758.1801257291569,775.1296754263896,1,0.022355571086662307,2082.4759900445724,1,0.0,2.2355571086662307,1.0,2.2355571086662307,Bearish,14400.0,16,Friday,NY,2023,1,95234.91579897473,653428.5125631021,658193.5967641269
2225,2230,2023-01-06 20:00:00,2023-01-07 16:00:00,775.1296754263896,798.5542393206141,-1,-0.03022018719814712,-2878.0169832447987,5,-4.978130038554185,-0.0,0.0,-0.0,Sideways,72000.0,20,Friday,NY,2023,1,92356.89881572993,653428.5125631021,661071.6137473717
2230,2234,2023-01-07 16:00:00,2023-01-08 08:00:00,798.5542393206141,812.6285932304615,1,0.017624793929866822,1627.7713096288032,4,-2.0355538852727006,1.7624793929866822,1.0,0.8658475738413405,Bullish,57600.0,16,Saturday,NY,2023,1,93984.67012535874,655056.2838727309,661071.6137473717
2234,2237,2023-01-08 08:00:00,2023-01-08 20:00:00,812.6285932304615,807.797776587501,-1,0.005944679627573168,558.7087537984054,3,-2.205134532972597,0.5944679627573168,1.0,0.2695835350943208,Bullish,43200.0,8,Sunday,London,2023,1,94543.37887915714,655614.9926265293,661071.6137473717
2237,2238,2023-01-08 20:00:00,2023-01-09 00:00:00,807.797776587501,813.4892693495505,1,0.007045690056356468,666.1233444632204,1,0.0,0.7045690056356468,1.0,0.7045690056356468,Bullish,14400.0,20,Sunday,NY,2023,1,95209.50222362035,656281.1159709925,661071.6137473717
2238,2239,2023-01-09 00:00:00,2023-01-09 04:00:00,813.4892693495505,809.0699229019633,-1,0.005432581121962099,517.2333444114491,1,-0.0,0.5432581121962099,1.0,0.5432581121962099,Bullish,14400.0,0,Monday,Asia,2023,1,95726.73556803181,656798.349315404,661071.6137473717
2239,2240,2023-01-09 04:00:00,2023-01-09 08:00:00,809.0699229019633,826.4857040331874,1,0.021525681079278547,2060.5831805978855,1,0.0,2.1525681079278547,1.0,2.1525681079278547,Bullish,14400.0,4,Monday,Asia,2023,1,97787.3187486297,658858.9324960018,661071.6137473717
2240,2243,2023-01-09 08:00:00,2023-01-09 20:00:00,826.4857040331874,807.8938998554851,-1,0.022495010000748605,2199.726713196819,3,-0.0,2.2495010000748605,1.0,2.2495010000748605,Bullish,43200.0,8,Monday,London,2023,1,99987.0454618265,661058.6592091987,661071.6137473717
2243,2249,2023-01-09 20:00:00,2023-01-10 20:00:00,807.8938998554851,805.2802358473466,1,-0.0032351574985354237,-323.4738398822308,6,-2.7958665122221893,0.0,0.0,0.0,Bullish,86400.0,20,Monday,NY,2023,1,99663.57162194428,661058.6592091987,661395.0875872539
2249,2251,2023-01-10 20:00:00,2023-01-11 04:00:00,805.2802358473466,796.5365996597833,-1,0.010857880025284539,1082.135103562425,2,-0.0,1.0857880025284539,1.0,1.0857880025284539,Bullish,28800.0,20,Tuesday,NY,2023,1,100745.70672550671,662140.794312761,661395.0875872539
2251,2261,2023-01-11 04:00:00,2023-01-12 20:00:00,796.5365996597833,770.1335836650837,1,-0.03314727283840668,-3339.445428128478,10,-5.61304906439063,0.0,0.0,0.0,Bullish,144000.0,4,Wednesday,Asia,2023,1,97406.26129737822,662140.794312761,664734.5330153824
2261,2262,2023-01-12 20:00:00,2023-01-13 00:00:00,770.1335836650837,754.244848749897,-1,0.020631141469732994,2009.6023568639903,1,-0.0,2.0631141469732994,1.0,2.0631141469732994,Sideways,14400.0,20,Thursday,NY,2023,1,99415.86365424222,664150.3966696251,664734.5330153824
2262,2268,2023-01-13 00:00:00,2023-01-14 00:00:00,754.244848749897,759.9463376301516,1,0.007559201616960776,751.5045572867007,6,-2.850972486129244,0.7559201616960776,1.0,0.26514467094082267,Sideways,86400.0,0,Friday,Asia,2023,1,100167.36821152891,664901.9012269118,664734.5330153824
2268,2270,2023-01-14 00:00:00,2023-01-14 08:00:00,759.9463376301516,745.4151372371745,-1,0.01912135064469389,1915.3353707288109,2,-0.4318362193371339,1.912135064469389,1.0,4.427917295599951,Sideways,28800.0,0,Saturday,Asia,2023,1,102082.70358225773,666817.2365976407,664734.5330153824
2270,2278,2023-01-14 08:00:00,2023-01-15 16:00:00,745.4151372371745,727.7877816814492,1,-0.023647702703032958,-2414.021425435071,8,-3.4568921957453425,0.5637339278711462,-4.1948340402953646,0.16307535669321016,Sideways,115200.0,8,Saturday,London,2023,1,99668.68215682266,666817.2365976407,667148.5544408174
2278,2279,2023-01-15 16:00:00,2023-01-15 20:00:00,727.7877816814492,718.4654192097298,-1,0.012809176941912193,1276.6737853139493,1,-0.0,1.2809176941912193,1.0,1.2809176941912193,Bearish,14400.0,16,Sunday,NY,2023,1,100945.35594213661,668093.9103829546,667148.5544408174
2279,2291,2023-01-15 20:00:00,2023-01-17 20:00:00,718.4654192097298,665.4901212781338,1,-0.07373395645105063,-7443.100478973313,12,-9.009553177087781,0.0,0.0,0.0,Bearish,172800.0,20,Sunday,NY,2023,1,93502.2554631633,668093.9103829546,674591.6549197908
2291,2298,2023-01-17 20:00:00,2023-01-19 00:00:00,665.4901212781338,688.1298267983735,-1,-0.03401959667974963,-3180.909019503735,7,-5.99575753670516,-0.0,0.0,-0.0,Bearish,100800.0,20,Tuesday,NY,2023,1,90321.34644365957,668093.9103829546,677772.5639392945
2298,2304,2023-01-19 00:00:00,2023-01-20 00:00:00,688.1298267983735,687.5096242675294,1,-0.0009012870924803851,-81.40546372511957,6,-1.6993040937200665,0.0,0.0,0.0,Bearish,86400.0,0,Thursday,Asia,2023,1,90239.94097993444,668093.9103829546,677853.9694030196
2304,2305,2023-01-20 00:00:00,2023-01-20 04:00:00,687.5096242675294,667.3948015622395,-1,0.029257514360937265,2640.1963691505657,1,-0.0,2.9257514360937265,1.0,2.9257514360937265,Bearish,14400.0,0,Friday,Asia,2023,1,92880.13734908501,670734.1067521052,677853.9694030196
2305,2310,2023-01-20 04:00:00,2023-01-21 00:00:00,667.3948015622395,673.3016661638524,1,0.008850630223349087,822.047750770627,5,-1.1519756832315542,0.8850630223349087,1.0,0.7683000910679862,Bearish,72000.0,4,Friday,Asia,2023,1,93702.18509985563,671556.1545028758,677853.9694030196
2310,2315,2023-01-21 00:00:00,2023-01-21 20:00:00,673.3016661638524,662.6290281493772,-1,0.015851197985715215,1485.2918877119473,5,-3.6583486115046027,1.5851197985715215,1.0,0.43328834042406766,Bearish,72000.0,0,Saturday,Asia,2023,1,95187.47698756758,673041.4463905877,677853.9694030196
2315,2325,2023-01-21 20:00:00,2023-01-23 12:00:00,662.6290281493772,641.7597717300488,1,-0.031494630528959844,-2997.8944187073116,10,-5.924345489307658,0.0,0.0,0.0,Bearish,144000.0,20,Saturday,NY,2023,1,92189.58256886026,673041.4463905877,680851.863821727
2325,2328,2023-01-23 12:00:00,2023-01-24 00:00:00,641.7597717300488,621.6678575361594,-1,0.031307531383162,2886.2282494752003,3,-0.20835444928717362,3.1307531383162,1.0,15.026092070638256,Bearish,43200.0,12,Monday,London,2023,1,95075.81081833548,675927.674640063,680851.863821727
2328,2341,2023-01-24 00:00:00,2023-01-26 04:00:00,621.6678575361594,596.1578748840747,1,-0.04103474603494517,-3901.4117509968924,13,-6.279781210511337,0.6580807761991769,-6.2355181186033395,0.1047935834289348,Bearish,187200.0,0,Tuesday,Asia,2023,1,91174.39906733859,675927.674640063,684753.2755727238
2341,2348,2023-01-26 04:00:00,2023-01-27 08:00:00,596.1578748840747,596.43472531326,-1,-0.0004643911300159509,-42.34058221140666,7,-2.9295486999415976,-0.0,0.0,-0.0,Bearish,100800.0,4,Thursday,Asia,2023,1,91132.05848512717,675927.674640063,684795.6161549352
2348,2350,2023-01-27 08:00:00,2023-01-27 16:00:00,596.43472531326,602.5427440249001,1,0.010240883792324684,933.2728207015251,2,-0.5275156501121758,1.0240883792324684,1.0,1.941342174425909,Bearish,28800.0,8,Friday,London,2023,1,92065.3313058287,676860.9474607644,684795.6161549352
2350,2351,2023-01-27 16:00:00,2023-01-27 20:00:00,602.5427440249001,581.9046604992789,-1,0.034251650576292314,3153.389558077834,1,-0.0,3.4251650576292314,1.0,3.4251650576292314,Bearish,14400.0,16,Friday,NY,2023,1,95218.72086390654,680014.3370188422,684795.6161549352
2351,2354,2023-01-27 20:00:00,2023-01-28 08:00:00,581.9046604992789,597.2089730262086,1,0.026300377992845902,2504.2883507160273,3,0.0,2.6300377992845902,1.0,2.6300377992845902,Bearish,43200.0,20,Friday,NY,2023,1,97723.00921462255,682518.6253695582,684795.6161549352
2354,2355,2023-01-28 08:00:00,2023-01-28 12:00:00,597.2089730262086,582.3555075995231,-1,0.02487147062010675,2430.5149525899087,1,-0.0,2.487147062010675,1.0,2.487147062010675,Bearish,14400.0,8,Saturday,London,2023,1,100153.52416721247,684949.1403221481,684795.6161549352
2355,2359,2023-01-28 12:00:00,2023-01-29 04:00:00,582.3555075995231,588.3549539376914,1,0.01030203416964004,1031.7850281804933,4,-0.515252306358227,1.030203416964004,1.0,1.999415440263472,Bearish,57600.0,12,Saturday,London,2023,1,101185.30919539295,685980.9253503286,684795.6161549352
2359,2372,2023-01-29 04:00:00,2023-01-31 08:00:00,588.3549539376914,647.9939536320376,-1,-0.10136567950214292,-10256.71762222545,13,-11.391049991611268,-0.0,0.0,-0.0,Bearish,187200.0,4,Sunday,Asia,2023,1,90928.5915731675,685980.9253503286,695052.3337771606
2372,2373,2023-01-31 08:00:00,2023-01-31 12:00:00,647.9939536320376,650.0681594285492,1,0.0032009647387689633,291.05921537163425,1,0.0,0.3200964738768963,1.0,0.3200964738768963,Sideways,14400.0,8,Tuesday,London,2023,1,91219.65078853915,686271.9845657002,695052.3337771606
2373,2376,2023-01-31 12:00:00,2023-02-01 00:00:00,650.0681594285492,642.1553012593076,-1,0.012172351551870242,1110.3576578369373,3,-2.0223209040688417,1.2172351551870242,1.0,0.6019001003935567,Sideways,43200.0,12,Tuesday,London,2023,1,92330.00844637609,687382.3422235372,695052.3337771606
2376,2380,2023-02-01 00:00:00,2023-02-01 16:00:00,642.1553012593076,637.6282159311207,1,-0.007049829409348507,-650.910808910659,4,-2.4335981555082875,0.0,0.0,0.0,Sideways,57600.0,0,Wednesday,Asia,2023,2,91679.09763746543,687382.3422235372,695703.2445860712
2380,2383,2023-02-01 16:00:00,2023-02-02 04:00:00,637.6282159311207,634.5267783881249,-1,0.004864021800645824,445.92912957216936,3,-0.1613759961496486,0.48640218006458236,1.0,3.0140925024160823,Sideways,43200.0,16,Wednesday,NY,2023,2,92125.02676703759,687828.2713531093,695703.2445860712
2383,2384,2023-02-02 04:00:00,2023-02-02 08:00:00,634.5267783881249,649.2243497554699,1,0.02316304349625864,2133.8960020988857,1,0.0,2.316304349625864,1.0,2.316304349625864,Bullish,14400.0,4,Thursday,Asia,2023,2,94258.92276913648,689962.1673552082,695703.2445860712
2384,2386,2023-02-02 08:00:00,2023-02-02 16:00:00,649.2243497554699,636.7218606719737,-1,0.019257578814173115,1815.1986341657046,2,-0.0,1.9257578814173115,1.0,1.9257578814173115,Bullish,28800.0,8,Thursday,London,2023,2,96074.12140330218,691777.3659893739,695703.2445860712
2386,2389,2023-02-02 16:00:00,2023-02-03 04:00:00,636.7218606719737,639.530129625737,1,0.004410511287926466,423.7359969268824,3,-1.3050368060820383,0.44105112879264663,1.0,0.33796068182687017,Bullish,43200.0,16,Thursday,NY,2023,2,96497.85740022907,692201.1019863008,695703.2445860712
2389,2390,2023-02-03 04:00:00,2023-02-03 08:00:00,639.530129625737,630.7206985067157,-1,0.013774849238419318,1329.2434375186426,1,-0.0,1.3774849238419318,1.0,1.3774849238419318,Bullish,14400.0,4,Friday,Asia,2023,2,97827.10083774771,693530.3454238194,695703.2445860712
2390,2403,2023-02-03 08:00:00,2023-02-05 12:00:00,630.7206985067157,595.2515085373869,1,-0.05623596950806453,-5501.4018597739405,13,-8.677426900797236,0.0,0.0,0.0,Bullish,187200.0,8,Friday,London,2023,2,92325.69897797376,693530.3454238194,701204.6464458451
2403,2411,2023-02-05 12:00:00,2023-02-06 20:00:00,595.2515085373869,610.2649935179102,-1,-0.0252220864041377,-2328.646756944865,8,-5.012703816604613,0.22623007874391643,-11.148865148337817,0.04513134767598433,Sideways,115200.0,12,Sunday,London,2023,2,89997.0522210289,693530.3454238194,703533.29320279
2411,2412,2023-02-06 20:00:00,2023-02-07 00:00:00,610.2649935179102,620.276192110363,1,0.016404674524656437,1476.3723498644897,1,0.0,1.6404674524656437,1.0,1.6404674524656437,Sideways,14400.0,20,Monday,NY,2023,2,91473.42457089339,695006.7177736838,703533.29320279
2412,2417,2023-02-07 00:00:00,2023-02-07 20:00:00,620.276192110363,622.9146269337217,-1,-0.004253645161491626,-389.0954898310503,5,-2.4463861751400806,-0.0,0.0,-0.0,Sideways,72000.0,0,Tuesday,Asia,2023,2,91084.32908106234,695006.7177736838,703922.388692621
2417,2420,2023-02-07 20:00:00,2023-02-08 08:00:00,622.9146269337217,618.1850956738319,1,-0.007592583406125453,-691.5653655389448,3,-3.590819098061371,0.0,0.0,0.0,Bearish,43200.0,20,Tuesday,NY,2023,2,90392.7637155234,695006.7177736838,704613.95405816
2420,2422,2023-02-08 08:00:00,2023-02-08 16:00:00,618.1850956738319,603.8883973844321,-1,0.02312688932400775,2090.5034421400956,2,-0.23445318850108254,2.312688932400775,1.0,9.864182044980362,Bearish,28800.0,8,Wednesday,London,2023,2,92483.26715766349,697097.2212158239,704613.95405816
2422,2425,2023-02-08 16:00:00,2023-02-09 04:00:00,603.8883973844321,608.8487938997638,1,0.008214094751308743,759.6663193436488,3,-1.853068093407595,0.8214094751308743,1.0,0.44326998994429273,Bearish,43200.0,16,Wednesday,NY,2023,2,93242.93347700714,697856.8875351675,704613.95405816
2425,2428,2023-02-09 04:00:00,2023-02-09 16:00:00,608.8487938997638,604.6391710739894,-1,0.00691406941748407,644.6881147498774,3,-0.3339990621573641,0.691406941748407,1.0,2.0700864765382176,Bearish,43200.0,4,Thursday,Asia,2023,2,93887.62159175702,698501.5756499174,704613.95405816
2428,2431,2023-02-09 16:00:00,2023-02-10 04:00:00,604.6391710739894,602.2992382103047,1,-0.003869965717782309,-363.34187688421815,3,-2.5349319398853876,0.0,0.0,0.0,Bearish,43200.0,16,Thursday,NY,2023,2,93524.2797148728,698501.5756499174,704977.2959350442
2431,2434,2023-02-10 04:00:00,2023-02-10 16:00:00,602.2992382103047,593.8261476692991,-1,0.014067908447274236,1315.691004626099,3,-1.0155264047681634,1.4067908447274236,1.0,1.385282389627853,Bearish,43200.0,4,Friday,Asia,2023,2,94839.9707194989,699817.2666545435,704977.2959350442
2434,2442,2023-02-10 16:00:00,2023-02-12 00:00:00,593.8261476692991,577.5472393080667,1,-0.027413593061075714,-2599.9043632286816,8,-4.8804335996844195,0.0,0.0,0.0,Bearish,115200.0,16,Friday,NY,2023,2,92240.06635627022,699817.2666545435,707577.2002982729
2442,2443,2023-02-12 00:00:00,2023-02-12 04:00:00,577.5472393080667,572.0788169424532,-1,0.009468355129123252,873.3617053950612,1,-0.0,0.9468355129123252,1.0,0.9468355129123252,Bearish,14400.0,0,Sunday,Asia,2023,2,93113.42806166528,700690.6283599385,707577.2002982729
2443,2444,2023-02-12 04:00:00,2023-02-12 08:00:00,572.0788169424532,574.8607846017278,1,0.00486290975453918,452.8021975996548,1,0.0,0.486290975453918,1.0,0.486290975453918,Bearish,14400.0,4,Sunday,Asia,2023,2,93566.23025926494,701143.4305575382,707577.2002982729
2444,2447,2023-02-12 08:00:00,2023-02-12 20:00:00,574.8607846017278,559.6302439790727,-1,0.02649431137176461,2478.9728383711918,3,-0.1781056439609241,2.649431137176461,1.0,14.875615832577093,Bearish,43200.0,8,Sunday,London,2023,2,96045.20309763613,703622.4033959094,707577.2002982729
2447,2453,2023-02-12 20:00:00,2023-02-13 20:00:00,559.6302439790727,556.0269045591634,1,-0.006438786071118807,-618.414515902837,6,-1.7391322563675482,0.0,0.0,0.0,Bearish,86400.0,20,Sunday,NY,2023,2,95426.78858173329,703622.4033959094,708195.6148141758
2453,2456,2023-02-13 20:00:00,2023-02-14 08:00:00,556.0269045591634,542.4543585373015,-1,0.02440987281473861,2329.3557723990625,3,-0.8235300070270846,2.440987281473861,1.0,2.9640538421735747,Bearish,43200.0,20,Monday,NY,2023,2,97756.14435413235,705951.7591683085,708195.6148141758
2456,2461,2023-02-14 08:00:00,2023-02-15 04:00:00,542.4543585373015,538.770694031399,1,-0.006790736304221556,-663.8361984263304,5,-3.274555233660692,0.0,0.0,0.0,Bearish,72000.0,8,Tuesday,London,2023,2,97092.30815570602,705951.7591683085,708859.4510126021
2461,2476,2023-02-15 04:00:00,2023-02-17 16:00:00,538.770694031399,593.7090783045155,-1,-0.10196988232978166,-9900.491237764254,15,-12.34742296805127,-0.0,0.0,-0.0,Bearish,216000.0,4,Wednesday,Asia,2023,2,87191.81691794176,705951.7591683085,718759.9422503663
2476,2477,2023-02-17 16:00:00,2023-02-17 20:00:00,593.7090783045155,602.2617265261531,1,0.014405452997386936,1256.0376203681788,1,0.0,1.4405452997386936,1.0,1.4405452997386936,Sideways,14400.0,16,Friday,NY,2023,2,88447.85453830994,707207.7967886766,718759.9422503663
2477,2489,2023-02-17 20:00:00,2023-02-19 20:00:00,602.2617265261531,627.0274812119212,-1,-0.041121249441861574,-3637.086289067336,12,-6.92663666890172,-0.0,0.0,-0.0,Sideways,172800.0,20,Friday,NY,2023,2,84810.76824924261,707207.7967886766,722397.0285394336
2489,2490,2023-02-19 20:00:00,2023-02-20 00:00:00,627.0274812119212,646.0540308460661,1,0.03034404424726378,2573.5017043994553,1,0.0,3.034404424726378,1.0,3.034404424726378,Bullish,14400.0,20,Sunday,NY,2023,2,87384.26995364207,709781.2984930761,722397.0285394336
2490,2493,2023-02-20 00:00:00,2023-02-20 12:00:00,646.0540308460661,646.2389579587029,-1,-0.0002862409393138421,-25.012955512784888,3,-2.2042626842911472,0.012406693485345066,-2.3071492791528483,0.005628500438610312,Bullish,43200.0,0,Monday,Asia,2023,2,87359.25699812928,709781.2984930761,722422.0414949463
2493,2494,2023-02-20 12:00:00,2023-02-20 16:00:00,646.2389579587029,663.3843571508197,1,0.02653105168136949,2317.7329622634106,1,0.0,2.653105168136949,1.0,2.653105168136949,Bullish,14400.0,12,Monday,London,2023,2,89676.98996039269,712099.0314553395,722422.0414949463
2494,2499,2023-02-20 16:00:00,2023-02-21 12:00:00,663.3843571508197,669.093189556164,-1,-0.008605618061094056,-771.7259244677068,5,-4.793769526178537,-0.0,0.0,-0.0,Bullish,72000.0,16,Monday,NY,2023,2,88905.26403592499,712099.0314553395,723193.767419414
2499,2501,2023-02-21 12:00:00,2023-02-21 20:00:00,669.093189556164,681.5611090698712,1,0.01863405532789497,1656.6656089865394,2,0.0,1.8634055327894972,1.0,1.8634055327894972,Bullish,28800.0,12,Tuesday,London,2023,2,90561.92964491152,713755.697064326,723193.767419414
2501,2510,2023-02-21 20:00:00,2023-02-23 08:00:00,681.5611090698712,711.3653005416778,-1,-0.04372930185597079,-3960.2099581015314,9,-5.622502884439218,-0.0,0.0,-0.0,Bullish,129600.0,20,Tuesday,NY,2023,2,86601.71968681,713755.697064326,727153.9773775155
2510,2511,2023-02-23 08:00:00,2023-02-23 12:00:00,711.3653005416778,717.3481998727461,1,0.00841044583776096,728.3590728828735,1,0.0,0.841044583776096,1.0,0.841044583776096,Bullish,14400.0,8,Thursday,London,2023,2,87330.07875969287,714484.056137209,727153.9773775155
2511,2515,2023-02-23 12:00:00,2023-02-24 04:00:00,717.3481998727461,721.6965818563247,-1,-0.006061745166921595,-529.3726828484512,4,-2.3139140747984177,-0.0,0.0,-0.0,Bullish,57600.0,12,Thursday,London,2023,2,86800.70607684442,714484.056137209,727683.350060364
2515,2523,2023-02-24 04:00:00,2023-02-25 12:00:00,721.6965818563247,696.9508729562416,1,-0.03428824456454116,-2976.2438383376993,8,-5.173737057179462,0.0,0.0,0.0,Bullish,115200.0,4,Friday,Asia,2023,2,83824.46223850672,714484.056137209,730659.5938987017
2523,2524,2023-02-25 12:00:00,2023-02-25 16:00:00,696.9508729562416,688.4314560032225,-1,0.012223841426415749,1024.6569340580825,1,-0.0,1.222384142641575,1.0,1.222384142641575,Bullish,14400.0,12,Saturday,London,2023,2,84849.1191725648,715508.713071267,730659.5938987017
2524,2526,2023-02-25 16:00:00,2023-02-26 00:00:00,688.4314560032225,708.1142382847306,1,0.02859076544203698,2425.9012642262464,2,0.0,2.859076544203698,1.0,2.859076544203698,Bullish,28800.0,16,Saturday,NY,2023,2,87275.02043679105,717934.6143354933,730659.5938987017
2526,2535,2023-02-26 00:00:00,2023-02-27 12:00:00,708.1142382847306,778.4828051680571,-1,-0.09937459675119742,-8672.919962358636,9,-12.437845777550116,-0.0,0.0,-0.0,Bullish,129600.0,0,Sunday,Asia,2023,2,78602.1004744324,717934.6143354933,739332.5138610604
2535,2537,2023-02-27 12:00:00,2023-02-27 20:00:00,778.4828051680571,782.8356618958179,1,0.005591461621070826,439.50062813834245,2,-0.3485461187120453,0.5591461621070826,1.0,1.604224325243531,Bullish,28800.0,12,Monday,London,2023,2,79041.60110257076,718374.1149636316,739332.5138610604
2537,2539,2023-02-27 20:00:00,2023-02-28 04:00:00,782.8356618958179,776.9645386982992,-1,0.00749981571266245,592.7974419030586,2,-0.45679684302908363,0.749981571266245,1.0,1.641827395944798,Bullish,28800.0,20,Monday,NY,2023,2,79634.3985444738,718966.9124055346,739332.5138610604
2539,2541,2023-02-28 04:00:00,2023-02-28 12:00:00,776.9645386982992,778.056264128786,1,0.0014051161618209296,111.89558043172944,2,-2.942286879150746,0.14051161618209296,1.0,0.047755919783950454,Bullish,28800.0,4,Tuesday,Asia,2023,2,79746.29412490554,719078.8079859663,739332.5138610604
2541,2550,2023-02-28 12:00:00,2023-03-02 00:00:00,778.056264128786,784.4736072327961,-1,-0.0082479165066498,-657.7407756569593,9,-3.8413083870205034,-0.0,0.0,-0.0,Bullish,129600.0,12,Tuesday,London,2023,2,79088.55334924858,719078.8079859663,739990.2546367174
2550,2558,2023-03-02 00:00:00,2023-03-03 08:00:00,784.4736072327961,776.2897607646524,1,-0.010432277635205489,-825.0737463061234,8,-3.3746515867026927,1.7256594083339127,-0.6045386236023035,0.5113592808020876,Bullish,115200.0,0,Thursday,Asia,2023,3,78263.47960294246,719078.8079859663,740815.3283830235
2558,2561,2023-03-03 08:00:00,2023-03-03 20:00:00,776.2897607646524,773.9500643485753,-1,0.0030139472840302606,235.88200178804647,3,-0.8822822959812404,0.30139472840302606,1.0,0.34160804288589564,Bullish,43200.0,8,Friday,London,2023,3,78499.36160473051,719314.6899877543,740815.3283830235
2561,2563,2023-03-03 20:00:00,2023-03-04 04:00:00,773.9500643485753,781.6092399150164,1,0.009896214134806902,776.8464918860535,2,-0.394638378503831,0.9896214134806902,1.0,2.507666429282887,Bullish,28800.0,20,Friday,NY,2023,3,79276.20809661655,720091.5364796404,740815.3283830235
2563,2570,2023-03-04 04:00:00,2023-03-05 08:00:00,781.6092399150164,801.6410267125553,-1,-0.02562890223728287,-2031.7621870506816,7,-4.153507704411719,0.13194989274304403,-19.423208086415016,0.03176830335547259,Bullish,100800.0,4,Saturday,Asia,2023,3,77244.44590956587,720091.5364796404,742847.0905700742
2570,2574,2023-03-05 08:00:00,2023-03-06 00:00:00,801.6410267125553,794.5582049452153,1,-0.008835403293149802,-682.4858317669111,4,-2.451312620899393,0.0,0.0,0.0,Bullish,57600.0,8,Sunday,London,2023,3,76561.96007779897,720091.5364796404,743529.576401841
2574,2577,2023-03-06 00:00:00,2023-03-06 12:00:00,794.5582049452153,796.4148347025152,-1,-0.0023366818764749553,-178.9009445411922,3,-2.3169031884011204,-0.0,0.0,-0.0,Bullish,43200.0,0,Monday,Asia,2023,3,76383.05913325778,720091.5364796404,743708.4773463822
2577,2578,2023-03-06 12:00:00,2023-03-06 16:00:00,796.4148347025152,802.6289032493696,1,0.0078025524840650284,595.9828277806873,1,0.0,0.7802552484065028,1.0,0.7802552484065028,Bullish,14400.0,12,Monday,London,2023,3,76979.04196103846,720687.519307421,743708.4773463822
2578,2581,2023-03-06 16:00:00,2023-03-07 04:00:00,802.6289032493696,802.8821017021032,-1,-0.00031546141898020075,-24.283917808765644,3,-2.5086884759562667,-0.0,0.0,-0.0,Bullish,43200.0,16,Monday,NY,2023,3,76954.7580432297,720687.519307421,743732.761264191
2581,2594,2023-03-07 04:00:00,2023-03-09 08:00:00,802.8821017021032,769.5468370033138,1,-0.04151950159073037,-3195.1231989901507,13,-6.261348781895981,0.0,0.0,0.0,Bullish,187200.0,4,Tuesday,Asia,2023,3,73759.63484423954,720687.519307421,746927.8844631811
2594,2602,2023-03-09 08:00:00,2023-03-10 16:00:00,769.5468370033138,789.2203411849399,-1,-0.025565051060747024,-1885.668831015042,8,-5.737872169501146,-0.0,0.0,-0.0,Bearish,115200.0,8,Thursday,London,2023,3,71873.9660132245,720687.519307421,748813.5532941961
2602,2613,2023-03-10 16:00:00,2023-03-12 12:00:00,789.2203411849399,744.4149780844139,1,-0.05677167802499239,-4080.4056568820342,11,-8.561855929303919,0.0,0.0,0.0,Sideways,158400.0,16,Friday,NY,2023,3,67793.56035634247,720687.519307421,752893.9589510781
2613,2634,2023-03-12 12:00:00,2023-03-16 00:00:00,744.4149780844139,828.5299821556741,-1,-0.11299477649913969,-7660.3182005458675,21,-15.037913216620268,0.5203915960086625,-21.713413007780158,0.034605306501803254,Bearish,302400.0,12,Sunday,London,2023,3,60133.2421557966,720687.519307421,760554.277151624
2634,2646,2023-03-16 00:00:00,2023-03-18 00:00:00,828.5299821556741,773.2174624624492,1,-0.06675982871411901,-4014.4849463456294,12,-9.582835006873491,0.0,0.0,0.0,Bullish,172800.0,0,Thursday,Asia,2023,3,56118.757209450974,720687.519307421,764568.7620979697
2646,2661,2023-03-18 00:00:00,2023-03-20 12:00:00,773.2174624624492,837.6920494884096,-1,-0.08338480460675246,-4679.45160468386,15,-9.945576301669789,-0.0,0.0,-0.0,Sideways,216000.0,0,Saturday,Asia,2023,3,51439.30560476711,720687.519307421,769248.2137026535
2661,2669,2023-03-20 12:00:00,2023-03-21 20:00:00,837.6920494884096,817.7057483454436,1,-0.023858769049046047,-1227.2785124674413,8,-5.345606994789065,0.0,0.0,0.0,Bullish,115200.0,12,Monday,London,2023,3,50212.02709229967,720687.519307421,770475.4922151209
2669,2673,2023-03-21 20:00:00,2023-03-22 12:00:00,817.7057483454436,810.1979373908242,-1,0.009181555797804664,461.02452846882994,4,-2.732664938536389,0.9181555797804664,1.0,0.3359927398461917,Bullish,57600.0,20,Tuesday,NY,2023,3,50673.0516207685,721148.5438358899,770475.4922151209
2673,2677,2023-03-22 12:00:00,2023-03-23 04:00:00,810.1979373908242,800.8676187857277,1,-0.011516097702178874,-583.5558133323249,4,-3.321424437834808,0.0,0.0,0.0,Sideways,57600.0,12,Wednesday,London,2023,3,50089.49580743617,721148.5438358899,771059.0480284533
2677,2690,2023-03-23 04:00:00,2023-03-25 08:00:00,800.8676187857277,861.1880839524873,-1,-0.07531889634671107,-3772.6855427793125,13,-9.90922756586492,-0.0,0.0,-0.0,Bearish,187200.0,4,Thursday,Asia,2023,3,46316.81026465686,721148.5438358899,774831.7335712325
2690,2693,2023-03-25 08:00:00,2023-03-25 20:00:00,861.1880839524873,865.2460345636694,1,0.004712037575529182,218.24655034571938,3,-1.774446848251432,0.4712037575529182,1.0,0.26554966017564846,Bullish,43200.0,8,Saturday,London,2023,3,46535.05681500258,721366.7903862356,774831.7335712325
2693,2694,2023-03-25 20:00:00,2023-03-26 00:00:00,865.2460345636694,855.4472821257937,-1,0.011324816348701416,527.0009722062917,1,-0.0,1.1324816348701416,1.0,1.1324816348701416,Bullish,14400.0,20,Saturday,NY,2023,3,47062.05778720887,721893.7913584418,774831.7335712325
2694,2696,2023-03-26 00:00:00,2023-03-26 08:00:00,855.4472821257937,859.6790898207971,1,0.004946894780573086,232.81104803057306,2,0.0,0.49468947805730856,1.0,0.49468947805730856,Bullish,28800.0,0,Sunday,Asia,2023,3,47294.86883523944,722126.6024064724,774831.7335712325
2696,2697,2023-03-26 08:00:00,2023-03-26 12:00:00,859.6790898207971,852.3054166566867,-1,0.008577239171476791,405.65940158347365,1,-0.0,0.8577239171476791,1.0,0.8577239171476791,Bullish,14400.0,8,Sunday,London,2023,3,47700.52823682291,722532.2618080559,774831.7335712325
2697,2698,2023-03-26 12:00:00,2023-03-26 16:00:00,852.3054166566867,874.5409986305118,1,0.026088748867803657,1244.4471020320532,1,0.0,2.6088748867803657,1.0,2.6088748867803657,Bullish,14400.0,12,Sunday,London,2023,3,48944.975338854965,723776.7089100879,774831.7335712325
2698,2702,2023-03-26 16:00:00,2023-03-27 08:00:00,874.5409986305118,865.9221389594178,-1,0.009855295160079103,482.3671785672095,4,-1.1758351558194269,0.9855295160079103,1.0,0.838152789640913,Bullish,57600.0,16,Sunday,NY,2023,3,49427.34251742218,724259.0760886552,774831.7335712325
2702,2703,2023-03-27 08:00:00,2023-03-27 12:00:00,865.9221389594178,882.9109425395824,1,0.019619320047158162,969.7308519298161,1,0.0,1.9619320047158162,1.0,1.9619320047158162,Bullish,14400.0,8,Monday,London,2023,3,50397.073369351994,725228.806940585,774831.7335712325
2703,2715,2023-03-27 12:00:00,2023-03-29 12:00:00,882.9109425395824,955.2632277140997,-1,-0.08194743284798922,-4129.910785670168,12,-11.26539973648175,-0.0,0.0,-0.0,Bullish,172800.0,12,Monday,London,2023,3,46267.16258368183,725228.806940585,778961.6443569027
2715,2716,2023-03-29 12:00:00,2023-03-29 16:00:00,955.2632277140997,985.0287077910037,1,0.031159453450470886,1441.6594988116058,1,0.0,3.1159453450470886,1.0,3.1159453450470886,Bullish,14400.0,12,Wednesday,London,2023,3,47708.82208249343,726670.4664393966,778961.6443569027
2716,2720,2023-03-29 16:00:00,2023-03-30 08:00:00,985.0287077910037,992.0178875618433,-1,-0.0070954071851503375,-338.5135189991838,4,-3.027807904208535,-0.0,0.0,-0.0,Bullish,57600.0,16,Wednesday,NY,2023,3,47370.30856349425,726670.4664393966,779300.1578759019
2720,2721,2023-03-30 08:00:00,2023-03-30 12:00:00,992.0178875618433,999.5765043095981,1,0.007619435942160413,360.93503165991814,1,0.0,0.7619435942160413,1.0,0.7619435942160413,Bullish,14400.0,8,Thursday,London,2023,3,47731.24359515416,727031.4014710565,779300.1578759019
2721,2723,2023-03-30 12:00:00,2023-03-30 20:00:00,999.5765043095981,996.1654825990435,-1,0.003412466875570175,162.88128769823504,2,-0.12971183760910332,0.3412466875570175,1.0,2.6308060532253874,Bullish,28800.0,12,Thursday,London,2023,3,47894.1248828524,727194.2827587548,779300.1578759019
2723,2724,2023-03-30 20:00:00,2023-03-31 00:00:00,996.1654825990435,1002.822826867917,1,0.006682970234527907,320.07501100086574,1,0.0,0.6682970234527907,1.0,0.6682970234527907,Bullish,14400.0,20,Thursday,NY,2023,3,48214.19989385326,727514.3577697556,779300.1578759019
2724,2725,2023-03-31 00:00:00,2023-03-31 04:00:00,1002.822826867917,989.184579741467,-1,0.013599857084472089,655.7062279985753,1,-0.0,1.359985708447209,1.0,1.359985708447209,Bullish,14400.0,0,Friday,Asia,2023,3,48869.90612185184,728170.0639977542,779300.1578759019
2725,2728,2023-03-31 04:00:00,2023-03-31 16:00:00,989.184579741467,1021.759511309373,1,0.032931095202090255,1609.33953101592,3,-0.19516465292532814,3.2931095202090255,1.0,16.873493590404408,Bullish,43200.0,4,Friday,Asia,2023,3,50479.24565286776,729779.4035287702,779300.1578759019
2728,2733,2023-03-31 16:00:00,2023-04-01 12:00:00,1021.759511309373,1009.596052456001,-1,0.011904424396093627,600.9263634464035,5,-0.6218643758209241,1.1904424396093627,1.0,1.9143120041855715,Bullish,72000.0,16,Friday,NY,2023,3,51080.17201631416,730380.3298922166,779300.1578759019
2733,2734,2023-04-01 12:00:00,2023-04-01 16:00:00,1009.596052456001,1020.011195722142,1,0.010316148959581106,526.9506634013244,1,0.0,1.0316148959581106,1.0,1.0316148959581106,Bullish,14400.0,12,Saturday,London,2023,4,51607.12267971548,730907.2805556179,779300.1578759019
2734,2735,2023-04-01 16:00:00,2023-04-01 20:00:00,1020.011195722142,1007.570619407649,-1,0.012196509574275205,629.4267658639463,1,-0.0,1.2196509574275205,1.0,1.2196509574275205,Bullish,14400.0,16,Saturday,NY,2023,4,52236.549445579425,731536.7073214818,779300.1578759019
2735,2739,2023-04-01 20:00:00,2023-04-02 12:00:00,1007.570619407649,1008.028453696812,1,0.00045439424328597156,23.735987357194354,4,-2.905205359668106,0.045439424328597156,1.0,0.015640692723280742,Bullish,57600.0,20,Saturday,NY,2023,4,52260.28543293662,731560.443308839,779300.1578759019
2739,2741,2023-04-02 12:00:00,2023-04-02 20:00:00,1008.028453696812,995.5241941289386,-1,0.012404669255134282,648.2715559744922,2,-0.0,1.2404669255134282,1.0,1.2404669255134282,Bullish,28800.0,12,Sunday,London,2023,4,52908.55698891111,732208.7148648135,779300.1578759019
2741,2746,2023-04-02 20:00:00,2023-04-03 16:00:00,995.5241941289386,991.8065953206104,1,-0.003734312867786138,-197.57710517968738,5,-1.870180544821265,0.0,0.0,0.0,Bullish,72000.0,20,Sunday,NY,2023,4,52710.979883731416,732208.7148648135,779497.7349810816
2746,2747,2023-04-03 16:00:00,2023-04-03 20:00:00,991.8065953206104,983.1410849682629,-1,0.008737096923162047,460.5409401590073,1,-0.0,0.8737096923162047,1.0,0.8737096923162047,Bullish,14400.0,16,Monday,NY,2023,4,53171.52082389042,732669.2558049725,779497.7349810816
2747,2751,2023-04-03 20:00:00,2023-04-04 12:00:00,983.1410849682629,994.9088873944559,1,0.011969596842321684,636.4416677550819,4,-0.7068425932180489,1.1969596842321684,1.0,1.6933893001308238,Bullish,57600.0,20,Monday,NY,2023,4,53807.96249164551,733305.6974727276,779497.7349810816
2751,2754,2023-04-04 12:00:00,2023-04-05 00:00:00,994.9088873944559,972.4250625741054,-1,0.02259887825430218,1215.9995934607575,3,-1.0494907877367732,2.259887825430218,1.0,2.153318401492276,Bullish,43200.0,12,Tuesday,London,2023,4,55023.962085106265,734521.6970661883,779497.7349810816
2754,2756,2023-04-05 00:00:00,2023-04-05 08:00:00,972.4250625741054,992.2828624331411,1,0.0204209050376285,1123.6391045340285,2,0.0,2.04209050376285,1.0,2.04209050376285,Bullish,28800.0,0,Wednesday,Asia,2023,4,56147.60118964029,735645.3361707224,779497.7349810816
2756,2759,2023-04-05 08:00:00,2023-04-05 20:00:00,992.2828624331411,985.6450174728006,-1,0.006689468509074148,375.59761001815366,3,-1.049327343933193,0.6689468509074148,1.0,0.6375006376942411,Bullish,43200.0,8,Wednesday,London,2023,4,56523.19879965844,736020.9337807405,779497.7349810816
2759,2765,2023-04-05 20:00:00,2023-04-06 20:00:00,985.6450174728006,976.741419350726,1,-0.00903327056317249,-510.58934785330234,6,-3.729097998483455,0.0,0.0,0.0,Bullish,86400.0,20,Wednesday,NY,2023,4,56012.60945180514,736020.9337807405,780008.3243289349
2765,2769,2023-04-06 20:00:00,2023-04-07 12:00:00,976.741419350726,965.4781424312367,-1,0.0115314828432036,645.9084448965561,4,-1.5944244528336204,1.15314828432036,1.0,0.723237957289841,Sideways,57600.0,20,Thursday,NY,2023,4,56658.5178967017,736666.842225637,780008.3243289349
2769,2776,2023-04-07 12:00:00,2023-04-08 16:00:00,965.4781424312367,974.5799126732543,1,0.009427215223223762,534.1320424410833,7,-1.9577435690098621,0.9427215223223762,1.0,0.48153473072020453,Sideways,100800.0,12,Friday,London,2023,4,57192.64993914278,737200.9742680781,780008.3243289349
2776,2778,2023-04-08 16:00:00,2023-04-09 00:00:00,974.5799126732543,952.5302016157884,-1,0.022624836373842272,1293.9743466595482,2,-0.0,2.262483637384227,1.0,2.262483637384227,Sideways,28800.0,16,Saturday,NY,2023,4,58486.624285802325,738494.9486147376,780008.3243289349
2778,2780,2023-04-09 00:00:00,2023-04-09 08:00:00,952.5302016157884,964.8025442117868,1,0.012883940661598592,753.5381967954897,2,-0.7483078438507929,1.2883940661598592,1.0,1.7217433663795132,Bearish,28800.0,0,Sunday,Asia,2023,4,59240.162482597814,739248.4868115331,780008.3243289349
2780,2781,2023-04-09 08:00:00,2023-04-09 12:00:00,964.8025442117868,953.2615291825449,-1,0.011962048709842965,708.6337091958482,1,-0.0,1.1962048709842965,1.0,1.1962048709842965,Bearish,14400.0,8,Sunday,London,2023,4,59948.79619179366,739957.120520729,780008.3243289349
2781,2783,2023-04-09 12:00:00,2023-04-09 20:00:00,953.2615291825449,968.4273425782092,1,0.015909394149860923,953.7490274249287,2,-1.4220730107974866,1.5909394149860923,1.0,1.1187466486646187,Bearish,28800.0,12,Sunday,London,2023,4,60902.54521921859,740910.869548154,780008.3243289349
2783,2787,2023-04-09 20:00:00,2023-04-10 12:00:00,968.4273425782092,975.6305733269211,-1,-0.007438070397243202,-452.99741871183613,4,-3.2152611822513277,-0.0,0.0,-0.0,Bearish,57600.0,20,Sunday,NY,2023,4,60449.547800506756,740910.869548154,780461.3217476468
2787,2790,2023-04-10 12:00:00,2023-04-11 00:00:00,975.6305733269211,991.9561981343663,1,0.016733408375851244,1011.5269694814218,3,-0.20647554477983832,1.6733408375851244,1.0,8.10430523076901,Sideways,43200.0,12,Monday,London,2023,4,61461.074769988176,741922.3965176353,780461.3217476468
2790,2795,2023-04-11 00:00:00,2023-04-11 20:00:00,991.9561981343663,985.3115204447395,-1,0.006698559575638474,411.7006709295373,5,-1.9631752598030516,0.6698559575638474,1.0,0.3412104722789998,Sideways,72000.0,0,Tuesday,Asia,2023,4,61872.775440917714,742334.0971885648,780461.3217476468
2795,2800,2023-04-11 20:00:00,2023-04-12 16:00:00,985.3115204447395,999.7288168866324,1,0.014632221528664724,905.3361568448358,5,-2.0364288974317857,1.4632221528664724,1.0,0.7185235657929402,Sideways,72000.0,20,Tuesday,NY,2023,4,62778.11159776255,743239.4333454097,780461.3217476468
2800,2803,2023-04-12 16:00:00,2023-04-13 04:00:00,999.7288168866324,982.6145552975419,-1,0.0171189039467603,1074.6924624010978,3,-0.0,1.71189039467603,1.0,1.71189039467603,Sideways,43200.0,16,Wednesday,NY,2023,4,63852.80406016365,744314.1258078108,780461.3217476468
2803,2804,2023-04-13 04:00:00,2023-04-13 08:00:00,982.6145552975419,991.2849138440862,1,0.008823763600691814,563.4220482681795,1,0.0,0.8823763600691814,1.0,0.8823763600691814,Sideways,14400.0,4,Thursday,Asia,2023,4,64416.22610843183,744877.547856079,780461.3217476468
2804,2811,2023-04-13 08:00:00,2023-04-14 12:00:00,991.2849138440862,1013.519313212947,-1,-0.022429877685355315,-1444.84807256432,7,-3.730801329835187,-0.0,0.0,-0.0,Sideways,100800.0,8,Thursday,London,2023,4,62971.378035867514,744877.547856079,781906.1698202111
2811,2814,2023-04-14 12:00:00,2023-04-15 00:00:00,1013.519313212947,1021.372670550229,1,0.007748601565752189,487.94011844629694,3,-0.055442821461448855,0.7748601565752189,1.0,13.975842789927343,Bullish,43200.0,12,Friday,London,2023,4,63459.31815431381,745365.4879745252,781906.1698202111
2814,2817,2023-04-15 00:00:00,2023-04-15 12:00:00,1021.372670550229,1010.549502728082,-1,0.010596688294309375,672.4586138506728,3,-0.023497549082618363,1.0596688294309375,1.0,45.09699397605672,Bullish,43200.0,0,Saturday,Asia,2023,4,64131.776768164484,746037.9465883758,781906.1698202111
2817,2818,2023-04-15 12:00:00,2023-04-15 16:00:00,1010.549502728082,1037.831514891552,1,0.026997205074881903,1731.3787292266866,1,0.0,2.6997205074881903,1.0,2.6997205074881903,Sideways,14400.0,12,Saturday,London,2023,4,65863.15549739117,747769.3253176025,781906.1698202111
2818,2820,2023-04-15 16:00:00,2023-04-16 00:00:00,1037.831514891552,1021.986457287117,-1,0.01526746622845676,1005.5635022560177,2,-0.11105543754916791,1.526746622845676,1.0,13.747608010366308,Bullish,28800.0,16,Saturday,NY,2023,4,66868.71899964719,748774.8888198585,781906.1698202111
2820,2823,2023-04-16 00:00:00,2023-04-16 12:00:00,1021.986457287117,1035.36178742046,1,0.013087580601457205,875.1497496240769,3,0.0,1.3087580601457205,1.0,1.3087580601457205,Bullish,43200.0,0,Sunday,Asia,2023,4,67743.86874927126,749650.0385694826,781906.1698202111
2823,2828,2023-04-16 12:00:00,2023-04-17 08:00:00,1035.36178742046,1019.066543993887,-1,0.015738695038351347,1066.2000909628823,5,-2.17632388162734,1.5738695038351347,1.0,0.7231779778376912,Bullish,72000.0,12,Sunday,London,2023,4,68810.06884023415,750716.2386604456,781906.1698202111
2828,2830,2023-04-17 08:00:00,2023-04-17 16:00:00,1019.066543993887,1064.340963710828,1,0.044427343811625164,3057.048586066683,2,0.0,4.442734381162516,1.0,4.442734381162516,Bullish,28800.0,8,Monday,London,2023,4,71867.11742630083,753773.2872465122,781906.1698202111
2830,2834,2023-04-17 16:00:00,2023-04-18 08:00:00,1064.340963710828,1053.732166039606,-1,0.00996748037793671,716.3340827655281,4,-0.03975412511050269,1.5569151977123497,0.6402070191480184,39.16361367240921,Bullish,57600.0,16,Monday,NY,2023,4,72583.45150906636,754489.6213292778,781906.1698202111
2834,2839,2023-04-18 08:00:00,2023-04-19 04:00:00,1053.732166039606,1045.244204055843,1,-0.008055141768770757,-584.6699919722282,5,-2.085155176609388,0.0,0.0,0.0,Bullish,72000.0,8,Tuesday,London,2023,4,71998.78151709413,754489.6213292778,782490.8398121834
2839,2840,2023-04-19 04:00:00,2023-04-19 08:00:00,1045.244204055843,1033.77660217656,-1,0.010971217859697902,789.9143176568316,1,-0.0,1.0971217859697902,1.0,1.0971217859697902,Bullish,14400.0,4,Wednesday,Asia,2023,4,72788.69583475096,755279.5356469345,782490.8398121834
2840,2842,2023-04-19 08:00:00,2023-04-19 16:00:00,1033.77660217656,1046.431728725776,1,0.012241645363777476,891.0534009008894,2,-0.11316765897281256,1.2241645363777476,1.0,10.81726482185022,Bullish,28800.0,8,Wednesday,London,2023,4,73679.74923565185,756170.5890478354,782490.8398121834
2842,2843,2023-04-19 16:00:00,2023-04-19 20:00:00,1046.431728725776,1036.313576807052,-1,0.009669194502583411,712.4238262610903,1,-0.0,0.9669194502583411,1.0,0.9669194502583411,Bullish,14400.0,16,Wednesday,NY,2023,4,74392.17306191294,756883.0128740965,782490.8398121834
2843,2849,2023-04-19 20:00:00,2023-04-20 20:00:00,1036.313576807052,1027.17614576681,1,-0.00881724532490935,-655.9340401400002,6,-3.809197309866197,0.0,0.0,0.0,Bullish,86400.0,20,Wednesday,NY,2023,4,73736.23902177294,756883.0128740965,783146.7738523234
2849,2855,2023-04-20 20:00:00,2023-04-21 20:00:00,1027.17614576681,1053.520116040836,-1,-0.025646984095760716,-1891.1121494726244,6,-3.365318261903316,-0.0,0.0,-0.0,Bullish,86400.0,20,Thursday,NY,2023,4,71845.12687230032,756883.0128740965,785037.886001796
2855,2858,2023-04-21 20:00:00,2023-04-22 08:00:00,1053.520116040836,1057.920703881963,1,0.004177032573107864,300.09943516466603,3,-1.645284018157378,0.4177032573107864,1.0,0.2538791191678806,Bullish,43200.0,20,Friday,NY,2023,4,72145.22630746498,757183.1123092612,785037.886001796
2858,2860,2023-04-22 08:00:00,2023-04-22 16:00:00,1057.920703881963,1040.075039263618,-1,0.01686862214990359,1216.9905624999128,2,-0.4673467916194385,1.686862214990359,1.0,3.6094443039719732,Bullish,28800.0,8,Saturday,London,2023,4,73362.21686996489,758400.1028717612,785037.886001796
2860,2861,2023-04-22 16:00:00,2023-04-22 20:00:00,1040.075039263618,1056.856870671362,1,0.01613521214740965,1183.7149328011606,1,0.0,1.613521214740965,1.0,1.613521214740965,Sideways,14400.0,16,Saturday,NY,2023,4,74545.93180276605,759583.8178045624,785037.886001796
2861,2863,2023-04-22 20:00:00,2023-04-23 04:00:00,1056.856870671362,1037.097796082926,-1,0.018696074309366262,1393.7162804454658,2,-0.0,1.8696074309366262,1.0,1.8696074309366262,Bullish,28800.0,20,Saturday,NY,2023,4,75939.64808321152,760977.5340850079,785037.886001796
2863,2875,2023-04-23 04:00:00,2023-04-25 04:00:00,1037.097796082926,966.3895462116651,1,-0.06817896069042173,-5177.486281509746,12,-9.970634136831524,0.0,0.0,0.0,Sideways,172800.0,4,Sunday,Asia,2023,4,70762.16180170178,760977.5340850079,790215.3722833057
2875,2880,2023-04-25 04:00:00,2023-04-26 00:00:00,966.3895462116651,978.5443009228452,-1,-0.012577489852645618,-890.0103720121729,5,-2.6314481326310535,-0.0,0.0,-0.0,Bearish,72000.0,4,Tuesday,Asia,2023,4,69872.1514296896,760977.5340850079,791105.3826553179
2880,2886,2023-04-26 00:00:00,2023-04-27 00:00:00,978.5443009228452,968.7919512306014,1,-0.0099661810743229,-696.3585132007975,6,-3.4413544456277645,0.0,0.0,0.0,Bearish,86400.0,0,Wednesday,Asia,2023,4,69175.7929164888,760977.5340850079,791801.7411685187
2886,2888,2023-04-27 00:00:00,2023-04-27 08:00:00,968.7919512306014,957.6401344066115,-1,0.011511054370161089,796.2863133607083,2,-0.4205888492701426,1.151105437016109,1.0,2.736890050731607,Bearish,28800.0,0,Thursday,Asia,2023,4,69972.0792298495,761773.8203983685,791801.7411685187
2888,2893,2023-04-27 08:00:00,2023-04-28 04:00:00,957.6401344066115,958.710241258145,1,0.001117441524311813,78.18970687387011,5,-1.9844668038961677,0.1117441524311813,1.0,0.056309408759970384,Bearish,72000.0,8,Thursday,London,2023,4,70050.26893672338,761852.0101052424,791801.7411685187
2893,2901,2023-04-28 04:00:00,2023-04-29 12:00:00,958.710241258145,982.5939120460702,-1,-0.024912293370916716,-1745.11285046327,8,-6.009357739893506,-0.0,0.0,-0.0,Bearish,115200.0,4,Friday,Asia,2023,4,68305.15608626012,761852.0101052424,793546.8540189819
2901,2907,2023-04-29 12:00:00,2023-04-30 12:00:00,982.5939120460702,981.2050869909463,1,-0.0014134272949360982,-96.54437199719077,6,-1.2013244805273326,0.5364257733153632,-0.2634898182092284,0.4465286290344255,Bearish,86400.0,12,Saturday,London,2023,4,68208.61171426292,761852.0101052424,793643.3983909792
2907,2908,2023-04-30 12:00:00,2023-04-30 16:00:00,981.2050869909463,965.3196698408815,-1,0.016189701175297055,1104.2770412357847,1,-0.0,1.6189701175297055,1.0,1.6189701175297055,Bearish,14400.0,12,Sunday,London,2023,4,69312.88875549872,762956.2871464782,793643.3983909792
2908,2910,2023-04-30 16:00:00,2023-05-01 00:00:00,965.3196698408815,977.7458996725713,1,0.012872657856167091,892.2411019721075,2,-0.13487301385318728,1.2872657856167091,1.0,9.544279829157897,Bearish,28800.0,16,Sunday,NY,2023,4,70205.12985747082,763848.5282484503,793643.3983909792
2910,2912,2023-05-01 00:00:00,2023-05-01 08:00:00,977.7458996725713,954.4612462083891,-1,0.023814626552747353,1671.908949642803,2,-0.23141785919005287,2.3814626552747353,1.0,10.29074706511285,Bearish,28800.0,0,Monday,Asia,2023,5,71877.03880711363,765520.437198093,793643.3983909792
2912,2914,2023-05-01 08:00:00,2023-05-01 16:00:00,954.4612462083891,979.4697264042205,1,0.026201671670984972,1883.2985715066393,2,0.0,2.620167167098497,1.0,2.620167167098497,Bearish,28800.0,8,Monday,London,2023,5,73760.33737862026,767403.7357695997,793643.3983909792
2914,2916,2023-05-01 16:00:00,2023-05-02 00:00:00,979.4697264042205,961.4056320362962,-1,0.018442728632604433,1360.3418861232449,2,-0.0,1.8442728632604433,1.0,1.8442728632604433,Bearish,28800.0,16,Monday,NY,2023,5,75120.6792647435,768764.077655723,793643.3983909792
2916,2919,2023-05-02 00:00:00,2023-05-02 12:00:00,961.4056320362962,975.4497320347948,1,0.014607881970436054,1097.3540162383579,3,-0.1353944771665505,1.4607881970436054,1.0,10.789126909856677,Bearish,43200.0,0,Tuesday,Asia,2023,5,76218.03328098186,769861.4316719613,793643.3983909792
2919,2926,2023-05-02 12:00:00,2023-05-03 16:00:00,975.4497320347948,951.8343684771016,-1,0.02420971863760868,1845.217140844468,7,-1.5576511335087861,2.420971863760868,1.0,1.554245242519327,Sideways,100800.0,12,Tuesday,London,2023,5,78063.25042182632,771706.6488128058,793643.3983909792
2926,2933,2023-05-03 16:00:00,2023-05-04 20:00:00,951.8343684771016,932.8531390172983,1,-0.01994173575616165,-1556.7167121791374,7,-3.7953928660612646,0.0,0.0,0.0,Sideways,100800.0,16,Wednesday,NY,2023,5,76506.53370964719,771706.6488128058,795200.1151031583
2933,2934,2023-05-04 20:00:00,2023-05-05 00:00:00,932.8531390172983,918.8153896170336,-1,0.015048187987074413,1151.2847015022182,1,-0.0,1.5048187987074413,1.0,1.5048187987074413,Bearish,14400.0,20,Thursday,NY,2023,5,77657.8184111494,772857.933514308,795200.1151031583
2934,2942,2023-05-05 00:00:00,2023-05-06 08:00:00,918.8153896170336,891.7011191319664,1,-0.0295100308413081,-2291.6846163817263,8,-4.9681432610254594,0.7102628279642254,-4.1548043455815575,0.14296343536148798,Bearish,115200.0,0,Friday,Asia,2023,5,75366.13379476768,772857.933514308,797491.79971954
2942,2946,2023-05-06 08:00:00,2023-05-07 00:00:00,891.7011191319664,884.8569479016633,-1,0.007675409488064333,578.4659384070867,4,-0.18677866722296432,0.7675409488064333,1.0,4.109360882686846,Bearish,57600.0,8,Saturday,London,2023,5,75944.59973317476,773436.3994527151,797491.79971954
2946,2948,2023-05-07 00:00:00,2023-05-07 08:00:00,884.8569479016633,889.0397082465009,1,0.004727046959123182,358.9936892305316,2,0.0,0.47270469591231823,1.0,0.47270469591231823,Bearish,28800.0,0,Sunday,Asia,2023,5,76303.5934224053,773795.3931419456,797491.79971954
2948,2952,2023-05-07 08:00:00,2023-05-08 00:00:00,889.0397082465009,897.8523015063915,-1,-0.009912485548336347,-756.358267085726,4,-4.0233220047801055,-0.0,0.0,-0.0,Bearish,57600.0,8,Sunday,London,2023,5,75547.23515531958,773795.3931419456,798248.1579866258
2952,2953,2023-05-08 00:00:00,2023-05-08 04:00:00,897.8523015063915,920.2907220257783,1,0.024991215684072143,1888.0172481019115,1,0.0,2.4991215684072143,1.0,2.4991215684072143,Bearish,14400.0,0,Monday,Asia,2023,5,77435.25240342149,775683.4103900475,798248.1579866258
2953,2958,2023-05-08 04:00:00,2023-05-09 00:00:00,920.2907220257783,926.8799943661307,-1,-0.0071599899712646575,-554.435630630846,5,-2.2819570522376598,-0.0,0.0,-0.0,Bearish,72000.0,4,Monday,Asia,2023,5,76880.81677279064,775683.4103900475,798802.5936172566
2958,2961,2023-05-09 00:00:00,2023-05-09 12:00:00,926.8799943661307,942.5167588132194,1,0.01687032252517473,1297.004174955843,3,-1.7738463732706156,1.687032252517473,1.0,0.9510588278323817,Bearish,43200.0,0,Tuesday,Asia,2023,5,78177.82094774648,776980.4145650034,798802.5936172566
2961,2967,2023-05-09 12:00:00,2023-05-10 12:00:00,942.5167588132194,905.3636903331137,-1,0.039419000386674785,3081.691554168615,6,-0.0,3.9419000386674785,1.0,3.9419000386674785,Bearish,86400.0,12,Tuesday,London,2023,5,81259.5125019151,780062.106119172,798802.5936172566
2967,2973,2023-05-10 12:00:00,2023-05-11 12:00:00,905.3636903331137,897.6947283439401,1,-0.008470587092300863,-688.3157777253836,6,-3.6321554123229682,0.0,0.0,0.0,Bearish,86400.0,12,Wednesday,London,2023,5,80571.19672418971,780062.106119172,799490.909394982
2973,2974,2023-05-11 12:00:00,2023-05-11 16:00:00,897.6947283439401,883.7817586995089,-1,0.015498553355769107,1248.736991368025,1,-0.0,1.5498553355769107,1.0,1.5498553355769107,Bearish,14400.0,12,Thursday,London,2023,5,81819.93371555774,781310.84311054,799490.909394982
2974,2977,2023-05-11 16:00:00,2023-05-12 04:00:00,883.7817586995089,886.4389070734168,1,0.003006566211343653,245.9970481235736,3,-0.8804476364255853,0.3006566211343653,1.0,0.3414815472217768,Bearish,43200.0,16,Thursday,NY,2023,5,82065.9307636813,781556.8401586636,799490.909394982
2977,2981,2023-05-12 04:00:00,2023-05-12 20:00:00,886.4389070734168,885.7062287484923,-1,0.0008265412529594451,67.83087723869633,4,-1.3204000737842225,0.21035634526432867,0.3929243265378249,0.15931258217931965,Bearish,57600.0,4,Friday,Asia,2023,5,82133.76164092001,781624.6710359022,799490.909394982
2981,2984,2023-05-12 20:00:00,2023-05-13 08:00:00,885.7062287484923,888.7457794680622,1,0.0034317820298777058,281.8651672455685,3,-0.871248518491019,0.3431782029877706,1.0,0.39389243792591666,Bearish,43200.0,20,Friday,NY,2023,5,82415.62680816557,781906.5362031478,799490.909394982
2984,2991,2023-05-13 08:00:00,2023-05-14 12:00:00,888.7457794680622,874.6838842046652,-1,0.015822179512136048,1303.9948419640098,7,-2.9814717606789554,1.5822179512136048,1.0,0.5306835275385249,Bearish,100800.0,8,Saturday,London,2023,5,83719.62165012959,783210.5310451118,799490.909394982
2991,2993,2023-05-14 12:00:00,2023-05-14 20:00:00,874.6838842046652,906.7296290191297,1,0.03663694437860032,3067.2311217932656,2,0.0,3.6636944378600322,1.0,3.6636944378600322,Sideways,28800.0,12,Sunday,London,2023,5,86786.85277192284,786277.7621669051,799490.909394982
2993,2994,2023-05-14 20:00:00,2023-05-15 00:00:00,906.7296290191297,885.1415593102216,-1,0.023808717635334542,2066.283672106065,1,-0.0,2.380871763533454,1.0,2.380871763533454,Sideways,14400.0,20,Sunday,NY,2023,5,88853.13644402892,788344.0458390112,799490.909394982
2994,2998,2023-05-15 00:00:00,2023-05-15 16:00:00,885.1415593102216,892.2563095767126,1,0.008037980130585431,714.1997452773016,4,-3.096495520941911,0.8037980130585431,1.0,0.2595831344248284,Sideways,57600.0,0,Monday,Asia,2023,5,89567.33618930621,789058.2455842885,799490.909394982
2998,2999,2023-05-15 16:00:00,2023-05-15 20:00:00,892.2563095767126,874.0821049615721,-1,0.02036881602301288,1824.3805925113245,1,-0.0,2.036881602301288,1.0,2.036881602301288,Sideways,14400.0,16,Monday,NY,2023,5,91391.71678181754,790882.6261767998,799490.909394982
2999,3000,2023-05-15 20:00:00,2023-05-16 00:00:00,874.0821049615721,881.7992884187697,1,0.008828899955041214,806.8883241861294,1,0.0,0.8828899955041214,1.0,0.8828899955041214,Bearish,14400.0,20,Monday,NY,2023,5,92198.60510600367,791689.5145009859,799490.909394982
3000,3002,2023-05-16 00:00:00,2023-05-16 08:00:00,881.7992884187697,874.0270018071999,-1,0.008814122117865364,812.6497645011626,2,-0.0,0.8814122117865364,1.0,0.8814122117865364,Bearish,28800.0,0,Tuesday,Asia,2023,5,93011.25487050482,792502.164265487,799490.909394982
3002,3006,2023-05-16 08:00:00,2023-05-17 00:00:00,874.0270018071999,871.7211650469944,1,-0.0026381756575457604,-245.38002847715077,4,-1.6105432728250713,0.0,0.0,0.0,Sideways,57600.0,8,Tuesday,London,2023,5,92765.87484202768,792502.164265487,799736.2894234592
3006,3009,2023-05-17 00:00:00,2023-05-17 12:00:00,871.7211650469944,856.8203807947157,-1,0.017093521242512733,1585.69545219248,3,-1.2522575987985451,1.7093521242512733,1.0,1.3650163719439825,Bearish,43200.0,0,Wednesday,Asia,2023,5,94351.57029422016,794087.8597176794,799736.2894234592
3009,3017,2023-05-17 12:00:00,2023-05-18 20:00:00,856.8203807947157,835.6966382458062,1,-0.0246536415594093,-2326.1097946011173,8,-5.214650779304508,0.0,0.0,0.0,Bearish,115200.0,12,Wednesday,London,2023,5,92025.46049961905,794087.8597176794,802062.3992180603
3017,3021,2023-05-18 20:00:00,2023-05-19 12:00:00,835.6966382458062,828.0525691794023,-1,0.009146942462816887,841.7515923042448,4,-0.5017171931678499,0.9146942462816887,1.0,1.8231271695241207,Bearish,57600.0,20,Thursday,NY,2023,5,92867.21209192328,794929.6113099837,802062.3992180603
3021,3026,2023-05-19 12:00:00,2023-05-20 08:00:00,828.0525691794023,830.9965972001224,1,0.0035553636692868817,330.176711939584,5,-2.2054796801121324,0.3555363669286882,1.0,0.1612059136770699,Bearish,72000.0,12,Friday,London,2023,5,93197.38880386286,795259.7880219233,802062.3992180603
3026,3028,2023-05-20 08:00:00,2023-05-20 16:00:00,830.9965972001224,817.4565572462168,-1,0.016293736941313752,1518.5337367874833,2,-0.0,1.6293736941313752,1.0,1.6293736941313752,Bearish,28800.0,8,Saturday,London,2023,5,94715.92254065035,796778.3217587108,802062.3992180603
3028,3033,2023-05-20 16:00:00,2023-05-21 12:00:00,817.4565572462168,817.7577853785704,1,0.00036849436179009487,34.90228342797707,5,-3.4911639777456815,0.03684943617900949,1.0,0.010555057400312646,Bearish,72000.0,16,Saturday,NY,2023,5,94750.82482407833,796813.2240421388,802062.3992180603
3033,3035,2023-05-21 12:00:00,2023-05-21 20:00:00,817.7577853785704,803.3051706779129,-1,0.01767346634794409,1674.5755139682963,2,-0.5032117815871873,1.767346634794409,1.0,3.512132862271222,Bearish,28800.0,12,Sunday,London,2023,5,96425.40033804663,798487.799556107,802062.3992180603
3035,3036,2023-05-21 20:00:00,2023-05-22 00:00:00,803.3051706779129,812.7057056318104,1,0.011702320982154735,1128.400985588595,1,0.0,1.1702320982154735,1.0,1.1702320982154735,Bearish,14400.0,20,Sunday,NY,2023,5,97553.80132363523,799616.2005416956,802062.3992180603
3036,3037,2023-05-22 00:00:00,2023-05-22 04:00:00,812.7057056318104,795.0460312035756,-1,0.021729482524680765,2119.793621078114,1,-0.0,2.1729482524680765,1.0,2.1729482524680765,Bearish,14400.0,0,Monday,Asia,2023,5,99673.59494471333,801735.9941627737,802062.3992180603
3037,3041,2023-05-22 04:00:00,2023-05-22 20:00:00,795.0460312035756,784.5076093006712,1,-0.013255109124877706,-1321.1843778610362,4,-2.974797524490358,0.0,0.0,0.0,Bearish,57600.0,4,Monday,Asia,2023,5,98352.4105668523,801735.9941627737,803383.5835959214
3041,3046,2023-05-22 20:00:00,2023-05-23 16:00:00,784.5076093006712,774.857100935689,-1,0.01230135724698056,1209.868138484558,5,-2.858565260787116,1.230135724698056,1.0,0.43033326598229693,Bearish,72000.0,20,Monday,NY,2023,5,99562.27870533685,802945.8623012583,803383.5835959214
3046,3049,2023-05-23 16:00:00,2023-05-24 04:00:00,774.857100935689,784.0722767520208,1,0.011892742294293823,1184.0685228752307,3,-1.090575396383442,1.1892742294293823,1.0,1.0905016135273589,Bearish,43200.0,16,Tuesday,NY,2023,5,100746.3472282121,804129.9308241335,803383.5835959214
3049,3051,2023-05-24 04:00:00,2023-05-24 12:00:00,784.0722767520208,774.325078083384,-1,0.012431505305880775,1252.4287501156273,2,-0.0,1.2431505305880775,1.0,1.2431505305880775,Bearish,28800.0,4,Wednesday,Asia,2023,5,101998.77597832771,805382.3595742491,803383.5835959214
3051,3056,2023-05-24 12:00:00,2023-05-25 08:00:00,774.325078083384,775.568175677521,1,0.0016053949811543067,163.74832303949,5,-1.9544211374812992,0.27597059113730893,0.5817268334782614,0.14120323703260682,Bearish,72000.0,12,Wednesday,London,2023,5,102162.5243013672,805546.1078972886,803383.5835959214
3056,3061,2023-05-25 08:00:00,2023-05-26 04:00:00,775.568175677521,791.9654806220591,-1,-0.021142312769878213,-2159.952042139792,5,-5.004769075896731,-0.0,0.0,-0.0,Bearish,72000.0,8,Thursday,London,2023,5,100002.57225922741,805546.1078972886,805543.5356380612
3061,3062,2023-05-26 04:00:00,2023-05-26 08:00:00,791.9654806220591,803.9342091233754,1,0.01511268962368817,1511.3078361241546,1,0.0,1.511268962368817,1.0,1.511268962368817,Bearish,14400.0,4,Friday,Asia,2023,5,101513.88009535157,807057.4157334128,805543.5356380612
3062,3065,2023-05-26 08:00:00,2023-05-26 20:00:00,803.9342091233754,801.4621439371625,-1,0.0030749595652962425,312.15107660953754,3,-1.3183285736730443,0.30749595652962425,1.0,0.2332468268308092,Sideways,43200.0,8,Friday,London,2023,5,101826.0311719611,807369.5668100223,805543.5356380612
3065,3075,2023-05-26 20:00:00,2023-05-28 12:00:00,801.4621439371625,780.0129251893612,1,-0.02676260994990054,-2725.1303550016123,10,-5.100490247561007,0.10213656712703134,-26.202770175949627,0.020024852939552588,Sideways,144000.0,20,Friday,NY,2023,5,99100.90081695949,807369.5668100223,808268.6659930629
3075,3076,2023-05-28 12:00:00,2023-05-28 16:00:00,780.0129251893612,763.7764321618142,-1,0.020815671770573974,2062.8518235740376,1,-0.0,2.0815671770573974,1.0,2.0815671770573974,Bearish,14400.0,12,Sunday,London,2023,5,101163.75264053354,809432.4186335964,808268.6659930629
3076,3077,2023-05-28 16:00:00,2023-05-28 20:00:00,763.7764321618142,779.6004681241783,1,0.020718151668512874,2095.925970562496,1,0.0,2.0718151668512874,1.0,2.0718151668512874,Bearish,14400.0,16,Sunday,NY,2023,5,103259.67861109602,811528.3446041589,808268.6659930629
3077,3078,2023-05-28 20:00:00,2023-05-29 00:00:00,779.6004681241783,763.2417595767689,-1,0.020983451416814347,2166.7444494518,1,-0.0,2.0983451416814347,1.0,2.0983451416814347,Bearish,14400.0,20,Sunday,NY,2023,5,105426.42306054782,813695.0890536107,808268.6659930629
3078,3079,2023-05-29 00:00:00,2023-05-29 04:00:00,763.2417595767689,776.1257458486359,1,0.01688060972844485,1779.6623027510284,1,0.0,1.688060972844485,1.0,1.688060972844485,Bearish,14400.0,0,Monday,Asia,2023,5,107206.08536329886,815474.7513563617,808268.6659930629
3079,3085,2023-05-29 04:00:00,2023-05-30 04:00:00,776.1257458486359,801.1291077266088,-1,-0.03221560682880531,-3453.7090957193795,6,-5.858602307114924,-0.0,0.0,-0.0,Bearish,86400.0,4,Monday,Asia,2023,5,103752.37626757947,815474.7513563617,811722.3750887823
3085,3088,2023-05-30 04:00:00,2023-05-30 16:00:00,801.1291077266088,811.414047533691,1,0.012838055324525754,1331.9787465741997,3,0.0,1.2838055324525754,1.0,1.2838055324525754,Sideways,43200.0,4,Tuesday,Asia,2023,5,105084.35501415367,816806.7301029359,811722.3750887823
3088,3089,2023-05-30 16:00:00,2023-05-30 20:00:00,811.414047533691,794.7979564980287,-1,0.020477943518684705,2151.911486677253,1,-0.0,2.0477943518684705,1.0,2.0477943518684705,Bullish,14400.0,16,Tuesday,NY,2023,5,107236.26650083093,818958.6415896132,811722.3750887823
3089,3096,2023-05-30 20:00:00,2023-06-01 00:00:00,794.7979564980287,783.4296785828692,1,-0.014303355742444901,-1533.8384682530134,7,-4.115272866546271,0.0,0.0,0.0,Sideways,100800.0,20,Tuesday,NY,2023,5,105702.42803257791,818958.6415896132,813256.2135570353
3096,3101,2023-06-01 00:00:00,2023-06-01 20:00:00,783.4296785828692,784.034181017197,-1,-0.0007716103319206358,-81.56108557903465,5,-2.084819813551664,-0.0,0.0,-0.0,Sideways,72000.0,0,Thursday,Asia,2023,6,105620.86694699888,818958.6415896132,813337.7746426143
3101,3111,2023-06-01 20:00:00,2023-06-03 12:00:00,784.034181017197,744.3139162000737,1,-0.050661394335627996,-5350.900390472813,10,-6.974910346849395,0.37725032569602135,-13.429118779992692,0.05408676340426761,Sideways,144000.0,20,Thursday,NY,2023,6,100269.96655652607,818958.6415896132,818688.6750330871
3111,3114,2023-06-03 12:00:00,2023-06-04 00:00:00,744.3139162000737,727.5475122590127,-1,0.022525984770858543,2258.6797396268043,3,-0.0,2.2525984770858543,1.0,2.2525984770858543,Bearish,43200.0,12,Saturday,London,2023,6,102528.64629615287,821217.32132924,818688.6750330871
3114,3115,2023-06-04 00:00:00,2023-06-04 04:00:00,727.5475122590127,745.9604031199176,1,0.025308162766900955,2594.8116687330566,1,0.0,2.5308162766900955,1.0,2.5308162766900955,Bearish,14400.0,0,Sunday,Asia,2023,6,105123.45796488592,823812.132997973,818688.6750330871
3115,3116,2023-06-04 04:00:00,2023-06-04 08:00:00,745.9604031199176,732.0771289423205,-1,0.018611274967855418,1956.481581756285,1,-0.0,1.8611274967855418,1.0,1.8611274967855418,Bearish,14400.0,4,Sunday,Asia,2023,6,107079.93954664221,825768.6145797293,818688.6750330871
3116,3122,2023-06-04 08:00:00,2023-06-05 08:00:00,732.0771289423205,714.4997757528794,1,-0.024010247683650898,-2571.0158704652476,6,-6.3889161979976965,0.0,0.0,0.0,Bearish,86400.0,8,Sunday,London,2023,6,104508.92367617697,825768.6145797293,821259.6909035523
3122,3134,2023-06-05 08:00:00,2023-06-07 08:00:00,714.4997757528794,743.0265947670176,-1,-0.039925581479824945,-4172.579547602015,12,-6.725738204394438,-0.0,0.0,-0.0,Bearish,172800.0,8,Monday,London,2023,6,100336.34412857496,825768.6145797293,825432.2704511543
3134,3140,2023-06-07 08:00:00,2023-06-08 08:00:00,743.0265947670176,742.7258837132883,1,-0.00040471102359884714,-40.6072245364418,6,-2.215217409712733,0.1526767066185597,-0.2650771244430613,0.06892177081542468,Bearish,86400.0,8,Wednesday,London,2023,6,100295.73690403851,825768.6145797293,825472.8776756908
3140,3145,2023-06-08 08:00:00,2023-06-09 04:00:00,742.7258837132883,742.9152384367666,-1,-0.0002549456369171921,-25.569960525079257,5,-2.767513288761081,0.5811448015328291,-0.043869554755501,0.20998807987404003,Bearish,72000.0,8,Thursday,London,2023,6,100270.16694351342,825768.6145797293,825498.4476362158
3145,3150,2023-06-09 04:00:00,2023-06-10 00:00:00,742.9152384367666,729.675056135249,1,-0.01782192855456488,-1787.0077514215918,5,-3.507104803106331,0.0,0.0,0.0,Bearish,72000.0,4,Friday,Asia,2023,6,98483.15919209184,825768.6145797293,827285.4553876374
3150,3156,2023-06-10 00:00:00,2023-06-11 00:00:00,729.675056135249,731.9354276469234,-1,-0.003097778240696014,-305.0789876202641,6,-3.1195342199405562,-0.0,0.0,-0.0,Bearish,86400.0,0,Saturday,Asia,2023,6,98178.08020447157,825768.6145797293,827590.5343752577
3156,3159,2023-06-11 00:00:00,2023-06-11 12:00:00,731.9354276469234,743.2824360721851,1,0.015502745183056499,1522.0297599716082,3,-0.05044752870658753,1.5926248577512014,0.9734084651263383,31.5699281725813,Sideways,43200.0,0,Sunday,Asia,2023,6,99700.10996444318,827290.6443397009,827590.5343752577
3159,3163,2023-06-11 12:00:00,2023-06-12 04:00:00,743.2824360721851,750.8024065738166,-1,-0.01011724498882316,-1008.6904379228821,4,-3.7441670049399356,-0.0,0.0,-0.0,Sideways,57600.0,12,Sunday,London,2023,6,98691.4195265203,827290.6443397009,828599.2248131805
3163,3164,2023-06-12 04:00:00,2023-06-12 08:00:00,750.8024065738166,766.780689272122,1,0.02128160826124703,2100.3121291097937,1,0.0,2.128160826124703,1.0,2.128160826124703,Sideways,14400.0,4,Monday,Asia,2023,6,100791.7316556301,829390.9564688107,828599.2248131805
3164,3168,2023-06-12 08:00:00,2023-06-13 00:00:00,766.780689272122,774.2732580931987,-1,-0.009771462591460223,-984.8826354014878,4,-3.3309760606560213,-0.0,0.0,-0.0,Bullish,57600.0,8,Monday,London,2023,6,99806.8490202286,829390.9564688107,829584.107448582
3168,3171,2023-06-13 00:00:00,2023-06-13 12:00:00,774.2732580931987,776.0509153421011,1,0.0022959042306074373,229.1469669091409,3,-2.1995814898368327,0.22959042306074373,1.0,0.1043791394506484,Bullish,43200.0,0,Tuesday,Asia,2023,6,100035.99598713775,829620.1034357199,829584.107448582
3171,3174,2023-06-13 12:00:00,2023-06-14 00:00:00,776.0509153421011,768.8431297985716,-1,0.009287774037805452,929.1117263753496,3,-0.0,0.9287774037805452,1.0,0.9287774037805452,Bullish,43200.0,12,Tuesday,London,2023,6,100965.10771351309,830549.2151620951,829584.107448582
3174,3183,2023-06-14 00:00:00,2023-06-15 12:00:00,768.8431297985716,743.4250635918401,1,-0.03306014610989727,-3337.9212130102637,9,-7.472416654983438,0.0,0.0,0.0,Bullish,129600.0,0,Wednesday,Asia,2023,6,97627.18650050284,830549.2151620951,832922.0286615922
3183,3195,2023-06-15 12:00:00,2023-06-17 12:00:00,743.4250635918401,765.714280885502,-1,-0.029981794245639515,-2927.038218438756,12,-3.7762231396676116,0.1919648787838346,-15.618374796256889,0.0508351523953459,Sideways,172800.0,12,Thursday,London,2023,6,94700.14828206408,830549.2151620951,835849.0668800309
3195,3201,2023-06-17 12:00:00,2023-06-18 12:00:00,765.714280885502,750.2797351753534,1,-0.020157056091861802,-1908.8762008291985,6,-3.0203610742519316,0.0,0.0,0.0,Bullish,86400.0,12,Saturday,London,2023,6,92791.27208123489,830549.2151620951,837757.9430808601
3201,3202,2023-06-18 12:00:00,2023-06-18 16:00:00,750.2797351753534,730.0932617272163,-1,0.026905262799639895,2496.5735608585164,1,-0.0,2.6905262799639895,1.0,2.6905262799639895,Sideways,14400.0,12,Sunday,London,2023,6,95287.8456420934,833045.7887229536,837757.9430808601
3202,3208,2023-06-18 16:00:00,2023-06-19 16:00:00,730.0932617272163,741.6335012100823,1,0.015806527861337516,1506.1699869885801,6,-0.3344049671053395,1.7169622527163808,0.920610097067087,5.134380232383115,Sideways,86400.0,16,Sunday,NY,2023,6,96794.01562908197,834551.9587099422,837757.9430808601
3208,3212,2023-06-19 16:00:00,2023-06-20 08:00:00,741.6335012100823,730.3170975636206,-1,0.015258754665205099,1476.956137544192,4,-0.9173397913641024,1.5258754665205099,1.0,1.6633699757551157,Sideways,57600.0,16,Monday,NY,2023,6,98270.97176662617,836028.9148474864,837757.9430808601
3212,3216,2023-06-20 08:00:00,2023-06-21 00:00:00,730.3170975636206,735.6267086777076,1,0.007270281815666468,714.4576590427762,4,0.0,0.8017042508151384,0.9068533450177367,0.8017042508151384,Bearish,57600.0,8,Tuesday,London,2023,6,98985.42942566895,836743.3725065292,837757.9430808601
3216,3217,2023-06-21 00:00:00,2023-06-21 04:00:00,735.6267086777076,712.9377945092265,-1,0.030842972258667056,3053.0048537881576,1,-0.0,3.0842972258667056,1.0,3.0842972258667056,Bearish,14400.0,0,Wednesday,Asia,2023,6,102038.4342794571,839796.3773603174,837757.9430808601
3217,3222,2023-06-21 04:00:00,2023-06-22 00:00:00,712.9377945092265,717.3398804002236,1,0.00617457220658002,630.0436803048786,5,-1.054500037259587,0.9173207864780375,0.6731093743429363,0.8699106250028704,Bearish,72000.0,4,Wednesday,Asia,2023,6,102668.47795976198,840426.4210406223,837757.9430808601
3222,3229,2023-06-22 00:00:00,2023-06-23 04:00:00,717.3398804002236,735.027209768129,-1,-0.024656832627285574,-2531.479477152013,7,-4.143162157774394,-0.0,0.0,-0.0,Bearish,100800.0,0,Thursday,Asia,2023,6,100136.99848260997,840426.4210406223,840289.4225580121
3229,3230,2023-06-23 04:00:00,2023-06-23 08:00:00,735.027209768129,746.4106416018111,1,0.015487089025280065,1550.8306102245176,1,0.0,1.5487089025280065,1.0,1.5487089025280065,Sideways,14400.0,4,Friday,Asia,2023,6,101687.82909283448,841977.2516508468,840289.4225580121
3230,3240,2023-06-23 08:00:00,2023-06-25 00:00:00,746.4106416018111,809.6709590570644,-1,-0.08475270036275928,-8618.31810964449,10,-11.278368029222063,-0.0,0.0,-0.0,Sideways,144000.0,8,Friday,London,2023,6,93069.51098318999,841977.2516508468,848907.7406676565
3240,3242,2023-06-25 00:00:00,2023-06-25 08:00:00,809.6709590570644,833.50438902619,1,0.029435945185537937,2739.5890237460058,2,0.0,2.9435945185537937,1.0,2.9435945185537937,Bullish,28800.0,0,Sunday,Asia,2023,6,95809.100006936,844716.8406745928,848907.7406676565
3242,3244,2023-06-25 08:00:00,2023-06-25 16:00:00,833.50438902619,810.7547575377911,-1,0.027293955242368995,2615.00928740097,2,-0.0,2.7293955242368995,1.0,2.7293955242368995,Bullish,28800.0,8,Sunday,London,2023,6,98424.10929433697,847331.8499619938,848907.7406676565
3244,3249,2023-06-25 16:00:00,2023-06-26 12:00:00,810.7547575377911,823.1446690770429,1,0.015281947375651805,1504.1120587314615,5,-1.5747521470891646,1.5281947375651805,1.0,0.970435087445321,Bullish,72000.0,16,Sunday,NY,2023,6,99928.22135306844,848835.9620207252,848907.7406676565
3249,3251,2023-06-26 12:00:00,2023-06-26 20:00:00,823.1446690770429,789.3229664245864,-1,0.04108840635556721,4105.89136534395,2,-0.0,4.108840635556721,1.0,4.108840635556721,Bullish,28800.0,12,Monday,London,2023,6,104034.11271841239,852941.8533860692,848907.7406676565
3251,3252,2023-06-26 20:00:00,2023-06-27 00:00:00,789.3229664245864,812.5402800706024,1,0.02941421272864253,3060.0815225349616,1,0.0,2.941421272864253,1.0,2.941421272864253,Bullish,14400.0,20,Monday,NY,2023,6,107094.19424094734,856001.9349086041,848907.7406676565
3252,3260,2023-06-27 00:00:00,2023-06-28 08:00:00,812.5402800706024,847.0812882093154,-1,-0.042509902568413915,-4552.563762825473,8,-5.964072260739184,-0.0,0.0,-0.0,Bullish,115200.0,0,Tuesday,Asia,2023,6,102541.63047812188,856001.9349086041,853460.304430482
3260,3267,2023-06-28 08:00:00,2023-06-29 12:00:00,847.0812882093154,787.4492208412412,1,-0.07039710143300792,-7218.633561874373,7,-9.283500380444965,0.0,0.0,0.0,Bullish,100800.0,8,Wednesday,London,2023,6,95322.9969162475,856001.9349086041,860678.9379923564
3267,3268,2023-06-29 12:00:00,2023-06-29 16:00:00,787.4492208412412,780.9821972174274,-1,0.008212623052576085,782.8518419150145,1,-0.0,0.8212623052576085,1.0,0.8212623052576085,Bullish,14400.0,12,Thursday,London,2023,6,96105.84875816251,856784.7867505192,860678.9379923564
3268,3269,2023-06-29 16:00:00,2023-06-29 20:00:00,780.9821972174274,783.2653777848577,1,0.0029234732565801558,280.96287864542575,1,0.0,0.2923473256580156,1.0,0.2923473256580156,Bullish,14400.0,16,Thursday,NY,2023,6,96386.81163680794,857065.7496291646,860678.9379923564
3269,3270,2023-06-29 20:00:00,2023-06-30 00:00:00,783.2653777848577,767.3298695789556,-1,0.02034496692675114,1960.9864949258526,1,-0.0,2.034496692675114,1.0,2.034496692675114,Bullish,14400.0,20,Thursday,NY,2023,6,98347.7981317338,859026.7361240904,860678.9379923564
3270,3278,2023-06-30 00:00:00,2023-07-01 08:00:00,767.3298695789556,742.7675552972688,1,-0.032010110977648276,-3148.123932604153,8,-5.607744770037626,0.0,0.0,0.0,Bullish,115200.0,0,Friday,Asia,2023,6,95199.67419912964,859026.7361240904,863827.0619249605
3278,3284,2023-07-01 08:00:00,2023-07-02 08:00:00,742.7675552972688,772.5077136676528,-1,-0.04003965730366543,-3811.7623303537566,6,-5.434247729375241,-0.0,0.0,-0.0,Sideways,86400.0,8,Saturday,London,2023,7,91387.91186877587,859026.7361240904,867638.8242553142
3284,3285,2023-07-02 08:00:00,2023-07-02 12:00:00,772.5077136676528,796.1439001512855,1,0.030596699638654412,2796.168490052761,1,0.0,3.059669963865441,1.0,3.059669963865441,Sideways,14400.0,8,Sunday,London,2023,7,94184.08035882865,861822.9046141432,867638.8242553142
3285,3294,2023-07-02 12:00:00,2023-07-04 00:00:00,796.1439001512855,845.679155542787,-1,-0.06221897245220198,-5860.036701281947,9,-10.027714068517856,-0.0,0.0,-0.0,Sideways,129600.0,12,Sunday,London,2023,7,88324.04365754669,861822.9046141432,873498.8609565961
3294,3295,2023-07-04 00:00:00,2023-07-04 04:00:00,845.679155542787,858.3077227818067,1,0.014933047783250775,1318.9471643480747,1,0.0,1.4933047783250775,1.0,1.4933047783250775,Bullish,14400.0,0,Tuesday,Asia,2023,7,89642.99082189477,863141.8517784913,873498.8609565961
3295,3300,2023-07-04 04:00:00,2023-07-05 00:00:00,858.3077227818067,870.9047627886366,-1,-0.014676601028361436,-1315.654411282018,5,-3.424962691514577,-0.0,0.0,-0.0,Bullish,72000.0,4,Tuesday,Asia,2023,7,88327.33641061276,863141.8517784913,874814.5153678781
3300,3301,2023-07-05 00:00:00,2023-07-05 04:00:00,870.9047627886366,876.2132733913547,1,0.006095397372406497,538.3902142689146,1,0.0,0.6095397372406497,1.0,0.6095397372406497,Bullish,14400.0,0,Wednesday,Asia,2023,7,88865.72662488167,863680.2419927602,874814.5153678781
3301,3304,2023-07-05 04:00:00,2023-07-05 16:00:00,876.2132733913547,873.3549495465113,-1,0.003262132555673758,289.8917799066313,3,-0.2963085340035754,0.3262132555673758,1.0,1.100924266877307,Bullish,43200.0,4,Wednesday,Asia,2023,7,89155.6184047883,863970.1337726668,874814.5153678781
3304,3307,2023-07-05 16:00:00,2023-07-06 04:00:00,873.3549495465113,868.1411492837882,1,-0.005969852538684761,-532.2458948718362,3,-2.0105149971241465,0.0,0.0,0.0,Bullish,43200.0,16,Wednesday,NY,2023,7,88623.37250991646,863970.1337726668,875346.76126275
3307,3308,2023-07-06 04:00:00,2023-07-06 08:00:00,868.1411492837882,851.6133110343483,-1,0.01903819242190663,1687.2288189221028,1,-0.0,1.903819242190663,1.0,1.903819242190663,Sideways,14400.0,4,Thursday,Asia,2023,7,90310.60132883857,865657.3625915889,875346.76126275
3308,3313,2023-07-06 08:00:00,2023-07-07 04:00:00,851.6133110343483,853.1202621049191,1,0.001769525030956176,159.8068696120842,5,-1.1195695970026454,0.1769525030956176,1.0,0.1580540446698103,Sideways,72000.0,8,Thursday,London,2023,7,90470.40819845065,865817.169461201,875346.76126275
3313,3314,2023-07-07 04:00:00,2023-07-07 08:00:00,853.1202621049191,841.3707417022864,-1,0.013772408093605581,1245.9953821041447,1,-0.0,1.3772408093605581,1.0,1.3772408093605581,Bullish,14400.0,4,Friday,Asia,2023,7,91716.40358055479,867063.1648433051,875346.76126275
3314,3316,2023-07-07 08:00:00,2023-07-07 16:00:00,841.3707417022864,851.1779735178415,1,0.011656254882018713,1069.0697769970423,2,0.0,1.1656254882018713,1.0,1.1656254882018713,Bullish,28800.0,8,Friday,London,2023,7,92785.47335755183,868132.2346203022,875346.76126275
3316,3318,2023-07-07 16:00:00,2023-07-08 00:00:00,851.1779735178415,842.6480034937368,-1,0.010021370723270695,929.8376262501846,2,-2.022180811334917,1.0021370723270695,1.0,0.4955724368017919,Bullish,28800.0,16,Friday,NY,2023,7,93715.31098380202,869062.0722465524,875346.76126275
3318,3319,2023-07-08 00:00:00,2023-07-08 04:00:00,842.6480034937368,855.7430776326855,1,0.015540384697589893,1456.3719847425573,1,0.0,1.5540384697589893,1.0,1.5540384697589893,Bullish,14400.0,0,Saturday,Asia,2023,7,95171.68296854458,870518.444231295,875346.76126275
3319,3323,2023-07-08 04:00:00,2023-07-08 20:00:00,855.7430776326855,864.8404324672892,-1,-0.010630941777256986,-1011.7646204821593,4,-2.218520712540517,-0.0,0.0,-0.0,Bullish,57600.0,4,Saturday,Asia,2023,7,94159.91834806242,870518.444231295,876358.5258832321
3323,3324,2023-07-08 20:00:00,2023-07-09 00:00:00,864.8404324672892,868.1992467627035,1,0.0038837387445358473,365.6925230707024,1,0.0,0.38837387445358473,1.0,0.38837387445358473,Bullish,14400.0,20,Saturday,NY,2023,7,94525.61087113312,870884.1367543658,876358.5258832321
3324,3330,2023-07-09 00:00:00,2023-07-10 00:00:00,868.1992467627035,911.1620546973546,-1,-0.049484963382367075,-4677.596392653909,6,-7.758348605637955,-0.0,0.0,-0.0,Bullish,86400.0,0,Sunday,Asia,2023,7,89848.01447847922,870884.1367543658,881036.122275886
3330,3332,2023-07-10 00:00:00,2023-07-10 08:00:00,911.1620546973546,925.6602425861391,1,0.01591175555878488,1429.6396438237282,2,0.0,1.591175555878488,1.0,1.591175555878488,Bullish,28800.0,0,Monday,Asia,2023,7,91277.65412230295,872313.7763981895,881036.122275886
3332,3335,2023-07-10 08:00:00,2023-07-10 20:00:00,925.6602425861391,906.2361711564646,-1,0.020984018256425263,1915.3719605060785,3,-0.3882458751489404,2.0984018256425263,1.0,5.404827095297611,Bullish,43200.0,8,Monday,London,2023,7,93193.02608280902,874229.1483586956,881036.122275886
3335,3338,2023-07-10 20:00:00,2023-07-11 08:00:00,906.2361711564646,909.4079496148771,1,0.0034999468784886467,326.17064073543895,3,-2.2801031808247885,0.34999468784886467,1.0,0.1534994954580345,Bullish,43200.0,20,Monday,NY,2023,7,93519.19672354446,874555.318999431,881036.122275886
3338,3339,2023-07-11 08:00:00,2023-07-11 12:00:00,909.4079496148771,880.7192914354923,-1,0.03154652231876143,2950.20542667194,1,-0.0,3.1546522318761427,1.0,3.1546522318761427,Bullish,14400.0,8,Tuesday,London,2023,7,96469.4021502164,877505.5244261029,881036.122275886
3339,3343,2023-07-11 12:00:00,2023-07-12 04:00:00,880.7192914354923,885.347945243198,1,0.005255538118350334,506.9986202549306,4,-1.9174278765169195,0.5255538118350334,1.0,0.2740931318833863,Bullish,57600.0,12,Tuesday,London,2023,7,96976.40077047133,878012.5230463578,881036.122275886
3343,3346,2023-07-12 04:00:00,2023-07-12 16:00:00,885.347945243198,879.6613435413975,-1,0.006423013384007303,622.8807200815944,3,-1.1330654507099025,0.6423013384007303,1.0,0.5668704645422801,Sideways,43200.0,4,Wednesday,Asia,2023,7,97599.28149055292,878635.4037664394,881036.122275886
3346,3347,2023-07-12 16:00:00,2023-07-12 20:00:00,879.6613435413975,891.2867703243435,1,0.013215798179949001,1289.8524066871812,1,0.0,1.3215798179949,1.0,1.3215798179949,Sideways,14400.0,16,Wednesday,NY,2023,7,98889.1338972401,879925.2561731266,881036.122275886
3347,3353,2023-07-12 20:00:00,2023-07-13 20:00:00,891.2867703243435,906.7807669841617,-1,-0.017383851276261852,-1719.0739965079688,6,-2.929409202749289,-0.0,0.0,-0.0,Sideways,86400.0,20,Wednesday,NY,2023,7,97170.05990073214,879925.2561731266,882755.1962723939
3353,3354,2023-07-13 20:00:00,2023-07-14 00:00:00,906.7807669841617,922.045885805099,1,0.01683440956925808,1635.800586238268,1,0.0,1.683440956925808,1.0,1.683440956925808,Bullish,14400.0,20,Thursday,NY,2023,7,98805.8604869704,881561.0567593649,882755.1962723939
3354,3356,2023-07-14 00:00:00,2023-07-14 08:00:00,922.045885805099,908.657711026573,-1,0.01452007430935598,1434.6684364706718,2,-0.7622624365425823,1.452007430935598,1.0,1.90486551786746,Bullish,28800.0,0,Friday,Asia,2023,7,100240.52892344107,882995.7251958356,882755.1962723939
3356,3358,2023-07-14 08:00:00,2023-07-14 16:00:00,908.657711026573,913.8013353641729,1,0.005660684188536491,567.4299771274584,2,-1.4041815386063194,0.5660684188536491,1.0,0.4031305093324929,Bullish,28800.0,8,Friday,London,2023,7,100807.95890056854,883563.155172963,882755.1962723939
3358,3366,2023-07-14 16:00:00,2023-07-16 00:00:00,913.8013353641729,942.0964919787413,-1,-0.030964232070521014,-3121.441033952752,8,-4.648677858868111,-0.0,0.0,-0.0,Bullish,115200.0,16,Friday,NY,2023,7,97686.51786661579,883563.155172963,885876.6373063467
3366,3370,2023-07-16 00:00:00,2023-07-16 16:00:00,942.0964919787413,951.9069282574093,1,0.010413409201920132,1017.2496840557534,4,-1.61071674619222,1.0413409201920132,1.0,0.6465077876999619,Bullish,57600.0,0,Sunday,Asia,2023,7,98703.76755067153,884580.4048570188,885876.6373063467
3370,3371,2023-07-16 16:00:00,2023-07-16 20:00:00,951.9069282574093,932.5336222699602,-1,0.02035210104302365,2008.8290505183888,1,-0.0,2.035210104302365,1.0,2.035210104302365,Bullish,14400.0,16,Sunday,NY,2023,7,100712.59660118993,886589.2339075372,885876.6373063467
3371,3376,2023-07-16 20:00:00,2023-07-17 16:00:00,932.5336222699602,915.5936061468382,1,-0.018165582150150184,-1829.502947113854,5,-4.267356466957062,0.0,0.0,0.0,Bullish,72000.0,20,Sunday,NY,2023,7,98883.09365407607,886589.2339075372,887706.1402534605
3376,3380,2023-07-17 16:00:00,2023-07-18 08:00:00,915.5936061468382,912.1128568467867,-1,0.003801631287815299,375.9170626713065,4,-1.6569749706849546,0.3801631287815299,1.0,0.22943202855042488,Sideways,57600.0,16,Monday,NY,2023,7,99259.01071674738,886965.1509702085,887706.1402534605
3380,3383,2023-07-18 08:00:00,2023-07-18 20:00:00,912.1128568467867,928.426973943557,1,0.01788607295063116,1775.3539066872258,3,-0.008409562051170383,1.788607295063116,1.0,212.68732951607038,Sideways,43200.0,8,Tuesday,London,2023,7,101034.36462343461,888740.5048768957,887706.1402534605
3383,3384,2023-07-18 20:00:00,2023-07-19 00:00:00,928.426973943557,917.4597245748894,-1,0.011812721599506526,1193.4908212796654,1,-0.0,1.1812721599506526,1.0,1.1812721599506526,Sideways,14400.0,20,Tuesday,NY,2023,7,102227.85544471427,889933.9956981754,887706.1402534605
3384,3385,2023-07-19 00:00:00,2023-07-19 04:00:00,917.4597245748894,931.5620907569042,1,0.015371101100431828,1571.3547013210352,1,0.0,1.5371101100431828,1.0,1.5371101100431828,Sideways,14400.0,0,Wednesday,Asia,2023,7,103799.2101460353,891505.3503994964,887706.1402534605
3385,3389,2023-07-19 04:00:00,2023-07-19 20:00:00,931.5620907569042,932.0813597528994,-1,-0.000557417483115108,-57.859494468939246,4,-2.06890386205536,-0.0,0.0,-0.0,Sideways,57600.0,4,Wednesday,Asia,2023,7,103741.35065156636,891505.3503994964,887763.9997479294
3389,3390,2023-07-19 20:00:00,2023-07-20 00:00:00,932.0813597528994,940.4407669094319,1,0.008968538067051002,930.4082524458603,1,0.0,0.8968538067051002,1.0,0.8968538067051002,Bullish,14400.0,20,Wednesday,NY,2023,7,104671.75890401223,892435.7586519422,887763.9997479294
3390,3397,2023-07-20 00:00:00,2023-07-21 04:00:00,940.4407669094319,978.728618199461,-1,-0.040712666482817905,-4261.46641042898,7,-8.277956826476164,-0.0,0.0,-0.0,Bullish,100800.0,0,Thursday,Asia,2023,7,100410.29249358324,892435.7586519422,892025.4661583584
3397,3403,2023-07-21 04:00:00,2023-07-22 04:00:00,978.728618199461,973.3360306444641,1,-0.005509788366991342,-553.2394615073437,6,-0.9928412307752432,0.0,0.0,0.0,Bullish,86400.0,4,Friday,Asia,2023,7,99857.0530320759,892435.7586519422,892578.7056198657
3403,3404,2023-07-22 04:00:00,2023-07-22 08:00:00,973.3360306444641,965.5049116615252,-1,0.008045647891770535,803.414688205941,1,-0.0,0.8045647891770535,1.0,0.8045647891770535,Bullish,14400.0,4,Saturday,Asia,2023,7,100660.46772028184,893239.1733401482,892578.7056198657
3404,3408,2023-07-22 08:00:00,2023-07-23 00:00:00,965.5049116615252,956.306728453527,1,-0.009526811409140468,-958.973292326998,4,-2.094662066860764,0.0,0.0,0.0,Bullish,57600.0,8,Saturday,London,2023,7,99701.49442795485,893239.1733401482,893537.6789121927
3408,3411,2023-07-23 00:00:00,2023-07-23 12:00:00,956.306728453527,948.8340685208774,-1,0.007814082773143105,779.0757300661063,3,-0.45536016656930745,0.7814082773143105,1.0,1.7160224689863763,Bullish,43200.0,0,Sunday,Asia,2023,7,100480.57015802096,894018.2490702143,893537.6789121927
3411,3413,2023-07-23 12:00:00,2023-07-23 20:00:00,948.8340685208774,960.9318711910007,1,0.012750177371879667,1281.1450919423678,2,-0.8075101029344389,1.2750177371879667,1.0,1.5789495791503234,Sideways,28800.0,12,Sunday,London,2023,7,101761.71524996332,895299.3941621567,893537.6789121927
3413,3414,2023-07-23 20:00:00,2023-07-24 00:00:00,960.9318711910007,946.9816616429404,-1,0.014517376274313931,1477.3131106033095,1,-0.0,1.4517376274313931,1.0,1.4517376274313931,Sideways,14400.0,20,Sunday,NY,2023,7,103239.02836056663,896776.70727276,893537.6789121927
3414,3415,2023-07-24 00:00:00,2023-07-24 04:00:00,946.9816616429404,958.5606565751298,1,0.01222726416063935,1262.3308714523876,1,0.0,1.222726416063935,1.0,1.222726416063935,Sideways,14400.0,0,Monday,Asia,2023,7,104501.35923201902,898039.0381442123,893537.6789121927
3415,3416,2023-07-24 04:00:00,2023-07-24 08:00:00,958.5606565751298,950.3647880152549,-1,0.008550182509219684,893.5056938952931,1,-0.0,0.8550182509219684,1.0,0.8550182509219684,Sideways,14400.0,4,Monday,Asia,2023,7,105394.86492591431,898932.5438381076,893537.6789121927
3416,3418,2023-07-24 08:00:00,2023-07-24 16:00:00,950.3647880152549,953.6656495869858,1,0.003473257441097166,366.0634988573631,2,-1.0123162700164778,0.3473257441097166,1.0,0.34310003147935486,Sideways,28800.0,8,Monday,London,2023,7,105760.92842477167,899298.6073369649,893537.6789121927
3418,3419,2023-07-24 16:00:00,2023-07-24 20:00:00,953.6656495869858,940.3031913501965,-1,0.01401168034370992,1481.888321941887,1,-0.0,1.401168034370992,1.0,1.401168034370992,Sideways,14400.0,16,Monday,NY,2023,7,107242.81674671356,900780.4956589068,893537.6789121927
3419,3420,2023-07-24 20:00:00,2023-07-25 00:00:00,940.3031913501965,970.5229363698597,1,0.03213829889939035,3446.6016994184297,1,0.0,3.213829889939035,1.0,3.213829889939035,Sideways,14400.0,20,Monday,NY,2023,7,110689.41844613198,904227.0973583251,893537.6789121927
3420,3427,2023-07-25 00:00:00,2023-07-26 04:00:00,970.5229363698597,980.8520149650562,-1,-0.01064279699955506,-1178.0450105209895,7,-6.120374665237538,-0.0,0.0,-0.0,Sideways,100800.0,0,Tuesday,Asia,2023,7,109511.37343561099,904227.0973583251,894715.7239227137
3427,3429,2023-07-26 04:00:00,2023-07-26 12:00:00,980.8520149650562,1002.053517912964,1,0.02161539419242886,2367.1315053650173,2,0.0,2.161539419242886,1.0,2.161539419242886,Bullish,28800.0,4,Wednesday,Asia,2023,7,111878.50494097601,906594.2288636902,894715.7239227137
3429,3433,2023-07-26 12:00:00,2023-07-27 04:00:00,1002.053517912964,988.5857562794909,-1,0.01344016202001197,1503.6652329634292,4,-1.6521260773351143,1.344016202001197,1.0,0.8135070443105046,Bullish,57600.0,12,Wednesday,London,2023,7,113382.17017393945,908097.8940966536,894715.7239227137
3433,3437,2023-07-27 04:00:00,2023-07-27 20:00:00,988.5857562794909,1000.41408191073,1,0.011964895868775915,1356.6058595070174,4,-2.883553128799665,1.1964895868775915,1.0,0.41493585636677816,Bullish,57600.0,4,Thursday,Asia,2023,7,114738.77603344645,909454.4999561606,894715.7239227137
3437,3440,2023-07-27 20:00:00,2023-07-28 08:00:00,1000.41408191073,985.9978881552854,-1,0.01441022674122161,1653.4117786522095,3,-0.0,1.441022674122161,1.0,1.441022674122161,Bullish,43200.0,20,Thursday,NY,2023,7,116392.18781209868,911107.9117348128,894715.7239227137
3440,3441,2023-07-28 08:00:00,2023-07-28 12:00:00,985.9978881552854,1005.284804331007,1,0.019560808808430252,2276.7253325873708,1,0.0,1.9560808808430252,1.0,1.9560808808430252,Bullish,14400.0,8,Friday,London,2023,7,118668.91314468604,913384.6370674002,894715.7239227137
3441,3453,2023-07-28 12:00:00,2023-07-30 12:00:00,1005.284804331007,1048.043724118584,-1,-0.042534135205626544,-5047.479596400835,12,-6.830077724383865,0.5222890384513512,-8.143792435649289,0.07646897437004883,Bullish,172800.0,12,Friday,London,2023,7,113621.4335482852,913384.6370674002,899763.2035191145
3453,3454,2023-07-30 12:00:00,2023-07-30 16:00:00,1048.043724118584,1077.258634221839,1,0.027875659603634473,3167.2724052689764,1,0.0,2.7875659603634473,1.0,2.7875659603634473,Bullish,14400.0,12,Sunday,London,2023,7,116788.70595355419,916551.9094726691,899763.2035191145
3454,3456,2023-07-30 16:00:00,2023-07-31 00:00:00,1077.258634221839,1054.546929907327,-1,0.02108287053175284,2462.241167189738,2,-0.0,2.108287053175284,1.0,2.108287053175284,Bullish,28800.0,16,Sunday,NY,2023,7,119250.94712074392,919014.1506398589,899763.2035191145
3456,3457,2023-07-31 00:00:00,2023-07-31 04:00:00,1054.546929907327,1069.83392528884,1,0.014496268442843352,1728.6937415256234,1,0.0,1.4496268442843352,1.0,1.4496268442843352,Bullish,14400.0,0,Monday,Asia,2023,7,120979.64086226955,920742.8443813846,899763.2035191145
3457,3464,2023-07-31 04:00:00,2023-08-01 08:00:00,1069.83392528884,1080.795175521591,-1,-0.010245749338890775,-1239.527075383843,7,-4.078508270375569,-0.0,0.0,-0.0,Bullish,100800.0,4,Monday,Asia,2023,7,119740.1137868857,920742.8443813846,901002.7305944983
3464,3465,2023-08-01 08:00:00,2023-08-01 12:00:00,1080.795175521591,1101.461909013863,1,0.019121785478269038,2289.644768976356,1,0.0,1.9121785478269038,1.0,1.9121785478269038,Bullish,14400.0,8,Tuesday,London,2023,8,122029.75855586206,923032.4891503609,901002.7305944983
3465,3472,2023-08-01 12:00:00,2023-08-02 16:00:00,1101.461909013863,1166.643526250862,-1,-0.05917736846238819,-7221.399985436526,7,-8.645113386547854,-0.0,0.0,-0.0,Bullish,100800.0,12,Tuesday,London,2023,8,114808.35857042554,923032.4891503609,908224.1305799349
3472,3474,2023-08-02 16:00:00,2023-08-03 00:00:00,1166.643526250862,1203.876329468929,1,0.03191446434175038,3664.0472657307423,2,0.0,3.191446434175038,1.0,3.191446434175038,Bullish,28800.0,16,Wednesday,NY,2023,8,118472.40583615628,926696.5364160917,908224.1305799349
3474,3477,2023-08-03 00:00:00,2023-08-03 12:00:00,1203.876329468929,1174.684145670976,-1,0.024248490549548918,2872.7770133003633,3,-0.0,2.424849054954892,1.0,2.424849054954892,Bullish,43200.0,0,Thursday,Asia,2023,8,121345.18284945664,929569.3134293921,908224.1305799349
3477,3482,2023-08-03 12:00:00,2023-08-04 08:00:00,1174.684145670976,1210.679520408607,1,0.030642598583017877,3718.3317280388096,5,0.0,3.0642598583017877,1.0,3.0642598583017877,Bullish,72000.0,12,Thursday,London,2023,8,125063.51457749546,933287.6451574309,908224.1305799349
3482,3484,2023-08-04 08:00:00,2023-08-04 16:00:00,1210.679520408607,1187.969562418526,-1,0.01875802605665311,2345.9446651812787,2,-0.0,1.875802605665311,1.0,1.875802605665311,Bullish,28800.0,8,Friday,London,2023,8,127409.45924267673,935633.5898226122,908224.1305799349
3484,3486,2023-08-04 16:00:00,2023-08-05 00:00:00,1187.969562418526,1206.266888084206,1,0.015402183898070021,1962.3839216093666,2,0.0,1.540218389807002,1.0,1.540218389807002,Bullish,28800.0,16,Friday,NY,2023,8,129371.8431642861,937595.9737442216,908224.1305799349
3486,3489,2023-08-05 00:00:00,2023-08-05 12:00:00,1206.266888084206,1209.367955825705,-1,-0.0025707973684199192,-332.5887939543816,3,-2.5304437594491302,-0.0,0.0,-0.0,Bullish,43200.0,0,Saturday,Asia,2023,8,129039.25437033172,937595.9737442216,908556.7193738893
3489,3501,2023-08-05 12:00:00,2023-08-07 12:00:00,1209.367955825705,1185.83794581917,1,-0.01945645235032678,-2510.646103978059,12,-4.26363727861756,0.1307478807644813,-14.88089308718821,0.030665807670880233,Bullish,172800.0,12,Saturday,London,2023,8,126528.60826635367,937595.9737442216,911067.3654778673
3501,3504,2023-08-07 12:00:00,2023-08-08 00:00:00,1185.83794581917,1149.361968617189,-1,0.030759664362725148,3891.9775225557737,3,-0.2578901701412839,3.0759664362725148,1.0,11.92742800001784,Bullish,43200.0,12,Monday,London,2023,8,130420.58578890943,941487.9512667774,911067.3654778673
3504,3506,2023-08-08 00:00:00,2023-08-08 08:00:00,1149.361968617189,1166.626295503166,1,0.015020791845712367,1959.020471531083,2,-0.7805465178761128,1.5020791845712367,1.0,1.9243941906991435,Bullish,28800.0,0,Tuesday,Asia,2023,8,132379.60626044052,943446.9717383084,911067.3654778673
3506,3510,2023-08-08 08:00:00,2023-08-09 00:00:00,1166.626295503166,1172.58651312806,-1,-0.005108934753029315,-676.3187710163023,4,-1.8458534533159376,-0.0,0.0,-0.0,Bullish,57600.0,8,Tuesday,London,2023,8,131703.28748942423,943446.9717383084,911743.6842488836
3510,3512,2023-08-09 00:00:00,2023-08-09 08:00:00,1172.58651312806,1173.209797272153,1,0.0005315464037107809,70.0064088218906,2,-0.6181934418629353,0.05315464037107809,1.0,0.08598383090395746,Bullish,28800.0,0,Wednesday,Asia,2023,8,131773.2938982461,943516.9781471303,911743.6842488836
3512,3518,2023-08-09 08:00:00,2023-08-10 08:00:00,1173.209797272153,1200.419303310543,-1,-0.02319236175972539,-3056.133902358741,6,-5.362195697487393,-0.0,0.0,-0.0,Bullish,86400.0,8,Wednesday,London,2023,8,128717.15999588736,943516.9781471303,914799.8181512423
3518,3520,2023-08-10 08:00:00,2023-08-10 16:00:00,1200.419303310543,1214.635362427109,1,0.011842577903704576,1524.3429947949041,2,-0.3099398663939601,1.1842577903704576,1.0,3.820927601695371,Bullish,28800.0,8,Thursday,London,2023,8,130241.50299068226,945041.3211419253,914799.8181512423
3520,3521,2023-08-10 16:00:00,2023-08-10 20:00:00,1214.635362427109,1184.472988825807,-1,0.024832451395973565,3234.215792754667,1,-0.0,2.4832451395973565,1.0,2.4832451395973565,Sideways,14400.0,16,Thursday,NY,2023,8,133475.71878343693,948275.53693468,914799.8181512423
3521,3522,2023-08-10 20:00:00,2023-08-11 00:00:00,1184.472988825807,1212.377395276746,1,0.02355849961475376,3144.4876695385838,1,0.0,2.355849961475376,1.0,2.355849961475376,Sideways,14400.0,20,Thursday,NY,2023,8,136620.20645297552,951420.0246042185,914799.8181512423
3522,3524,2023-08-11 00:00:00,2023-08-11 08:00:00,1212.377395276746,1183.65096926993,-1,0.023694293640519892,3237.1192889252566,2,-0.0,2.3694293640519892,1.0,2.3694293640519892,Bullish,28800.0,0,Friday,Asia,2023,8,139857.32574190077,954657.1438931439,914799.8181512423
3524,3527,2023-08-11 08:00:00,2023-08-11 20:00:00,1183.65096926993,1211.054952612491,1,0.023152081191183838,3237.988160758336,3,0.0,2.3152081191183838,1.0,2.3152081191183838,Sideways,43200.0,8,Friday,London,2023,8,143095.3139026591,957895.1320539021,914799.8181512423
3527,3528,2023-08-11 20:00:00,2023-08-12 00:00:00,1211.054952612491,1190.004655849006,-1,0.01738178496200793,2487.251975327047,1,-0.0,1.738178496200793,1.0,1.738178496200793,Bullish,14400.0,20,Friday,NY,2023,8,145582.56587798614,960382.3840292292,914799.8181512423
3528,3537,2023-08-12 00:00:00,2023-08-13 12:00:00,1190.004655849006,1130.374892166934,1,-0.050108849061207494,-7294.974819523314,9,-8.092423041312369,0.0,0.0,0.0,Sideways,129600.0,0,Saturday,Asia,2023,8,138287.59105846286,960382.3840292292,922094.7929707656
3537,3541,2023-08-13 12:00:00,2023-08-14 04:00:00,1130.374892166934,1126.688725886355,-1,0.0032610121704954587,450.9575174701469,4,-2.4218638239972723,0.32610121704954587,1.0,0.13464886581084384,Bearish,57600.0,12,Sunday,London,2023,8,138738.54857593297,960833.3415466993,922094.7929707656
3541,3550,2023-08-14 04:00:00,2023-08-15 16:00:00,1126.688725886355,1089.733603108672,1,-0.03279976263950879,-4550.591462240568,9,-4.859750756169445,0.0,0.0,0.0,Bearish,129600.0,4,Monday,Asia,2023,8,134187.95711369242,960833.3415466993,926645.3844330062
3550,3560,2023-08-15 16:00:00,2023-08-17 08:00:00,1089.733603108672,1194.192782780996,-1,-0.09585753745166192,-12862.927124587795,10,-11.448258509467934,-0.0,0.0,-0.0,Bearish,144000.0,16,Tuesday,NY,2023,8,121325.02998910463,960833.3415466993,939508.311557594
3560,3563,2023-08-17 08:00:00,2023-08-17 20:00:00,1194.192782780996,1198.868037942821,1,0.003914991975531468,474.9865188384601,3,-0.7799402284083268,0.39149919755314677,1.0,0.5019605135025589,Sideways,43200.0,8,Thursday,London,2023,8,121800.01650794309,961308.3280655377,939508.311557594
3563,3566,2023-08-17 20:00:00,2023-08-18 08:00:00,1198.868037942821,1187.164379553842,-1,0.0097622574116345,1189.0431138918739,3,-0.6537875572456331,0.9762257411634501,1.0,1.4931849502860368,Sideways,43200.0,20,Thursday,NY,2023,8,122989.05962183495,962497.3711794296,939508.311557594
3566,3568,2023-08-18 08:00:00,2023-08-18 16:00:00,1187.164379553842,1207.556507006723,1,0.017177172600600255,2112.604305109778,2,-0.2572145129425718,1.7177172600600255,1.0,6.678150623808461,Bearish,28800.0,8,Friday,London,2023,8,125101.66392694473,964609.9754845394,939508.311557594
3568,3571,2023-08-18 16:00:00,2023-08-19 04:00:00,1207.556507006723,1181.934355505429,-1,0.02121818014529675,2654.42964167829,3,-0.1725151314532658,2.121818014529675,1.0,12.299315408773134,Sideways,43200.0,16,Friday,NY,2023,8,127756.09356862302,967264.4051262178,939508.311557594
3571,3573,2023-08-19 04:00:00,2023-08-19 12:00:00,1181.934355505429,1201.866501859168,1,0.016864004553971634,2154.4793437388885,2,0.0,1.6864004553971634,1.0,1.6864004553971634,Sideways,28800.0,4,Saturday,Asia,2023,8,129910.57291236191,969418.8844699566,939508.311557594
3573,3574,2023-08-19 12:00:00,2023-08-19 16:00:00,1201.866501859168,1186.389285665791,-1,0.012877650029712306,1672.9428931248228,1,-0.0,1.2877650029712306,1.0,1.2877650029712306,Sideways,14400.0,12,Saturday,London,2023,8,131583.51580548674,971091.8273630814,939508.311557594
3574,3576,2023-08-19 16:00:00,2023-08-20 00:00:00,1186.389285665791,1195.728184798476,1,0.007871698813803674,1035.7858052821684,2,-0.2106081536980331,0.7871698813803674,1.0,3.7376040175016207,Sideways,28800.0,16,Saturday,NY,2023,8,132619.3016107689,972127.6131683636,939508.311557594
3576,3577,2023-08-20 00:00:00,2023-08-20 04:00:00,1195.728184798476,1177.723491838989,-1,0.015057513227825559,1996.9168882691436,1,-0.0,1.5057513227825559,1.0,1.5057513227825559,Sideways,14400.0,0,Sunday,Asia,2023,8,134616.21849903805,974124.5300566327,939508.311557594
3577,3585,2023-08-20 04:00:00,2023-08-21 12:00:00,1177.723491838989,1131.814379850347,1,-0.038981231423817486,-5247.5059667101905,8,-4.858105824787707,0.0,0.0,0.0,Sideways,115200.0,4,Sunday,Asia,2023,8,129368.71253232786,974124.5300566327,944755.8175243041
3585,3586,2023-08-21 12:00:00,2023-08-21 16:00:00,1131.814379850347,1114.474939433692,-1,0.015320038979313555,1981.933718698876,1,-0.0,1.5320038979313555,1.0,1.5320038979313555,Bullish,14400.0,12,Monday,London,2023,8,131350.64625102674,976106.4637753316,944755.8175243041
3586,3591,2023-08-21 16:00:00,2023-08-22 12:00:00,1114.474939433692,1106.402787923973,1,-0.007243008545190666,-951.3738532125044,5,-1.3533504654052009,0.005051579758852398,-143.3810588162644,0.0037326471508914924,Sideways,72000.0,16,Monday,NY,2023,8,130399.27239781423,976106.4637753316,945707.1913775166
3591,3592,2023-08-22 12:00:00,2023-08-22 16:00:00,1106.402787923973,1096.466548872222,-1,0.00898067065647512,1171.0729192487584,1,-0.0,0.898067065647512,1.0,0.898067065647512,Sideways,14400.0,12,Tuesday,London,2023,8,131570.34531706298,977277.5366945803,945707.1913775166
3592,3594,2023-08-22 16:00:00,2023-08-23 00:00:00,1096.466548872222,1117.639317677338,1,0.019309999768705843,2540.6233376410387,2,0.0,1.9309999768705843,1.0,1.9309999768705843,Sideways,28800.0,16,Tuesday,NY,2023,8,134110.96865470405,979818.1600322213,945707.1913775166
3594,3597,2023-08-23 00:00:00,2023-08-23 12:00:00,1117.639317677338,1111.832363389826,-1,0.005195731928597569,696.8046418143946,3,-0.25268963021047863,0.5195731928597569,1.0,2.056171408486279,Sideways,43200.0,0,Wednesday,Asia,2023,8,134807.77329651843,980514.9646740358,945707.1913775166
3597,3598,2023-08-23 12:00:00,2023-08-23 16:00:00,1111.832363389826,1114.952175303621,1,0.0028060092658961366,378.27186098485714,1,0.0,0.28060092658961366,1.0,0.28060092658961366,Bullish,14400.0,12,Wednesday,London,2023,8,135186.04515750328,980893.2365350206,945707.1913775166
3598,3599,2023-08-23 16:00:00,2023-08-23 20:00:00,1114.952175303621,1081.107641902011,-1,0.030355143611781932,4103.591815064857,1,-0.0,3.035514361178193,1.0,3.035514361178193,Bullish,14400.0,16,Wednesday,NY,2023,8,139289.63697256814,984996.8283500855,945707.1913775166
3599,3604,2023-08-23 20:00:00,2023-08-24 16:00:00,1081.107641902011,1087.875141370113,1,0.006259783212887005,871.9229312500086,5,-1.6743546883072113,0.6259783212887005,1.0,0.3738624352774205,Sideways,72000.0,20,Wednesday,NY,2023,8,140161.55990381815,985868.7512813355,945707.1913775166
3604,3605,2023-08-24 16:00:00,2023-08-24 20:00:00,1087.875141370113,1062.514086404788,-1,0.02331246850018487,3267.5119501945405,1,-0.0,2.331246850018487,1.0,2.331246850018487,Bearish,14400.0,16,Thursday,NY,2023,8,143429.0718540127,989136.26323153,945707.1913775166
3605,3607,2023-08-24 20:00:00,2023-08-25 04:00:00,1062.514086404788,1088.366192955607,1,0.02433107182446337,3489.783048996106,2,0.0,2.433107182446337,1.0,2.433107182446337,Bearish,28800.0,20,Thursday,NY,2023,8,146918.8549030088,992626.0462805261,945707.1913775166
3607,3616,2023-08-25 04:00:00,2023-08-26 16:00:00,1088.366192955607,1129.946045272451,-1,-0.03820391756558372,-5612.875821544514,9,-7.178872468179653,-0.0,0.0,-0.0,Bearish,129600.0,4,Friday,Asia,2023,8,141305.9790814643,992626.0462805261,951320.0671990612
3616,3621,2023-08-26 16:00:00,2023-08-27 12:00:00,1129.946045272451,1133.493332826422,1,0.0031393424215362398,443.6078545471541,5,-1.1504813798646985,0.313934242153624,1.0,0.27287207567891625,Bearish,72000.0,16,Saturday,NY,2023,8,141749.58693601144,993069.6541350733,951320.0671990612
3621,3630,2023-08-27 12:00:00,2023-08-29 00:00:00,1133.493332826422,1162.374331185564,-1,-0.025479636732512523,-3611.72798211328,9,-3.8718500722637827,0.4150407832080649,-6.139068198447205,0.1071944355958494,Bearish,129600.0,12,Sunday,London,2023,8,138137.85895389816,993069.6541350733,954931.7951811744
3630,3633,2023-08-29 00:00:00,2023-08-29 12:00:00,1162.374331185564,1173.138345923045,1,0.00926036858238466,1279.2074890945642,3,-1.1414703443981877,0.9260368582384659,1.0,0.8112666814193024,Sideways,43200.0,0,Tuesday,Asia,2023,8,139417.0664429927,994348.8616241679,954931.7951811744
3633,3634,2023-08-29 12:00:00,2023-08-29 16:00:00,1173.138345923045,1148.264475089448,-1,0.021202845273995297,2956.038488345101,1,-0.0,2.1202845273995297,1.0,2.1202845273995297,Bullish,14400.0,12,Tuesday,London,2023,8,142373.10493133782,997304.900112513,954931.7951811744
3634,3641,2023-08-29 16:00:00,2023-08-30 20:00:00,1148.264475089448,1145.2273205377,1,-0.0026449956587845103,-376.5762444710607,7,-2.0672744497621798,0.3418155674057788,-0.7738078399584891,0.16534600301624267,Sideways,100800.0,16,Tuesday,NY,2023,8,141996.52868686675,997304.900112513,955308.3714256454
3641,3642,2023-08-30 20:00:00,2023-08-31 00:00:00,1145.2273205377,1120.075969414539,-1,0.02196188535857857,3118.5114843370857,1,-0.0,2.196188535857857,1.0,2.196188535857857,Bullish,14400.0,20,Wednesday,NY,2023,8,145115.04017120384,1000423.41159685,955308.3714256454
3642,3643,2023-08-31 00:00:00,2023-08-31 04:00:00,1120.075969414539,1144.3971370687,1,0.021713855415426364,3151.007000881314,1,0.0,2.1713855415426364,1.0,2.1713855415426364,Sideways,14400.0,0,Thursday,Asia,2023,8,148266.04717208515,1003574.4185977314,955308.3714256454
3643,3644,2023-08-31 04:00:00,2023-08-31 08:00:00,1144.3971370687,1132.265796804878,-1,0.010600638424258624,1571.71475666535,1,-0.0,1.0600638424258624,1.0,1.0600638424258624,Bullish,14400.0,4,Thursday,Asia,2023,8,149837.7619287505,1005146.1333543968,955308.3714256454
3644,3645,2023-08-31 08:00:00,2023-08-31 12:00:00,1132.265796804878,1141.001222277931,1,0.00771499545221932,1155.997651851033,1,0.0,0.771499545221932,1.0,0.771499545221932,Sideways,14400.0,8,Thursday,London,2023,8,150993.75958060153,1006302.1310062478,955308.3714256454
3645,3646,2023-08-31 12:00:00,2023-08-31 16:00:00,1141.001222277931,1133.803900254387,-1,0.0063079003624335606,952.4535907836838,1,-0.0,0.6307900362433561,1.0,0.6307900362433561,Sideways,14400.0,12,Thursday,London,2023,8,151946.21317138523,1007254.5845970315,955308.3714256454
3646,3650,2023-08-31 16:00:00,2023-09-01 08:00:00,1133.803900254387,1132.667126762639,1,-0.0010026191403053053,-152.34418162254116,4,-0.8800909390341838,0.22339427383861743,-0.4488114771597095,0.2538308985248404,Sideways,57600.0,16,Thursday,NY,2023,8,151793.86898976268,1007254.5845970315,955460.7156072679
3650,3651,2023-09-01 08:00:00,2023-09-01 12:00:00,1132.667126762639,1123.994119576502,-1,0.007657154499509544,1162.3091069329253,1,-0.0,0.7657154499509544,1.0,0.7657154499509544,Bullish,14400.0,8,Friday,London,2023,9,152956.1780966956,1008416.8937039644,955460.7156072679
3651,3656,2023-09-01 12:00:00,2023-09-02 08:00:00,1123.994119576502,1120.291801983218,1,-0.0032938940949966966,-503.82145182596946,5,-1.728882341284299,0.37105285217242656,-0.887715611323758,0.21462007177237416,Bullish,72000.0,12,Friday,London,2023,9,152452.35664486964,1008416.8937039644,955964.537059094
3656,3657,2023-09-02 08:00:00,2023-09-02 12:00:00,1120.291801983218,1094.775547556878,-1,0.022776435908188564,3472.3213301741835,1,-0.0,2.2776435908188564,1.0,2.2776435908188564,Bullish,14400.0,8,Saturday,London,2023,9,155924.67797504383,1011889.2150341386,955964.537059094
3657,3666,2023-09-02 12:00:00,2023-09-04 00:00:00,1094.775547556878,1044.39171773,1,-0.04602206355386329,-7175.975439383145,9,-8.560533103642697,0.0,0.0,0.0,Sideways,129600.0,12,Saturday,London,2023,9,148748.70253566068,1011889.2150341386,963140.5124984771
3666,3672,2023-09-04 00:00:00,2023-09-05 00:00:00,1044.39171773,1051.778745087454,-1,-0.00707304283636967,-1052.1059448891392,6,-1.7049925808900968,0.010604007422010397,-66.70160209137899,0.006219386254733461,Bearish,86400.0,0,Monday,Asia,2023,9,147696.59659077154,1011889.2150341386,964192.6184433663
3672,3674,2023-09-05 00:00:00,2023-09-05 08:00:00,1051.778745087454,1066.82916818019,1,0.014309495379168036,2113.463766434494,2,-0.23144467894884446,1.4309495379168036,1.0,6.182684969971084,Bearish,28800.0,0,Tuesday,Asia,2023,9,149810.06035720604,1014002.6788005731,964192.6184433663
3674,3676,2023-09-05 08:00:00,2023-09-05 16:00:00,1066.82916818019,1047.271681352441,-1,0.018332351055896257,2746.3706181733123,2,-1.224542875564083,1.8332351055896257,1.0,1.4970771070348596,Bearish,28800.0,8,Tuesday,London,2023,9,152556.43097537933,1016749.0494187464,964192.6184433663
3676,3680,2023-09-05 16:00:00,2023-09-06 08:00:00,1047.271681352441,1099.829109117692,1,0.0501850939933548,7656.058827790168,4,-0.09607694780037201,5.01850939933548,1.0,52.23427173980279,Bearish,57600.0,16,Tuesday,NY,2023,9,160212.4898031695,1024405.1082465366,964192.6184433663
3680,3684,2023-09-06 08:00:00,2023-09-07 00:00:00,1099.829109117692,1072.525817776487,-1,0.024825030647814383,3977.279969526338,4,-1.879104968356704,2.4825030647814383,1.0,1.321109308200282,Bearish,57600.0,8,Wednesday,London,2023,9,164189.76977269584,1028382.3882160629,964192.6184433663
3684,3695,2023-09-07 00:00:00,2023-09-08 20:00:00,1072.525817776487,1014.040695171748,1,-0.054530270167283956,-8953.31250440927,11,-6.6087497148874625,0.0,0.0,0.0,Bearish,158400.0,0,Thursday,Asia,2023,9,155236.45726828658,1028382.3882160629,973145.9309477755
3695,3697,2023-09-08 20:00:00,2023-09-09 04:00:00,1014.040695171748,1011.317588786414,-1,0.002685401481715477,416.87221236451876,2,-0.6303881614663664,0.2685401481715477,1.0,0.4259917374509187,Bearish,28800.0,20,Friday,NY,2023,9,155653.3294806511,1028799.2604284275,973145.9309477755
3697,3701,2023-09-09 04:00:00,2023-09-09 20:00:00,1011.317588786414,1004.830187569429,1,-0.006414801135585901,-998.4851547102086,4,-3.4458560654929915,0.0,0.0,0.0,Bearish,57600.0,4,Saturday,Asia,2023,9,154654.84432594088,1028799.2604284275,974144.4161024857
3701,3702,2023-09-09 20:00:00,2023-09-10 00:00:00,1004.830187569429,962.4392992023364,-1,0.04218711668051234,6524.441962784949,1,-0.0,4.218711668051234,1.0,4.218711668051234,Bearish,14400.0,20,Saturday,NY,2023,9,161179.28628872585,1035323.7023912125,974144.4161024857
3702,3712,2023-09-10 00:00:00,2023-09-11 16:00:00,962.4392992023364,892.6279478184163,1,-0.07253584869381313,-11691.276322815822,10,-9.844634091514282,0.0,0.0,0.0,Bearish,144000.0,0,Sunday,Asia,2023,9,149488.00996591002,1035323.7023912125,985835.6924253015
3712,3716,2023-09-11 16:00:00,2023-09-12 08:00:00,892.6279478184163,897.5758899510821,-1,-0.0055431180983729345,-828.6296935317906,4,-2.8428051809538335,-0.0,0.0,-0.0,Bearish,57600.0,16,Monday,NY,2023,9,148659.38027237824,1035323.7023912125,986664.3221188333
3716,3724,2023-09-12 08:00:00,2023-09-13 16:00:00,897.5758899510821,868.4286956358086,1,-0.03247323668293056,-4827.451240722724,8,-6.005985895668042,0.0,0.0,0.0,Bearish,115200.0,8,Tuesday,London,2023,9,143831.9290316555,1035323.7023912125,991491.773359556
3724,3726,2023-09-13 16:00:00,2023-09-14 00:00:00,868.4286956358086,857.5695039221353,-1,0.012504413739717446,1798.5339495935004,2,-0.7300500525150522,1.2504413739717446,1.0,1.7128159496241704,Bearish,28800.0,16,Wednesday,NY,2023,9,145630.46298124903,1037122.236340806,991491.773359556
3726,3727,2023-09-14 00:00:00,2023-09-14 04:00:00,857.5695039221353,898.6322351455045,1,0.04788268593457068,6973.177721437277,1,0.0,4.788268593457068,1.0,4.788268593457068,Bearish,14400.0,0,Thursday,Asia,2023,9,152603.6407026863,1044095.4140622433,991491.773359556
3727,3731,2023-09-14 04:00:00,2023-09-14 20:00:00,898.6322351455045,885.478050262846,-1,0.014638006926747549,2233.813149652819,4,-0.0,1.4638006926747549,1.0,1.4638006926747549,Bearish,57600.0,4,Thursday,Asia,2023,9,154837.45385233912,1046329.2272118961,991491.773359556
3731,3736,2023-09-14 20:00:00,2023-09-15 16:00:00,885.478050262846,860.8079337820831,1,-0.027860788275259618,-4313.893518860307,5,-5.12623257986996,0.0,0.0,0.0,Bearish,72000.0,20,Thursday,NY,2023,9,150523.56033347882,1046329.2272118961,995805.6668784163
3736,3739,2023-09-15 16:00:00,2023-09-16 04:00:00,860.8079337820831,859.0322343363489,-1,0.0020628288565283093,310.5043438432804,3,-2.329058688972241,0.20628288565283093,1.0,0.08856920893816494,Bearish,43200.0,16,Friday,NY,2023,9,150834.0646773221,1046639.7315557394,995805.6668784163
3739,3740,2023-09-16 04:00:00,2023-09-16 08:00:00,859.0322343363489,871.5598176603552,1,0.01458336814762795,2199.668694392516,1,0.0,1.458336814762795,1.0,1.458336814762795,Bearish,14400.0,4,Saturday,Asia,2023,9,153033.7333717146,1048839.400250132,995805.6668784163
3740,3744,2023-09-16 08:00:00,2023-09-17 00:00:00,871.5598176603552,867.571632421046,-1,0.004575916831520699,700.2696363260807,4,-1.6642244461756883,0.4575916831520699,1.0,0.27495791460316227,Bearish,57600.0,8,Saturday,London,2023,9,153734.0030080407,1049539.669886458,995805.6668784163
3744,3747,2023-09-17 00:00:00,2023-09-17 12:00:00,867.571632421046,872.7785941993526,1,0.006001765829728667,922.675486121064,3,-1.4453768418539181,0.6001765829728667,1.0,0.4152388260234251,Bearish,43200.0,0,Sunday,Asia,2023,9,154656.67849416175,1050462.345372579,995805.6668784163
3747,3750,2023-09-17 12:00:00,2023-09-18 00:00:00,872.7785941993526,857.5137821729044,-1,0.017489901938362085,2704.930140975685,3,-0.8605896187767748,1.7489901938362085,1.0,2.0323161651917077,Bearish,43200.0,12,Sunday,London,2023,9,157361.60863513744,1053167.2755135547,995805.6668784163
3750,3753,2023-09-18 00:00:00,2023-09-18 12:00:00,857.5137821729044,861.0277363571297,1,0.004097839891647137,644.8426772788316,3,-2.0672391563314796,0.4097839891647137,1.0,0.1982276641334116,Bearish,43200.0,0,Monday,Asia,2023,9,158006.4513124163,1053812.1181908336,995805.6668784163
3753,3790,2023-09-18 12:00:00,2023-09-24 16:00:00,861.0277363571297,1109.270859975364,-1,-0.288310251965298,-45554.879790025385,37,-29.825241179137297,-0.0,0.0,-0.0,Bearish,532800.0,12,Monday,London,2023,9,112451.57152239089,1053812.1181908336,1041360.5466684417
3790,3791,2023-09-24 16:00:00,2023-09-24 20:00:00,1109.270859975364,1127.834426222257,1,0.016734926442857567,1881.8687778109515,1,0.0,1.6734926442857567,1.0,1.6734926442857567,Bullish,14400.0,16,Sunday,NY,2023,9,114333.44030020185,1055693.9869686447,1041360.5466684417
3791,3794,2023-09-24 20:00:00,2023-09-25 08:00:00,1127.834426222257,1109.236114037376,-1,0.016490285943103422,1885.3911234090758,3,-1.3544200188488231,1.6490285943103422,1.0,1.2175164065515798,Bullish,43200.0,20,Sunday,NY,2023,9,116218.83142361091,1057579.3780920538,1041360.5466684417
3794,3798,2023-09-25 08:00:00,2023-09-26 00:00:00,1109.236114037376,1085.429704485806,1,-0.021461985640658376,-2494.286891187638,4,-4.933231195900733,0.0,0.0,0.0,Bullish,57600.0,8,Monday,London,2023,9,113724.54453242329,1057579.3780920538,1043854.8335596294
3798,3803,2023-09-26 00:00:00,2023-09-26 20:00:00,1085.429704485806,1099.63080137545,-1,-0.01308338700420153,-1487.9022279942474,5,-4.134704034750869,-0.0,0.0,-0.0,Bullish,72000.0,0,Tuesday,Asia,2023,9,112236.64230442903,1057579.3780920538,1045342.7357876237
3803,3806,2023-09-26 20:00:00,2023-09-27 08:00:00,1099.63080137545,1111.61214199854,1,0.010895784847153589,1222.9063065159974,3,-0.010294845551095388,1.089578484715359,1.0,105.837283260595,Bullish,43200.0,20,Tuesday,NY,2023,9,113459.54861094503,1058802.2843985697,1045342.7357876237
3806,3807,2023-09-27 08:00:00,2023-09-27 12:00:00,1111.61214199854,1103.260739257927,-1,0.007512874702500172,852.4073725162589,1,-0.0,0.7512874702500172,1.0,0.7512874702500172,Bullish,14400.0,8,Wednesday,London,2023,9,114311.95598346129,1059654.691771086,1045342.7357876237
3807,3808,2023-09-27 12:00:00,2023-09-27 16:00:00,1103.260739257927,1109.567820969196,1,0.005716764393801643,653.4945197520733,1,0.0,0.5716764393801643,1.0,0.5716764393801643,Bullish,14400.0,12,Wednesday,London,2023,9,114965.45050321336,1060308.186290838,1045342.7357876237
3808,3809,2023-09-27 16:00:00,2023-09-27 20:00:00,1109.567820969196,1102.085449628286,-1,0.006743500667110491,775.2695921630788,1,-0.0,0.6743500667110491,1.0,0.6743500667110491,Bullish,14400.0,16,Wednesday,NY,2023,9,115740.72009537644,1061083.4558830012,1045342.7357876237
3809,3814,2023-09-27 20:00:00,2023-09-28 16:00:00,1102.085449628286,1081.996057252468,1,-0.01822852518613116,-2109.78263131953,5,-3.280197356032044,0.0,0.0,0.0,Bullish,72000.0,20,Wednesday,NY,2023,9,113630.93746405691,1061083.4558830012,1047452.5184189432
3814,3815,2023-09-28 16:00:00,2023-09-28 20:00:00,1081.996057252468,1067.799770784419,-1,0.013120460442432647,1490.890220033699,1,-0.0,1.3120460442432647,1.0,1.3120460442432647,Bullish,14400.0,16,Thursday,NY,2023,9,115121.82768409062,1062574.346103035,1047452.5184189432
3815,3821,2023-09-28 20:00:00,2023-09-29 20:00:00,1067.799770784419,1071.17161120098,1,0.0031577459640057537,363.5254867384036,6,-1.5083426159382185,0.31577459640057537,1.0,0.20935203518343704,Bullish,86400.0,20,Thursday,NY,2023,9,115485.35317082901,1062937.8715897733,1047452.5184189432
3821,3823,2023-09-29 20:00:00,2023-09-30 04:00:00,1071.17161120098,1052.301265009849,-1,0.017616548080445993,2034.453276721199,2,-0.0,1.7616548080445993,1.0,1.7616548080445993,Bullish,28800.0,20,Friday,NY,2023,9,117519.80644755022,1064972.3248664946,1047452.5184189432
3823,3826,2023-09-30 04:00:00,2023-09-30 16:00:00,1052.301265009849,1063.76373638627,1,0.010892765938387283,1280.1157447577434,3,-1.5827690501265423,1.0892765938387283,1.0,0.6882094350730706,Bullish,43200.0,4,Saturday,Asia,2023,9,118799.92219230796,1066252.4406112523,1047452.5184189432
3826,3828,2023-09-30 16:00:00,2023-10-01 00:00:00,1063.76373638627,1042.09156589549,-1,0.02037310518255009,2420.3233105026607,2,-0.0,2.037310518255009,1.0,2.037310518255009,Bullish,28800.0,16,Saturday,NY,2023,9,121220.24550281062,1068672.763921755,1047452.5184189432
3828,3831,2023-10-01 00:00:00,2023-10-01 12:00:00,1042.09156589549,1039.947501970703,1,-0.0020574621222892997,-249.40606357664308,3,-2.1573559805111886,0.0,0.0,0.0,Sideways,43200.0,0,Sunday,Asia,2023,10,120970.83943923397,1068672.763921755,1047701.9244825199
3831,3832,2023-10-01 12:00:00,2023-10-01 16:00:00,1039.947501970703,1023.60861366894,-1,0.015711262607776444,1900.6046263129679,1,-0.0,1.5711262607776444,1.0,1.5711262607776444,Bearish,14400.0,12,Sunday,London,2023,10,122871.44406554694,1070573.3685480678,1047701.9244825199
3832,3833,2023-10-01 16:00:00,2023-10-01 20:00:00,1023.60861366894,1055.062713136637,1,0.03072863890325772,3775.6722362120267,1,0.0,3.072863890325772,1.0,3.072863890325772,Bearish,14400.0,16,Sunday,NY,2023,10,126647.11630175897,1074349.0407842798,1047701.9244825199
3833,3838,2023-10-01 20:00:00,2023-10-02 16:00:00,1055.062713136637,1045.233316881298,-1,0.00931640947306056,1179.8963940495116,5,-1.2778051067001472,0.9316409473060561,1.0,0.7290947128173257,Bearish,72000.0,20,Sunday,NY,2023,10,127827.01269580849,1075528.9371783293,1047701.9244825199
3838,3843,2023-10-02 16:00:00,2023-10-03 12:00:00,1045.233316881298,1047.576464964648,1,0.0022417464555584132,286.5557526354494,5,-1.2783592088273843,0.22417464555584132,1.0,0.17536123181016755,Bearish,72000.0,16,Monday,NY,2023,10,128113.56844844393,1075815.4929309648,1047701.9244825199
3843,3844,2023-10-03 12:00:00,2023-10-03 16:00:00,1047.576464964648,1027.698823286325,-1,0.018974883784730556,2430.9400725563505,1,-0.0,1.8974883784730556,1.0,1.8974883784730556,Bearish,14400.0,12,Tuesday,London,2023,10,130544.50852100029,1078246.433003521,1047701.9244825199
3844,3847,2023-10-03 16:00:00,2023-10-04 04:00:00,1027.698823286325,1038.532303503546,1,0.010541493258285684,1376.1340564803445,3,-0.8043600275841611,1.0541493258285684,1.0,1.3105441464994623,Bearish,43200.0,16,Tuesday,NY,2023,10,131920.64257748064,1079622.5670600014,1047701.9244825199
3847,3857,2023-10-04 04:00:00,2023-10-05 20:00:00,1038.532303503546,1079.544918993656,-1,-0.03949093865617059,-5209.670003509901,10,-7.0030195183923505,0.8164867414382826,-4.836690744861982,0.11659067053774534,Bearish,144000.0,4,Wednesday,Asia,2023,10,126710.97257397072,1079622.5670600014,1052911.5944860298
3857,3858,2023-10-05 20:00:00,2023-10-06 00:00:00,1079.544918993656,1097.684417714327,1,0.016802912413853566,2129.1133740346345,1,0.0,1.6802912413853566,1.0,1.6802912413853566,Sideways,14400.0,20,Thursday,NY,2023,10,128840.08594800536,1081751.680434036,1052911.5944860298
3858,3859,2023-10-06 00:00:00,2023-10-06 04:00:00,1097.684417714327,1069.633595373872,-1,0.02555454180434158,3292.44936243327,1,-0.0,2.555454180434158,1.0,2.555454180434158,Sideways,14400.0,0,Friday,Asia,2023,10,132132.53531043863,1085044.1297964694,1052911.5944860298
3859,3872,2023-10-06 04:00:00,2023-10-08 08:00:00,1069.633595373872,1015.421925074151,1,-0.05068246784149688,-6696.802971686768,13,-7.388275197591421,0.8117072861591801,-6.243934076447082,0.10986424631608158,Sideways,187200.0,4,Friday,Asia,2023,10,125435.73233875187,1085044.1297964694,1059608.3974577165
3872,3874,2023-10-08 08:00:00,2023-10-08 16:00:00,1015.421925074151,1002.426858394247,-1,0.012797701486458424,1605.2890582066484,2,-0.0,1.2797701486458424,1.0,1.2797701486458424,Bearish,28800.0,8,Sunday,London,2023,10,127041.0213969585,1086649.418854676,1059608.3974577165
3874,3875,2023-10-08 16:00:00,2023-10-08 20:00:00,1002.426858394247,1016.810963096971,1,0.014349281029605976,1822.9473183131465,1,0.0,1.4349281029605976,1.0,1.4349281029605976,Bearish,14400.0,16,Sunday,NY,2023,10,128863.96871527165,1088472.3661729891,1059608.3974577165
3875,3878,2023-10-08 20:00:00,2023-10-09 08:00:00,1016.810963096971,988.5744179848714,-1,0.02776970954964697,3578.514982637894,3,-0.4463681338795933,2.776970954964697,1.0,6.221257173599624,Bearish,43200.0,20,Sunday,NY,2023,10,132442.48369790954,1092050.881155627,1059608.3974577165
3878,3882,2023-10-09 08:00:00,2023-10-10 00:00:00,988.5744179848714,986.5717591324438,1,-0.0020258048519097294,-268.3026260742009,4,-1.0227030484892818,0.0,0.0,0.0,Bearish,57600.0,8,Monday,London,2023,10,132174.18107183534,1092050.881155627,1059876.7000837908
3882,3883,2023-10-10 00:00:00,2023-10-10 04:00:00,986.5717591324438,957.9866035303558,-1,0.02897422852162812,3829.644927034418,1,-0.0,2.897422852162812,1.0,2.897422852162812,Bearish,14400.0,0,Tuesday,Asia,2023,10,136003.82599886978,1095880.5260826615,1059876.7000837908
3883,3891,2023-10-10 04:00:00,2023-10-11 12:00:00,957.9866035303558,941.0829266438362,1,-0.01764500341051367,-2399.7879735929687,8,-6.309932461521061,0.0,0.0,0.0,Bearish,115200.0,4,Tuesday,Asia,2023,10,133604.0380252768,1095880.5260826615,1062276.4880573838
3891,3896,2023-10-11 12:00:00,2023-10-12 08:00:00,941.0829266438362,934.8817779645367,-1,0.006589375392681451,880.3671605266373,5,-1.898856953600081,0.6589375392681451,1.0,0.34701799839048025,Bearish,72000.0,12,Wednesday,London,2023,10,134484.40518580342,1096760.893243188,1062276.4880573838
3896,3903,2023-10-12 08:00:00,2023-10-13 12:00:00,934.8817779645367,922.3638985697356,1,-0.013389799319926343,-1800.7191970975725,7,-2.441152390232304,0.0,0.0,0.0,Bearish,100800.0,8,Thursday,London,2023,10,132683.68598870587,1096760.893243188,1064077.2072544813
3903,3904,2023-10-13 12:00:00,2023-10-13 16:00:00,922.3638985697356,900.9547418940359,-1,0.02321118238571329,3079.745235092568,1,-0.0,2.321118238571329,1.0,2.321118238571329,Bearish,14400.0,12,Friday,London,2023,10,135763.43122379843,1099840.6384782805,1064077.2072544813
3904,3905,2023-10-13 16:00:00,2023-10-13 20:00:00,900.9547418940359,914.8877586817222,1,0.015464724408237762,2099.5440485927875,1,0.0,1.5464724408237762,1.0,1.5464724408237762,Bearish,14400.0,16,Friday,NY,2023,10,137862.97527239122,1101940.1825268732,1064077.2072544813
3905,3906,2023-10-13 20:00:00,2023-10-14 00:00:00,914.8877586817222,890.8763479800082,-1,0.026245198357788158,3618.241132218757,1,-0.0,2.6245198357788158,1.0,2.6245198357788158,Bearish,14400.0,20,Friday,NY,2023,10,141481.21640460996,1105558.423659092,1064077.2072544813
3906,3911,2023-10-14 00:00:00,2023-10-14 20:00:00,890.8763479800082,891.8902877504385,1,0.001138137489820279,161.0250764954627,5,-2.4933029918517535,0.1138137489820279,1.0,0.04564778101738026,Bearish,72000.0,0,Saturday,Asia,2023,10,141642.24148110545,1105719.4487355875,1064077.2072544813
3911,3912,2023-10-14 20:00:00,2023-10-15 00:00:00,891.8902877504385,870.7644817655088,-1,0.023686552342905398,3355.016366808655,1,-0.0,2.36865523429054,1.0,2.36865523429054,Bearish,14400.0,20,Saturday,NY,2023,10,144997.2578479141,1109074.4651023962,1064077.2072544813
3912,3919,2023-10-15 00:00:00,2023-10-16 04:00:00,870.7644817655088,837.7177885419691,1,-0.03795135644087855,-5502.842615536169,7,-4.823491619196096,0.0,0.0,0.0,Bearish,100800.0,0,Sunday,Asia,2023,10,139494.41523237794,1109074.4651023962,1069580.0498700175
3919,3920,2023-10-16 04:00:00,2023-10-16 08:00:00,837.7177885419691,830.539865497258,-1,0.008568426196612244,1195.2476017582148,1,-0.0,0.8568426196612244,1.0,0.8568426196612244,Bearish,14400.0,4,Monday,Asia,2023,10,140689.66283413614,1110269.7127041544,1069580.0498700175
3920,3921,2023-10-16 08:00:00,2023-10-16 12:00:00,830.539865497258,835.7008009849717,1,0.006213952757853081,874.2389183696016,1,0.0,0.6213952757853081,1.0,0.6213952757853081,Bearish,14400.0,8,Monday,London,2023,10,141563.90175250574,1111143.951622524,1069580.0498700175
3921,3922,2023-10-16 12:00:00,2023-10-16 16:00:00,835.7008009849717,821.8540924887641,-1,0.016568978371072074,2345.569226261843,1,-0.0,1.6568978371072074,1.0,1.6568978371072074,Bearish,14400.0,12,Monday,London,2023,10,143909.47097876758,1113489.520848786,1069580.0498700175
3922,3925,2023-10-16 16:00:00,2023-10-17 04:00:00,821.8540924887641,824.8573947457776,1,0.003654301030391993,525.8885280808778,3,-0.5440655497780833,0.3654301030391993,1.0,0.6716655799806717,Bearish,43200.0,16,Monday,NY,2023,10,144435.35950684844,1114015.4093768669,1069580.0498700175
3925,3928,2023-10-17 04:00:00,2023-10-17 16:00:00,824.8573947457776,823.4783320865112,-1,0.0016718800947301826,241.47860253469815,3,-0.34702056770956613,0.16718800947301826,1.0,0.48178126897926077,Bearish,43200.0,4,Tuesday,Asia,2023,10,144676.83810938316,1114256.8879794015,1069580.0498700175
3928,3932,2023-10-17 16:00:00,2023-10-18 08:00:00,823.4783320865112,831.8430426279451,1,0.010157778554099384,1469.5952834224026,4,-1.0068369768376995,1.0157778554099384,1.0,1.008880165089209,Bearish,57600.0,16,Tuesday,NY,2023,10,146146.43339280557,1115726.483262824,1069580.0498700175
3932,3935,2023-10-18 08:00:00,2023-10-18 20:00:00,831.8430426279451,815.7276385378694,-1,0.01937313082425285,2831.3139736167814,3,-0.0,1.9373130824252849,1.0,1.9373130824252849,Bearish,43200.0,8,Wednesday,London,2023,10,148977.74736642232,1118557.7972364407,1069580.0498700175
3935,3936,2023-10-18 20:00:00,2023-10-19 00:00:00,815.7276385378694,826.6504509031232,1,0.01339026882162786,1994.8520856769599,1,0.0,1.339026882162786,1.0,1.339026882162786,Bearish,14400.0,20,Wednesday,NY,2023,10,150972.5994520993,1120552.6493221177,1069580.0498700175
3936,3947,2023-10-19 00:00:00,2023-10-20 20:00:00,826.6504509031232,907.932817892842,-1,-0.09832737271348124,-14844.7390558497,11,-12.754944504873444,-0.0,0.0,-0.0,Bearish,158400.0,0,Thursday,Asia,2023,10,136127.8603962496,1120552.6493221177,1084424.788925867
3947,3948,2023-10-20 20:00:00,2023-10-21 00:00:00,907.932817892842,935.9574622152151,1,0.03086642950897356,4201.781007128238,1,0.0,3.086642950897356,1.0,3.086642950897356,Sideways,14400.0,20,Friday,NY,2023,10,140329.64140337784,1124754.430329246,1084424.788925867
3948,3961,2023-10-21 00:00:00,2023-10-23 04:00:00,935.9574622152151,1005.937735781888,-1,-0.07476864749926171,-10492.257491786975,13,-8.697651904253668,-0.0,0.0,-0.0,Sideways,187200.0,0,Saturday,Asia,2023,10,129837.38391159086,1124754.430329246,1094917.046417654
3961,3963,2023-10-23 04:00:00,2023-10-23 12:00:00,1005.937735781888,1012.183240002663,1,0.006208638963047131,806.113440613613,2,-0.20959800768526327,0.6208638963047131,1.0,2.962165066172839,Bullish,28800.0,4,Monday,Asia,2023,10,130643.49735220447,1125560.5437698597,1094917.046417654
3963,3965,2023-10-23 12:00:00,2023-10-23 20:00:00,1012.183240002663,996.3758409368438,-1,0.015617131800935158,2040.2767170845038,2,-0.0,1.5617131800935158,1.0,1.5617131800935158,Bullish,28800.0,12,Monday,London,2023,10,132683.77406928898,1127600.8204869442,1094917.046417654
3965,3966,2023-10-23 20:00:00,2023-10-24 00:00:00,996.3758409368438,1013.246090667911,1,0.016931612588282796,2246.550259292447,1,0.0,1.6931612588282796,1.0,1.6931612588282796,Bullish,14400.0,20,Monday,NY,2023,10,134930.32432858142,1129847.3707462365,1094917.046417654
3966,3968,2023-10-24 00:00:00,2023-10-24 08:00:00,1013.246090667911,1007.770828027775,-1,0.00540368493948673,729.1209614544165,2,-1.305397333486602,0.540368493948673,1.0,0.41394943906112946,Bullish,28800.0,0,Tuesday,Asia,2023,10,135659.44529003583,1130576.491707691,1094917.046417654
3968,3979,2023-10-24 08:00:00,2023-10-26 04:00:00,1007.770828027775,958.0662836568341,1,-0.049321277207650005,-6690.897106985897,11,-6.58610614579378,0.0,0.0,0.0,Bullish,158400.0,8,Tuesday,London,2023,10,128968.54818304995,1130576.491707691,1101607.9435246398
3979,3982,2023-10-26 04:00:00,2023-10-26 16:00:00,958.0662836568341,950.3888651554499,-1,0.008013452338684002,1033.4833140541434,3,-0.39184734083237416,0.8013452338684002,1.0,2.045044460850897,Bullish,43200.0,4,Thursday,Asia,2023,10,130002.0314971041,1131609.975021745,1101607.9435246398
3982,3983,2023-10-26 16:00:00,2023-10-26 20:00:00,950.3888651554499,957.9916117155894,1,0.007999616618925787,1039.966411658349,1,0.0,0.7999616618925787,1.0,0.7999616618925787,Bullish,14400.0,16,Thursday,NY,2023,10,131041.99790876244,1132649.9414334034,1101607.9435246398
3983,3984,2023-10-26 20:00:00,2023-10-27 00:00:00,957.9916117155894,933.7060307676053,-1,0.02535051523519405,3321.9821644363537,1,-0.0,2.535051523519405,1.0,2.535051523519405,Bullish,14400.0,20,Thursday,NY,2023,10,134363.9800731988,1135971.9235978397,1101607.9435246398
3984,3990,2023-10-27 00:00:00,2023-10-28 00:00:00,933.7060307676053,938.4321864017171,1,0.005061716941280103,680.1124342343335,6,-2.590348129376885,1.2788970063630112,0.3957876917450028,0.4937162661107846,Bullish,86400.0,0,Friday,Asia,2023,10,135044.09250743312,1136652.036032074,1101607.9435246398
3990,3991,2023-10-28 00:00:00,2023-10-28 04:00:00,938.4321864017171,921.0407407213412,-1,0.018532447983333644,2502.697619850504,1,-0.0,1.8532447983333644,1.0,1.8532447983333644,Bullish,14400.0,0,Saturday,Asia,2023,10,137546.79012728363,1139154.7336519244,1101607.9435246398
3991,3999,2023-10-28 04:00:00,2023-10-29 12:00:00,921.0407407213412,920.6661143732787,1,-0.0004067424289713184,-55.94611551357957,8,-2.5322116230673597,0.0,0.0,0.0,Sideways,115200.0,4,Saturday,Asia,2023,10,137490.84401177004,1139154.7336519244,1101663.8896401534
