entry_i,exit_i,entry_time,exit_time,entry_price,exit_price,direction,ret,pnl,hold_bars,mae_pct,mfe_pct,trade_efficiency_pct,edge_ratio,entry_regime,hold_sec,hour,weekday,session,year,month,equity,cum_profit,cum_loss
1,2,2022-01-01 00:15:00,2022-01-01 00:30:00,1447.784837477626,1426.53879675169,-1,0.01467486063947987,1467.486063947987,1,-0.0,1.467486063947987,1.0,1.467486063947987,Sideways,900.0,0,Saturday,Asia,2022,1,101467.48606394799,1467.486063947987,-0.0
2,3,2022-01-01 00:30:00,2022-01-01 00:45:00,1426.53879675169,1455.827751011506,1,0.020531481041040633,2083.2777664040027,1,0.0,2.0531481041040633,1.0,2.0531481041040633,Sideways,900.0,0,Saturday,Asia,2022,1,103550.76383035199,3550.76383035199,-0.0
3,6,2022-01-01 00:45:00,2022-01-01 01:30:00,1455.827751011506,1436.700975551214,-1,0.013138075879514433,1360.457792584843,3,-0.0,1.3138075879514433,1.0,1.3138075879514433,Sideways,2700.0,0,Saturday,Asia,2022,1,104911.22162293684,4911.221622936833,-0.0
6,11,2022-01-01 01:30:00,2022-01-01 02:45:00,1436.700975551214,1422.221366967471,1,-0.010078373182831335,-1057.3344425826815,5,-2.9523822653744647,0.0,0.0,0.0,Sideways,4500.0,1,Saturday,Asia,2022,1,103853.88718035416,4911.221622936833,1057.3344425826815
11,14,2022-01-01 02:45:00,2022-01-01 03:30:00,1422.221366967471,1419.807730846393,-1,0.0016970889181791016,176.24928104360168,3,-1.2060203393617908,0.16970889181791016,1.0,0.14071810091338738,Sideways,2700.0,2,Saturday,Asia,2022,1,104030.13646139775,5087.470903980435,1057.3344425826815
14,17,2022-01-01 03:30:00,2022-01-01 04:15:00,1419.807730846393,1430.37445291217,1,0.007442361269210496,774.2298584309893,3,-1.0579141335061548,0.7442361269210496,1.0,0.7034938879722602,Sideways,2700.0,3,Saturday,Asia,2022,1,104804.36631982874,5861.700762411424,1057.3344425826815
17,19,2022-01-01 04:15:00,2022-01-01 04:45:00,1430.37445291217,1408.132742367974,-1,0.015549572001172796,1629.6630401274663,2,-0.0,1.5549572001172796,1.0,1.5549572001172796,Sideways,1800.0,4,Saturday,Asia,2022,1,106434.02935995621,7491.36380253889,1057.3344425826815
19,23,2022-01-01 04:45:00,2022-01-01 05:45:00,1408.132742367974,1427.050784891162,1,0.01343484314651655,1429.924489902749,4,-1.2340897226811864,1.343484314651655,1.0,1.0886439534824077,Sideways,3600.0,4,Saturday,Asia,2022,1,107863.95384985895,8921.288292441639,1057.3344425826815
23,25,2022-01-01 05:45:00,2022-01-01 06:15:00,1427.050784891162,1410.916261153094,-1,0.011306201509358793,1219.5315978226827,2,-0.01232735753768921,1.1306201509358793,1.0,91.71634289661534,Sideways,1800.0,5,Saturday,Asia,2022,1,109083.48544768164,10140.819890264322,1057.3344425826815
25,28,2022-01-01 06:15:00,2022-01-01 07:00:00,1410.916261153094,1436.754111753709,1,0.01831281650939265,1997.6258532083973,3,-1.7625757854091817,1.8312816509392649,1.0,1.0389803752546918,Sideways,2700.0,6,Saturday,Asia,2022,1,111081.11130089004,12138.44574347272,1057.3344425826815
28,40,2022-01-01 07:00:00,2022-01-01 10:00:00,1436.754111753709,1470.402136030722,-1,-0.02341947310381598,-2601.461098453184,12,-7.334339545743651,-0.0,0.0,-0.0,Sideways,10800.0,7,Saturday,Asia,2022,1,108479.65020243685,12138.44574347272,3658.7955410358654
40,49,2022-01-01 10:00:00,2022-01-01 12:15:00,1470.402136030722,1450.659754517441,1,-0.013426518521371777,-1456.5040326349504,9,-6.178533242687967,0.4959465599039703,-2.707251064302481,0.08026930347763396,Sideways,8100.0,10,Saturday,London,2022,1,107023.1461698019,12138.44574347272,5115.299573670816
49,59,2022-01-01 12:15:00,2022-01-01 14:45:00,1450.659754517441,1501.082550266645,-1,-0.0347585266580841,-3719.966879175091,10,-5.399564866467954,-0.0,0.0,-0.0,Sideways,9000.0,12,Saturday,London,2022,1,103303.17929062681,12138.44574347272,8835.266452845906
59,62,2022-01-01 14:45:00,2022-01-01 15:30:00,1501.082550266645,1519.359182332149,1,0.012175634219621978,1257.7817247667003,3,-0.7022828527729841,1.2175634219621978,1.0,1.733722270385235,Bullish,2700.0,14,Saturday,NY_overlap,2022,1,104560.9610153935,13396.22746823942,8835.266452845906
62,65,2022-01-01 15:30:00,2022-01-01 16:15:00,1519.359182332149,1512.761476026395,-1,0.0043424269800553805,454.0483381737637,3,-0.3078873808691318,0.43424269800553805,1.0,1.410394595516449,Bullish,2700.0,15,Saturday,NY_overlap,2022,1,105015.00935356728,13850.275806413183,8835.266452845906
65,68,2022-01-01 16:15:00,2022-01-01 17:00:00,1512.761476026395,1512.757408849942,1,-2.68857749052831e-06,-0.28234099031562093,3,-1.059917399358945,0.0,0.0,0.0,Bullish,2700.0,16,Saturday,NY,2022,1,105014.72701257696,13850.275806413183,8835.548793836222
68,73,2022-01-01 17:00:00,2022-01-01 18:15:00,1512.757408849942,1537.251734682374,-1,-0.016191839940188135,-1700.3816511501975,5,-3.668849131772678,-0.0,0.0,-0.0,Bullish,4500.0,17,Saturday,NY,2022,1,103314.34536142676,13850.275806413183,10535.93044498642
73,77,2022-01-01 18:15:00,2022-01-01 19:15:00,1537.251734682374,1552.250977739205,1,0.009757180765146423,1008.0567433242078,4,-0.34206005487666946,0.9757180765146423,1.0,2.852475939835885,Bullish,3600.0,18,Saturday,NY,2022,1,104322.40210475097,14858.332549737392,10535.93044498642
77,86,2022-01-01 19:15:00,2022-01-01 21:30:00,1552.250977739205,1620.016342253978,-1,-0.04365619058167436,-4554.318668223074,9,-7.901802043070161,-0.0,0.0,-0.0,Bullish,8100.0,19,Saturday,NY,2022,1,99768.0834365279,14858.332549737392,15090.249113209495
86,90,2022-01-01 21:30:00,2022-01-01 22:30:00,1620.016342253978,1619.323937223618,1,-0.00042740620097492243,-42.641497520155475,4,-1.747439221647984,0.7949875445198318,-0.053762628599806996,0.45494431776007116,Bullish,3600.0,21,Saturday,Late,2022,1,99725.44193900774,14858.332549737392,15132.89061072965
90,91,2022-01-01 22:30:00,2022-01-01 22:45:00,1619.323937223618,1600.996011735743,-1,0.01131825761761962,1128.7182428966576,1,-0.0,1.131825761761962,1.0,1.131825761761962,Bullish,900.0,22,Saturday,Late,2022,1,100854.1601819044,15987.050792634049,15132.89061072965
91,92,2022-01-01 22:45:00,2022-01-01 23:00:00,1600.996011735743,1637.393254707728,1,0.022734124698114755,2292.8310538990545,1,0.0,2.2734124698114755,1.0,2.2734124698114755,Bullish,900.0,22,Saturday,Late,2022,1,103146.99123580345,18279.881846533102,15132.89061072965
92,93,2022-01-01 23:00:00,2022-01-01 23:15:00,1637.393254707728,1591.914392742701,-1,0.027775161424580808,2864.9243320342625,1,-0.0,2.7775161424580808,1.0,2.7775161424580808,Bullish,900.0,23,Saturday,Late,2022,1,106011.91556783771,21144.806178567364,15132.89061072965
93,110,2022-01-01 23:15:00,2022-01-02 03:30:00,1591.914392742701,1538.916318005938,1,-0.0332920381764078,-3529.3527402385735,17,-5.011869607623143,1.3164879357509207,-2.5288525076698196,0.2626740196409977,Bullish,15300.0,23,Saturday,Late,2022,1,102482.56282759915,21144.806178567364,18662.243350968223
110,112,2022-01-02 03:30:00,2022-01-02 04:00:00,1538.916318005938,1497.308941165521,-1,0.027036802686146055,2770.8008299403646,2,-0.0,2.7036802686146055,1.0,2.7036802686146055,Bullish,1800.0,3,Sunday,Asia,2022,1,105253.3636575395,23915.60700850773,18662.243350968223
112,115,2022-01-02 04:00:00,2022-01-02 04:45:00,1497.308941165521,1510.154721232164,1,0.008579244879579617,902.9943812174772,3,-1.0029728903551582,0.8579244879579617,1.0,0.8553815324501601,Sideways,2700.0,4,Sunday,Asia,2022,1,106156.35803875698,24818.60138972521,18662.243350968223
115,118,2022-01-02 04:45:00,2022-01-02 05:30:00,1510.154721232164,1499.499179071152,-1,0.00705592745643846,749.0315613611771,3,-0.0,0.705592745643846,1.0,0.705592745643846,Sideways,2700.0,4,Sunday,Asia,2022,1,106905.38960011816,25567.632951086387,18662.243350968223
118,119,2022-01-02 05:30:00,2022-01-02 05:45:00,1499.499179071152,1514.37820204957,1,0.009922661636690533,1060.7860081405474,1,0.0,0.9922661636690533,1.0,0.9922661636690533,Sideways,900.0,5,Sunday,Asia,2022,1,107966.17560825871,26628.418959226936,18662.243350968223
119,125,2022-01-02 05:45:00,2022-01-02 07:15:00,1514.37820204957,1520.992128213543,-1,-0.0043674203412473744,-471.5336715181952,6,-2.7400072222008687,-0.0,0.0,-0.0,Sideways,5400.0,5,Sunday,Asia,2022,1,107494.64193674052,26628.418959226936,19133.777022486418
125,126,2022-01-02 07:15:00,2022-01-02 07:30:00,1520.992128213543,1567.35642402809,1,0.03048292950010434,3276.7515917966207,1,0.0,3.048292950010434,1.0,3.048292950010434,Sideways,900.0,7,Sunday,Asia,2022,1,110771.39352853714,29905.170551023555,19133.777022486418
126,131,2022-01-02 07:30:00,2022-01-02 08:45:00,1567.35642402809,1597.482209140636,-1,-0.01922076220233504,-2129.110613833287,5,-4.6756918246228185,-0.0,0.0,-0.0,Sideways,4500.0,7,Sunday,Asia,2022,1,108642.28291470384,29905.170551023555,21262.887636319705
131,136,2022-01-02 08:45:00,2022-01-02 10:00:00,1597.482209140636,1583.570015205341,1,-0.008708825585468816,-946.1466931113146,5,-1.9951239065483795,0.0,0.0,0.0,Sideways,4500.0,8,Sunday,London,2022,1,107696.13622159253,29905.170551023555,22209.03432943102
136,148,2022-01-02 10:00:00,2022-01-02 13:00:00,1583.570015205341,1644.956982912762,-1,-0.03876492173884771,-4174.832292206317,12,-5.971902323173328,-0.0,0.0,-0.0,Sideways,10800.0,10,Sunday,London,2022,1,103521.30392938622,29905.170551023555,26383.866621637335
148,153,2022-01-02 13:00:00,2022-01-02 14:15:00,1644.956982912762,1625.384229587537,1,-0.011898641440803548,-1231.762876940214,5,-2.1857976943717383,0.0,0.0,0.0,Bullish,4500.0,13,Sunday,NY_overlap,2022,1,102289.541052446,29905.170551023555,27615.62949857755
153,154,2022-01-02 14:15:00,2022-01-02 14:30:00,1625.384229587537,1601.728498698211,-1,0.014553931592734104,1488.7149831294662,1,-0.0,1.4553931592734104,1.0,1.4553931592734104,Bullish,900.0,14,Sunday,NY_overlap,2022,1,103778.25603557547,31393.88553415302,27615.62949857755
154,156,2022-01-02 14:30:00,2022-01-02 15:00:00,1601.728498698211,1620.141458343959,1,0.01149568086021624,1193.0017116147856,2,0.0,1.149568086021624,1.0,1.149568086021624,Bullish,1800.0,14,Sunday,NY_overlap,2022,1,104971.25774719025,32586.887245767808,27615.62949857755
156,160,2022-01-02 15:00:00,2022-01-02 16:00:00,1620.141458343959,1582.245553929519,-1,0.023390491132283864,2455.3292734803376,4,-0.8825035546056403,2.3390491132283864,1.0,2.6504699057825607,Bullish,3600.0,15,Sunday,NY_overlap,2022,1,107426.58702067059,35042.21651924815,27615.62949857755
160,162,2022-01-02 16:00:00,2022-01-02 16:30:00,1582.245553929519,1606.665488155521,1,0.015433719605250085,1657.9918222260283,2,-1.1420017613565037,1.5433719605250085,1.0,1.3514619790881455,Sideways,1800.0,16,Sunday,NY,2022,1,109084.57884289662,36700.20834147418,27615.62949857755
162,170,2022-01-02 16:30:00,2022-01-02 18:30:00,1606.665488155521,1631.169378077307,-1,-0.015251394955845488,-1663.691995525083,8,-3.4131854636523906,-0.0,0.0,-0.0,Bullish,7200.0,16,Sunday,NY,2022,1,107420.88684737154,36700.20834147418,29279.32149410263
170,176,2022-01-02 18:30:00,2022-01-02 20:00:00,1631.169378077307,1639.676663224203,1,0.005215451725144371,560.2484496246623,6,-1.805678798223076,0.5215451725144371,1.0,0.2888360726324509,Bullish,5400.0,18,Sunday,NY,2022,1,107981.1352969962,37260.45679109884,29279.32149410263
176,179,2022-01-02 20:00:00,2022-01-02 20:45:00,1639.676663224203,1604.248623150576,-1,0.02160672336700975,2333.1185192178496,3,-0.0,2.160672336700975,1.0,2.160672336700975,Bullish,2700.0,20,Sunday,NY,2022,1,110314.25381621404,39593.57531031669,29279.32149410263
179,180,2022-01-02 20:45:00,2022-01-02 21:00:00,1604.248623150576,1622.989290800072,1,0.011681897293881693,1288.6797831322094,1,0.0,1.1681897293881693,1.0,1.1681897293881693,Sideways,900.0,20,Sunday,NY,2022,1,111602.93359934626,40882.255093448905,29279.32149410263
180,183,2022-01-02 21:00:00,2022-01-02 21:45:00,1622.989290800072,1614.164238431842,-1,0.005437529636366012,606.8442589518335,3,-1.4110978108848204,0.5437529636366012,1.0,0.38534037785491576,Sideways,2700.0,21,Sunday,Late,2022,1,112209.7778582981,41489.099352400735,29279.32149410263
183,184,2022-01-02 21:45:00,2022-01-02 22:00:00,1614.164238431842,1627.719263825159,1,0.00839755030534306,942.2872543164283,1,0.0,0.839755030534306,1.0,0.839755030534306,Sideways,900.0,21,Sunday,Late,2022,1,113152.06511261452,42431.38660671716,29279.32149410263
184,185,2022-01-02 22:00:00,2022-01-02 22:15:00,1627.719263825159,1622.202127788114,-1,0.0033894886911147726,383.5276450754894,1,-0.0,0.33894886911147726,1.0,0.33894886911147726,Bullish,900.0,22,Sunday,Late,2022,1,113535.59275769001,42814.91425179265,29279.32149410263
185,186,2022-01-02 22:15:00,2022-01-02 22:30:00,1622.202127788114,1651.232128090993,1,0.017895427336457548,2031.7679502968776,1,0.0,1.7895427336457548,1.0,1.7895427336457548,Bullish,900.0,22,Sunday,Late,2022,1,115567.36070798688,44846.68220208953,29279.32149410263
186,187,2022-01-02 22:30:00,2022-01-02 22:45:00,1651.232128090993,1626.68123099054,-1,0.014868228810952622,1718.281962084245,1,-0.0,1.4868228810952622,1.0,1.4868228810952622,Bullish,900.0,22,Sunday,Late,2022,1,117285.64267007113,46564.96416417377,29279.32149410263
187,188,2022-01-02 22:45:00,2022-01-02 23:00:00,1626.68123099054,1648.771341900995,1,0.013579864628427307,1592.7231503176638,1,0.0,1.3579864628427307,1.0,1.3579864628427307,Sideways,900.0,22,Sunday,Late,2022,1,118878.36582038879,48157.687314491435,29279.32149410263
188,192,2022-01-02 23:00:00,2022-01-03 00:00:00,1648.771341900995,1674.226103065469,-1,-0.015438624215244667,-1835.318417223369,4,-3.3464967358808106,-0.0,0.0,-0.0,Bullish,3600.0,23,Sunday,Late,2022,1,117043.04740316543,48157.687314491435,31114.639911326
192,194,2022-01-03 00:00:00,2022-01-03 00:30:00,1674.226103065469,1685.125391643506,1,0.006510045780603102,761.9555968959061,2,-0.19883296384339832,0.6510045780603102,1.0,3.274128019200298,Sideways,1800.0,0,Monday,Asia,2022,1,117805.00300006133,48919.64291138734,31114.639911326
194,195,2022-01-03 00:30:00,2022-01-03 00:45:00,1685.125391643506,1654.031203829775,-1,0.018452150782325316,2173.7556782694182,1,-0.0,1.8452150782325316,1.0,1.8452150782325316,Sideways,900.0,0,Monday,Asia,2022,1,119978.75867833075,51093.398589656754,31114.639911326
195,198,2022-01-03 00:45:00,2022-01-03 01:30:00,1654.031203829775,1682.878749227666,1,0.017440750410933514,2092.5195847223904,3,-0.382881420526926,1.7440750410933514,1.0,4.555131034285066,Sideways,2700.0,0,Monday,Asia,2022,1,122071.27826305314,53185.91817437914,31114.639911326
198,202,2022-01-03 01:30:00,2022-01-03 02:30:00,1682.878749227666,1699.201287961413,-1,-0.009699176925989539,-1183.9909254550535,4,-2.356392082284242,-0.0,0.0,-0.0,Sideways,3600.0,1,Monday,Asia,2022,1,120887.28733759809,53185.91817437914,32298.630836781056
202,203,2022-01-03 02:30:00,2022-01-03 02:45:00,1699.201287961413,1702.997865922327,1,0.002234330910535487,270.1022027891806,1,0.0,0.2234330910535487,1.0,0.2234330910535487,Bullish,900.0,2,Monday,Asia,2022,1,121157.38954038726,53456.02037716832,32298.630836781056
203,206,2022-01-03 02:45:00,2022-01-03 03:30:00,1702.997865922327,1697.932116901477,-1,0.0029746067932424625,360.3955939783593,3,-1.4961929292081066,0.29746067932424625,1.0,0.19881171306008238,Bullish,2700.0,2,Monday,Asia,2022,1,121517.78513436562,53816.415971146685,32298.630836781056
206,215,2022-01-03 03:30:00,2022-01-03 05:45:00,1697.932116901477,1657.544665316181,1,-0.023786258109657732,-2890.4534021199506,9,-3.4719234892253814,0.0,0.0,0.0,Bullish,8100.0,3,Monday,Asia,2022,1,118627.33173224567,53816.415971146685,35189.08423890101
215,216,2022-01-03 05:45:00,2022-01-03 06:00:00,1657.544665316181,1619.881256411485,-1,0.022722409653746167,2695.4988277509283,1,-0.0,2.2722409653746167,1.0,2.2722409653746167,Sideways,900.0,5,Monday,Asia,2022,1,121322.8305599966,56511.91479889761,35189.08423890101
216,219,2022-01-03 06:00:00,2022-01-03 06:45:00,1619.881256411485,1638.673346367721,1,0.011600905857671373,1407.4547357127362,3,-0.5050262518136672,1.1600905857671373,1.0,2.2970896693013105,Sideways,2700.0,6,Monday,Asia,2022,1,122730.28529570934,57919.36953461035,35189.08423890101
219,228,2022-01-03 06:45:00,2022-01-03 09:00:00,1638.673346367721,1657.047179124634,-1,-0.011212626846979878,-1376.1288918441703,9,-3.0872119413278387,0.6882014059646835,-1.6292653211399104,0.22292003887128062,Sideways,8100.0,6,Monday,Asia,2022,1,121354.15640386517,57919.36953461035,36565.21313074518
228,235,2022-01-03 09:00:00,2022-01-03 10:45:00,1657.047179124634,1634.890556637549,1,-0.013371147645168224,-1622.6443426309181,7,-2.3245392562522116,0.5451283803416862,-2.4528437937476664,0.23451029225489664,Sideways,6300.0,9,Monday,London,2022,1,119731.51206123424,57919.36953461035,38187.8574733761
235,240,2022-01-03 10:45:00,2022-01-03 12:00:00,1634.890556637549,1652.036935593925,-1,-0.010487783960071662,-1255.7182317109393,5,-2.9321556815901095,-0.0,0.0,-0.0,Sideways,4500.0,10,Monday,London,2022,1,118475.79382952332,57919.36953461035,39443.57570508704
240,241,2022-01-03 12:00:00,2022-01-03 12:15:00,1652.036935593925,1685.244951148399,1,0.020101254904773214,2381.5121318126057,1,0.0,2.0101254904773214,1.0,2.0101254904773214,Bearish,900.0,12,Monday,London,2022,1,120857.30596133592,60300.88166642295,39443.57570508704
241,243,2022-01-03 12:15:00,2022-01-03 12:45:00,1685.244951148399,1671.49106084414,-1,0.008161359744698449,986.3599517255509,2,-0.15285574139245472,0.8161359744698449,1.0,5.339256262376358,Sideways,1800.0,12,Monday,London,2022,1,121843.66591306147,61287.2416181485,39443.57570508704
243,244,2022-01-03 12:45:00,2022-01-03 13:00:00,1671.49106084414,1679.917799377639,1,0.005041449955013988,614.2687440361432,1,0.0,0.5041449955013988,1.0,0.5041449955013988,Sideways,900.0,12,Monday,London,2022,1,122457.9346570976,61901.51036218464,39443.57570508704
244,247,2022-01-03 13:00:00,2022-01-03 13:45:00,1679.917799377639,1685.025037414453,-1,-0.0030401713933301266,-372.2931098307981,3,-1.3027479479871484,-0.0,0.0,-0.0,Sideways,2700.0,13,Monday,NY_overlap,2022,1,122085.64154726682,61901.51036218464,39815.868814917834
247,248,2022-01-03 13:45:00,2022-01-03 14:00:00,1685.025037414453,1707.124377214517,1,0.013115140315050677,1601.170319345385,1,0.0,1.3115140315050677,1.0,1.3115140315050677,Sideways,900.0,13,Monday,NY_overlap,2022,1,123686.8118666122,63502.68068153003,39815.868814917834
248,252,2022-01-03 14:00:00,2022-01-03 15:00:00,1707.124377214517,1683.68134553417,-1,0.01373246846758669,1698.5252438145792,4,-0.9093566046981971,1.373246846758669,1.0,1.5101301729858008,Sideways,3600.0,14,Monday,NY_overlap,2022,1,125385.33711042677,65201.205925344606,39815.868814917834
252,259,2022-01-03 15:00:00,2022-01-03 16:45:00,1683.68134553417,1666.526758403547,1,-0.010188737421201521,-1277.5182762869733,7,-2.017283291312011,0.0,0.0,0.0,Sideways,6300.0,15,Monday,NY_overlap,2022,1,124107.8188341398,65201.205925344606,41093.38709120481
259,261,2022-01-03 16:45:00,2022-01-03 17:15:00,1666.526758403547,1660.222892200288,-1,0.0037826372552804965,469.45485919361977,2,-0.7754702614529707,0.37826372552804965,1.0,0.4877862431749614,Sideways,1800.0,16,Monday,NY,2022,1,124577.27369333342,65670.66078453822,41093.38709120481
261,262,2022-01-03 17:15:00,2022-01-03 17:30:00,1660.222892200288,1686.546367294443,1,0.015855386176050423,1975.220783167329,1,0.0,1.5855386176050423,1.0,1.5855386176050423,Sideways,900.0,17,Monday,NY,2022,1,126552.49447650075,67645.88156770555,41093.38709120481
262,264,2022-01-03 17:30:00,2022-01-03 18:00:00,1686.546367294443,1648.17698546577,-1,0.0227502679871322,2879.10316378046,2,-0.0,2.27502679871322,1.0,2.27502679871322,Sideways,1800.0,17,Monday,NY,2022,1,129431.59764028121,70524.98473148601,41093.38709120481
264,265,2022-01-03 18:00:00,2022-01-03 18:15:00,1648.17698546577,1670.106350119372,1,0.013305224406713112,1722.116451923341,1,0.0,1.3305224406713112,1.0,1.3305224406713112,Sideways,900.0,18,Monday,NY,2022,1,131153.71409220455,72247.10118340935,41093.38709120481
265,266,2022-01-03 18:15:00,2022-01-03 18:30:00,1670.106350119372,1657.850347496376,-1,0.007338456393582438,962.4658117220215,1,-0.0,0.7338456393582438,1.0,0.7338456393582438,Sideways,900.0,18,Monday,NY,2022,1,132116.17990392656,73209.56699513138,41093.38709120481
266,274,2022-01-03 18:30:00,2022-01-03 20:30:00,1657.850347496376,1626.562995025955,1,-0.01887224170605628,-2493.3284804277173,8,-3.149303277011306,0.12565690716319633,-15.01886536292513,0.03989990677634735,Sideways,7200.0,18,Monday,NY,2022,1,129622.85142349885,73209.56699513138,43586.71557163252
274,275,2022-01-03 20:30:00,2022-01-03 20:45:00,1626.562995025955,1607.596064593917,-1,0.011660741385386864,1511.4985480858454,1,-0.0,1.1660741385386864,1.0,1.1660741385386864,Bearish,900.0,20,Monday,NY,2022,1,131134.34997158468,74721.06554321722,43586.71557163252
275,292,2022-01-03 20:45:00,2022-01-04 01:00:00,1607.596064593917,1454.837879240928,1,-0.09502274154395618,-12460.74544488459,17,-10.55207223106348,0.0,0.0,0.0,Bearish,15300.0,20,Monday,NY,2022,1,118673.6045267001,74721.06554321722,56047.46101651711
292,294,2022-01-04 01:00:00,2022-01-04 01:30:00,1454.837879240928,1430.564696556745,-1,0.016684458818770675,1980.004867600805,2,-0.12723058219832328,1.6684458818770675,1.0,13.113560065899433,Bearish,1800.0,1,Tuesday,Asia,2022,1,120653.60939430092,76701.07041081802,56047.46101651711
294,310,2022-01-04 01:30:00,2022-01-04 05:30:00,1430.564696556745,1278.994363284389,1,-0.10595140061625574,-12783.418904732813,16,-12.04328832220739,0.0,0.0,0.0,Bearish,14400.0,1,Tuesday,Asia,2022,1,107870.19048956811,76701.07041081802,68830.87992124993
310,315,2022-01-04 05:30:00,2022-01-04 06:45:00,1278.994363284389,1268.920590783104,-1,0.00787632282867623,849.6204438866387,5,-1.9234398467663727,0.787632282867623,1.0,0.4094915077233977,Bearish,4500.0,5,Tuesday,Asia,2022,1,108719.81093345475,77550.69085470466,68830.87992124993
315,328,2022-01-04 06:45:00,2022-01-04 10:00:00,1268.920590783104,1242.564961380948,1,-0.020770117211109995,-2258.123216257573,13,-4.742465118790817,0.9171740290236485,-2.2645775560413797,0.1933960516419148,Bearish,11700.0,6,Tuesday,Asia,2022,1,106461.68771719717,77550.69085470466,71089.0031375075
328,330,2022-01-04 10:00:00,2022-01-04 10:30:00,1242.564961380948,1218.31517319032,-1,0.01951591179883072,2077.6969074434796,2,-0.0,1.951591179883072,1.0,1.951591179883072,Bearish,1800.0,10,Tuesday,London,2022,1,108539.38462464065,79628.38776214814,71089.0031375075
330,332,2022-01-04 10:30:00,2022-01-04 11:00:00,1218.31517319032,1230.487837306511,1,0.009991391705575836,1084.45950726694,2,0.0,0.9991391705575836,1.0,0.9991391705575836,Bearish,1800.0,10,Tuesday,London,2022,1,109623.8441319076,80712.84726941507,71089.0031375075
332,338,2022-01-04 11:00:00,2022-01-04 12:30:00,1230.487837306511,1227.698374106318,-1,0.002266957149531068,248.5125572139073,6,-2.9244779227947992,0.2266957149531068,1.0,0.07751664431662501,Bearish,5400.0,11,Tuesday,London,2022,1,109872.3566891215,80961.35982662898,71089.0031375075
338,342,2022-01-04 12:30:00,2022-01-04 13:30:00,1227.698374106318,1254.212364895069,1,0.021596502323342648,2372.858606507744,4,-0.6514405999044959,2.159650232334265,1.0,3.3151913354047617,Bearish,3600.0,12,Tuesday,London,2022,1,112245.21529562924,83334.21843313672,71089.0031375075
342,344,2022-01-04 13:30:00,2022-01-04 14:00:00,1254.212364895069,1226.525514385398,-1,0.02207508974127137,2477.8232006793405,2,-0.025897690475740198,2.207508974127137,1.0,85.23960760883419,Bearish,1800.0,13,Tuesday,NY_overlap,2022,1,114723.03849630858,85812.04163381606,71089.0031375075
344,346,2022-01-04 14:00:00,2022-01-04 14:30:00,1226.525514385398,1272.264051357875,1,0.03729114187681293,4278.153105104913,2,0.0,3.7291141876812928,1.0,3.7291141876812928,Bearish,1800.0,14,Tuesday,NY_overlap,2022,1,119001.19160141349,90090.19473892097,71089.0031375075
346,347,2022-01-04 14:30:00,2022-01-04 14:45:00,1272.264051357875,1237.253208780726,-1,0.027518534803983585,3274.7384327990153,1,-0.0,2.7518534803983585,1.0,2.7518534803983585,Bearish,900.0,14,Tuesday,NY_overlap,2022,1,122275.9300342125,93364.93317171998,71089.0031375075
347,348,2022-01-04 14:45:00,2022-01-04 15:00:00,1237.253208780726,1248.387163394029,1,0.008998929672831446,1100.3524950579365,1,0.0,0.8998929672831446,1.0,0.8998929672831446,Bearish,900.0,14,Tuesday,NY_overlap,2022,1,123376.28252927045,94465.28566677791,71089.0031375075
348,349,2022-01-04 15:00:00,2022-01-04 15:15:00,1248.387163394029,1233.094727123854,-1,0.01224975449811494,1511.3291718736298,1,-0.0,1.224975449811494,1.0,1.224975449811494,Bearish,900.0,15,Tuesday,NY_overlap,2022,1,124887.61170114408,95976.61483865154,71089.0031375075
349,354,2022-01-04 15:15:00,2022-01-04 16:30:00,1233.094727123854,1238.432224224479,1,0.004328537770228236,540.5807442819997,5,-1.6819069203577008,0.43285377702282357,1.0,0.25735893692069833,Bearish,4500.0,15,Tuesday,NY_overlap,2022,1,125428.19244542607,96517.19558293353,71089.0031375075
354,355,2022-01-04 16:30:00,2022-01-04 16:45:00,1238.432224224479,1222.646471513345,-1,0.012746561662685396,1598.7781892447936,1,-0.0,1.2746561662685396,1.0,1.2746561662685396,Bearish,900.0,16,Tuesday,NY,2022,1,127026.97063467087,98115.97377217833,71089.0031375075
355,358,2022-01-04 16:45:00,2022-01-04 17:30:00,1222.646471513345,1223.952463637722,1,0.0010681682357129851,135.6861751108015,3,-3.092896094722686,0.10681682357129851,1.0,0.034536182367573484,Bearish,2700.0,16,Tuesday,NY,2022,1,127162.65680978166,98251.65994728914,71089.0031375075
358,366,2022-01-04 17:30:00,2022-01-04 19:30:00,1223.952463637722,1296.16747835958,-1,-0.05900148646886727,-7502.7857751075435,8,-7.3557728112571,-0.0,0.0,-0.0,Bearish,7200.0,17,Tuesday,NY,2022,1,119659.87103467413,98251.65994728914,78591.78891261505
366,378,2022-01-04 19:30:00,2022-01-04 22:30:00,1296.16747835958,1217.054680330999,1,-0.061035938140266865,-7303.552486344678,12,-7.6885233367901655,0.0,0.0,0.0,Sideways,10800.0,19,Tuesday,NY,2022,1,112356.31854832945,98251.65994728914,85895.34139895973
378,379,2022-01-04 22:30:00,2022-01-04 22:45:00,1217.054680330999,1202.978294241094,-1,0.011565943845741278,1299.5068710441972,1,-0.0,1.1565943845741278,1.0,1.1565943845741278,Sideways,900.0,22,Tuesday,Late,2022,1,113655.82541937365,99551.16681833334,85895.34139895973
379,394,2022-01-04 22:45:00,2022-01-05 02:30:00,1202.978294241094,1116.606238987477,1,-0.07179851512458546,-8160.31950037014,15,-8.737385565248168,0.05397215586200321,-133.02880712818094,0.006177151672998219,Sideways,13500.0,22,Tuesday,Late,2022,1,105495.50591900351,99551.16681833334,94055.66089932987
394,395,2022-01-05 02:30:00,2022-01-05 02:45:00,1116.606238987477,1111.085592234409,-1,0.00494413031228802,521.5835286243052,1,-0.0,0.494413031228802,1.0,0.494413031228802,Bearish,900.0,2,Wednesday,Asia,2022,1,106017.0894476278,100072.75034695765,94055.66089932987
395,398,2022-01-05 02:45:00,2022-01-05 03:30:00,1111.085592234409,1109.649041622817,1,-0.0012929252450326612,-137.0721713517237,3,-1.4596348708122209,0.0,0.0,0.0,Bearish,2700.0,2,Wednesday,Asia,2022,1,105880.01727627609,100072.75034695765,94192.7330706816
398,401,2022-01-05 03:30:00,2022-01-05 04:15:00,1109.649041622817,1108.832360908299,-1,0.0007359810930163135,77.9256908435798,3,-1.9166353786216561,0.07359810930163135,1.0,0.038399640391986956,Bearish,2700.0,3,Wednesday,Asia,2022,1,105957.94296711967,100150.67603780123,94192.7330706816
401,403,2022-01-05 04:15:00,2022-01-05 04:45:00,1108.832360908299,1120.616868545871,1,0.010627853274338683,1126.1054711052939,2,0.0,1.0627853274338683,1.0,1.0627853274338683,Bearish,1800.0,4,Wednesday,Asia,2022,1,107084.04843822496,101276.78150890653,94192.7330706816
403,405,2022-01-05 04:45:00,2022-01-05 05:15:00,1120.616868545871,1111.979706220435,-1,0.007707506970374034,825.3510497534893,2,-0.01640946332126525,0.7707506970374034,1.0,46.96989060200262,Bearish,1800.0,4,Wednesday,Asia,2022,1,107909.39948797844,102102.13255866001,94192.7330706816
405,408,2022-01-05 05:15:00,2022-01-05 06:00:00,1111.979706220435,1115.742102465546,1,0.003383511609127421,365.1127059015435,3,-1.618424052681,0.3383511609127421,1.0,0.2090621183936599,Bearish,2700.0,5,Wednesday,Asia,2022,1,108274.51219387999,102467.24526456156,94192.7330706816
408,413,2022-01-05 06:00:00,2022-01-05 07:15:00,1115.742102465546,1119.126619652619,-1,-0.003033422490371196,-328.44234042288576,5,-2.012349037206329,0.4453257198516858,-0.6811693902120602,0.22129646081174628,Bearish,4500.0,6,Wednesday,Asia,2022,1,107946.06985345711,102467.24526456156,94521.17541110449
413,417,2022-01-05 07:15:00,2022-01-05 08:15:00,1119.126619652619,1126.148551514451,1,0.006274474879358616,677.3049036210068,4,-2.719421056422089,0.6274474879358616,1.0,0.23072833331716092,Bearish,3600.0,7,Wednesday,Asia,2022,1,108623.37475707811,103144.55016818256,94521.17541110449
417,423,2022-01-05 08:15:00,2022-01-05 09:45:00,1126.148551514451,1114.809706783867,-1,0.010068693615363111,1093.6954798957865,6,-0.8344692123222419,1.0068693615363111,1.0,1.2065985738818301,Bearish,5400.0,8,Wednesday,London,2022,1,109717.0702369739,104238.24564807834,94521.17541110449
423,424,2022-01-05 09:45:00,2022-01-05 10:00:00,1114.809706783867,1133.640755526952,1,0.016891715804494778,1853.309569344755,1,0.0,1.6891715804494778,1.0,1.6891715804494778,Bearish,900.0,9,Wednesday,London,2022,1,111570.37980631866,106091.5552174231,94521.17541110449
424,429,2022-01-05 10:00:00,2022-01-05 11:15:00,1133.640755526952,1131.967683742787,-1,0.00147583948090102,164.6599714172869,5,-1.243213147266009,0.16395711596307594,0.9001374976816422,0.13188174234131889,Bearish,4500.0,10,Wednesday,London,2022,1,111735.03977773595,106256.21518884039,94521.17541110449
429,431,2022-01-05 11:15:00,2022-01-05 11:45:00,1131.967683742787,1147.912923630643,1,0.014086303095804054,1573.9336367309104,2,-0.4333664550885241,1.4086303095804054,1.0,3.2504368832439128,Bearish,1800.0,11,Wednesday,London,2022,1,113308.97341446685,107830.1488255713,94521.17541110449
431,432,2022-01-05 11:45:00,2022-01-05 12:00:00,1147.912923630643,1135.136285277931,-1,0.011130320157300644,1261.1651507980828,1,-0.0,1.1130320157300644,1.0,1.1130320157300644,Bearish,900.0,11,Wednesday,London,2022,1,114570.13856526493,109091.31397636939,94521.17541110449
432,433,2022-01-05 12:00:00,2022-01-05 12:15:00,1135.136285277931,1144.663035319581,1,0.008392604628366218,961.5418751954012,1,0.0,0.8392604628366218,1.0,0.8392604628366218,Bearish,900.0,12,Wednesday,London,2022,1,115531.68044046033,110052.85585156479,94521.17541110449
433,437,2022-01-05 12:15:00,2022-01-05 13:15:00,1144.663035319581,1132.752367036348,-1,0.01040539260526363,1202.1524933288465,4,-0.6181211407973564,1.040539260526363,1.0,1.6833905068901234,Bearish,3600.0,12,Wednesday,London,2022,1,116733.83293378918,111255.00834489363,94521.17541110449
437,439,2022-01-05 13:15:00,2022-01-05 13:45:00,1132.752367036348,1166.307271399374,1,0.029622453538381555,3457.9425424383635,2,0.0,2.9622453538381555,1.0,2.9622453538381555,Sideways,1800.0,13,Wednesday,NY_overlap,2022,1,120191.77547622754,114712.950887332,94521.17541110449
439,449,2022-01-05 13:45:00,2022-01-05 16:15:00,1166.307271399374,1197.399320778781,-1,-0.026658540285101395,-3204.137288470873,10,-3.9575211893251305,-0.0,0.0,-0.0,Sideways,9000.0,13,Wednesday,NY_overlap,2022,1,116987.63818775667,114712.950887332,97725.31269957536
449,452,2022-01-05 16:15:00,2022-01-05 17:00:00,1197.399320778781,1234.55664996151,1,0.031031693886849787,3630.3245767880026,3,-0.2428826869608991,3.1031693886849787,1.0,12.776412462797515,Bullish,2700.0,16,Wednesday,NY,2022,1,120617.96276454467,118343.27546412,97725.31269957536
452,455,2022-01-05 17:00:00,2022-01-05 17:45:00,1234.55664996151,1204.803166789924,-1,0.024100541010016463,2906.9581581515467,3,-0.04477418713109138,2.4100541010016463,1.0,53.82686443743598,Bullish,2700.0,17,Wednesday,NY,2022,1,123524.92092269621,121250.23362227155,97725.31269957536
455,465,2022-01-05 17:45:00,2022-01-05 20:15:00,1204.803166789924,1163.321123985702,1,-0.0344305559178989,-4253.031697082931,10,-4.724138204009998,0.0,0.0,0.0,Bullish,9000.0,17,Wednesday,NY,2022,1,119271.8892256133,121250.23362227155,101978.34439665829
465,467,2022-01-05 20:15:00,2022-01-05 20:45:00,1163.321123985702,1134.783626921527,-1,0.02453105722554183,2925.8655399920053,2,-1.05215525053437,2.453105722554183,1.0,2.331505470612152,Bullish,1800.0,20,Wednesday,NY,2022,1,122197.75476560529,124176.09916226356,101978.34439665829
467,469,2022-01-05 20:45:00,2022-01-05 21:15:00,1134.783626921527,1150.094841208024,1,0.013492628835361176,1648.7689495667994,2,-0.9101930194683971,1.3492628835361176,1.0,1.4823920362783725,Sideways,1800.0,20,Wednesday,NY,2022,1,123846.5237151721,125824.86811183036,101978.34439665829
469,474,2022-01-05 21:15:00,2022-01-05 22:30:00,1150.094841208024,1151.997690256576,-1,-0.0016545148977047397,-204.90591851569556,5,-2.076158004987083,-0.0,0.0,-0.0,Sideways,4500.0,21,Wednesday,Late,2022,1,123641.6177966564,125824.86811183036,102183.25031517398
474,477,2022-01-05 22:30:00,2022-01-05 23:15:00,1151.997690256576,1157.690607884568,1,0.0049417786824936805,611.0095110965478,3,-0.701136657622492,0.49417786824936805,1.0,0.704823892570519,Sideways,2700.0,22,Wednesday,Late,2022,1,124252.62730775295,126435.87762292691,102183.25031517398
477,486,2022-01-05 23:15:00,2022-01-06 01:30:00,1157.690607884568,1190.160586022631,-1,-0.028047198376598192,-3484.938086914068,9,-4.687636297707365,-0.0,0.0,-0.0,Sideways,8100.0,23,Wednesday,Late,2022,1,120767.68922083887,126435.87762292691,105668.18840208805
486,495,2022-01-06 01:30:00,2022-01-06 03:45:00,1190.160586022631,1158.021064579585,1,-0.02700435707625992,-3261.253802994319,9,-3.730222283707574,0.1119235760940196,-24.12749665323001,0.030004532593906327,Bullish,8100.0,1,Thursday,Asia,2022,1,117506.43541784456,126435.87762292691,108929.44220508238
495,516,2022-01-06 03:45:00,2022-01-06 09:00:00,1158.021064579585,1264.313137550292,-1,-0.09178768523463421,-10785.643707176987,21,-11.102293772492011,-0.0,0.0,-0.0,Sideways,18900.0,3,Thursday,Asia,2022,1,106720.79171066757,126435.87762292691,119715.08591225937
516,533,2022-01-06 09:00:00,2022-01-06 13:15:00,1264.313137550292,1193.156764738947,1,-0.0562806560321093,-6006.316169742461,17,-7.881827375207429,0.0,0.0,0.0,Bullish,15300.0,9,Thursday,London,2022,1,100714.47554092511,126435.87762292691,125721.40208200183
533,536,2022-01-06 13:15:00,2022-01-06 14:00:00,1193.156764738947,1171.711158759179,-1,0.017973837649456037,1810.2256323226984,3,-0.21039899336792178,1.7973837649456037,1.0,8.542739374244741,Sideways,2700.0,13,Thursday,NY_overlap,2022,1,102524.70117324781,128246.10325524962,125721.40208200183
536,537,2022-01-06 14:00:00,2022-01-06 14:15:00,1171.711158759179,1197.098346623236,1,0.021666762899946734,2221.3783917086507,1,0.0,2.1666762899946734,1.0,2.1666762899946734,Sideways,900.0,14,Thursday,NY_overlap,2022,1,104746.07956495645,130467.48164695827,125721.40208200183
537,538,2022-01-06 14:15:00,2022-01-06 14:30:00,1197.098346623236,1176.355820312296,-1,0.01732733686371757,1814.9706057757633,1,-0.0,1.7327336863717568,1.0,1.7327336863717568,Sideways,900.0,14,Thursday,NY_overlap,2022,1,106561.05017073223,132282.45225273405,125721.40208200183
538,546,2022-01-06 14:30:00,2022-01-06 16:30:00,1176.355820312296,1160.537126100056,1,-0.01344720189172055,-1432.9479554395984,8,-3.6097899453384485,0.0,0.0,0.0,Sideways,7200.0,14,Thursday,NY_overlap,2022,1,105128.10221529263,132282.45225273405,127154.35003744143
546,550,2022-01-06 16:30:00,2022-01-06 17:30:00,1160.537126100056,1158.656847476153,-1,0.001620179640630326,170.32641086732093,4,-1.0522506404147647,0.1620179640630326,1.0,0.15397278731916011,Sideways,3600.0,16,Thursday,NY,2022,1,105298.42862615995,132452.77866360138,127154.35003744143
550,551,2022-01-06 17:30:00,2022-01-06 17:45:00,1158.656847476153,1175.797641158934,1,0.01479367572902901,1557.7508078717156,1,0.0,1.479367572902901,1.0,1.479367572902901,Sideways,900.0,17,Thursday,NY,2022,1,106856.17943403166,134010.5294714731,127154.35003744143
551,552,2022-01-06 17:45:00,2022-01-06 18:00:00,1175.797641158934,1143.887455244044,-1,0.027139181775732713,2899.989277520496,1,-0.0,2.7139181775732713,1.0,2.7139181775732713,Sideways,900.0,17,Thursday,NY,2022,1,109756.16871155216,136910.5187489936,127154.35003744143
552,555,2022-01-06 18:00:00,2022-01-06 18:45:00,1143.887455244044,1157.407067380682,1,0.0118190055102525,1297.2087627860378,3,0.0,1.18190055102525,1.0,1.18190055102525,Bearish,2700.0,18,Thursday,NY,2022,1,111053.3774743382,138207.72751177964,127154.35003744143
555,558,2022-01-06 18:45:00,2022-01-06 19:30:00,1157.407067380682,1135.82425133576,-1,0.018647558541150078,2070.8743576451584,3,-2.105060282737181,1.8647558541150078,1.0,0.8858443957197707,Bearish,2700.0,18,Thursday,NY,2022,1,113124.25183198335,140278.6018694248,127154.35003744143
558,561,2022-01-06 19:30:00,2022-01-06 20:15:00,1135.82425133576,1144.065918922943,1,0.007256111654149411,820.842202084987,3,-1.350784285280826,0.7256111654149411,1.0,0.5371776776808501,Bearish,2700.0,19,Thursday,NY,2022,1,113945.09403406834,141099.4440715098,127154.35003744143
561,564,2022-01-06 20:15:00,2022-01-06 21:00:00,1144.065918922943,1127.654125664981,-1,0.014345146539643916,1634.5590713922154,3,-1.466331067137383,1.4345146539643916,1.0,0.9783020261344497,Bearish,2700.0,20,Thursday,NY,2022,1,115579.65310546056,142734.00314290202,127154.35003744143
564,567,2022-01-06 21:00:00,2022-01-06 21:45:00,1127.654125664981,1148.786856222228,1,0.01874043651885282,2166.013151893913,3,-0.6237579231572532,1.874043651885282,1.0,3.004440636841136,Bearish,2700.0,21,Thursday,Late,2022,1,117745.66625735446,144900.01629479593,127154.35003744143
567,568,2022-01-06 21:45:00,2022-01-06 22:00:00,1148.786856222228,1121.119283254195,-1,0.024084165672836444,2835.806133400632,1,-0.0,2.4084165672836444,1.0,2.4084165672836444,Bearish,900.0,21,Thursday,Late,2022,1,120581.4723907551,147735.82242819655,127154.35003744143
568,572,2022-01-06 22:00:00,2022-01-06 23:00:00,1121.119283254195,1114.661120102781,1,-0.005760460325566985,-694.6047877053953,4,-2.021084821407304,0.0,0.0,0.0,Bearish,3600.0,22,Thursday,Late,2022,1,119886.8676030497,147735.82242819655,127848.95482514682
572,574,2022-01-06 23:00:00,2022-01-06 23:30:00,1114.661120102781,1094.979190452429,-1,0.017657321400550097,2116.8809529722453,2,-0.019458087768486898,1.7657321400550097,1.0,90.745409367239,Bearish,1800.0,23,Thursday,Late,2022,1,122003.74855602195,149852.7033811688,127848.95482514682
574,576,2022-01-06 23:30:00,2022-01-07 00:00:00,1094.979190452429,1108.46352372333,1,0.012314693638451057,1502.4387862100255,2,0.0,1.2314693638451057,1.0,1.2314693638451057,Bearish,1800.0,23,Thursday,Late,2022,1,123506.18734223198,151355.14216737883,127848.95482514682
576,577,2022-01-07 00:00:00,2022-01-07 00:15:00,1108.46352372333,1092.70019632478,-1,0.014220880580355755,1756.366741128926,1,-0.0,1.4220880580355755,1.0,1.4220880580355755,Bearish,900.0,0,Friday,Asia,2022,1,125262.5540833609,153111.50890850776,127848.95482514682
577,580,2022-01-07 00:15:00,2022-01-07 01:00:00,1092.70019632478,1089.592439607824,1,-0.0028441074023861646,-356.26015731028394,3,-1.9755856402155159,0.0,0.0,0.0,Bearish,2700.0,0,Friday,Asia,2022,1,124906.29392605061,153111.50890850776,128205.21498245711
580,582,2022-01-07 01:00:00,2022-01-07 01:30:00,1089.592439607824,1058.83431147775,-1,0.028229021248665,3525.982425330478,2,-0.0,2.8229021248665,1.0,2.8229021248665,Bearish,1800.0,1,Friday,Asia,2022,1,128432.2763513811,156637.49133383823,128205.21498245711
582,589,2022-01-07 01:30:00,2022-01-07 03:15:00,1058.83431147775,1067.79678598649,1,0.00846447306399778,1087.111543724184,7,-3.0603920297246567,0.8464473063997779,1.0,0.2765813327764851,Bearish,6300.0,1,Friday,Asia,2022,1,129519.38789510528,157724.60287756243,128205.21498245711
589,594,2022-01-07 03:15:00,2022-01-07 04:30:00,1067.79678598649,1062.990461079874,-1,0.004501160679347582,582.987576006615,5,-0.7034985590148812,0.4501160679347582,1.0,0.6398251455767898,Bearish,4500.0,3,Friday,Asia,2022,1,130102.37547111188,158307.59045356905,128205.21498245711
594,595,2022-01-07 04:30:00,2022-01-07 04:45:00,1062.990461079874,1082.389794385633,1,0.018249771767520517,2374.338658760051,1,0.0,1.8249771767520517,1.0,1.8249771767520517,Bearish,900.0,4,Friday,Asia,2022,1,132476.71412987195,160681.9291123291,128205.21498245711
595,597,2022-01-07 04:45:00,2022-01-07 05:15:00,1082.389794385633,1061.600561743034,-1,0.01920678922734953,2544.452325824287,2,-0.0,1.920678922734953,1.0,1.920678922734953,Bearish,1800.0,4,Friday,Asia,2022,1,135021.16645569622,163226.3814381534,128205.21498245711
597,601,2022-01-07 05:15:00,2022-01-07 06:15:00,1061.600561743034,1071.251244827005,1,0.009090691387847016,1227.4357550758562,4,-0.9881741558738222,0.9090691387847016,1.0,0.9199483040323296,Bearish,3600.0,5,Friday,Asia,2022,1,136248.60221077208,164453.81719322925,128205.21498245711
601,605,2022-01-07 06:15:00,2022-01-07 07:15:00,1071.251244827005,1077.582434423475,-1,-0.005910088438209948,-805.2412886481504,4,-1.8997397354347578,-0.0,0.0,-0.0,Bearish,3600.0,6,Friday,Asia,2022,1,135443.36092212395,164453.81719322925,129010.45627110526
605,609,2022-01-07 07:15:00,2022-01-07 08:15:00,1077.582434423475,1080.902277563605,1,0.003080825219563099,417.2773221512665,4,-1.4248980828775126,0.3080825219563099,1.0,0.21621372479788323,Bearish,3600.0,7,Friday,Asia,2022,1,135860.6382442752,164871.0945153805,129010.45627110526
609,610,2022-01-07 08:15:00,2022-01-07 08:30:00,1080.902277563605,1071.634350500017,-1,0.008574250657032656,1164.9031667308525,1,-0.0,0.8574250657032656,1.0,0.8574250657032656,Bearish,900.0,8,Friday,London,2022,1,137025.54141100607,166035.99768211137,129010.45627110526
610,611,2022-01-07 08:30:00,2022-01-07 08:45:00,1071.634350500017,1080.944662394738,1,0.008687955822223259,1190.471850295044,1,0.0,0.8687955822223259,1.0,0.8687955822223259,Bearish,900.0,8,Friday,London,2022,1,138216.0132613011,167226.46953240642,129010.45627110526
611,620,2022-01-07 08:45:00,2022-01-07 11:00:00,1080.944662394738,1138.348449547735,-1,-0.053105204318067534,-7339.989624270126,9,-6.461203459973897,-0.0,0.0,-0.0,Bearish,8100.0,8,Friday,London,2022,1,130876.02363703097,167226.46953240642,136350.4458953754
620,622,2022-01-07 11:00:00,2022-01-07 11:30:00,1138.348449547735,1154.218841180776,1,0.01394159375307824,1824.6203535657512,2,0.0,1.394159375307824,1.0,1.394159375307824,Sideways,1800.0,11,Friday,London,2022,1,132700.64399059673,169051.08988597218,136350.4458953754
622,623,2022-01-07 11:30:00,2022-01-07 11:45:00,1154.218841180776,1139.479916656652,-1,0.012769610058562253,1694.5354782800125,1,-0.0,1.2769610058562253,1.0,1.2769610058562253,Bullish,900.0,11,Friday,London,2022,1,134395.17946887674,170745.6253642522,136350.4458953754
623,627,2022-01-07 11:45:00,2022-01-07 12:45:00,1139.479916656652,1124.918635435933,1,-0.012778883601075819,-1717.4203549784706,4,-3.0203584935094896,0.0,0.0,0.0,Sideways,3600.0,11,Friday,London,2022,1,132677.75911389827,170745.6253642522,138067.86625035387
627,630,2022-01-07 12:45:00,2022-01-07 13:30:00,1124.918635435933,1121.282989626344,-1,0.0032319189095664225,428.80375855910654,3,-1.86245334553099,0.32319189095664225,1.0,0.1735301943171626,Sideways,2700.0,12,Friday,London,2022,1,133106.56287245738,171174.4291228113,138067.86625035387
630,631,2022-01-07 13:30:00,2022-01-07 13:45:00,1121.282989626344,1143.344246406308,1,0.019675012449190676,2618.87328158458,1,0.0,1.9675012449190676,1.0,1.9675012449190676,Sideways,900.0,13,Friday,NY_overlap,2022,1,135725.43615404196,173793.3024043959,138067.86625035387
631,634,2022-01-07 13:45:00,2022-01-07 14:30:00,1143.344246406308,1123.722572880632,-1,0.017161649772017173,2329.2724004299457,3,-0.0,1.7161649772017173,1.0,1.7161649772017173,Bullish,2700.0,13,Friday,NY_overlap,2022,1,138054.7085544719,176122.57480482582,138067.86625035387
634,638,2022-01-07 14:30:00,2022-01-07 15:30:00,1123.722572880632,1130.71300971881,1,0.006220785278218788,858.8086985644442,4,-1.7315158243220385,0.6220785278218788,1.0,0.3592681736336131,Bullish,3600.0,14,Friday,NY_overlap,2022,1,138913.51725303635,176981.38350339027,138067.86625035387
638,639,2022-01-07 15:30:00,2022-01-07 15:45:00,1130.71300971881,1118.27217560238,-1,0.011002645241982245,1528.416149651139,1,-0.0,1.1002645241982245,1.0,1.1002645241982245,Bullish,900.0,15,Friday,NY_overlap,2022,1,140441.9334026875,178509.7996530414,138067.86625035387
639,646,2022-01-07 15:45:00,2022-01-07 17:30:00,1118.27217560238,1071.464812804353,1,-0.04185686080655038,-5878.458457839108,7,-5.745207834450239,0.0,0.0,0.0,Bullish,6300.0,15,Friday,NY_overlap,2022,1,134563.4749448484,178509.7996530414,143946.32470819296
646,647,2022-01-07 17:30:00,2022-01-07 17:45:00,1071.464812804353,1054.664475014645,-1,0.015679784897215998,2109.9263421571372,1,-0.0,1.5679784897215998,1.0,1.5679784897215998,Sideways,900.0,17,Friday,NY,2022,1,136673.40128700552,180619.72599519853,143946.32470819296
647,649,2022-01-07 17:45:00,2022-01-07 18:15:00,1054.664475014645,1074.717641431951,1,0.019013787694923234,2598.679035614171,2,-0.8095314866380932,1.9013787694923234,1.0,2.3487397351134143,Sideways,1800.0,17,Friday,NY,2022,1,139272.0803226197,183218.4050308127,143946.32470819296
649,652,2022-01-07 18:15:00,2022-01-07 19:00:00,1074.717641431951,1064.557815319243,-1,0.009453484079009922,1316.606393980476,3,-0.0,1.1293448405964912,0.8370768377546075,1.1293448405964912,Sideways,2700.0,18,Friday,NY,2022,1,140588.68671660015,184535.01142479316,143946.32470819296
652,655,2022-01-07 19:00:00,2022-01-07 19:45:00,1064.557815319243,1063.674870905807,1,-0.0008294001516218064,-116.6042780790588,3,-1.9048272885066275,0.0,0.0,0.0,Sideways,2700.0,19,Friday,NY,2022,1,140472.0824385211,184535.01142479316,144062.92898627202
655,656,2022-01-07 19:45:00,2022-01-07 20:00:00,1063.674870905807,1044.389961499834,-1,0.018130455022924652,2546.8227726281702,1,-0.0,1.8130455022924652,1.0,1.8130455022924652,Sideways,900.0,19,Friday,NY,2022,1,143018.90521114928,187081.83419742133,144062.92898627202
656,658,2022-01-07 20:00:00,2022-01-07 20:30:00,1044.389961499834,1069.227084202515,1,0.023781464412979236,3401.1990046621963,2,0.0,2.3781464412979236,1.0,2.3781464412979236,Bearish,1800.0,20,Friday,NY,2022,1,146420.10421581147,190483.03320208352,144062.92898627202
658,663,2022-01-07 20:30:00,2022-01-07 21:45:00,1069.227084202515,1063.147540955943,-1,0.005685923351919642,832.5334897511899,5,-1.6303045983764308,0.6838316299631941,0.8314800168318736,0.41945022460477666,Sideways,4500.0,20,Friday,NY,2022,1,147252.63770556267,191315.5666918347,144062.92898627202
663,667,2022-01-07 21:45:00,2022-01-07 22:45:00,1063.147540955943,1065.278759472963,1,0.0020046309989145694,295.1872022165072,4,-0.5076871561836893,0.20046309989145694,1.0,0.39485556695652585,Bearish,3600.0,21,Friday,Late,2022,1,147547.82490777917,191610.75389405122,144062.92898627202
667,668,2022-01-07 22:45:00,2022-01-07 23:00:00,1065.278759472963,1055.066655928634,-1,0.00958632043821217,1414.440729527194,1,-0.0,0.958632043821217,1.0,0.958632043821217,Bearish,900.0,22,Friday,Late,2022,1,148962.26563730635,193025.1946235784,144062.92898627202
668,672,2022-01-07 23:00:00,2022-01-08 00:00:00,1055.066655928634,1063.582704136969,1,0.00807157363990374,1202.3598966584204,4,-1.1290294409373014,0.807157363990374,1.0,0.7149125919340823,Bearish,3600.0,23,Friday,Late,2022,1,150164.62553396478,194227.55452023682,144062.92898627202
672,677,2022-01-08 00:00:00,2022-01-08 01:15:00,1063.582704136969,1061.703339886206,-1,0.0017670127987722273,265.3428152413545,5,-1.4712393403399915,0.17670127987722273,1.0,0.12010369423399764,Bearish,4500.0,0,Saturday,Asia,2022,1,150429.96834920614,194492.8973354782,144062.92898627202
677,680,2022-01-08 01:15:00,2022-01-08 02:00:00,1061.703339886206,1067.466170688083,1,0.0054279105898775715,816.5204182376037,3,0.0,0.5427910589877571,1.0,0.5427910589877571,Bearish,2700.0,1,Saturday,Asia,2022,1,151246.48876744375,195309.4177537158,144062.92898627202
680,681,2022-01-08 02:00:00,2022-01-08 02:15:00,1067.466170688083,1064.803739265575,-1,0.002494159998336798,377.23294217265396,1,-0.0,0.2494159998336798,1.0,0.2494159998336798,Bearish,900.0,2,Saturday,Asia,2022,1,151623.7217096164,195686.65069588844,144062.92898627202
681,683,2022-01-08 02:15:00,2022-01-08 02:45:00,1064.803739265575,1086.566984938449,1,0.02043873896224735,3098.997668507285,2,-0.049880450927730635,2.043873896224735,1.0,40.97544946387924,Bearish,1800.0,2,Saturday,Asia,2022,1,154722.71937812367,198785.64836439572,144062.92898627202
683,690,2022-01-08 02:45:00,2022-01-08 04:30:00,1086.566984938449,1093.083852229978,-1,-0.005997667315373212,-927.9753969598337,7,-2.17991903154906,-0.0,0.0,-0.0,Bearish,6300.0,2,Saturday,Asia,2022,1,153794.74398116383,198785.64836439572,144990.90438323186
690,692,2022-01-08 04:30:00,2022-01-08 05:00:00,1093.083852229978,1112.622807661672,1,0.017875074626555687,2749.092525835329,2,-0.7193776813940733,1.7875074626555687,1.0,2.4847969417004703,Sideways,1800.0,4,Saturday,Asia,2022,1,156543.83650699916,201534.74089023104,144990.90438323186
692,700,2022-01-08 05:00:00,2022-01-08 07:00:00,1112.622807661672,1152.571217989185,-1,-0.03590471995758393,-5620.662610869607,8,-4.6235643573515395,-0.0,0.0,-0.0,Bullish,7200.0,5,Saturday,Asia,2022,1,150923.17389612956,201534.74089023104,150611.56699410145
700,705,2022-01-08 07:00:00,2022-01-08 08:15:00,1152.571217989185,1153.916798732052,1,0.0011674599555024923,176.1967618810703,5,-3.521964301214653,0.11674599555024923,1.0,0.03314797810698591,Bullish,4500.0,7,Saturday,Asia,2022,1,151099.37065801062,201710.9376521121,150611.56699410145
705,708,2022-01-08 08:15:00,2022-01-08 09:00:00,1153.916798732052,1143.902186320206,-1,0.008678799392512704,1311.3611262757943,3,-0.6060433576947855,0.8678799392512704,1.0,1.4320426554173218,Bullish,2700.0,8,Saturday,London,2022,1,152410.7317842864,203022.2987783879,150611.56699410145
708,719,2022-01-08 09:00:00,2022-01-08 11:45:00,1143.902186320206,1089.476669476995,1,-0.04757882054434326,-7251.522856596595,11,-7.213713793562182,0.0,0.0,0.0,Bullish,9900.0,9,Saturday,London,2022,1,145159.20892768982,203022.2987783879,157863.08985069804
719,726,2022-01-08 11:45:00,2022-01-08 13:30:00,1089.476669476995,1125.333698481815,-1,-0.03291215866240904,-4777.50291553791,7,-5.310157389012593,0.08944937278224652,-36.7941748932434,0.016844956981374774,Bullish,6300.0,11,Saturday,London,2022,1,140381.7060121519,203022.2987783879,162640.59276623596
726,727,2022-01-08 13:30:00,2022-01-08 13:45:00,1125.333698481815,1138.506181973727,1,0.011705402148432187,1643.2243231552181,1,0.0,1.1705402148432187,1.0,1.1705402148432187,Bullish,900.0,13,Saturday,NY_overlap,2022,1,142024.93033530714,204665.5231015431,162640.59276623596
727,734,2022-01-08 13:45:00,2022-01-08 15:30:00,1138.506181973727,1175.08487688679,-1,-0.03212867483042525,-4563.07280455688,7,-5.937448002466605,-0.0,0.0,-0.0,Bullish,6300.0,13,Saturday,NY_overlap,2022,1,137461.85753075025,204665.5231015431,167203.66557079283
734,735,2022-01-08 15:30:00,2022-01-08 15:45:00,1175.08487688679,1192.377158248398,1,0.014715772198023114,2022.8573813396283,1,0.0,1.4715772198023114,1.0,1.4715772198023114,Bullish,900.0,15,Saturday,NY_overlap,2022,1,139484.71491208987,206688.38048288273,167203.66557079283
735,748,2022-01-08 15:45:00,2022-01-08 19:00:00,1192.377158248398,1260.755221943861,-1,-0.05734600266572554,-7998.890833176671,13,-7.061354375907181,-0.0,0.0,-0.0,Bullish,11700.0,15,Saturday,NY_overlap,2022,1,131485.8240789132,206688.38048288273,175202.5564039695
748,749,2022-01-08 19:00:00,2022-01-08 19:15:00,1260.755221943861,1276.376808790153,1,0.012390658055103199,1629.1958852552675,1,0.0,1.2390658055103199,1.0,1.2390658055103199,Bullish,900.0,19,Saturday,NY,2022,1,133115.0199641685,208317.576368138,175202.5564039695
749,751,2022-01-08 19:15:00,2022-01-08 19:45:00,1276.376808790153,1275.015669800901,-1,0.0010664084303931842,141.95497950174624,2,-2.16426634505662,0.10664084303931842,1.0,0.04927343775542957,Bullish,1800.0,19,Saturday,NY,2022,1,133256.9749436702,208459.53134763974,175202.5564039695
751,752,2022-01-08 19:45:00,2022-01-08 20:00:00,1275.015669800901,1285.309183961847,1,0.008073245219451852,1075.8162359226005,1,0.0,0.8073245219451852,1.0,0.8073245219451852,Bullish,900.0,19,Saturday,NY,2022,1,134332.79117959284,209535.34758356234,175202.5564039695
752,754,2022-01-08 20:00:00,2022-01-08 20:30:00,1285.309183961847,1280.10261815631,-1,0.004050827513336852,544.1589664536284,2,-0.0,0.4050827513336852,1.0,0.4050827513336852,Bullish,1800.0,20,Saturday,NY,2022,1,134876.95014604647,210079.50655001597,175202.5564039695
754,755,2022-01-08 20:30:00,2022-01-08 20:45:00,1280.10261815631,1290.222712371326,1,0.007905689802893745,1066.295329415007,1,0.0,0.7905689802893745,1.0,0.7905689802893745,Bullish,900.0,20,Saturday,NY,2022,1,135943.24547546147,211145.80187943098,175202.5564039695
755,761,2022-01-08 20:45:00,2022-01-08 22:15:00,1290.222712371326,1298.791742384184,-1,-0.006641512299150998,-902.8687368117802,6,-1.9153311025213116,0.03374276952542443,-19.68277172431494,0.017617199178254862,Bullish,5400.0,20,Saturday,NY,2022,1,135040.37673864968,211145.80187943098,176105.42514078127
761,762,2022-01-08 22:15:00,2022-01-08 22:30:00,1298.791742384184,1304.477446490162,1,0.004377687292298926,591.1645411960461,1,0.0,0.43776872922989263,1.0,0.43776872922989263,Bullish,900.0,22,Saturday,Late,2022,1,135631.54127984573,211736.96642062702,176105.42514078127
762,763,2022-01-08 22:30:00,2022-01-08 22:45:00,1304.477446490162,1290.98563907226,-1,0.01034269120880793,1402.79514963213,1,-0.0,1.034269120880793,1.0,1.034269120880793,Bullish,900.0,22,Saturday,Late,2022,1,137034.33642947784,213139.76157025914,176105.42514078127
763,765,2022-01-08 22:45:00,2022-01-08 23:15:00,1290.98563907226,1321.784602263825,1,0.02385693710249015,3269.219545079527,2,0.0,2.385693710249015,1.0,2.385693710249015,Bullish,1800.0,22,Saturday,Late,2022,1,140303.55597455738,216408.98111533868,176105.42514078127
765,767,2022-01-08 23:15:00,2022-01-08 23:45:00,1321.784602263825,1298.969959709987,-1,0.0172604844350307,2421.7073440783056,2,-0.0,1.7260484435030699,1.0,1.7260484435030699,Bullish,1800.0,23,Saturday,Late,2022,1,142725.2633186357,218830.688459417,176105.42514078127
767,770,2022-01-08 23:45:00,2022-01-09 00:30:00,1298.969959709987,1307.310124964672,1,0.006420599023357676,916.3816862720993,3,-0.5138725271650157,0.6420599023357676,1.0,1.2494536453971357,Bullish,2700.0,23,Saturday,Late,2022,1,143641.6450049078,219747.0701456891,176105.42514078127
770,773,2022-01-09 00:30:00,2022-01-09 01:15:00,1307.310124964672,1301.846498142954,-1,0.00417928899760156,600.3199465664002,3,-0.8833154290115441,0.417928899760156,1.0,0.4731366463595351,Bullish,2700.0,0,Sunday,Asia,2022,1,144241.9649514742,220347.3900922555,176105.42514078127
773,774,2022-01-09 01:15:00,2022-01-09 01:30:00,1301.846498142954,1312.236607172157,1,0.007981055404015835,1151.2031138618256,1,0.0,0.7981055404015835,1.0,0.7981055404015835,Bullish,900.0,1,Sunday,Asia,2022,1,145393.168065336,221498.5932061173,176105.42514078127
774,782,2022-01-09 01:30:00,2022-01-09 03:30:00,1312.236607172157,1352.424100228949,-1,-0.030625188199402187,-4452.693134908226,8,-4.008237002659798,-0.0,0.0,-0.0,Bullish,7200.0,1,Sunday,Asia,2022,1,140940.4749304278,221498.5932061173,180558.11827568949
782,788,2022-01-09 03:30:00,2022-01-09 05:00:00,1352.424100228949,1328.867386063227,1,-0.017418141366849493,-2454.9211166490977,6,-3.8986567348629153,0.0,0.0,0.0,Bullish,5400.0,3,Sunday,Asia,2022,1,138485.55381377868,221498.5932061173,183013.03939233857
788,791,2022-01-09 05:00:00,2022-01-09 05:45:00,1328.867386063227,1303.578749535061,-1,0.019030218359925133,2635.410328771371,3,-0.6412308980792814,1.9030218359925133,1.0,2.967763783206256,Bullish,2700.0,5,Sunday,Asia,2022,1,141120.96414255007,224134.00353488867,183013.03939233857
791,799,2022-01-09 05:45:00,2022-01-09 07:45:00,1303.578749535061,1297.131822769303,1,-0.004945559881255668,-697.9221786675151,8,-2.7865141921140313,0.0,0.0,0.0,Bullish,7200.0,5,Sunday,Asia,2022,1,140423.04196388257,224134.00353488867,183710.96157100608
799,802,2022-01-09 07:45:00,2022-01-09 08:30:00,1297.131822769303,1274.0329996007,-1,0.017807614278777306,2500.59936714538,3,-0.0,1.7807614278777306,1.0,1.7807614278777306,Sideways,2700.0,7,Sunday,Asia,2022,1,142923.64133102793,226634.60290203406,183710.96157100608
802,807,2022-01-09 08:30:00,2022-01-09 09:45:00,1274.0329996007,1287.483576054169,1,0.010557478854695823,1508.9133211884573,5,-0.33819755744876057,1.0557478854695823,1.0,3.121689859127785,Sideways,4500.0,8,Sunday,London,2022,1,144432.55465221638,228143.5162232225,183710.96157100608
807,809,2022-01-09 09:45:00,2022-01-09 10:15:00,1287.483576054169,1276.528961281601,-1,0.0085085471972709,1228.9112080807915,2,-0.0,0.8508547197270899,1.0,0.8508547197270899,Sideways,1800.0,9,Sunday,London,2022,1,145661.46586029718,229372.4274313033,183710.96157100608
809,811,2022-01-09 10:15:00,2022-01-09 10:45:00,1276.528961281601,1299.920873666252,1,0.01832462332947471,2669.1914955090856,2,0.0,1.832462332947471,1.0,1.832462332947471,Sideways,1800.0,10,Sunday,London,2022,1,148330.65735580627,232041.6189268124,183710.96157100608
811,813,2022-01-09 10:45:00,2022-01-09 11:15:00,1299.920873666252,1283.226874823255,-1,0.012842319237411526,1904.9096544583683,2,-0.0,1.2842319237411526,1.0,1.2842319237411526,Sideways,1800.0,10,Sunday,London,2022,1,150235.5670102646,233946.52858127077,183710.96157100608
813,814,2022-01-09 11:15:00,2022-01-09 11:30:00,1283.226874823255,1292.049995023948,1,0.0068757289718610615,1032.9790406964505,1,0.0,0.6875728971861061,1.0,0.6875728971861061,Sideways,900.0,11,Sunday,London,2022,1,151268.54605096107,234979.50762196723,183710.96157100608
814,815,2022-01-09 11:30:00,2022-01-09 11:45:00,1292.049995023948,1286.749699876395,-1,0.00410223688554312,620.5394092327307,1,-0.0,0.410223688554312,1.0,0.410223688554312,Sideways,900.0,11,Sunday,London,2022,1,151889.0854601938,235600.04703119997,183710.96157100608
815,816,2022-01-09 11:45:00,2022-01-09 12:00:00,1286.749699876395,1295.743071943159,1,0.006989216370229645,1061.5856825575963,1,0.0,0.6989216370229645,1.0,0.6989216370229645,Sideways,900.0,11,Sunday,London,2022,1,152950.6711427514,236661.63271375757,183710.96157100608
816,817,2022-01-09 12:00:00,2022-01-09 12:15:00,1295.743071943159,1263.044474012487,-1,0.025235402479625635,3859.7717458161947,1,-0.0,2.5235402479625635,1.0,2.5235402479625635,Sideways,900.0,12,Sunday,London,2022,1,156810.4428885676,240521.40445957377,183710.96157100608
817,832,2022-01-09 12:15:00,2022-01-09 16:00:00,1263.044474012487,1114.589910083705,1,-0.11753708359703752,-18431.04213468205,15,-13.026035865425778,0.0493805309054407,-238.02312660856262,0.0037909100984827217,Sideways,13500.0,12,Sunday,London,2022,1,138379.40075388557,240521.40445957377,202142.0037056881
832,833,2022-01-09 16:00:00,2022-01-09 16:15:00,1114.589910083705,1110.456410415285,-1,0.003708538567435582,513.185344634409,1,-0.0,0.3708538567435582,1.0,0.3708538567435582,Bearish,900.0,16,Sunday,NY,2022,1,138892.58609851997,241034.58980420817,202142.0037056881
833,834,2022-01-09 16:15:00,2022-01-09 16:30:00,1110.456410415285,1112.492342993736,1,0.001833419627601085,254.6483934813001,1,0.0,0.1833419627601085,1.0,0.1833419627601085,Bearish,900.0,16,Sunday,NY,2022,1,139147.23449200127,241289.23819768947,202142.0037056881
834,838,2022-01-09 16:30:00,2022-01-09 17:30:00,1112.492342993736,1094.305494735112,-1,0.016347841289121035,2274.756905295345,4,-0.985682391993925,1.6347841289121035,1.0,1.6585303158404994,Bearish,3600.0,16,Sunday,NY,2022,1,141421.9913972966,243563.9951029848,202142.0037056881
838,851,2022-01-09 17:30:00,2022-01-09 20:45:00,1094.305494735112,1038.994998841682,1,-0.05054392595078627,-7148.022660997693,13,-6.599666137345017,0.0,0.0,0.0,Bearish,11700.0,17,Sunday,NY,2022,1,134273.9687362989,243563.9951029848,209290.0263666858
851,852,2022-01-09 20:45:00,2022-01-09 21:00:00,1038.994998841682,1027.535684121023,-1,0.011029229912977834,1480.9384725206382,1,-0.0,1.1029229912977834,1.0,1.1029229912977834,Bearish,900.0,20,Sunday,NY,2022,1,135754.90720881955,245044.93357550545,209290.0263666858
852,854,2022-01-09 21:00:00,2022-01-09 21:30:00,1027.535684121023,1044.522777116217,1,0.016531876466874262,2244.283355748183,2,-0.16324255689433853,1.6531876466874262,1.0,10.12718544807822,Bearish,1800.0,21,Sunday,Late,2022,1,137999.19056456775,247289.21693125364,209290.0263666858
854,855,2022-01-09 21:30:00,2022-01-09 21:45:00,1044.522777116217,1018.089512307114,-1,0.025306547054992468,3492.283009573106,1,-0.0,2.5306547054992468,1.0,2.5306547054992468,Bearish,900.0,21,Sunday,Late,2022,1,141491.47357414087,250781.49994082676,209290.0263666858
855,857,2022-01-09 21:45:00,2022-01-09 22:15:00,1018.089512307114,1032.91515005567,1,0.014562214392091377,2060.429172839571,2,0.0,1.4562214392091377,1.0,1.4562214392091377,Bearish,1800.0,21,Sunday,Late,2022,1,143551.90274698043,252841.92911366632,209290.0263666858
857,859,2022-01-09 22:15:00,2022-01-09 22:45:00,1032.91515005567,1027.4860073795,-1,0.0052561361655673045,754.5283476644044,2,-0.0,0.5256136165567304,1.0,0.5256136165567304,Bearish,1800.0,22,Sunday,Late,2022,1,144306.43109464482,253596.45746133072,209290.0263666858
859,860,2022-01-09 22:45:00,2022-01-09 23:00:00,1027.4860073795,1046.134048077439,1,0.018149191876100534,2619.0451068919892,1,0.0,1.8149191876100534,1.0,1.8149191876100534,Bearish,900.0,22,Sunday,Late,2022,1,146925.4762015368,256215.5025682227,209290.0263666858
860,863,2022-01-09 23:00:00,2022-01-09 23:45:00,1046.134048077439,1042.366565739395,-1,0.00360133803595053,529.1283058947389,3,-0.9048795392689657,0.3912961514956903,0.9203612205703471,0.43242899691577813,Bearish,2700.0,23,Sunday,Late,2022,1,147454.60450743156,256744.63087411743,209290.0263666858
863,864,2022-01-09 23:45:00,2022-01-10 00:00:00,1042.366565739395,1058.743785152817,1,0.015711573981467053,2316.743927626476,1,0.0,1.5711573981467053,1.0,1.5711573981467053,Bearish,900.0,23,Sunday,Late,2022,1,149771.34843505803,259061.3748017439,209290.0263666858
864,867,2022-01-10 00:00:00,2022-01-10 00:45:00,1058.743785152817,1052.220204556505,-1,0.006161623508723069,922.8346614506073,3,-1.0115079407117422,0.6161623508723069,1.0,0.6091522627481772,Bearish,2700.0,0,Monday,Asia,2022,1,150694.18309650864,259984.2094631945,209290.0263666858
867,868,2022-01-10 00:45:00,2022-01-10 01:00:00,1052.220204556505,1083.108498145712,1,0.029355351147458686,4423.6806606774435,1,0.0,2.9355351147458686,1.0,2.9355351147458686,Bearish,900.0,0,Monday,Asia,2022,1,155117.86375718607,264407.89012387197,209290.0263666858
868,891,2022-01-10 01:00:00,2022-01-10 06:45:00,1083.108498145712,1202.44863819178,-1,-0.1101829966715051,-17091.351066049014,23,-14.291339870519026,-0.0,0.0,-0.0,Bearish,20700.0,1,Monday,Asia,2022,1,138026.51269113706,264407.89012387197,226381.37743273482
891,898,2022-01-10 06:45:00,2022-01-10 08:30:00,1202.44863819178,1194.6254429891,1,-0.006506053526281419,-898.0078796144991,7,-1.6107660402505108,0.0,0.0,0.0,Bullish,6300.0,6,Monday,Asia,2022,1,137128.50481152255,264407.89012387197,227279.38531234933
898,901,2022-01-10 08:30:00,2022-01-10 09:15:00,1194.6254429891,1196.706575581753,-1,-0.001742079582237599,-238.88876837492373,3,-1.5010983311381398,-0.0,0.0,-0.0,Bullish,2700.0,8,Monday,London,2022,1,136889.61604314763,264407.89012387197,227518.27408072425
901,903,2022-01-10 09:15:00,2022-01-10 09:45:00,1196.706575581753,1212.193953179657,1,0.012941666665761575,1771.5797808345042,2,0.0,1.2941666665761575,1.0,1.2941666665761575,Bullish,1800.0,9,Monday,London,2022,1,138661.19582398213,266179.46990470646,227518.27408072425
903,904,2022-01-10 09:45:00,2022-01-10 10:00:00,1212.193953179657,1178.582347150178,-1,0.027727910984305493,3844.785294784728,1,-0.0,2.7727910984305493,1.0,2.7727910984305493,Bullish,900.0,9,Monday,London,2022,1,142505.98111876685,270024.2551994912,227518.27408072425
904,910,2022-01-10 10:00:00,2022-01-10 11:30:00,1178.582347150178,1168.178941318442,1,-0.008827050444876972,-1257.90748403204,6,-2.0395307959351405,0.0,0.0,0.0,Bullish,5400.0,10,Monday,London,2022,1,141248.0736347348,270024.2551994912,228776.1815647563
910,912,2022-01-10 11:30:00,2022-01-10 12:00:00,1168.178941318442,1143.018141651581,-1,0.021538480772871904,3042.26891818693,2,-0.067590625532854,2.1538480772871904,1.0,31.86607699377279,Bullish,1800.0,11,Monday,London,2022,1,144290.34255292173,273066.5241176782,228776.1815647563
912,914,2022-01-10 12:00:00,2022-01-10 12:30:00,1143.018141651581,1165.099498462213,1,0.0193184657408203,2787.4680393398435,2,0.0,1.93184657408203,1.0,1.93184657408203,Bullish,1800.0,12,Monday,London,2022,1,147077.8105922616,275853.992157018,228776.1815647563
914,916,2022-01-10 12:30:00,2022-01-10 13:00:00,1165.099498462213,1138.178981721261,-1,0.023105766311361187,3398.3455211314385,2,-0.0,2.3105766311361187,1.0,2.3105766311361187,Bullish,1800.0,12,Monday,London,2022,1,150476.15611339302,279252.3376781494,228776.1815647563
916,927,2022-01-10 13:00:00,2022-01-10 15:45:00,1138.178981721261,1115.261167700501,1,-0.020135509782566507,-3029.9141134642296,11,-3.7986755444674225,1.1365295035079104,-1.7716662629890418,0.2991909917558523,Bullish,9900.0,13,Monday,NY_overlap,2022,1,147446.2419999288,279252.3376781494,231806.09567822053
927,929,2022-01-10 15:45:00,2022-01-10 16:15:00,1115.261167700501,1104.933304305983,-1,0.009260488658286548,1365.4242517473137,2,-0.23517794211906917,0.9260488658286548,1.0,3.937651879612935,Bearish,1800.0,15,Monday,NY_overlap,2022,1,148811.6662516761,280617.7619298967,231806.09567822053
929,930,2022-01-10 16:15:00,2022-01-10 16:30:00,1104.933304305983,1111.067152657843,1,0.00555132905122524,826.102526024164,1,0.0,0.555132905122524,1.0,0.555132905122524,Bearish,900.0,16,Monday,NY,2022,1,149637.7687777003,281443.8644559209,231806.09567822053
930,934,2022-01-10 16:30:00,2022-01-10 17:30:00,1111.067152657843,1115.736530809453,-1,-0.004202606602526249,-628.8686750524591,4,-1.2382902527325435,-0.0,0.0,-0.0,Bearish,3600.0,16,Monday,NY,2022,1,149008.90010264784,281443.8644559209,232434.96435327298
934,944,2022-01-10 17:30:00,2022-01-10 20:00:00,1115.736530809453,1057.13809518974,1,-0.05251995789471964,-7825.941159329546,10,-6.290284043999983,0.0,0.0,0.0,Bearish,9000.0,17,Monday,NY,2022,1,141182.95894331828,281443.8644559209,240260.90551260253
944,949,2022-01-10 20:00:00,2022-01-10 21:15:00,1057.13809518974,1064.086225619361,-1,-0.006572585418344934,-927.9370572696448,5,-3.1506448062746273,-0.0,0.0,-0.0,Bearish,4500.0,20,Monday,NY,2022,1,140255.02188604863,281443.8644559209,241188.84256987218
949,951,2022-01-10 21:15:00,2022-01-10 21:45:00,1064.086225619361,1089.72133396719,1,0.024091194614334954,3378.9110278946046,2,0.0,2.4091194614334954,1.0,2.4091194614334954,Bearish,1800.0,21,Monday,Late,2022,1,143633.93291394325,284822.77548381547,241188.84256987218
951,959,2022-01-10 21:45:00,2022-01-10 23:45:00,1089.72133396719,1111.150456063631,-1,-0.019664772477590242,-2824.528610814153,8,-3.4181670833599798,-0.0,0.0,-0.0,Bearish,7200.0,21,Monday,Late,2022,1,140809.4043031291,284822.77548381547,244013.37118068634
959,968,2022-01-10 23:45:00,2022-01-11 02:00:00,1111.150456063631,1075.630614874239,1,-0.03196672511409926,-4501.215520838191,9,-4.535215897670774,0.0,0.0,0.0,Bearish,8100.0,23,Monday,Late,2022,1,136308.1887822909,284822.77548381547,248514.58670152453
968,972,2022-01-11 02:00:00,2022-01-11 03:00:00,1075.630614874239,1095.944333911007,-1,-0.018885404297592556,-2574.235254226133,4,-4.005349083000587,-0.0,0.0,-0.0,Bearish,3600.0,2,Tuesday,Asia,2022,1,133733.95352806477,284822.77548381547,251088.82195575067
972,973,2022-01-11 03:00:00,2022-01-11 03:15:00,1095.944333911007,1108.147308637511,1,0.011134666560076223,1489.0829802957298,1,0.0,1.1134666560076223,1.0,1.1134666560076223,Sideways,900.0,3,Tuesday,Asia,2022,1,135223.0365083605,286311.85846411117,251088.82195575067
973,981,2022-01-11 03:15:00,2022-01-11 05:15:00,1108.147308637511,1128.005183349996,-1,-0.017919887146502722,-2423.1815538372366,8,-3.2052569179603196,-0.0,0.0,-0.0,Sideways,7200.0,3,Tuesday,Asia,2022,1,132799.85495452327,286311.85846411117,253512.0035095879
981,984,2022-01-11 05:15:00,2022-01-11 06:00:00,1128.005183349996,1127.476667498376,1,-0.0004685402686276374,-62.22207971410359,3,-1.3426833398990423,0.0,0.0,0.0,Sideways,2700.0,5,Tuesday,Asia,2022,1,132737.63287480915,286311.85846411117,253574.225589302
984,987,2022-01-11 06:00:00,2022-01-11 06:45:00,1127.476667498376,1109.200789416639,-1,0.016209539947542373,2151.615962626432,3,-1.146284451738211,1.6209539947542373,1.0,1.4140940255241565,Sideways,2700.0,6,Tuesday,Asia,2022,1,134889.2488374356,288463.4744267376,253574.225589302
987,989,2022-01-11 06:45:00,2022-01-11 07:15:00,1109.200789416639,1145.554988677823,1,0.0327751292715035,4421.012567982953,2,0.0,3.27751292715035,1.0,3.27751292715035,Bullish,1800.0,6,Tuesday,Asia,2022,1,139310.26140541854,292884.48699472053,253574.225589302
989,992,2022-01-11 07:15:00,2022-01-11 08:00:00,1145.554988677823,1136.927463991186,-1,0.007531305587167747,1049.1881500724278,3,-0.1583062800770474,0.7531305587167747,1.0,4.757426921725577,Bullish,2700.0,7,Tuesday,Asia,2022,1,140359.44955549095,293933.67514479294,253574.225589302
992,993,2022-01-11 08:00:00,2022-01-11 08:15:00,1136.927463991186,1150.268148981509,1,0.011733980762053786,1646.9750808565898,1,0.0,1.1733980762053786,1.0,1.1733980762053786,Bullish,900.0,8,Tuesday,London,2022,1,142006.42463634754,295580.65022564953,253574.225589302
993,998,2022-01-11 08:15:00,2022-01-11 09:30:00,1150.268148981509,1153.036523123669,-1,-0.002406720680400598,-341.7697989220466,5,-2.938807296579715,-0.0,0.0,-0.0,Bullish,4500.0,8,Tuesday,London,2022,1,141664.6548374255,295580.65022564953,253915.99538822402
998,1001,2022-01-11 09:30:00,2022-01-11 10:15:00,1153.036523123669,1162.688443935562,1,0.008370871709896255,1185.8566514708227,3,-0.717636050394943,0.8370871709896255,1.0,1.1664508360873787,Bullish,2700.0,9,Tuesday,London,2022,1,142850.51148889633,296766.50687712035,253915.99538822402
1001,1004,2022-01-11 10:15:00,2022-01-11 11:00:00,1162.688443935562,1157.418451591602,-1,0.004532592003857583,647.4830861215373,3,-1.2074399683914772,0.4532592003857583,1.0,0.3753886008838845,Bullish,2700.0,10,Tuesday,London,2022,1,143497.99457501786,297413.9899632419,253915.99538822402
1004,1005,2022-01-11 11:00:00,2022-01-11 11:15:00,1157.418451591602,1171.351042436034,1,0.012037643624285499,1727.3777194937188,1,0.0,1.20376436242855,1.0,1.20376436242855,Bullish,900.0,11,Tuesday,London,2022,1,145225.3722945116,299141.3676827356,253915.99538822402
1005,1006,2022-01-11 11:15:00,2022-01-11 11:30:00,1171.351042436034,1154.895574601358,-1,0.014048280351937836,2040.1667442078447,1,-0.0,1.4048280351937836,1.0,1.4048280351937836,Bullish,900.0,11,Tuesday,London,2022,1,147265.53903871943,301181.53442694346,253915.99538822402
1006,1012,2022-01-11 11:30:00,2022-01-11 13:00:00,1154.895574601358,1158.441475120773,1,0.0030703213324190237,452.1525260407668,6,-2.5904760435368157,0.30703213324190237,1.0,0.11852344051123005,Bullish,5400.0,11,Tuesday,London,2022,1,147717.6915647602,301633.68695298425,253915.99538822402
1012,1014,2022-01-11 13:00:00,2022-01-11 13:30:00,1158.441475120773,1132.009997177148,-1,0.022816411973569317,3370.387706526214,2,-0.0,2.2816411973569317,1.0,2.2816411973569317,Bullish,1800.0,13,Tuesday,NY_overlap,2022,1,151088.0792712864,305004.07465951046,253915.99538822402
1014,1018,2022-01-11 13:30:00,2022-01-11 14:30:00,1132.009997177148,1135.56887555731,1,0.00314385773008774,474.99942594114304,4,-0.5111213542463688,0.3544524108610059,0.8869618695640823,0.693479949362777,Bullish,3600.0,13,Tuesday,NY_overlap,2022,1,151563.07869722755,305479.0740854516,253915.99538822402
1018,1019,2022-01-11 14:30:00,2022-01-11 14:45:00,1135.56887555731,1109.225492927364,-1,0.023198401432953486,3516.0211420326054,1,-0.0,2.3198401432953486,1.0,2.3198401432953486,Bullish,900.0,14,Tuesday,NY_overlap,2022,1,155079.09983926016,308995.0952274842,253915.99538822402
1019,1030,2022-01-11 14:45:00,2022-01-11 17:30:00,1109.225492927364,1087.872966270418,1,-0.019249942228242944,-2985.2637127136777,11,-2.779120100067123,0.2894592040075139,-6.65031270788102,0.10415498200330484,Sideways,9900.0,14,Tuesday,NY_overlap,2022,1,152093.8361265465,308995.0952274842,256901.2591009377
1030,1035,2022-01-11 17:30:00,2022-01-11 18:45:00,1087.872966270418,1109.989186484707,-1,-0.020329781969038896,-3092.0345272874215,5,-4.241319784977993,-0.0,0.0,-0.0,Bearish,4500.0,17,Tuesday,NY,2022,1,149001.80159925905,308995.0952274842,259993.2936282251
1035,1038,2022-01-11 18:45:00,2022-01-11 19:30:00,1109.989186484707,1122.696514492762,1,0.011448154777343733,1705.7956868113808,3,0.0,1.1448154777343733,1.0,1.1448154777343733,Sideways,2700.0,18,Tuesday,NY,2022,1,150707.59728607044,310700.89091429557,259993.2936282251
1038,1041,2022-01-11 19:30:00,2022-01-11 20:15:00,1122.696514492762,1118.222295220949,-1,0.003985243753815704,600.6065107368848,3,-0.798221634741858,0.3985243753815704,1.0,0.4992653143389827,Sideways,2700.0,19,Tuesday,NY,2022,1,151308.20379680733,311301.49742503243,259993.2936282251
1041,1042,2022-01-11 20:15:00,2022-01-11 20:30:00,1118.222295220949,1146.448074059719,1,0.025241652719142804,3819.269133796296,1,0.0,2.5241652719142804,1.0,2.5241652719142804,Sideways,900.0,20,Tuesday,NY,2022,1,155127.47293060363,315120.7665588287,259993.2936282251
1042,1046,2022-01-11 20:30:00,2022-01-11 21:30:00,1146.448074059719,1144.847891083067,-1,0.0013957744906714087,216.52296951885606,4,-1.2589209368831344,0.4446044676578498,0.3139362269624205,0.353163137280576,Sideways,3600.0,20,Tuesday,NY,2022,1,155343.99590012248,315337.28952834755,259993.2936282251
1046,1055,2022-01-11 21:30:00,2022-01-11 23:45:00,1144.847891083067,1156.741204843058,1,0.010388553669553158,1613.7994386512682,9,-1.7350326423315021,1.0388553669553158,1.0,0.5987526353160265,Bearish,8100.0,21,Tuesday,Late,2022,1,156957.79533877375,316951.0889669988,259993.2936282251
1055,1059,2022-01-11 23:45:00,2022-01-12 00:45:00,1156.741204843058,1155.68466609534,-1,0.0009133752159036224,143.36136020530907,4,-1.87445017042438,0.09133752159036224,1.0,0.04872763385845739,Sideways,3600.0,23,Tuesday,Late,2022,1,157101.15669897906,317094.45032720413,259993.2936282251
1059,1061,2022-01-12 00:45:00,2022-01-12 01:15:00,1155.68466609534,1164.523108928382,1,0.007647797961103153,1201.4779058893992,2,-0.31470384716343336,0.7647797961103153,1.0,2.43015712392339,Sideways,1800.0,0,Wednesday,Asia,2022,1,158302.63460486845,318295.9282330935,259993.2936282251
1061,1063,2022-01-12 01:15:00,2022-01-12 01:45:00,1164.523108928382,1155.882163246123,-1,0.0074201581883683865,1174.6305904036035,2,-0.0,0.7420158188368386,1.0,0.7420158188368386,Sideways,1800.0,1,Wednesday,Asia,2022,1,159477.26519527205,319470.55882349715,259993.2936282251
1063,1064,2022-01-12 01:45:00,2022-01-12 02:00:00,1155.882163246123,1164.696490803139,1,0.007625628145573771,1216.114322052199,1,0.0,0.7625628145573771,1.0,0.7625628145573771,Sideways,900.0,1,Wednesday,Asia,2022,1,160693.37951732427,320686.6731455494,259993.2936282251
1064,1065,2022-01-12 02:00:00,2022-01-12 02:15:00,1164.696490803139,1136.89508957746,-1,0.023870082416499794,3835.76421286441,1,-0.0,2.3870082416499794,1.0,2.3870082416499794,Sideways,900.0,2,Wednesday,Asia,2022,1,164529.14373018866,324522.43735841376,259993.2936282251
1065,1067,2022-01-12 02:15:00,2022-01-12 02:45:00,1136.89508957746,1151.028459101139,1,0.012431551207536584,2045.3524754139873,2,-0.4781527374300265,1.2431551207536584,1.0,2.5999121691436167,Sideways,1800.0,2,Wednesday,Asia,2022,1,166574.49620560266,326567.78983382776,259993.2936282251
1067,1071,2022-01-12 02:45:00,2022-01-12 03:45:00,1151.028459101139,1154.826380451208,-1,-0.003299589441111417,-549.6274488384604,4,-3.467041385279712,-0.0,0.0,-0.0,Sideways,3600.0,2,Wednesday,Asia,2022,1,166024.8687567642,326567.78983382776,260542.92107706357
1071,1077,2022-01-12 03:45:00,2022-01-12 05:15:00,1154.826380451208,1137.791137915206,1,-0.014751345158348417,-2449.090143900525,6,-3.5386877574762554,0.0,0.0,0.0,Bullish,5400.0,3,Wednesday,Asia,2022,1,163575.77861286368,326567.78983382776,262992.0112209641
1077,1078,2022-01-12 05:15:00,2022-01-12 05:30:00,1137.791137915206,1129.463652110823,-1,0.007318993378381933,1197.2100405312183,1,-0.0,0.7318993378381933,1.0,0.7318993378381933,Bullish,900.0,5,Wednesday,Asia,2022,1,164772.9886533949,327764.999874359,262992.0112209641
1078,1079,2022-01-12 05:30:00,2022-01-12 05:45:00,1129.463652110823,1139.592578209488,1,0.008967907979805512,1477.668999801183,1,0.0,0.8967907979805512,1.0,0.8967907979805512,Bullish,900.0,5,Wednesday,Asia,2022,1,166250.65765319607,329242.66887416015,262992.0112209641
1079,1081,2022-01-12 05:45:00,2022-01-12 06:15:00,1139.592578209488,1119.40147263798,-1,0.017717828246329836,2945.600598138709,2,-1.1889933229018546,1.7717828246329836,1.0,1.490153721224249,Bullish,1800.0,5,Wednesday,Asia,2022,1,169196.25825133477,332188.26947229885,262992.0112209641
1081,1090,2022-01-12 06:15:00,2022-01-12 08:30:00,1119.40147263798,1101.567816534158,1,-0.015931420977851052,-2695.536818079219,9,-2.9694190082036886,0.8104613241258329,-1.9657225463577488,0.27293599249103984,Sideways,8100.0,6,Wednesday,Asia,2022,1,166500.72143325556,332188.26947229885,265687.5480390433
1090,1091,2022-01-12 08:30:00,2022-01-12 08:45:00,1101.567816534158,1075.307199827429,-1,0.02383931003844353,3969.262319871899,1,-0.0,2.383931003844353,1.0,2.383931003844353,Sideways,900.0,8,Wednesday,London,2022,1,170469.98375312745,336157.5317921708,265687.5480390433
1091,1098,2022-01-12 08:45:00,2022-01-12 10:30:00,1075.307199827429,1054.822645394395,1,-0.019049955618563152,-3247.44562479426,7,-5.166078956334818,0.0,0.0,0.0,Bearish,6300.0,8,Wednesday,London,2022,1,167222.5381283332,336157.5317921708,268934.9936638376
1098,1102,2022-01-12 10:30:00,2022-01-12 11:30:00,1054.822645394395,1061.789227570166,-1,-0.006604505701682362,-1104.4222065183726,4,-3.1050103850740696,-0.0,0.0,-0.0,Bearish,3600.0,10,Wednesday,London,2022,1,166118.1159218148,336157.5317921708,270039.41587035597
1102,1107,2022-01-12 11:30:00,2022-01-12 12:45:00,1061.789227570166,1055.318057502211,1,-0.0060945900560357424,-1012.4218174244853,5,-2.46289441798786,0.30857730947655426,-1.9750609875930654,0.12529051477921507,Bearish,4500.0,11,Wednesday,London,2022,1,165105.69410439034,336157.5317921708,271051.83768778044
1107,1108,2022-01-12 12:45:00,2022-01-12 13:00:00,1055.318057502211,1047.20260000111,-1,0.007690058407897604,1269.6724311392368,1,-0.0,0.7690058407897604,1.0,0.7690058407897604,Bearish,900.0,12,Wednesday,London,2022,1,166375.36653552955,337427.20422331,271051.83768778044
1108,1109,2022-01-12 13:00:00,2022-01-12 13:15:00,1047.20260000111,1058.358853938823,1,0.010653386400779619,1772.4610672743354,1,0.0,1.0653386400779619,1.0,1.0653386400779619,Bearish,900.0,13,Wednesday,NY_overlap,2022,1,168147.82760280388,339199.6652905843,271051.83768778044
1109,1112,2022-01-12 13:15:00,2022-01-12 14:00:00,1058.358853938823,1056.401876922165,-1,0.0018490675533867629,310.91669219281584,3,-0.9584098250630335,0.1849067553386763,1.0,0.19293078023956525,Bearish,2700.0,13,Wednesday,NY_overlap,2022,1,168458.74429499672,339510.58198277716,271051.83768778044
1112,1114,2022-01-12 14:00:00,2022-01-12 14:30:00,1056.401876922165,1062.931991660138,1,0.006181468322451922,1041.3223914995506,2,0.0,0.6181468322451922,1.0,0.6181468322451922,Bearish,1800.0,14,Wednesday,NY_overlap,2022,1,169500.06668649625,340551.9043742767,271051.83768778044
1114,1115,2022-01-12 14:30:00,2022-01-12 14:45:00,1062.931991660138,1059.897973601366,-1,0.002854385870946774,483.81859547447095,1,-0.0,0.2854385870946774,1.0,0.2854385870946774,Bearish,900.0,14,Wednesday,NY_overlap,2022,1,169983.88528197072,341035.72296975116,271051.83768778044
1115,1121,2022-01-12 14:45:00,2022-01-12 16:15:00,1059.897973601366,1028.915785906325,1,-0.029231292508059337,-4968.848672333689,6,-3.9152658918542804,0.0,0.0,0.0,Bearish,5400.0,14,Wednesday,NY_overlap,2022,1,165015.03660963703,341035.72296975116,276020.68636011414
1121,1124,2022-01-12 16:15:00,2022-01-12 17:00:00,1028.915785906325,1007.690330591326,-1,0.020628952928642752,3404.0874227384634,3,-0.5162636986146607,2.062895292864275,1.0,3.9958170570579292,Bearish,2700.0,16,Wednesday,NY,2022,1,168419.12403237552,344439.81039248966,276020.68636011414
1124,1141,2022-01-12 17:00:00,2022-01-12 21:15:00,1007.690330591326,895.1596241569729,1,-0.11167191250939024,-18807.68568385158,17,-13.245479928385329,0.0,0.0,0.0,Bearish,15300.0,17,Wednesday,NY,2022,1,149611.43834852392,344439.81039248966,294828.37204396573
1141,1159,2022-01-12 21:15:00,2022-01-13 01:45:00,895.1596241569729,1003.660867082484,-1,-0.12120882130680699,-18134.226096240607,18,-13.861805487587198,-0.0,0.0,-0.0,Bearish,16200.0,21,Wednesday,Late,2022,1,131477.21225228332,344439.81039248966,312962.59814020636
1159,1162,2022-01-13 01:45:00,2022-01-13 02:30:00,1003.660867082484,1010.143969132725,1,0.006459454844629509,849.2711156413937,3,-2.248791836081321,0.6459454844629509,1.0,0.28724111947531644,Bearish,2700.0,1,Thursday,Asia,2022,1,132326.4833679247,345289.08150813106,312962.59814020636
1162,1174,2022-01-13 02:30:00,2022-01-13 05:30:00,1010.143969132725,1048.084116157384,-1,-0.037559148184820756,-4970.069997592104,12,-6.834081629075928,-0.0,0.0,-0.0,Bearish,10800.0,2,Thursday,Asia,2022,1,127356.41337033261,345289.08150813106,317932.6681377985
1174,1177,2022-01-13 05:30:00,2022-01-13 06:15:00,1048.084116157384,1064.211626665981,1,0.015387610841509192,1959.7109271130564,3,0.0,1.5387610841509192,1.0,1.5387610841509192,Bullish,2700.0,5,Thursday,Asia,2022,1,129316.12429744567,347248.79243524413,317932.6681377985
1177,1178,2022-01-13 06:15:00,2022-01-13 06:30:00,1064.211626665981,1053.025603189856,-1,0.01051108933208067,1359.2533345688992,1,-0.0,1.051108933208067,1.0,1.051108933208067,Bullish,900.0,6,Thursday,Asia,2022,1,130675.37763201457,348608.045769813,317932.6681377985
1178,1179,2022-01-13 06:30:00,2022-01-13 06:45:00,1053.025603189856,1079.612449840366,1,0.02524805339012892,3299.298911228363,1,0.0,2.524805339012892,1.0,2.524805339012892,Bullish,900.0,6,Thursday,Asia,2022,1,133974.67654324294,351907.3446810414,317932.6681377985
1179,1181,2022-01-13 06:45:00,2022-01-13 07:15:00,1079.612449840366,1052.140574887211,-1,0.025446052384091256,3409.126637461042,2,-0.0,2.5446052384091256,1.0,2.5446052384091256,Bullish,1800.0,6,Thursday,Asia,2022,1,137383.80318070395,355316.4713185024,317932.6681377985
1181,1183,2022-01-13 07:15:00,2022-01-13 07:45:00,1052.140574887211,1066.737559819323,1,0.013873607083042971,1906.0089049031963,2,-0.28210449776961966,1.3873607083042971,1.0,4.917896450687872,Bullish,1800.0,7,Thursday,Asia,2022,1,139289.81208560715,357222.4802234056,317932.6681377985
1183,1188,2022-01-13 07:45:00,2022-01-13 09:00:00,1066.737559819323,1065.598544282734,-1,0.0010677560999931002,148.7275465212997,5,-3.7039183295930034,0.10677560999931002,1.0,0.02882774416115239,Bullish,4500.0,7,Thursday,Asia,2022,1,139438.53963212846,357371.20776992687,317932.6681377985
1188,1191,2022-01-13 09:00:00,2022-01-13 09:45:00,1065.598544282734,1084.851484725824,1,0.01806772404709811,2519.3370556036502,3,-0.46026589026961773,1.806772404709811,1.0,3.925497072249754,Bullish,2700.0,9,Thursday,London,2022,1,141957.87668773212,359890.5448255305,317932.6681377985
1191,1192,2022-01-13 09:45:00,2022-01-13 10:00:00,1084.851484725824,1073.173070433439,-1,0.010764988993250513,1528.1749800486498,1,-0.0,1.0764988993250513,1.0,1.0764988993250513,Bullish,900.0,9,Thursday,London,2022,1,143486.05166778076,361418.71980557917,317932.6681377985
1192,1194,2022-01-13 10:00:00,2022-01-13 10:30:00,1073.173070433439,1075.815315568115,1,0.0024620866917661743,353.2750982653167,2,-1.2099746323604221,0.24620866917661743,1.0,0.20348250499790466,Bullish,1800.0,10,Thursday,London,2022,1,143839.32676604608,361771.9949038445,317932.6681377985
1194,1196,2022-01-13 10:30:00,2022-01-13 11:00:00,1075.815315568115,1050.895158706219,-1,0.023163972943382127,3331.890273402992,2,-0.2412847111474159,2.3163972943382127,1.0,9.60026552582928,Bullish,1800.0,10,Thursday,London,2022,1,147171.21703944908,365103.88517724746,317932.6681377985
1196,1204,2022-01-13 11:00:00,2022-01-13 13:00:00,1050.895158706219,1035.332995628255,1,-0.014808482986183868,-2179.3824635846554,8,-4.569569421535091,0.0,0.0,0.0,Bullish,7200.0,11,Thursday,London,2022,1,144991.83457586443,365103.88517724746,320112.05060138315
1204,1208,2022-01-13 13:00:00,2022-01-13 14:00:00,1035.332995628255,1023.512770525461,-1,0.011416834151626198,1655.3477286926652,4,-0.0,1.1416834151626198,1.0,1.1416834151626198,Bullish,3600.0,13,Thursday,NY_overlap,2022,1,146647.1823045571,366759.23290594015,320112.05060138315
1208,1219,2022-01-13 14:00:00,2022-01-13 16:45:00,1023.512770525461,963.7584950045975,1,-0.058381563221909016,-8561.491745028317,11,-8.074741939892382,0.0,0.0,0.0,Sideways,9900.0,14,Thursday,NY_overlap,2022,1,138085.69055952877,366759.23290594015,328673.54234641144
1219,1225,2022-01-13 16:45:00,2022-01-13 18:15:00,963.7584950045975,968.7666139538878,-1,-0.005196445971940689,-717.5548304907117,6,-3.123406924928851,-0.0,0.0,-0.0,Bearish,5400.0,16,Thursday,NY,2022,1,137368.13572903804,366759.23290594015,329391.09717690217
1225,1226,2022-01-13 18:15:00,2022-01-13 18:30:00,968.7666139538878,982.3619061787248,1,0.014033609363714117,1927.7707558429804,1,0.0,1.4033609363714117,1.0,1.4033609363714117,Bearish,900.0,18,Thursday,NY,2022,1,139295.90648488104,368687.0036617831,329391.09717690217
1226,1227,2022-01-13 18:30:00,2022-01-13 18:45:00,982.3619061787248,976.0625546199741,-1,0.006412455042413501,893.2287379265349,1,-0.0,0.6412455042413501,1.0,0.6412455042413501,Bearish,900.0,18,Thursday,NY,2022,1,140189.13522280758,369580.23239970964,329391.09717690217
1227,1230,2022-01-13 18:45:00,2022-01-13 19:30:00,976.0625546199741,983.7774502738094,1,0.007904099606442783,1108.0688885421475,3,-1.616150949538453,0.7904099606442783,1.0,0.4890693909934631,Bearish,2700.0,18,Thursday,NY,2022,1,141297.2041113497,370688.30128825177,329391.09717690217
1230,1238,2022-01-13 19:30:00,2022-01-13 21:30:00,983.7774502738094,1020.809623109546,-1,-0.0376428356082259,-5318.827426265479,8,-5.1485987060224,-0.0,0.0,-0.0,Bearish,7200.0,19,Thursday,NY,2022,1,135978.37668508425,370688.30128825177,334709.92460316763
1238,1240,2022-01-13 21:30:00,2022-01-13 22:00:00,1020.809623109546,1029.012367987552,1,0.008035528557243543,1092.658129020614,2,0.0,0.8035528557243543,1.0,0.8035528557243543,Bearish,1800.0,21,Thursday,Late,2022,1,137071.03481410485,371780.95941727236,334709.92460316763
1240,1243,2022-01-13 22:00:00,2022-01-13 22:45:00,1029.012367987552,1032.77815542713,-1,-0.0036596133892374816,-501.62699428233515,3,-1.8548538485849475,-0.0,0.0,-0.0,Bearish,2700.0,22,Thursday,Late,2022,1,136569.40781982252,371780.95941727236,335211.55159745
1243,1251,2022-01-13 22:45:00,2022-01-14 00:45:00,1032.77815542713,1016.621047537056,1,-0.0156443160664953,-2136.5349809473987,8,-4.512704566755832,0.0,0.0,0.0,Sideways,7200.0,22,Thursday,Late,2022,1,134432.8728388751,371780.95941727236,337348.0865783974
1251,1253,2022-01-14 00:45:00,2022-01-14 01:15:00,1016.621047537056,997.0576375841454,-1,0.019243561797492315,2586.9672960893204,2,-0.0,1.9243561797492315,1.0,1.9243561797492315,Sideways,1800.0,0,Friday,Asia,2022,1,137019.84013496444,374367.9267133617,337348.0865783974
1253,1260,2022-01-14 01:15:00,2022-01-14 03:00:00,997.0576375841454,993.2855686214418,1,-0.0037832005096949395,-518.3735290369167,7,-3.3244147385283473,0.0,0.0,0.0,Sideways,6300.0,1,Friday,Asia,2022,1,136501.46660592753,374367.9267133617,337866.4601074343
1260,1262,2022-01-14 03:00:00,2022-01-14 03:30:00,993.2855686214418,969.0888438014292,-1,0.024360290317712696,3325.21535531396,2,-0.0,2.4360290317712696,1.0,2.4360290317712696,Sideways,1800.0,3,Friday,Asia,2022,1,139826.68196124147,377693.14206867566,337866.4601074343
1262,1264,2022-01-14 03:30:00,2022-01-14 04:00:00,969.0888438014292,980.0498216351281,1,0.011310601606662196,1581.5238936450623,2,0.0,1.1310601606662196,1.0,1.1310601606662196,Sideways,1800.0,3,Friday,Asia,2022,1,141408.20585488656,379274.66596232075,337866.4601074343
1264,1276,2022-01-14 04:00:00,2022-01-14 07:00:00,980.0498216351281,1030.614713289003,-1,-0.05159420525123082,-7295.843997085318,12,-8.030755509083477,0.18469064808711577,-27.935472524247473,0.022997916930507314,Sideways,10800.0,4,Friday,Asia,2022,1,134112.3618578012,379274.66596232075,345162.3041045196
1276,1279,2022-01-14 07:00:00,2022-01-14 07:45:00,1030.614713289003,1044.583976077108,1,0.013554301726903084,1817.799417928247,3,0.0,1.3554301726903084,1.0,1.3554301726903084,Bullish,2700.0,7,Friday,Asia,2022,1,135930.16127572948,381092.465380249,345162.3041045196
1279,1281,2022-01-14 07:45:00,2022-01-14 08:15:00,1044.583976077108,1022.195864924672,-1,0.021432562307257985,2913.331650977699,2,-0.0,2.1432562307257985,1.0,2.1432562307257985,Bullish,1800.0,7,Friday,Asia,2022,1,138843.49292670717,384005.79703122674,345162.3041045196
1281,1292,2022-01-14 08:15:00,2022-01-14 11:00:00,1022.195864924672,972.2413198048744,1,-0.04886983682278834,-6785.258843234147,11,-6.546812117145473,0.29072373842002897,-16.809716705067494,0.04440691640724673,Sideways,9900.0,8,Friday,London,2022,1,132058.234083473,384005.79703122674,351947.56294775376
1292,1298,2022-01-14 11:00:00,2022-01-14 12:30:00,972.2413198048744,982.2088425650012,-1,-0.010252107740213345,-1353.8752438060799,6,-2.2084726381099706,0.15347535662660894,-6.6799699740432965,0.06949389092633469,Bearish,5400.0,11,Friday,London,2022,1,130704.35883966694,384005.79703122674,353301.43819155986
1298,1304,2022-01-14 12:30:00,2022-01-14 14:00:00,982.2088425650012,971.0740131332802,1,-0.0113365192301087,-1481.7324774449125,6,-2.772897114212469,0.0,0.0,0.0,Sideways,5400.0,12,Friday,London,2022,1,129222.62636222203,384005.79703122674,354783.1706690048
1304,1307,2022-01-14 14:00:00,2022-01-14 14:45:00,971.0740131332802,964.9651481696305,-1,0.006290833531770401,812.9180309829044,3,-0.06507491674121457,0.6290833531770401,1.0,9.667063512024692,Sideways,2700.0,14,Friday,NY_overlap,2022,1,130035.54439320494,384818.71506220964,354783.1706690048
1307,1308,2022-01-14 14:45:00,2022-01-14 15:00:00,964.9651481696305,976.737417862678,1,0.012199683807624817,1586.3925253494608,1,0.0,1.2199683807624817,1.0,1.2199683807624817,Sideways,900.0,14,Friday,NY_overlap,2022,1,131621.9369185544,386405.1075875591,354783.1706690048
1308,1309,2022-01-14 15:00:00,2022-01-14 15:15:00,976.737417862678,962.3682024756442,-1,0.01471144150336412,1936.3484255367955,1,-0.0,1.471144150336412,1.0,1.471144150336412,Sideways,900.0,15,Friday,NY_overlap,2022,1,133558.2853440912,388341.4560130959,354783.1706690048
1309,1313,2022-01-14 15:15:00,2022-01-14 16:15:00,962.3682024756442,960.9862903445324,1,-0.0014359494916362792,-191.7829519436609,4,-1.7711521322150148,0.0,0.0,0.0,Sideways,3600.0,15,Friday,NY_overlap,2022,1,133366.50239214752,388341.4560130959,354974.9536209484
1313,1314,2022-01-14 16:15:00,2022-01-14 16:30:00,960.9862903445324,946.8650811356862,-1,0.014694496009702185,1959.7535372293491,1,-0.0,1.4694496009702185,1.0,1.4694496009702185,Sideways,900.0,16,Friday,NY,2022,1,135326.25592937687,390301.20955032523,354974.9536209484
1314,1316,2022-01-14 16:30:00,2022-01-14 17:00:00,946.8650811356862,953.8243138798221,1,0.0073497617377429325,994.6157379417419,2,0.0,0.7349761737742933,1.0,0.7349761737742933,Bearish,1800.0,16,Friday,NY,2022,1,136320.87166731863,391295.825288267,354974.9536209484
1316,1317,2022-01-14 17:00:00,2022-01-14 17:15:00,953.8243138798221,942.4377459106232,-1,0.011937804272237784,1627.3718841852954,1,-0.0,1.1937804272237784,1.0,1.1937804272237784,Sideways,900.0,17,Friday,NY,2022,1,137948.24355150393,392923.1971724523,354974.9536209484
1317,1322,2022-01-14 17:15:00,2022-01-14 18:30:00,942.4377459106232,947.293982294664,1,0.005152845803463091,710.8260278794716,5,-1.359927653141102,0.5152845803463091,1.0,0.3789058772031932,Bearish,4500.0,17,Friday,NY,2022,1,138659.0695793834,393634.0232003318,354974.9536209484
1322,1324,2022-01-14 18:30:00,2022-01-14 19:00:00,947.293982294664,936.3302767072514,-1,0.011573709737767834,1604.7998238207376,2,-0.0,1.1573709737767834,1.0,1.1573709737767834,Bearish,1800.0,18,Friday,NY,2022,1,140263.86940320412,395238.82302415255,354974.9536209484
1324,1326,2022-01-14 19:00:00,2022-01-14 19:30:00,936.3302767072514,947.9642975156988,1,0.01242512508445226,1742.7961221640878,2,-0.46229092938707694,1.242512508445226,1.0,2.687728504845632,Bearish,1800.0,19,Friday,NY,2022,1,142006.6655253682,396981.61914631666,354974.9536209484
1326,1328,2022-01-14 19:30:00,2022-01-14 20:00:00,947.9642975156988,931.7841545573565,-1,0.017068304155277936,2423.8129592638065,2,-0.0,1.7068304155277936,1.0,1.7068304155277936,Bearish,1800.0,19,Friday,NY,2022,1,144430.478484632,399405.43210558046,354974.9536209484
1328,1337,2022-01-14 20:00:00,2022-01-14 22:15:00,931.7841545573565,908.5114877805044,1,-0.024976456900480115,-3607.361620987133,9,-5.197256810756001,0.0,0.0,0.0,Bearish,8100.0,20,Friday,NY,2022,1,140823.1168636449,399405.43210558046,358582.31524193555
1337,1343,2022-01-14 22:15:00,2022-01-14 23:45:00,908.5114877805044,933.9310800788288,-1,-0.027979384564992715,-3940.144142368832,6,-4.192401270667978,-0.0,0.0,-0.0,Bearish,5400.0,22,Friday,Late,2022,1,136882.97272127605,399405.43210558046,362522.45938430435
1343,1344,2022-01-14 23:45:00,2022-01-15 00:00:00,933.9310800788288,951.0686571264348,1,0.018349937605845135,2511.7940087380175,1,0.0,1.8349937605845135,1.0,1.8349937605845135,Bearish,900.0,23,Friday,Late,2022,1,139394.76673001406,401917.2261143185,362522.45938430435
1344,1345,2022-01-15 00:00:00,2022-01-15 00:15:00,951.0686571264348,939.1950048585367,-1,0.012484537450506705,1740.279185645507,1,-0.0,1.2484537450506705,1.0,1.2484537450506705,Sideways,900.0,0,Saturday,Asia,2022,1,141135.04591565958,403657.505299964,362522.45938430435
1345,1361,2022-01-15 00:15:00,2022-01-15 04:15:00,939.1950048585367,856.7147942689112,1,-0.08782011207784135,-12394.495550424512,16,-10.161294049874236,0.0,0.0,0.0,Bearish,14400.0,0,Saturday,Asia,2022,1,128740.55036523507,403657.505299964,374916.95493472886
1361,1377,2022-01-15 04:15:00,2022-01-15 08:15:00,856.7147942689112,953.5564295597015,-1,-0.11303835995202038,-14552.620672606654,16,-12.590412517805216,-0.0,0.0,-0.0,Bearish,14400.0,4,Saturday,Asia,2022,1,114187.92969262842,403657.505299964,389469.5756073355
1377,1381,2022-01-15 08:15:00,2022-01-15 09:15:00,953.5564295597015,948.9235052148347,1,-0.004858573862279059,-554.7904905923633,4,-3.5364933059179426,0.0,0.0,0.0,Sideways,3600.0,8,Saturday,London,2022,1,113633.13920203605,403657.505299964,390024.36609792785
1381,1383,2022-01-15 09:15:00,2022-01-15 09:45:00,948.9235052148347,933.0805834561163,-1,0.016695678494265564,1897.1823584113188,2,-0.0,1.6695678494265564,1.0,1.6695678494265564,Bullish,1800.0,9,Saturday,London,2022,1,115530.32156044737,405554.6876583753,390024.36609792785
1383,1384,2022-01-15 09:45:00,2022-01-15 10:00:00,933.0805834561163,947.3056084804372,1,0.015245226700175918,1761.2859429332418,1,0.0,1.5245226700175918,1.0,1.5245226700175918,Bullish,900.0,9,Saturday,London,2022,1,117291.60750338061,407315.97360130853,390024.36609792785
1384,1391,2022-01-15 10:00:00,2022-01-15 11:45:00,947.3056084804372,965.320257035499,-1,-0.019016723213492792,-2230.5020351574235,7,-3.654563021504842,-0.0,0.0,-0.0,Bullish,6300.0,10,Saturday,London,2022,1,115061.10546822319,407315.97360130853,392254.86813308526
1391,1393,2022-01-15 11:45:00,2022-01-15 12:15:00,965.320257035499,970.0751860772566,1,0.004925752885741819,566.7625722967442,2,-0.4473332318651435,0.49257528857418187,1.0,1.1011372585050363,Sideways,1800.0,11,Saturday,London,2022,1,115627.86804051994,407882.73617360526,392254.86813308526
1393,1402,2022-01-15 12:15:00,2022-01-15 14:30:00,970.0751860772566,1010.134426907794,-1,-0.041294985590268674,-4774.851144566759,9,-5.3241746369266485,-0.0,0.0,-0.0,Bullish,8100.0,12,Saturday,London,2022,1,110853.01689595317,407882.73617360526,397029.71927765204
1402,1403,2022-01-15 14:30:00,2022-01-15 14:45:00,1010.134426907794,1037.048236851968,1,0.026643790397840483,2953.5445471440466,1,0.0,2.6643790397840483,1.0,2.6643790397840483,Bullish,900.0,14,Saturday,NY_overlap,2022,1,113806.56144309722,410836.2807207493,397029.71927765204
1403,1407,2022-01-15 14:45:00,2022-01-15 15:45:00,1037.048236851968,1020.449343706219,-1,0.016005902672508454,1821.5767459510678,4,-0.17171286422754672,1.6005902672508454,1.0,9.32131832085574,Bullish,3600.0,14,Saturday,NY_overlap,2022,1,115628.13818904829,412657.85746670037,397029.71927765204
1407,1409,2022-01-15 15:45:00,2022-01-15 16:15:00,1020.449343706219,1025.41873691267,1,0.004869808812265397,563.0869262988685,2,-0.09894398072215482,0.4869808812265397,1.0,4.92178379798599,Bullish,1800.0,15,Saturday,NY_overlap,2022,1,116191.22511534716,413220.9443929992,397029.71927765204
1409,1410,2022-01-15 16:15:00,2022-01-15 16:30:00,1025.41873691267,1004.598879649817,-1,0.020303761296129097,2359.1188994468093,1,-0.0,2.0303761296129097,1.0,2.0303761296129097,Bullish,900.0,16,Saturday,NY,2022,1,118550.34401479397,415580.063292446,397029.71927765204
1410,1413,2022-01-15 16:30:00,2022-01-15 17:15:00,1004.598879649817,1023.822272349472,1,0.019135391337840035,2268.5072259586454,3,-0.6744645686927342,1.9135391337840035,1.0,2.83712328653954,Bullish,2700.0,16,Saturday,NY,2022,1,120818.85124075261,417848.57051840465,397029.71927765204
1413,1415,2022-01-15 17:15:00,2022-01-15 17:45:00,1023.822272349472,1005.315464215387,-1,0.018076192161375237,2183.9447717444536,2,-0.0,1.8076192161375237,1.0,1.8076192161375237,Bullish,1800.0,17,Saturday,NY,2022,1,123002.79601249707,420032.5152901491,397029.71927765204
1415,1417,2022-01-15 17:45:00,2022-01-15 18:15:00,1005.315464215387,1018.645691805307,1,0.01325974588516221,1630.9858182901553,2,0.0,1.325974588516221,1.0,1.325974588516221,Bullish,1800.0,17,Saturday,NY,2022,1,124633.78183078722,421663.50110843923,397029.71927765204
1417,1421,2022-01-15 18:15:00,2022-01-15 19:15:00,1018.645691805307,1018.772919501698,-1,-0.00012489887054401017,-15.566618582293904,4,-2.0090990360989602,-0.0,0.0,-0.0,Bullish,3600.0,18,Saturday,NY,2022,1,124618.21521220493,421663.50110843923,397045.28589623433
1421,1430,2022-01-15 19:15:00,2022-01-15 21:30:00,1018.772919501698,999.6058856238589,1,-0.01881384311551404,-2344.5475503377893,9,-3.655628149586543,0.0,0.0,0.0,Bullish,8100.0,19,Saturday,NY,2022,1,122273.66766186713,421663.50110843923,399389.8334465721
1430,1431,2022-01-15 21:30:00,2022-01-15 21:45:00,999.6058856238589,986.7710359530523,-1,0.012839910063951132,1569.9828959678243,1,-0.0,1.2839910063951132,1.0,1.2839910063951132,Bullish,900.0,21,Saturday,Late,2022,1,123843.65055783496,423233.4840044071,399389.8334465721
1431,1432,2022-01-15 21:45:00,2022-01-15 22:00:00,986.7710359530523,995.5637743030381,1,0.008910616576309982,1103.5232855313855,1,0.0,0.8910616576309982,1.0,0.8910616576309982,Bullish,900.0,21,Saturday,Late,2022,1,124947.17384336634,424337.00728993845,399389.8334465721
1432,1433,2022-01-15 22:00:00,2022-01-15 22:15:00,995.5637743030381,981.6345923672197,-1,0.013991250279842493,1748.1671810015284,1,-0.0,1.3991250279842493,1.0,1.3991250279842493,Bullish,900.0,22,Saturday,Late,2022,1,126695.34102436787,426085.17447093996,399389.8334465721
1433,1441,2022-01-15 22:15:00,2022-01-16 00:15:00,981.6345923672197,961.3315969241203,1,-0.02068284430985523,-2620.4200131910156,8,-2.8059297649156156,0.0,0.0,0.0,Bullish,7200.0,22,Saturday,Late,2022,1,124074.92101117686,426085.17447093996,402010.25345976313
1441,1446,2022-01-16 00:15:00,2022-01-16 01:30:00,961.3315969241203,977.2645619834187,-1,-0.01657384934634165,-2056.399048498486,5,-2.694028739830956,-0.0,0.0,-0.0,Sideways,4500.0,0,Sunday,Asia,2022,1,122018.52196267838,426085.17447093996,404066.6525082616
1446,1448,2022-01-16 01:30:00,2022-01-16 02:00:00,977.2645619834187,994.2930581581126,1,0.017424653299750625,2126.1304413476782,2,0.0,1.7424653299750625,1.0,1.7424653299750625,Bearish,1800.0,1,Sunday,Asia,2022,1,124144.65240402606,428211.3049122876,404066.6525082616
1448,1450,2022-01-16 02:00:00,2022-01-16 02:30:00,994.2930581581126,978.175605904363,-1,0.016209961561641117,2012.3800435525602,2,-1.5998372214920842,1.6209961561641117,1.0,1.0132256797052726,Sideways,1800.0,2,Sunday,Asia,2022,1,126157.03244757862,430223.6849558402,404066.6525082616
1450,1459,2022-01-16 02:30:00,2022-01-16 04:45:00,978.175605904363,951.4135062537446,1,-0.02735919756031513,-3451.55517435639,9,-4.013011499784347,0.7921694332226892,-3.4537052823425594,0.19740024001059034,Bearish,8100.0,2,Sunday,Asia,2022,1,122705.47727322222,430223.6849558402,407518.207682618
1459,1462,2022-01-16 04:45:00,2022-01-16 05:30:00,951.4135062537446,960.4973515471461,-1,-0.00954773632462902,-1171.5595425924846,3,-2.720450305501809,-0.0,0.0,-0.0,Bearish,2700.0,4,Sunday,Asia,2022,1,121533.91773062974,430223.6849558402,408689.7672252105
1462,1463,2022-01-16 05:30:00,2022-01-16 05:45:00,960.4973515471461,977.3044574947182,1,0.017498336586248442,2126.641399095987,1,0.0,1.7498336586248442,1.0,1.7498336586248442,Bearish,900.0,5,Sunday,Asia,2022,1,123660.55912972572,432350.3263549362,408689.7672252105
1463,1464,2022-01-16 05:45:00,2022-01-16 06:00:00,977.3044574947182,956.6056651972864,-1,0.021179471902228242,2619.0653375018605,1,-0.0,2.117947190222824,1.0,2.117947190222824,Bearish,900.0,5,Sunday,Asia,2022,1,126279.62446722758,434969.39169243805,408689.7672252105
1464,1466,2022-01-16 06:00:00,2022-01-16 06:30:00,956.6056651972864,965.0251286454985,1,0.008801394090087955,1111.4367404843833,2,0.0,0.8801394090087955,1.0,0.8801394090087955,Bearish,1800.0,6,Sunday,Asia,2022,1,127391.06120771196,436080.8284329224,408689.7672252105
1466,1467,2022-01-16 06:30:00,2022-01-16 06:45:00,965.0251286454985,937.6045151582026,-1,0.028414403597741833,3619.7410279005617,1,-0.0,2.8414403597741833,1.0,2.8414403597741833,Bearish,900.0,6,Sunday,Asia,2022,1,131010.80223561253,439700.56946082297,408689.7672252105
1467,1478,2022-01-16 06:45:00,2022-01-16 09:30:00,937.6045151582026,883.4444900935703,1,-0.057764253679488675,-7567.741215091245,11,-7.4942687423659615,0.0,0.0,0.0,Bearish,9900.0,6,Sunday,Asia,2022,1,123443.06102052129,439700.56946082297,416257.50844030175
1478,1480,2022-01-16 09:30:00,2022-01-16 10:00:00,883.4444900935703,871.6127142710852,-1,0.01339277787700266,1653.245496705127,2,-0.8712142090060881,1.339277787700266,1.0,1.5372542984901052,Bearish,1800.0,9,Sunday,London,2022,1,125096.30651722642,441353.8149575281,416257.50844030175
1480,1481,2022-01-16 10:00:00,2022-01-16 10:15:00,871.6127142710852,882.7925091146144,1,0.012826562371659023,1604.5555780073798,1,0.0,1.2826562371659023,1.0,1.2826562371659023,Bearish,900.0,10,Sunday,London,2022,1,126700.8620952338,442958.37053553545,416257.50844030175
1481,1487,2022-01-16 10:15:00,2022-01-16 11:45:00,882.7925091146144,898.8967275089555,-1,-0.018242359589675905,-2311.322686663193,6,-4.009996426531526,-0.0,0.0,-0.0,Bearish,5400.0,10,Sunday,London,2022,1,124389.53940857059,442958.37053553545,418568.83112696494
1487,1492,2022-01-16 11:45:00,2022-01-16 13:00:00,898.8967275089555,898.4832611199238,1,-0.00045997095815164535,-57.215575625802074,5,-1.2581866726366076,0.7115087698996714,-0.06464726474369459,0.5655033433223872,Bearish,4500.0,11,Sunday,London,2022,1,124332.32383294479,442958.37053553545,418626.0467025908
1492,1493,2022-01-16 13:00:00,2022-01-16 13:15:00,898.4832611199238,890.0296891735593,-1,0.009408713898384047,1169.807263265414,1,-0.0,0.9408713898384047,1.0,0.9408713898384047,Bearish,900.0,13,Sunday,NY_overlap,2022,1,125502.13109621021,444128.17779880087,418626.0467025908
1493,1498,2022-01-16 13:15:00,2022-01-16 14:30:00,890.0296891735593,895.3347492647481,1,0.005960542839997585,748.0608289099541,5,-2.338636997215815,0.5960542839997585,1.0,0.2548725110863168,Bearish,4500.0,13,Sunday,NY_overlap,2022,1,126250.19192512016,444876.23862771085,418626.0467025908
1498,1500,2022-01-16 14:30:00,2022-01-16 15:00:00,895.3347492647481,885.3514920115882,-1,0.011150306923034314,1407.7283890570784,2,-0.0,1.1150306923034314,1.0,1.1150306923034314,Bearish,1800.0,14,Sunday,NY_overlap,2022,1,127657.92031417725,446283.96701676794,418626.0467025908
1500,1506,2022-01-16 15:00:00,2022-01-16 16:30:00,885.3514920115882,876.1745086552444,1,-0.010365355950881172,-1323.2197840056717,6,-2.428716353861504,0.0,0.0,0.0,Bearish,5400.0,15,Sunday,NY_overlap,2022,1,126334.70053017157,446283.96701676794,419949.26648659643
1506,1512,2022-01-16 16:30:00,2022-01-16 18:00:00,876.1745086552444,884.7957382596309,-1,-0.009839626146643354,-1243.0862225650344,6,-2.312288183532285,0.263731422911051,-3.730926727666417,0.11405646786992227,Bearish,5400.0,16,Sunday,NY,2022,1,125091.61430760653,446283.96701676794,421192.35270916147
1512,1518,2022-01-16 18:00:00,2022-01-16 19:30:00,884.7957382596309,876.9122498393557,1,-0.008909952974888613,-1114.5604010336779,6,-2.4853762295800497,0.1540812745766118,-5.782631925502689,0.061995150972634305,Bearish,5400.0,18,Sunday,NY,2022,1,123977.05390657287,446283.96701676794,422306.91311019514
1518,1519,2022-01-16 19:30:00,2022-01-16 19:45:00,876.9122498393557,859.855658817712,-1,0.019450738685391156,2411.4452785214016,1,-0.0,1.9450738685391156,1.0,1.9450738685391156,Bearish,900.0,19,Sunday,NY,2022,1,126388.49918509426,448695.41229528934,422306.91311019514
1519,1521,2022-01-16 19:45:00,2022-01-16 20:15:00,859.855658817712,874.6803105979307,1,0.017240860867976826,2179.0465297626124,2,0.0,1.7240860867976826,1.0,1.7240860867976826,Bearish,1800.0,19,Sunday,NY,2022,1,128567.54571485688,450874.45882505196,422306.91311019514
1521,1523,2022-01-16 20:15:00,2022-01-16 20:45:00,874.6803105979307,859.5562023886533,-1,0.01729101252883869,2223.063043757631,2,-0.31923059272385146,1.729101252883869,1.0,5.416464750856814,Bearish,1800.0,20,Sunday,NY,2022,1,130790.60875861451,453097.5218688096,422306.91311019514
1523,1526,2022-01-16 20:45:00,2022-01-16 21:30:00,859.5562023886533,865.0104439349283,1,0.006345415844964952,829.9208011895244,3,-1.7075678596039645,0.6345415844964952,1.0,0.37160548608806926,Bearish,2700.0,20,Sunday,NY,2022,1,131620.52955980404,453927.4426699991,422306.91311019514
1526,1529,2022-01-16 21:30:00,2022-01-16 22:15:00,865.0104439349283,858.8859121435153,-1,0.007080298086983294,931.9125836500085,3,-0.0905937726608963,0.7080298086983294,1.0,7.81543574025306,Sideways,2700.0,21,Sunday,Late,2022,1,132552.44214345404,454859.3552536491,422306.91311019514
1529,1530,2022-01-16 22:15:00,2022-01-16 22:30:00,858.8859121435153,877.3499275062693,1,0.02149763443746977,2849.5639449938362,1,0.0,2.149763443746977,1.0,2.149763443746977,Bearish,900.0,22,Sunday,Late,2022,1,135402.00608844787,457708.91919864295,422306.91311019514
1530,1532,2022-01-16 22:30:00,2022-01-16 23:00:00,877.3499275062693,864.6656003560051,-1,0.014457546245336128,1957.5807647350186,2,-0.055203993075636504,1.4457546245336128,1.0,26.1893124751455,Sideways,1800.0,22,Sunday,Late,2022,1,137359.5868531829,459666.49996337795,422306.91311019514
1532,1538,2022-01-16 23:00:00,2022-01-17 00:30:00,864.6656003560051,855.8051808244663,1,-0.010247221038851007,-1407.5540482898177,6,-3.40541280096075,0.0,0.0,0.0,Bearish,5400.0,23,Sunday,Late,2022,1,135952.0328048931,459666.49996337795,423714.467158485
1538,1541,2022-01-17 00:30:00,2022-01-17 01:15:00,855.8051808244663,848.6212299907072,-1,0.00839437642436125,1141.2325390213816,3,-0.0,0.839437642436125,1.0,0.839437642436125,Bearish,2700.0,0,Monday,Asia,2022,1,137093.26534391445,460807.73250239936,423714.467158485
1541,1543,2022-01-17 01:15:00,2022-01-17 01:45:00,848.6212299907072,855.252087926355,1,0.007813683774704039,1071.20342303894,2,-0.05806521344121629,0.7813683774704039,1.0,13.456738228671817,Bearish,1800.0,1,Monday,Asia,2022,1,138164.4687669534,461878.9359254383,423714.467158485
1543,1544,2022-01-17 01:45:00,2022-01-17 02:00:00,855.252087926355,832.1139686538938,-1,0.027054151166776896,3737.922423898582,1,-0.0,2.7054151166776896,1.0,2.7054151166776896,Bearish,900.0,1,Monday,Asia,2022,1,141902.39119085198,465616.8583493369,423714.467158485
1544,1552,2022-01-17 02:00:00,2022-01-17 04:00:00,832.1139686538938,845.5890903373739,1,0.016193841458134406,2297.9448254748254,8,-0.8506619689154116,1.6193841458134406,1.0,1.9036752611359185,Bearish,7200.0,2,Monday,Asia,2022,1,144200.33601632682,467914.8031748117,423714.467158485
1552,1555,2022-01-17 04:00:00,2022-01-17 04:45:00,845.5890903373739,837.6399379331652,-1,0.009400727250439278,1355.5880283111837,3,-0.6045287000483901,1.1913290113578223,0.7890958048377215,1.9706740329490746,Bearish,2700.0,4,Monday,Asia,2022,1,145555.924044638,469270.3912031229,423714.467158485
1555,1562,2022-01-17 04:45:00,2022-01-17 06:30:00,837.6399379331652,825.4693487000969,1,-0.014529619090391743,-2114.8721327185826,7,-2.655875476150227,0.06570837183725864,-22.112279887831598,0.02474075777547558,Bearish,6300.0,4,Monday,Asia,2022,1,143441.0519119194,469270.3912031229,425829.33929120353
1562,1566,2022-01-17 06:30:00,2022-01-17 07:30:00,825.4693487000969,818.474681618348,-1,0.008473563667462325,1215.4568859034173,4,-3.1270069793889688,0.8473563667462325,1.0,0.27098000494767355,Bearish,3600.0,6,Monday,Asia,2022,1,144656.50879782284,470485.84808902635,425829.33929120353
1566,1574,2022-01-17 07:30:00,2022-01-17 09:30:00,818.474681618348,798.9257882677539,1,-0.02388454253947181,-3455.0545379930763,8,-4.749832151323341,0.0,0.0,0.0,Bearish,7200.0,7,Monday,Asia,2022,1,141201.45425982977,470485.84808902635,429284.39382919663
1574,1577,2022-01-17 09:30:00,2022-01-17 10:15:00,798.9257882677539,788.4339209106248,-1,0.013132468010424003,1854.3235810925619,3,-0.08554503302886651,1.3132468010424003,1.0,15.351526027224226,Bearish,2700.0,9,Monday,London,2022,1,143055.77784092232,472340.1716701189,429284.39382919663
1577,1580,2022-01-17 10:15:00,2022-01-17 11:00:00,788.4339209106248,801.6233652476043,1,0.016728661701599368,2393.131711959944,3,-0.5933269415670517,1.6728661701599368,1.0,2.819467738548472,Bearish,2700.0,10,Monday,London,2022,1,145448.90955288225,474733.3033820789,429284.39382919663
1580,1587,2022-01-17 11:00:00,2022-01-17 12:45:00,801.6233652476043,820.290006300627,-1,-0.023286049112674068,-3386.9304512333038,7,-4.4104359652977765,-0.0,0.0,-0.0,Bearish,6300.0,11,Monday,London,2022,1,142061.97910164896,474733.3033820789,432671.3242804299
1587,1594,2022-01-17 12:45:00,2022-01-17 14:30:00,820.290006300627,801.9979475818714,1,-0.02229950210078735,-3167.9114014192282,7,-4.275755040801865,0.0,0.0,0.0,Sideways,6300.0,12,Monday,London,2022,1,138894.06770022973,474733.3033820789,435839.2356818491
1594,1595,2022-01-17 14:30:00,2022-01-17 14:45:00,801.9979475818714,793.8942904633806,-1,0.010104336479818121,1403.4323950937585,1,-0.0,1.0104336479818121,1.0,1.0104336479818121,Bearish,900.0,14,Monday,NY_overlap,2022,1,140297.50009532348,476136.73577717267,435839.2356818491
1595,1596,2022-01-17 14:45:00,2022-01-17 15:00:00,793.8942904633806,799.5595475426653,1,0.00713603454180034,1001.1678068084644,1,0.0,0.713603454180034,1.0,0.713603454180034,Bearish,900.0,14,Monday,NY_overlap,2022,1,141298.66790213194,477137.90358398115,435839.2356818491
1596,1598,2022-01-17 15:00:00,2022-01-17 15:30:00,799.5595475426653,794.8275496253748,-1,0.005918255784492454,836.2416586528703,2,-0.7873115625634197,0.5918255784492454,1.0,0.7517044161301423,Bearish,1800.0,15,Monday,NY_overlap,2022,1,142134.9095607848,477974.145242634,435839.2356818491
1598,1600,2022-01-17 15:30:00,2022-01-17 16:00:00,794.8275496253748,801.179220757031,1,0.007991256889182896,1135.836575221009,2,0.0,0.7991256889182896,1.0,0.7991256889182896,Bearish,1800.0,15,Monday,NY_overlap,2022,1,143270.74613600582,479109.98181785503,435839.2356818491
1600,1606,2022-01-17 16:00:00,2022-01-17 17:30:00,801.179220757031,809.6539084663791,-1,-0.010577767732593557,-1515.4846755020449,6,-3.382153702127466,-0.0,0.0,-0.0,Bearish,5400.0,16,Monday,NY,2022,1,141755.2614605038,479109.98181785503,437354.7203573512
1606,1609,2022-01-17 17:30:00,2022-01-17 18:15:00,809.6539084663791,814.9845856611593,1,0.006583896080829543,933.3019103667775,3,-0.7134106129217388,0.6583896080829543,1.0,0.9228761055103335,Bearish,2700.0,17,Monday,NY,2022,1,142688.56337087054,480043.28372822184,437354.7203573512
1609,1621,2022-01-17 18:15:00,2022-01-17 21:15:00,814.9845856611593,849.217834099168,-1,-0.04200478026248433,-5993.6017503629855,12,-5.794606151104853,-0.0,0.0,-0.0,Sideways,10800.0,18,Monday,NY,2022,1,136694.9616205076,480043.28372822184,443348.3221077142
1621,1622,2022-01-17 21:15:00,2022-01-17 21:30:00,849.217834099168,873.1573057592057,1,0.028190024630643906,3853.43433496703,1,0.0,2.8190024630643906,1.0,2.8190024630643906,Bullish,900.0,21,Monday,Late,2022,1,140548.3959554746,483896.7180631889,443348.3221077142
1622,1625,2022-01-17 21:30:00,2022-01-17 22:15:00,873.1573057592057,862.1755212185446,-1,0.012577097469410048,1767.69087510124,3,-0.0,1.2858387718918118,0.9781239875747239,1.2858387718918118,Bullish,2700.0,21,Monday,Late,2022,1,142316.08683057583,485664.40893829014,443348.3221077142
1625,1626,2022-01-17 22:15:00,2022-01-17 22:30:00,862.1755212185446,870.2123403971378,1,0.009321558059586899,1326.6076662044225,1,0.0,0.9321558059586899,1.0,0.9321558059586899,Bullish,900.0,22,Monday,Late,2022,1,143642.69449678026,486991.0166044946,443348.3221077142
1626,1631,2022-01-17 22:30:00,2022-01-17 23:45:00,870.2123403971378,881.9915101276714,-1,-0.01353597183551547,-1944.3434670859697,5,-3.3164946622337155,-0.0,0.0,-0.0,Bullish,4500.0,22,Monday,Late,2022,1,141698.35102969428,486991.0166044946,445292.66557480016
1631,1636,2022-01-17 23:45:00,2022-01-18 01:00:00,881.9915101276714,878.5535910104416,1,-0.003897904999938362,-552.3267109616662,5,-1.4345757971329531,0.0,0.0,0.0,Bullish,4500.0,23,Monday,Late,2022,1,141146.0243187326,486991.0166044946,445844.9922857618
1636,1638,2022-01-18 01:00:00,2022-01-18 01:30:00,878.5535910104416,875.4276093019469,-1,0.0035581002006940254,502.2116974556461,2,-0.0,0.35581002006940254,1.0,0.35581002006940254,Bullish,1800.0,1,Tuesday,Asia,2022,1,141648.23601618828,487493.22830195026,445844.9922857618
1638,1639,2022-01-18 01:30:00,2022-01-18 01:45:00,875.4276093019469,902.1047610164999,1,0.030473281206912173,4316.486528584368,1,0.0,3.0473281206912173,1.0,3.0473281206912173,Bullish,900.0,1,Tuesday,Asia,2022,1,145964.72254477264,491809.71483053465,445844.9922857618
1639,1643,2022-01-18 01:45:00,2022-01-18 02:45:00,902.1047610164999,897.3570830431628,-1,0.005262889831096018,768.1962539796351,4,-0.9471785837779967,0.6827056769636464,0.7708870760388101,0.7207782023961613,Bullish,3600.0,1,Tuesday,Asia,2022,1,146732.91879875227,492577.9110845143,445844.9922857618
1643,1645,2022-01-18 02:45:00,2022-01-18 03:15:00,897.3570830431628,912.1730656599639,1,0.016510687770532106,2422.6614079450383,2,-0.8357541021908776,1.6510687770532106,1.0,1.9755437307756385,Bullish,1800.0,2,Tuesday,Asia,2022,1,149155.5802066973,495000.5724924593,445844.9922857618
1645,1648,2022-01-18 03:15:00,2022-01-18 04:00:00,912.1730656599639,896.3150469045753,-1,0.0173848794185949,2593.0517765039917,3,-0.0,1.73848794185949,1.0,1.73848794185949,Bullish,2700.0,3,Tuesday,Asia,2022,1,151748.6319832013,497593.6242689633,445844.9922857618
1648,1652,2022-01-18 04:00:00,2022-01-18 05:00:00,896.3150469045753,901.6060383218347,1,0.0059030487500257856,895.7795723465589,4,-1.185219310055352,0.5903048750025786,1.0,0.49805539784448005,Bullish,3600.0,4,Tuesday,Asia,2022,1,152644.41155554788,498489.40384130983,445844.9922857618
1652,1654,2022-01-18 05:00:00,2022-01-18 05:30:00,901.6060383218347,888.5300626564554,-1,0.01450298146817841,2213.799072011108,2,-0.0,1.450298146817841,1.0,1.450298146817841,Bullish,1800.0,5,Tuesday,Asia,2022,1,154858.210627559,500703.2029133209,445844.9922857618
1654,1655,2022-01-18 05:30:00,2022-01-18 05:45:00,888.5300626564554,902.940079463941,1,0.016217815708343908,2511.4619208816544,1,0.0,1.6217815708343908,1.0,1.6217815708343908,Bullish,900.0,5,Tuesday,Asia,2022,1,157369.67254844063,503214.66483420256,445844.9922857618
1655,1664,2022-01-18 05:45:00,2022-01-18 08:00:00,902.940079463941,974.9603635746186,-1,-0.0797619750730687,-12552.115899065699,9,-9.987571606824751,-0.0,0.0,-0.0,Bullish,8100.0,5,Tuesday,Asia,2022,1,144817.55664937492,503214.66483420256,458397.1081848275
1664,1666,2022-01-18 08:00:00,2022-01-18 08:30:00,974.9603635746186,996.1742831983067,1,0.021758750833632767,3151.0491314692454,2,0.0,2.1758750833632767,1.0,2.1758750833632767,Bullish,1800.0,8,Tuesday,London,2022,1,147968.60578084417,506365.7139656718,458397.1081848275
1666,1668,2022-01-18 08:30:00,2022-01-18 09:00:00,996.1742831983067,964.3116183130151,-1,0.03198503055408508,4732.780376945669,2,-0.0,3.198503055408508,1.0,3.198503055408508,Bullish,1800.0,8,Tuesday,London,2022,1,152701.38615778985,511098.49434261746,458397.1081848275
1668,1676,2022-01-18 09:00:00,2022-01-18 11:00:00,964.3116183130151,927.6695986706992,1,-0.037998110721115363,-5802.364178491488,8,-7.639362155751006,0.744220891784475,-5.105757059574665,0.09741924477611215,Bullish,7200.0,9,Tuesday,London,2022,1,146899.02197929836,511098.49434261746,464199.47236331896
1676,1681,2022-01-18 11:00:00,2022-01-18 12:15:00,927.6695986706992,942.3150119339966,-1,-0.01578731617839324,-2319.1413062839197,5,-3.561686376354878,-0.0,0.0,-0.0,Bullish,4500.0,11,Tuesday,London,2022,1,144579.88067301444,511098.49434261746,466518.6136696029
1681,1683,2022-01-18 12:15:00,2022-01-18 12:45:00,942.3150119339966,956.1013307041695,1,0.01463026545855195,2115.2420342119644,2,-0.34247768226599584,1.463026545855195,1.0,4.271888714543713,Bullish,1800.0,12,Tuesday,London,2022,1,146695.1227072264,513213.73637682945,466518.6136696029
1683,1691,2022-01-18 12:45:00,2022-01-18 14:45:00,956.1013307041695,961.1040362681337,-1,-0.005232401005319742,-767.5677075287939,8,-1.6882009773545814,0.3609036853521763,-1.4498053684915606,0.2137800476325479,Bullish,7200.0,12,Tuesday,London,2022,1,145927.5549996976,513213.73637682945,467286.18137713167
1691,1697,2022-01-18 14:45:00,2022-01-18 16:15:00,961.1040362681337,979.0389101511381,1,0.018660699785055135,2723.1102942164766,6,-1.6065183280760564,1.8660699785055135,1.0,1.1615615868760691,Bullish,5400.0,14,Tuesday,NY_overlap,2022,1,148650.6652939141,515936.84667104593,467286.18137713167
1697,1719,2022-01-18 16:15:00,2022-01-18 21:45:00,979.0389101511381,1117.826357754074,-1,-0.1417588679713564,-21072.550035254244,22,-15.855298516872685,-0.0,0.0,-0.0,Bullish,19800.0,16,Tuesday,NY,2022,1,127578.11525865985,515936.84667104593,488358.73141238594
1719,1721,2022-01-18 21:45:00,2022-01-18 22:15:00,1117.826357754074,1137.861515897564,1,0.017923318773538588,2286.6232283082063,2,0.0,1.7923318773538588,1.0,1.7923318773538588,Bullish,1800.0,21,Tuesday,Late,2022,1,129864.73848696804,518223.46989935415,488358.73141238594
1721,1731,2022-01-18 22:15:00,2022-01-19 00:45:00,1137.861515897564,1211.486062745027,-1,-0.06470431227247087,-8402.80859224354,10,-7.580514881655964,-0.0,0.0,-0.0,Bullish,9000.0,22,Tuesday,Late,2022,1,121461.92989472451,518223.46989935415,496761.54000462947
1731,1735,2022-01-19 00:45:00,2022-01-19 01:45:00,1211.486062745027,1237.048056449457,1,0.02109970101225156,2562.810405149745,4,-0.6566647701655381,2.109970101225156,1.0,3.213161718258854,Bullish,3600.0,0,Wednesday,Asia,2022,1,124024.74029987425,520786.2803045039,496761.54000462947
1735,1737,2022-01-19 01:45:00,2022-01-19 02:15:00,1237.048056449457,1205.690097898218,-1,0.025349022123879017,3143.90588576986,2,-0.0,2.5349022123879017,1.0,2.5349022123879017,Bullish,1800.0,1,Wednesday,Asia,2022,1,127168.64618564412,523930.1861902738,496761.54000462947
1737,1746,2022-01-19 02:15:00,2022-01-19 04:30:00,1205.690097898218,1179.328502490086,1,-0.021864321067317394,-2780.4561098990084,9,-3.688800270899839,0.0,0.0,0.0,Bullish,8100.0,2,Wednesday,Asia,2022,1,124388.19007574511,523930.1861902738,499541.99611452845
1746,1752,2022-01-19 04:30:00,2022-01-19 06:00:00,1179.328502490086,1211.191021393117,-1,-0.02701750940111669,-3360.659094759331,6,-5.126005796922328,-0.0,0.0,-0.0,Bullish,5400.0,4,Wednesday,Asia,2022,1,121027.53098098577,523930.1861902738,502902.65520928777
1752,1753,2022-01-19 06:00:00,2022-01-19 06:15:00,1211.191021393117,1222.013281327194,1,0.008935221400196092,1081.4077848341988,1,0.0,0.8935221400196092,1.0,0.8935221400196092,Bullish,900.0,6,Wednesday,Asia,2022,1,122108.93876581997,525011.593975108,502902.65520928777
1753,1754,2022-01-19 06:15:00,2022-01-19 06:30:00,1222.013281327194,1202.960508296408,-1,0.015591297837690532,1903.836832942213,1,-0.0,1.5591297837690532,1.0,1.5591297837690532,Bullish,900.0,6,Wednesday,Asia,2022,1,124012.77559876218,526915.4308080502,502902.65520928777
1754,1758,2022-01-19 06:30:00,2022-01-19 07:30:00,1202.960508296408,1220.184699667429,1,0.014318168595088165,1775.6358289679113,4,-0.9574453522968152,1.4318168595088165,1.0,1.4954554388655519,Bullish,3600.0,6,Wednesday,Asia,2022,1,125788.41142773008,528691.0666370181,502902.65520928777
1758,1759,2022-01-19 07:30:00,2022-01-19 07:45:00,1220.184699667429,1203.092929664324,-1,0.014007526899627143,1761.9845567352943,1,-0.0,1.4007526899627143,1.0,1.4007526899627143,Bullish,900.0,7,Wednesday,Asia,2022,1,127550.39598446539,530453.0511937534,502902.65520928777
1759,1761,2022-01-19 07:45:00,2022-01-19 08:15:00,1203.092929664324,1215.608942181552,1,0.010403196801032077,1326.931871475964,2,-0.45426120519183044,1.0403196801032077,1.0,2.2901354291610487,Bullish,1800.0,7,Wednesday,Asia,2022,1,128877.32785594134,531779.9830652294,502902.65520928777
1761,1770,2022-01-19 08:15:00,2022-01-19 10:30:00,1215.608942181552,1228.195346117764,-1,-0.010353990908971378,-1334.3946809929394,9,-3.09178965782555,0.03794878315127592,-27.28411835419617,0.012274050744436875,Bullish,8100.0,8,Wednesday,London,2022,1,127542.93317494841,531779.9830652294,504237.0498902807
1770,1773,2022-01-19 10:30:00,2022-01-19 11:15:00,1228.195346117764,1241.42004559854,1,0.010767586379950123,1373.3295501134621,3,-0.022057313045953375,1.0767586379950123,1.0,48.81640097104003,Bullish,2700.0,10,Wednesday,London,2022,1,128916.26272506187,533153.3126153428,504237.0498902807
1773,1775,2022-01-19 11:15:00,2022-01-19 11:45:00,1241.42004559854,1233.56825025613,-1,0.006324849812316402,815.3760001011389,2,-0.0,0.6324849812316402,1.0,0.6324849812316402,Bullish,1800.0,11,Wednesday,London,2022,1,129731.63872516301,533968.6886154439,504237.0498902807
1775,1776,2022-01-19 11:45:00,2022-01-19 12:00:00,1233.56825025613,1237.512622363659,1,0.003197530502839996,414.8208720071268,1,0.0,0.3197530502839996,1.0,0.3197530502839996,Sideways,900.0,11,Wednesday,London,2022,1,130146.45959717013,534383.509487451,504237.0498902807
1776,1777,2022-01-19 12:00:00,2022-01-19 12:15:00,1237.512622363659,1225.592994036077,-1,0.009631924646405055,1253.5608918363416,1,-0.0,0.9631924646405055,1.0,0.9631924646405055,Bullish,900.0,12,Wednesday,London,2022,1,131400.02048900648,535637.0703792874,504237.0498902807
1777,1778,2022-01-19 12:15:00,2022-01-19 12:30:00,1225.592994036077,1242.119406031944,1,0.0134844210731353,1771.8532052923676,1,0.0,1.34844210731353,1.0,1.34844210731353,Sideways,900.0,12,Wednesday,London,2022,1,133171.87369429885,537408.9235845797,504237.0498902807
1778,1783,2022-01-19 12:30:00,2022-01-19 13:45:00,1242.119406031944,1246.673648823335,-1,-0.0036665096521919516,-488.27596030063376,5,-2.643021684946989,-0.0,0.0,-0.0,Sideways,4500.0,12,Wednesday,London,2022,1,132683.5977339982,537408.9235845797,504725.32585058134
1783,1784,2022-01-19 13:45:00,2022-01-19 14:00:00,1246.673648823335,1259.146510874151,1,0.01000491352535482,1327.4879215616156,1,0.0,1.000491352535482,1.0,1.000491352535482,Bullish,900.0,13,Wednesday,NY_overlap,2022,1,134011.08565555984,538736.4115061413,504725.32585058134
1784,1798,2022-01-19 14:00:00,2022-01-19 17:30:00,1259.146510874151,1324.602930341401,-1,-0.05198475229209598,-6966.533092199128,14,-6.804660790383399,-0.0,0.0,-0.0,Bullish,12600.0,14,Wednesday,NY_overlap,2022,1,127044.5525633607,538736.4115061413,511691.85894278047
1798,1799,2022-01-19 17:30:00,2022-01-19 17:45:00,1324.602930341401,1344.803320650112,1,0.015250147682751125,1937.4481888802868,1,0.0,1.5250147682751125,1.0,1.5250147682751125,Bullish,900.0,17,Wednesday,NY,2022,1,128982.00075224099,540673.8596950216,511691.85894278047
1799,1800,2022-01-19 17:45:00,2022-01-19 18:00:00,1344.803320650112,1326.871146453866,-1,0.01333442141381469,1719.9003528273429,1,-0.0,1.333442141381469,1.0,1.333442141381469,Bullish,900.0,17,Wednesday,NY,2022,1,130701.90110506833,542393.760047849,511691.85894278047
1800,1801,2022-01-19 18:00:00,2022-01-19 18:15:00,1326.871146453866,1352.500925135631,1,0.019315951477475446,2524.631579759292,1,0.0,1.9315951477475446,1.0,1.9315951477475446,Bullish,900.0,18,Wednesday,NY,2022,1,133226.53268482763,544918.3916276083,511691.85894278047
1801,1805,2022-01-19 18:15:00,2022-01-19 19:15:00,1352.500925135631,1344.426295976691,-1,0.005970146865614923,795.3819665250669,4,-1.3159024663355723,0.6039714956212583,0.9884815606196612,0.4589789221257054,Bullish,3600.0,18,Wednesday,NY,2022,1,134021.91465135268,545713.7735941334,511691.85894278047
1805,1809,2022-01-19 19:15:00,2022-01-19 20:15:00,1344.426295976691,1358.564236253252,1,0.010515965299748853,1409.369803879526,4,-1.1245140894193817,1.0515965299748853,1.0,0.9351563843169401,Bullish,3600.0,19,Wednesday,NY,2022,1,135431.2844552322,547123.143398013,511691.85894278047
1809,1824,2022-01-19 20:15:00,2022-01-20 00:00:00,1358.564236253252,1465.503644450822,-1,-0.07871501791663205,-10660.475982366084,15,-10.070329865352123,0.6193635436707035,-12.709016977350931,0.061503798977000694,Bullish,13500.0,20,Wednesday,NY,2022,1,124770.80847286613,547123.143398013,522352.33492514654
1824,1826,2022-01-20 00:00:00,2022-01-20 00:30:00,1465.503644450822,1480.585581784714,1,0.010291299780113228,1284.0537938013556,2,-0.3011358327017932,1.0291299780113228,1.0,3.4174942542637985,Bullish,1800.0,0,Thursday,Asia,2022,1,126054.8622666675,548407.1971918143,522352.33492514654
1826,1828,2022-01-20 00:30:00,2022-01-20 01:00:00,1480.585581784714,1447.04183386437,-1,0.022655730498138404,2855.864987493572,2,-0.0,2.2655730498138404,1.0,2.2655730498138404,Bullish,1800.0,0,Thursday,Asia,2022,1,128910.72725416106,551263.0621793079,522352.33492514654
1828,1831,2022-01-20 01:00:00,2022-01-20 01:45:00,1447.04183386437,1452.125143204945,1,0.003512897292678785,452.8501447683952,3,-1.6681833044820182,0.3512897292678785,1.0,0.21058221139370306,Bullish,2700.0,1,Thursday,Asia,2022,1,129363.57739892945,551715.9123240763,522352.33492514654
1831,1835,2022-01-20 01:45:00,2022-01-20 02:45:00,1452.125143204945,1464.293027835067,-1,-0.008379363643044258,-1083.9844571907302,4,-2.2612761024085826,-0.0,0.0,-0.0,Bullish,3600.0,1,Thursday,Asia,2022,1,128279.59294173872,551715.9123240763,523436.3193823373
1835,1836,2022-01-20 02:45:00,2022-01-20 03:00:00,1464.293027835067,1494.011625963099,1,0.020295526621451287,2603.5018935379903,1,0.0,2.0295526621451287,1.0,2.0295526621451287,Bullish,900.0,2,Thursday,Asia,2022,1,130883.09483527672,554319.4142176142,523436.3193823373
1836,1840,2022-01-20 03:00:00,2022-01-20 04:00:00,1494.011625963099,1495.832782607205,-1,-0.0012189708650574005,-159.54267933274687,4,-1.6752787743734787,-0.0,0.0,-0.0,Bullish,3600.0,3,Thursday,Asia,2022,1,130723.55215594397,554319.4142176142,523595.86206167
1840,1855,2022-01-20 04:00:00,2022-01-20 07:45:00,1495.832782607205,1451.704401746862,1,-0.029500878288967636,-3856.4596016540117,15,-6.413045320652866,0.0,0.0,0.0,Bullish,13500.0,4,Thursday,Asia,2022,1,126867.09255428996,554319.4142176142,527452.321663324
1855,1868,2022-01-20 07:45:00,2022-01-20 11:00:00,1451.704401746862,1597.053755994645,-1,-0.10012324414865814,-12702.34488224357,13,-11.81369499733016,-0.0,0.0,-0.0,Bullish,11700.0,7,Thursday,Asia,2022,1,114164.74767204639,554319.4142176142,540154.6665455676
1868,1872,2022-01-20 11:00:00,2022-01-20 12:00:00,1597.053755994645,1625.035544685921,1,0.017520880926045646,2000.266949913969,4,-1.2949630621823083,1.7520880926045646,1.0,1.353002370316182,Bullish,3600.0,11,Thursday,London,2022,1,116165.01462196035,556319.6811675281,540154.6665455676
1872,1875,2022-01-20 12:00:00,2022-01-20 12:45:00,1625.035544685921,1620.460487728249,-1,0.002815358084094166,327.0461130048527,3,-1.0478817757771708,0.2815358084094166,1.0,0.2686713472048057,Bullish,2700.0,12,Thursday,London,2022,1,116492.06073496521,556646.727280533,540154.6665455676
1875,1876,2022-01-20 12:45:00,2022-01-20 13:00:00,1620.460487728249,1647.0451816496,1,0.01640564155848101,1911.1269928266368,1,0.0,1.640564155848101,1.0,1.640564155848101,Bullish,900.0,12,Thursday,London,2022,1,118403.18772779184,558557.8542733596,540154.6665455676
1876,1878,2022-01-20 13:00:00,2022-01-20 13:30:00,1647.0451816496,1590.994626510357,-1,0.034030976055620665,4029.3760464736383,2,-0.46812658765431614,3.4030976055620665,1.0,7.26960974939337,Bullish,1800.0,13,Thursday,NY_overlap,2022,1,122432.56377426548,562587.2303198333,540154.6665455676
1878,1885,2022-01-20 13:30:00,2022-01-20 15:15:00,1590.994626510357,1612.580170205765,1,0.013567326586610307,1661.0825775614521,7,-1.2592305118328762,1.924365617426349,0.7050285280379973,1.5282075833957787,Bullish,6300.0,13,Thursday,NY_overlap,2022,1,124093.64635182693,564248.3128973948,540154.6665455676
1885,1888,2022-01-20 15:15:00,2022-01-20 16:00:00,1612.580170205765,1599.189434352153,-1,0.008303919458406361,1030.4636446055322,3,-0.6176064329094011,0.8303919458406361,1.0,1.3445325398067045,Bullish,2700.0,15,Thursday,NY_overlap,2022,1,125124.10999643247,565278.7765420002,540154.6665455676
1888,1891,2022-01-20 16:00:00,2022-01-20 16:45:00,1599.189434352153,1606.897992749953,1,0.004820290975048103,603.1346181767288,3,-0.3044768410266241,0.48202909750481027,1.0,1.5831387894052036,Bullish,2700.0,16,Thursday,NY,2022,1,125727.2446146092,565881.911160177,540154.6665455676
1891,1893,2022-01-20 16:45:00,2022-01-20 17:15:00,1606.897992749953,1595.936908544307,-1,0.00682126946147199,857.6194141646516,2,-0.0,0.682126946147199,1.0,0.682126946147199,Bullish,1800.0,16,Thursday,NY,2022,1,126584.86402877385,566739.5305743417,540154.6665455676
1893,1897,2022-01-20 17:15:00,2022-01-20 18:15:00,1595.936908544307,1619.954523507268,1,0.015049225839928848,1905.0042066857013,4,-0.29664959062762897,1.5049225839928848,1.0,5.0730647590272495,Bullish,3600.0,17,Thursday,NY,2022,1,128489.86823545955,568644.5347810274,540154.6665455676
1897,1900,2022-01-20 18:15:00,2022-01-20 19:00:00,1619.954523507268,1593.530159881287,-1,0.016311793474776737,2095.90019425809,3,-0.0,1.6311793474776737,1.0,1.6311793474776737,Bullish,2700.0,18,Thursday,NY,2022,1,130585.76842971765,570740.4349752854,540154.6665455676
1900,1901,2022-01-20 19:00:00,2022-01-20 19:15:00,1593.530159881287,1615.737843492984,1,0.013936155192287858,1819.8635347407076,1,0.0,1.3936155192287858,1.0,1.3936155192287858,Bullish,900.0,19,Thursday,NY,2022,1,132405.63196445836,572560.2985100262,540154.6665455676
1901,1902,2022-01-20 19:15:00,2022-01-20 19:30:00,1615.737843492984,1582.046344083799,-1,0.020852082870293387,2760.9332102164494,1,-0.0,2.0852082870293387,1.0,2.0852082870293387,Bullish,900.0,19,Thursday,NY,2022,1,135166.5651746748,575321.2317202426,540154.6665455676
1902,1906,2022-01-20 19:30:00,2022-01-20 20:30:00,1582.046344083799,1594.476251176021,1,0.00785685396556457,1061.9839636043846,4,-1.0288102154939138,0.785685396556457,1.0,0.7636835100624104,Bullish,3600.0,19,Thursday,NY,2022,1,136228.5491382792,576383.2156838471,540154.6665455676
1906,1908,2022-01-20 20:30:00,2022-01-20 21:00:00,1594.476251176021,1577.440407568279,-1,0.010684288082169369,1455.505064009339,2,-0.0,1.0684288082169369,1.0,1.0684288082169369,Bullish,1800.0,20,Thursday,NY,2022,1,137684.05420228853,577838.7207478564,540154.6665455676
1908,1928,2022-01-20 21:00:00,2022-01-21 02:00:00,1577.440407568279,1481.654901754207,1,-0.06072210738010142,-8360.46592379906,20,-8.041612579271485,0.0,0.0,0.0,Bullish,18000.0,21,Thursday,Late,2022,1,129323.58827848946,577838.7207478564,548515.1324693667
1928,1931,2022-01-21 02:00:00,2022-01-21 02:45:00,1481.654901754207,1461.314637267288,-1,0.013728071538680942,1775.3634715260216,3,-0.8784002851898176,1.3728071538680942,1.0,1.5628491668481619,Bearish,2700.0,2,Friday,Asia,2022,1,131098.9517500155,579614.0842193825,548515.1324693667
1931,1938,2022-01-21 02:45:00,2022-01-21 04:30:00,1461.314637267288,1449.812979152137,1,-0.007870760903797902,-1031.8485039629084,7,-2.791807420743897,0.0,0.0,0.0,Bearish,6300.0,2,Friday,Asia,2022,1,130067.10324605257,579614.0842193825,549546.9809733295
1938,1942,2022-01-21 04:30:00,2022-01-21 05:30:00,1449.812979152137,1435.442510163375,-1,0.00991194670995843,1289.218196093533,4,-0.2326503656028711,0.991194670995843,1.0,4.260447510698478,Bearish,3600.0,4,Friday,Asia,2022,1,131356.32144214612,580903.3024154761,549546.9809733295
1942,1948,2022-01-21 05:30:00,2022-01-21 07:00:00,1435.442510163375,1443.259826771212,1,0.005445928034378156,715.3570734345712,6,-0.642644605142273,0.5445928034378156,1.0,0.8474245315064148,Bearish,5400.0,5,Friday,Asia,2022,1,132071.6785155807,581618.6594889107,549546.9809733295
1948,1949,2022-01-21 07:00:00,2022-01-21 07:15:00,1443.259826771212,1431.633574896054,-1,0.008055550123062472,1063.910026119252,1,-0.0,0.8055550123062472,1.0,0.8055550123062472,Bearish,900.0,7,Friday,Asia,2022,1,133135.58854169992,582682.5695150299,549546.9809733295
1949,1950,2022-01-21 07:15:00,2022-01-21 07:30:00,1431.633574896054,1459.2559227334,1,0.019294286136975813,2568.7561403382347,1,0.0,1.9294286136975813,1.0,1.9294286136975813,Bearish,900.0,7,Friday,Asia,2022,1,135704.34468203818,585251.3256553682,549546.9809733295
1950,1952,2022-01-21 07:30:00,2022-01-21 08:00:00,1459.2559227334,1438.615646447382,-1,0.014144384110057806,1919.4543765864264,2,-0.0,1.4144384110057806,1.0,1.4144384110057806,Bearish,1800.0,7,Friday,Asia,2022,1,137623.7990586246,587170.7800319546,549546.9809733295
1952,1953,2022-01-21 08:00:00,2022-01-21 08:15:00,1438.615646447382,1475.124076264989,1,0.02537747306430571,3492.544253617664,1,0.0,2.537747306430571,1.0,2.537747306430571,Bearish,900.0,8,Friday,London,2022,1,141116.34331224227,590663.3242855723,549546.9809733295
1953,1955,2022-01-21 08:15:00,2022-01-21 08:45:00,1475.124076264989,1455.019421044869,-1,0.013629128250028266,1923.2927411775665,2,-0.0,1.3629128250028266,1.0,1.3629128250028266,Bearish,1800.0,8,Friday,London,2022,1,143039.63605341985,592586.6170267499,549546.9809733295
1955,1956,2022-01-21 08:45:00,2022-01-21 09:00:00,1455.019421044869,1473.574397631486,1,0.012752391011586983,1824.0973691083027,1,0.0,1.2752391011586983,1.0,1.2752391011586983,Bearish,900.0,8,Friday,London,2022,1,144863.73342252814,594410.7143958582,549546.9809733295
1956,1957,2022-01-21 09:00:00,2022-01-21 09:15:00,1473.574397631486,1445.482857847748,-1,0.019063536818290427,2761.615115735372,1,-0.0,1.9063536818290427,1.0,1.9063536818290427,Bearish,900.0,9,Friday,London,2022,1,147625.34853826353,597172.3295115936,549546.9809733295
1957,1961,2022-01-21 09:15:00,2022-01-21 10:15:00,1445.482857847748,1460.04701916054,1,0.01007563751705609,1487.4195002006077,4,-1.5806736206217642,1.007563751705609,1.0,0.6374268151000584,Bearish,3600.0,9,Friday,London,2022,1,149112.76803846413,598659.7490117942,549546.9809733295
1961,1962,2022-01-21 10:15:00,2022-01-21 10:30:00,1460.04701916054,1417.835431751775,-1,0.028911115090687,4311.016398250946,1,-0.0,2.8911115090687,1.0,2.8911115090687,Bearish,900.0,10,Friday,London,2022,1,153423.78443671507,602970.7654100452,549546.9809733295
1962,1976,2022-01-21 10:30:00,2022-01-21 14:00:00,1417.835431751775,1347.899701615812,1,-0.04932570351239951,-7567.736102875693,14,-7.988152456419395,0.0,0.0,0.0,Bearish,12600.0,10,Friday,London,2022,1,145856.04833383937,602970.7654100452,557114.7170762052
1976,1978,2022-01-21 14:00:00,2022-01-21 14:30:00,1347.899701615812,1324.392200619598,-1,0.017440096594749654,2543.74357187063,2,-0.0,1.7440096594749654,1.0,1.7440096594749654,Bearish,1800.0,14,Friday,NY_overlap,2022,1,148399.79190571,605514.5089819158,557114.7170762052
1978,1980,2022-01-21 14:30:00,2022-01-21 15:00:00,1324.392200619598,1329.912376902221,1,0.004168082747724178,618.5426124080473,2,-0.6529097247939597,0.4168082747724178,1.0,0.6383857659708637,Bearish,1800.0,14,Friday,NY_overlap,2022,1,149018.33451811806,606133.0515943238,557114.7170762052
1980,1982,2022-01-21 15:00:00,2022-01-21 15:30:00,1329.912376902221,1323.611740249714,-1,0.004737632916224976,705.99416673406,2,-0.9386269420822657,0.47376329162249764,1.0,0.5047407765341715,Bearish,1800.0,15,Friday,NY_overlap,2022,1,149724.3286848521,606839.0457610579,557114.7170762052
1982,1983,2022-01-21 15:30:00,2022-01-21 15:45:00,1323.611740249714,1347.769848279665,1,0.018251657412311273,2732.7171534442073,1,0.0,1.8251657412311273,1.0,1.8251657412311273,Bearish,900.0,15,Friday,NY_overlap,2022,1,152457.04583829633,609571.7629145021,557114.7170762052
1983,1989,2022-01-21 15:45:00,2022-01-21 17:15:00,1347.769848279665,1356.44030562478,-1,-0.006433188393539346,-980.7848978002229,6,-1.444761363503777,1.1245605108535561,-0.5720624485254664,0.7783711132240672,Bearish,5400.0,15,Friday,NY_overlap,2022,1,151476.2609404961,609571.7629145021,558095.5019740054
1989,1990,2022-01-21 17:15:00,2022-01-21 17:30:00,1356.44030562478,1364.665903772311,1,0.006064106259170865,918.5681420850606,1,0.0,0.6064106259170865,1.0,0.6064106259170865,Bearish,900.0,17,Friday,NY,2022,1,152394.82908258116,610490.3310565872,558095.5019740054
1990,1998,2022-01-21 17:30:00,2022-01-21 19:30:00,1364.665903772311,1409.844746875654,-1,-0.03310615659001681,-5045.207075116775,8,-4.750381037003271,-0.0,0.0,-0.0,Bearish,7200.0,17,Friday,NY,2022,1,147349.62200746438,610490.3310565872,563140.7090491222
1998,1999,2022-01-21 19:30:00,2022-01-21 19:45:00,1409.844746875654,1453.594582809098,1,0.031031669288691388,4572.504739949312,1,0.0,3.103166928869139,1.0,3.103166928869139,Sideways,900.0,19,Friday,NY,2022,1,151922.1267474137,615062.8357965365,563140.7090491222
1999,2009,2022-01-21 19:45:00,2022-01-21 22:15:00,1453.594582809098,1550.557623509645,-1,-0.06670569761835798,-10134.071448350824,10,-7.877728841557929,-0.0,0.0,-0.0,Sideways,9000.0,19,Friday,NY,2022,1,141788.05529906286,615062.8357965365,573274.780497473
2009,2017,2022-01-21 22:15:00,2022-01-22 00:15:00,1550.557623509645,1506.461830462604,1,-0.02843866772731185,-4032.263392351763,8,-5.176238546860801,0.0,0.0,0.0,Bullish,7200.0,22,Friday,Late,2022,1,137755.79190671112,615062.8357965365,577307.0438898248
2017,2025,2022-01-22 00:15:00,2022-01-22 02:15:00,1506.461830462604,1558.361281779738,-1,-0.0344512222398603,-4745.855401806048,8,-5.450693587155597,-0.0,0.0,-0.0,Bullish,7200.0,0,Saturday,Asia,2022,1,133009.93650490505,615062.8357965365,582052.8992916308
2025,2026,2022-01-22 02:15:00,2022-01-22 02:30:00,1558.361281779738,1583.956342623468,1,0.0164243434067477,2184.600873666265,1,0.0,1.64243434067477,1.0,1.64243434067477,Bullish,900.0,2,Saturday,Asia,2022,1,135194.53737857135,617247.4366702028,582052.8992916308
2026,2027,2022-01-22 02:30:00,2022-01-22 02:45:00,1583.956342623468,1566.465909578068,-1,0.011042244394457779,1492.85112252984,1,-0.0,1.1042244394457779,1.0,1.1042244394457779,Bullish,900.0,2,Saturday,Asia,2022,1,136687.38850110117,618740.2877927326,582052.8992916308
2027,2031,2022-01-22 02:45:00,2022-01-22 03:45:00,1566.465909578068,1561.590913219777,1,-0.0031120985962626024,-425.3846298810774,4,-3.3694257402610672,0.0,0.0,0.0,Bullish,3600.0,2,Saturday,Asia,2022,1,136262.0038712201,618740.2877927326,582478.283921512
2031,2036,2022-01-22 03:45:00,2022-01-22 05:00:00,1561.590913219777,1556.6847278712,-1,0.003141786563333082,428.1061328554392,5,-0.5865144367231734,0.3777846460358836,0.8316342647325752,0.6441182388391791,Bullish,4500.0,3,Saturday,Asia,2022,1,136690.11000407554,619168.393925588,582478.283921512
2036,2038,2022-01-22 05:00:00,2022-01-22 05:30:00,1556.6847278712,1588.590998503156,1,0.020496295788543284,2801.640926012048,2,-0.4310973907728388,2.0496295788543284,1.0,4.754446727640609,Bullish,1800.0,5,Saturday,Asia,2022,1,139491.75093008758,621970.0348516001,582478.283921512
2038,2042,2022-01-22 05:30:00,2022-01-22 06:30:00,1588.590998503156,1568.553816612605,-1,0.012613178539618408,1759.4343592851747,4,-1.04183246059959,1.2613178539618408,1.0,1.210672446542829,Bullish,3600.0,5,Saturday,Asia,2022,1,141251.18528937275,623729.4692108852,582478.283921512
2042,2044,2022-01-22 06:30:00,2022-01-22 07:00:00,1568.553816612605,1586.727086200683,1,0.011586003231514486,1636.536689217922,2,0.0,1.1586003231514486,1.0,1.1586003231514486,Bullish,1800.0,6,Saturday,Asia,2022,1,142887.72197859068,625366.0059001031,582478.283921512
2044,2047,2022-01-22 07:00:00,2022-01-22 07:45:00,1586.727086200683,1587.896459044569,-1,-0.0007369716279854721,-105.30419708569737,3,-1.2985337283234477,-0.0,0.0,-0.0,Bullish,2700.0,7,Saturday,Asia,2022,1,142782.41778150498,625366.0059001031,582583.5881185976
2047,2057,2022-01-22 07:45:00,2022-01-22 10:15:00,1587.896459044569,1520.201712960587,1,-0.04263171298002244,-6087.0590534547655,10,-5.1829339090622595,0.0,0.0,0.0,Bullish,9000.0,7,Saturday,Asia,2022,1,136695.35872805023,625366.0059001031,588670.6471720524
2057,2058,2022-01-22 10:15:00,2022-01-22 10:30:00,1520.201712960587,1495.781974739358,-1,0.01606348553158221,2195.8039171624723,1,-0.0,1.6063485531582211,1.0,1.6063485531582211,Sideways,900.0,10,Saturday,London,2022,1,138891.1626452127,627561.8098172656,588670.6471720524
2058,2061,2022-01-22 10:30:00,2022-01-22 11:15:00,1495.781974739358,1481.990121226823,1,-0.009220497201765099,-1280.6455765200833,3,-3.0761341854390722,0.0,0.0,0.0,Bearish,2700.0,10,Saturday,London,2022,1,137610.5170686926,627561.8098172656,589951.2927485725
2061,2071,2022-01-22 11:15:00,2022-01-22 13:45:00,1481.990121226823,1518.569903847826,-1,-0.024682878851258083,-3396.6237214655175,10,-4.21361660880919,0.2385421049565184,-10.347388716032876,0.05661219970934488,Sideways,9000.0,11,Saturday,London,2022,1,134213.8933472271,627561.8098172656,593347.916470038
2071,2081,2022-01-22 13:45:00,2022-01-22 16:15:00,1518.569903847826,1464.135580329625,1,-0.03584578054673193,-4811.00176724718,10,-6.625526617551114,0.0,0.0,0.0,Sideways,9000.0,13,Saturday,NY_overlap,2022,1,129402.89157997991,627561.8098172656,598158.9182372852
2081,2084,2022-01-22 16:15:00,2022-01-22 17:00:00,1464.135580329625,1433.614099434434,-1,0.020846075531010477,2697.542451807417,3,-0.31977603917519026,2.0846075531010477,1.0,6.518961078128149,Bearish,2700.0,16,Saturday,NY,2022,1,132100.43403178733,630259.352269073,598158.9182372852
2084,2086,2022-01-22 17:00:00,2022-01-22 17:30:00,1433.614099434434,1449.763875256575,1,0.011265078816197649,1488.1218010220002,2,-0.4643175151439971,1.126507881619765,1.0,2.4261584904252538,Bearish,1800.0,17,Saturday,NY,2022,1,133588.55583280933,631747.474070095,598158.9182372852
2086,2088,2022-01-22 17:30:00,2022-01-22 18:00:00,1449.763875256575,1436.829031450799,-1,0.00892203484066445,1191.8817494543712,2,-0.6478452015917346,0.892203484066445,1.0,1.3771862196005002,Bearish,1800.0,17,Saturday,NY,2022,1,134780.4375822637,632939.3558195494,598158.9182372852
2088,2090,2022-01-22 18:00:00,2022-01-22 18:30:00,1436.829031450799,1469.548791819707,1,0.0227722015999845,3069.2472963574314,2,0.0,2.27722015999845,1.0,2.27722015999845,Bearish,1800.0,18,Saturday,NY,2022,1,137849.68487862113,636008.6031159068,598158.9182372852
2090,2095,2022-01-22 18:30:00,2022-01-22 19:45:00,1469.548791819707,1492.407011024445,-1,-0.015554583374147946,-2144.1944165445307,5,-4.2343067759382125,-0.0,0.0,-0.0,Bearish,4500.0,18,Saturday,NY,2022,1,135705.49046207662,636008.6031159068,600303.1126538297
2095,2096,2022-01-22 19:45:00,2022-01-22 20:00:00,1492.407011024445,1525.244721508825,1,0.022003186960264376,2985.9532781714415,1,0.0,2.2003186960264376,1.0,2.2003186960264376,Bearish,900.0,19,Saturday,NY,2022,1,138691.44374024804,638994.5563940783,600303.1126538297
2096,2098,2022-01-22 20:00:00,2022-01-22 20:30:00,1525.244721508825,1483.318420062519,-1,0.027488245561558933,3812.3844628190686,2,-0.0,2.7488245561558933,1.0,2.7488245561558933,Bearish,1800.0,20,Saturday,NY,2022,1,142503.82820306713,642806.9408568974,600303.1126538297
2098,2100,2022-01-22 20:30:00,2022-01-22 21:00:00,1483.318420062519,1514.661186485846,1,0.021130167332517935,3011.1297354551925,2,0.0,2.1130167332517935,1.0,2.1130167332517935,Bearish,1800.0,20,Saturday,NY,2022,1,145514.9579385223,645818.0705923525,600303.1126538297
2100,2103,2022-01-22 21:00:00,2022-01-22 21:45:00,1514.661186485846,1508.039373214338,-1,0.004371811551381444,636.1639740144159,3,-0.594842834426812,0.4371811551381444,1.0,0.7349523770584044,Sideways,2700.0,21,Saturday,Late,2022,1,146151.12191253674,646454.234566367,600303.1126538297
2103,2122,2022-01-22 21:45:00,2022-01-23 02:30:00,1508.039373214338,1341.0216860243,1,-0.11075154280225796,-16186.462234094308,19,-13.241229809427068,0.0,0.0,0.0,Sideways,17100.0,21,Saturday,Late,2022,1,129964.65967844242,646454.234566367,616489.574887924
2122,2124,2022-01-23 02:30:00,2022-01-23 03:00:00,1341.0216860243,1320.633017352898,-1,0.015203832185479271,1975.9608757939595,2,-0.0,1.5203832185479271,1.0,1.5203832185479271,Bearish,1800.0,2,Sunday,Asia,2022,1,131940.62055423638,648430.1954421609,616489.574887924
2124,2127,2022-01-23 03:00:00,2022-01-23 03:45:00,1320.633017352898,1322.693545013768,1,0.0015602575687529985,205.86135184571444,3,-0.8950204140522833,0.15602575687529985,1.0,0.17432647839715698,Bearish,2700.0,3,Sunday,Asia,2022,1,132146.4819060821,648636.0567940066,616489.574887924
2127,2128,2022-01-23 03:45:00,2022-01-23 04:00:00,1322.693545013768,1315.451308378197,-1,0.005475370060489482,723.5508906275759,1,-0.0,0.5475370060489482,1.0,0.5475370060489482,Bearish,900.0,3,Sunday,Asia,2022,1,132870.03279670968,649359.6076846342,616489.574887924
2128,2146,2022-01-23 04:00:00,2022-01-23 08:30:00,1315.451308378197,1186.582358969849,1,-0.09796557925601113,-13016.68972869484,18,-11.33832114436939,0.0,0.0,0.0,Bearish,16200.0,4,Sunday,Asia,2022,1,119853.34306801483,649359.6076846342,629506.2646166189
2146,2152,2022-01-23 08:30:00,2022-01-23 10:00:00,1186.582358969849,1211.783184606277,-1,-0.021238159699514148,-2545.4644405991517,6,-3.3082919215174478,-0.0,0.0,-0.0,Bearish,5400.0,8,Sunday,London,2022,1,117307.87862741567,649359.6076846342,632051.7290572181
2152,2155,2022-01-23 10:00:00,2022-01-23 10:45:00,1211.783184606277,1223.452399781948,1,0.009629788004908324,1129.6500024875272,3,-0.971166291551806,0.9629788004908324,1.0,0.9915694241735975,Bearish,2700.0,10,Sunday,London,2022,1,118437.5286299032,650489.2576871216,632051.7290572181
2155,2156,2022-01-23 10:45:00,2022-01-23 11:00:00,1223.452399781948,1202.279853036368,-1,0.017305574576790717,2049.629484395572,1,-0.0,1.7305574576790717,1.0,1.7305574576790717,Bearish,900.0,10,Sunday,London,2022,1,120487.15811429877,652538.8871715172,632051.7290572181
2156,2162,2022-01-23 11:00:00,2022-01-23 12:30:00,1202.279853036368,1190.018243516052,1,-0.01019863178223368,-1228.8041600955003,6,-2.9638380197170355,0.0,0.0,0.0,Bearish,5400.0,11,Sunday,London,2022,1,119258.35395420328,652538.8871715172,633280.5332173136
2162,2164,2022-01-23 12:30:00,2022-01-23 13:00:00,1190.018243516052,1173.497370108544,-1,0.01388287406308597,1655.6487089171321,2,-0.0,1.388287406308597,1.0,1.388287406308597,Bearish,1800.0,12,Sunday,London,2022,1,120914.00266312041,654194.5358804343,633280.5332173136
2164,2171,2022-01-23 13:00:00,2022-01-23 14:45:00,1173.497370108544,1162.009406686049,1,-0.009789509303657185,-1183.688754013045,7,-3.20539969998056,0.427216454195567,-2.291463544420468,0.1332802440201632,Bearish,6300.0,13,Sunday,NY_overlap,2022,1,119730.31390910735,654194.5358804343,634464.2219713266
2171,2172,2022-01-23 14:45:00,2022-01-23 15:00:00,1162.009406686049,1146.216083262922,-1,0.013591390338369314,1627.3014316741642,1,-0.0,1.3591390338369314,1.0,1.3591390338369314,Bearish,900.0,14,Sunday,NY_overlap,2022,1,121357.61534078153,655821.8373121085,634464.2219713266
2172,2176,2022-01-23 15:00:00,2022-01-23 16:00:00,1146.216083262922,1144.014193020393,1,-0.0019210079798052115,-233.12894747977228,4,-1.0006831472272104,0.028052680396917218,-6.847858930501045,0.028033529369059822,Bearish,3600.0,15,Sunday,NY_overlap,2022,1,121124.48639330175,655821.8373121085,634697.3509188064
2176,2177,2022-01-23 16:00:00,2022-01-23 16:15:00,1144.014193020393,1140.770208741406,-1,0.0028356154134961953,343.46246056865607,1,-0.0,0.28356154134961953,1.0,0.28356154134961953,Bearish,900.0,16,Sunday,NY,2022,1,121467.9488538704,656165.2997726771,634697.3509188064
2177,2180,2022-01-23 16:15:00,2022-01-23 17:00:00,1140.770208741406,1149.679609942274,1,0.0078099876141557445,948.6631760656298,3,-0.568614559157743,0.7809987614155744,1.0,1.3735117204392804,Bearish,2700.0,16,Sunday,NY,2022,1,122416.61202993603,657113.9629487428,634697.3509188064
2180,2181,2022-01-23 17:00:00,2022-01-23 17:15:00,1149.679609942274,1127.083360423814,-1,0.019654388338325557,2406.0236318984953,1,-0.0,1.9654388338325557,1.0,1.9654388338325557,Bearish,900.0,17,Sunday,NY,2022,1,124822.63566183453,659519.9865806412,634697.3509188064
2181,2183,2022-01-23 17:15:00,2022-01-23 17:45:00,1127.083360423814,1134.88083159578,1,0.006918273701631117,863.5571576675509,2,-0.5410176092105479,0.6918273701631117,1.0,1.2787520376141273,Bearish,1800.0,17,Sunday,NY,2022,1,125686.19281950209,660383.5437383088,634697.3509188064
2183,2184,2022-01-23 17:45:00,2022-01-23 18:00:00,1134.88083159578,1131.324850467513,-1,0.003133352004251244,393.8190841776946,1,-0.0,0.3133352004251244,1.0,0.3133352004251244,Bearish,900.0,17,Sunday,NY,2022,1,126080.01190367978,660777.3628224866,634697.3509188064
2184,2186,2022-01-23 18:00:00,2022-01-23 18:30:00,1131.324850467513,1142.117090734898,1,0.009539470703684438,1202.7365798753367,2,-0.19255861732487833,0.9539470703684438,1.0,4.954060657586552,Bearish,1800.0,18,Sunday,NY,2022,1,127282.74848355511,661980.0994023619,634697.3509188064
2186,2191,2022-01-23 18:30:00,2022-01-23 19:45:00,1142.117090734898,1147.371531668539,-1,-0.00460061492491981,-585.5789123582572,5,-2.9988506473608068,-0.0,0.0,-0.0,Bearish,4500.0,18,Sunday,NY,2022,1,126697.16957119686,661980.0994023619,635282.9298311647
2191,2194,2022-01-23 19:45:00,2022-01-23 20:30:00,1147.371531668539,1152.916267362668,1,0.0048325547053320594,612.2710029635404,3,-1.085363458802524,0.48325547053320594,1.0,0.44524759573754147,Bearish,2700.0,19,Sunday,NY,2022,1,127309.4405741604,662592.3704053254,635282.9298311647
2194,2195,2022-01-23 20:30:00,2022-01-23 20:45:00,1152.916267362668,1116.710259637283,-1,0.03140384844096911,3998.00637689549,1,-0.0,3.1403848440969107,1.0,3.1403848440969107,Sideways,900.0,20,Sunday,NY,2022,1,131307.4469510559,666590.3767822209,635282.9298311647
2195,2202,2022-01-23 20:45:00,2022-01-23 22:30:00,1116.710259637283,1085.738633921629,1,-0.02773470150235191,-3641.772846223438,7,-5.722820191263899,0.0,0.0,0.0,Bearish,6300.0,20,Sunday,NY,2022,1,127665.67410483245,666590.3767822209,638924.7026773881
2202,2206,2022-01-23 22:30:00,2022-01-23 23:30:00,1085.738633921629,1086.335278086205,-1,-0.0005495283541869789,-70.15590777699968,4,-1.9489022684797908,-0.0,0.0,-0.0,Bearish,3600.0,22,Sunday,Late,2022,1,127595.51819705545,666590.3767822209,638994.8585851651
2206,2213,2022-01-23 23:30:00,2022-01-24 01:15:00,1086.335278086205,1059.826800689772,1,-0.024401745880086922,-3113.553410482549,7,-4.049661113493008,0.0,0.0,0.0,Bearish,6300.0,23,Sunday,Late,2022,1,124481.9647865729,666590.3767822209,642108.4119956477
2213,2214,2022-01-24 01:15:00,2022-01-24 01:30:00,1059.826800689772,1050.515257014053,-1,0.008785910744716574,1093.6874319417796,1,-0.0,0.8785910744716574,1.0,0.8785910744716574,Bearish,900.0,1,Monday,Asia,2022,1,125575.65221851468,667684.0642141626,642108.4119956477
2214,2218,2022-01-24 01:30:00,2022-01-24 02:30:00,1050.515257014053,1054.843949056032,1,0.004120541813245726,517.4397256919924,4,-1.486028916898563,0.4120541813245726,1.0,0.27728543949505097,Bearish,3600.0,1,Monday,Asia,2022,1,126093.09194420668,668201.5039398547,642108.4119956477
2218,2226,2022-01-24 02:30:00,2022-01-24 04:30:00,1054.843949056032,1069.574613088766,-1,-0.013964780331646498,-1760.8623303389484,8,-3.603078333856957,-0.0,0.0,-0.0,Bearish,7200.0,2,Monday,Asia,2022,1,124332.22961386773,668201.5039398547,643869.2743259866
2226,2233,2022-01-24 04:30:00,2022-01-24 06:15:00,1069.574613088766,1055.060446677967,1,-0.01357003638005605,-1687.1928790736647,7,-4.521485230207267,0.0,0.0,0.0,Bearish,6300.0,4,Monday,Asia,2022,1,122645.03673479406,668201.5039398547,645556.4672050603
2233,2235,2022-01-24 06:15:00,2022-01-24 06:45:00,1055.060446677967,1037.400849139921,-1,0.016737996001698452,2052.8321344951396,2,-0.46948474281129915,1.6737996001698452,1.0,3.5651842276003385,Bearish,1800.0,6,Monday,Asia,2022,1,124697.8688692892,670254.3360743498,645556.4672050603
2235,2236,2022-01-24 06:45:00,2022-01-24 07:00:00,1037.400849139921,1051.112215174784,1,0.013217037605310011,1648.1364221474096,1,0.0,1.3217037605310011,1.0,1.3217037605310011,Bearish,900.0,6,Monday,Asia,2022,1,126346.00529143661,671902.4724964972,645556.4672050603
2236,2238,2022-01-24 07:00:00,2022-01-24 07:30:00,1051.112215174784,1040.324219777465,-1,0.010263409787817146,1296.7408273597255,2,-1.1902788042647217,1.0263409787817146,1.0,0.8622693902507342,Bearish,1800.0,7,Monday,Asia,2022,1,127642.74611879633,673199.2133238569,645556.4672050603
2238,2240,2022-01-24 07:30:00,2022-01-24 08:00:00,1040.324219777465,1066.371248012698,1,0.025037414048482587,3195.844284861643,2,0.0,2.5037414048482587,1.0,2.5037414048482587,Bearish,1800.0,7,Monday,Asia,2022,1,130838.59040365799,676395.0576087186,645556.4672050603
2240,2241,2022-01-24 08:00:00,2022-01-24 08:15:00,1066.371248012698,1036.969302488648,-1,0.027571960120683858,3607.4763968561424,1,-0.0,2.757196012068386,1.0,2.757196012068386,Bearish,900.0,8,Monday,London,2022,1,134446.06680051412,680002.5340055748,645556.4672050603
2241,2245,2022-01-24 08:15:00,2022-01-24 09:15:00,1036.969302488648,1047.425454862403,1,0.010083376960784651,1355.6703724444162,4,-1.4536940462234305,1.0083376960784651,1.0,0.6936381824621474,Bearish,3600.0,8,Monday,London,2022,1,135801.73717295856,681358.2043780192,645556.4672050603
2245,2250,2022-01-24 09:15:00,2022-01-24 10:30:00,1047.425454862403,1065.967573449535,-1,-0.0177025663268493,-2404.039259605651,5,-3.423465248568025,-0.0,0.0,-0.0,Bearish,4500.0,9,Monday,London,2022,1,133397.6979133529,681358.2043780192,647960.506464666
2250,2251,2022-01-24 10:30:00,2022-01-24 10:45:00,1065.967573449535,1091.104038882288,1,0.023580891256766767,3145.6366083977923,1,0.0,2.3580891256766767,1.0,2.3580891256766767,Sideways,900.0,10,Monday,London,2022,1,136543.3345217507,684503.840986417,647960.506464666
2251,2255,2022-01-24 10:45:00,2022-01-24 11:45:00,1091.104038882288,1083.752180192273,-1,0.00673799970307698,920.0289474646953,4,-0.731362806097624,0.673799970307698,1.0,0.9212937336845615,Bullish,3600.0,10,Monday,London,2022,1,137463.36346921537,685423.8699338817,647960.506464666
2255,2258,2022-01-24 11:45:00,2022-01-24 12:30:00,1083.752180192273,1092.313150282396,1,0.007899379808956164,1085.8753178599204,3,-1.3243682552691705,0.7899379808956164,1.0,0.5964639953825124,Sideways,2700.0,11,Monday,London,2022,1,138549.2387870753,686509.7452517416,647960.506464666
2258,2261,2022-01-24 12:30:00,2022-01-24 13:15:00,1092.313150282396,1083.562527064239,-1,0.008011093902782984,1109.9309620823608,3,-0.7323138660447315,0.8011093902782984,1.0,1.0939426759800897,Sideways,2700.0,12,Monday,London,2022,1,139659.16974915768,687619.676213824,647960.506464666
2261,2269,2022-01-24 13:15:00,2022-01-24 15:15:00,1083.562527064239,1088.914690819475,1,0.004939413851581698,689.8344375593878,8,-2.249046897981677,0.49394138515816977,1.0,0.21962253681834693,Sideways,7200.0,13,Monday,NY_overlap,2022,1,140349.00418671704,688309.5106513833,647960.506464666
2269,2278,2022-01-24 15:15:00,2022-01-24 17:30:00,1088.914690819475,1118.791717379833,-1,-0.027437435468772753,-3850.8167454795594,9,-5.214927064781261,-0.0,0.0,-0.0,Sideways,8100.0,15,Monday,NY_overlap,2022,1,136498.1874412375,688309.5106513833,651811.3232101456
2278,2281,2022-01-24 17:30:00,2022-01-24 18:15:00,1118.791717379833,1143.362200672129,1,0.021961624233185262,2997.72190109534,3,-0.1307437989068072,2.196162423318526,1.0,16.797449987543406,Bullish,2700.0,17,Monday,NY,2022,1,139495.90934233283,691307.2325524787,651811.3232101456
2281,2285,2022-01-24 18:15:00,2022-01-24 19:15:00,1143.362200672129,1134.13771101989,-1,0.0080678630505856,1125.4338926908435,4,-1.03379342331813,0.80678630505856,1.0,0.7804134625552623,Bullish,3600.0,18,Monday,NY,2022,1,140621.34323502367,692432.6664451695,651811.3232101456
2285,2288,2022-01-24 19:15:00,2022-01-24 20:00:00,1134.13771101989,1164.689445448111,1,0.0269382934112532,3788.099003949606,3,-0.25294705324350186,2.69382934112532,1.0,10.649775542283466,Bullish,2700.0,19,Monday,NY,2022,1,144409.44223897328,696220.765449119,651811.3232101456
2288,2290,2022-01-24 20:00:00,2022-01-24 20:30:00,1164.689445448111,1138.001733693299,-1,0.022914015284601463,3309.0001667046,2,-0.0,2.2914015284601463,1.0,2.2914015284601463,Bullish,1800.0,20,Monday,NY,2022,1,147718.44240567787,699529.7656158237,651811.3232101456
2290,2306,2022-01-24 20:30:00,2022-01-25 00:30:00,1138.001733693299,1057.372109120132,1,-0.07085193474309526,-10466.137441678744,16,-7.6748560455466635,0.0,0.0,0.0,Bullish,14400.0,20,Monday,NY,2022,1,137252.30496399914,699529.7656158237,662277.4606518244
2306,2309,2022-01-25 00:30:00,2022-01-25 01:15:00,1057.372109120132,1058.184995977369,-1,-0.0007687803094345025,-105.51686948082174,3,-2.517700676591361,-0.0,0.0,-0.0,Sideways,2700.0,0,Tuesday,Asia,2022,1,137146.7880945183,699529.7656158237,662382.9775213052
2309,2310,2022-01-25 01:15:00,2022-01-25 01:30:00,1058.184995977369,1086.333339832938,1,0.02660058870856541,3648.1853028030496,1,0.0,2.660058870856541,1.0,2.660058870856541,Bearish,900.0,1,Tuesday,Asia,2022,1,140794.97339732136,703177.9509186267,662382.9775213052
2310,2316,2022-01-25 01:30:00,2022-01-25 03:00:00,1086.333339832938,1084.695875988055,-1,0.0015073309313464733,212.22461837988595,6,-3.2436176736613698,0.15073309313464733,1.0,0.04647067203962452,Sideways,5400.0,1,Tuesday,Asia,2022,1,141007.19801570126,703390.1755370066,662382.9775213052
2316,2325,2022-01-25 03:00:00,2022-01-25 05:15:00,1084.695875988055,1069.676948605438,1,-0.013846210458702268,-1952.4153399173008,9,-5.001989435191456,0.0,0.0,0.0,Sideways,8100.0,3,Tuesday,Asia,2022,1,139054.78267578396,703390.1755370066,664335.3928612225
2325,2328,2022-01-25 05:15:00,2022-01-25 06:00:00,1069.676948605438,1054.939176105075,-1,0.013777778907526184,1915.8660517410501,3,-0.0,1.5094642820732251,0.9127595181386222,1.5094642820732251,Bearish,2700.0,5,Tuesday,Asia,2022,1,140970.648727525,705306.0415887476,664335.3928612225
2328,2330,2022-01-25 06:00:00,2022-01-25 06:30:00,1054.939176105075,1053.421796429847,1,-0.001438357499273235,-202.76618977464818,2,-1.5957080949998925,0.0,0.0,0.0,Bearish,1800.0,6,Tuesday,Asia,2022,1,140767.88253775035,705306.0415887476,664538.1590509971
2330,2331,2022-01-25 06:30:00,2022-01-25 06:45:00,1053.421796429847,1040.521684649431,-1,0.012245913103502981,1723.8312573214027,1,-0.0,1.2245913103502981,1.0,1.2245913103502981,Bearish,900.0,6,Tuesday,Asia,2022,1,142491.71379507176,707029.872846069,664538.1590509971
2331,2334,2022-01-25 06:45:00,2022-01-25 07:30:00,1040.521684649431,1042.191985678245,1,0.0016052534545463182,228.73531581376383,3,-1.0911964595251566,0.16052534545463182,1.0,0.14710948157262696,Bearish,2700.0,6,Tuesday,Asia,2022,1,142720.44911088553,707258.6081618828,664538.1590509971
2334,2336,2022-01-25 07:30:00,2022-01-25 08:00:00,1042.191985678245,1027.177624670463,-1,0.014406521268737982,2056.1051855998057,2,-0.24443126074100707,1.4406521268737982,1.0,5.893894760049842,Bearish,1800.0,7,Tuesday,Asia,2022,1,144776.55429648532,709314.7133474826,664538.1590509971
2336,2337,2022-01-25 08:00:00,2022-01-25 08:15:00,1027.177624670463,1039.752274118053,1,0.012241942528318006,1772.3462571454818,1,0.0,1.2241942528318006,1.0,1.2241942528318006,Bearish,900.0,8,Tuesday,London,2022,1,146548.9005536308,711087.0596046281,664538.1590509971
2337,2338,2022-01-25 08:15:00,2022-01-25 08:30:00,1039.752274118053,1026.477740308585,-1,0.012767015893980993,1870.9921426136416,1,-0.0,1.2767015893980993,1.0,1.2767015893980993,Bearish,900.0,8,Tuesday,London,2022,1,148419.89269624447,712958.0517472418,664538.1590509971
2338,2343,2022-01-25 08:30:00,2022-01-25 09:45:00,1026.477740308585,1012.130068364318,1,-0.013977577282829001,-2074.550520470941,5,-2.2218448121172796,0.0,0.0,0.0,Bearish,4500.0,8,Tuesday,London,2022,1,146345.34217577352,712958.0517472418,666612.7095714681
2343,2344,2022-01-25 09:45:00,2022-01-25 10:00:00,1012.130068364318,1008.129828169003,-1,0.003952298543782762,578.4004827706987,1,-0.0,0.3952298543782762,1.0,0.3952298543782762,Bearish,900.0,9,Tuesday,London,2022,1,146923.74265854422,713536.4522300125,666612.7095714681
2344,2350,2022-01-25 10:00:00,2022-01-25 11:30:00,1008.129828169003,1016.036194369402,1,0.007842607151857361,1152.2651949515473,6,-2.5691974079701585,0.7842607151857361,1.0,0.3052551402834225,Bearish,5400.0,10,Tuesday,London,2022,1,148076.00785349577,714688.7174249641,666612.7095714681
2350,2353,2022-01-25 11:30:00,2022-01-25 12:15:00,1016.036194369402,1004.646104633735,-1,0.0112103188831143,1659.9792669762223,3,-2.098369306891801,1.12103188831143,1.0,0.5342395567022247,Bearish,2700.0,11,Tuesday,London,2022,1,149735.98712047198,716348.6966919403,666612.7095714681
2353,2354,2022-01-25 12:15:00,2022-01-25 12:30:00,1004.646104633735,1021.461178421026,1,0.016737310491460322,2506.177708180639,1,0.0,1.6737310491460322,1.0,1.6737310491460322,Bearish,900.0,12,Tuesday,London,2022,1,152242.16482865263,718854.8744001209,666612.7095714681
2354,2359,2022-01-25 12:30:00,2022-01-25 13:45:00,1021.461178421026,1023.704366757388,-1,-0.0021960583365776554,-334.33267525059154,5,-3.2371995820009936,-0.0,0.0,-0.0,Sideways,4500.0,12,Tuesday,London,2022,1,151907.83215340204,718854.8744001209,666947.0422467187
2359,2365,2022-01-25 13:45:00,2022-01-25 15:15:00,1023.704366757388,1027.976584502536,1,0.004173292489393576,633.9558150058516,6,-1.5707381013559618,0.41732924893935763,1.0,0.2656898999133543,Bearish,5400.0,13,Tuesday,NY_overlap,2022,1,152541.78796840788,719488.8302151267,666947.0422467187
2365,2368,2022-01-25 15:15:00,2022-01-25 16:00:00,1027.976584502536,1016.938850385081,-1,0.010737340017133334,1637.8930442382514,3,-0.5582707482757687,1.0737340017133334,1.0,1.923321264869392,Bearish,2700.0,15,Tuesday,NY_overlap,2022,1,154179.68101264612,721126.723259365,666947.0422467187
2368,2371,2022-01-25 16:00:00,2022-01-25 16:45:00,1016.938850385081,1031.872201118805,1,0.014684610316607616,2264.068534409571,3,-1.222066587060966,1.4684610316607616,1.0,1.201621128675457,Bearish,2700.0,16,Tuesday,NY,2022,1,156443.7495470557,723390.7917937746,666947.0422467187
2371,2377,2022-01-25 16:45:00,2022-01-25 18:15:00,1031.872201118805,1044.745437821996,-1,-0.012475611504247475,-1951.7314416168554,6,-2.519872484000807,-0.0,0.0,-0.0,Sideways,5400.0,16,Tuesday,NY,2022,1,154492.01810543885,723390.7917937746,668898.7736883356
2377,2378,2022-01-25 18:15:00,2022-01-25 18:30:00,1044.745437821996,1049.657153878753,1,0.004701352003026349,726.3213587715866,1,0.0,0.4701352003026349,1.0,0.4701352003026349,Sideways,900.0,18,Tuesday,NY,2022,1,155218.33946421044,724117.1131525461,668898.7736883356
2378,2379,2022-01-25 18:30:00,2022-01-25 18:45:00,1049.657153878753,1033.218940113017,-1,0.015660555167935186,2430.805368254554,1,-0.0,1.5660555167935186,1.0,1.5660555167935186,Sideways,900.0,18,Tuesday,NY,2022,1,157649.14483246498,726547.9185208007,668898.7736883356
2379,2388,2022-01-25 18:45:00,2022-01-25 21:00:00,1033.218940113017,1012.319682569607,1,-0.020227327173390708,-3188.82083113152,9,-4.905451846345565,0.16476925750517069,-12.276153622137883,0.03358900722426202,Sideways,8100.0,18,Tuesday,NY,2022,1,154460.32400133347,726547.9185208007,672087.5945194671
2388,2394,2022-01-25 21:00:00,2022-01-25 22:30:00,1012.319682569607,1044.469117139475,-1,-0.031758183826142705,-4905.379363479901,6,-5.0778555637830625,-0.0,0.0,-0.0,Sideways,5400.0,21,Tuesday,Late,2022,1,149554.94463785356,726547.9185208007,676992.973882947
2394,2395,2022-01-25 22:30:00,2022-01-25 22:45:00,1044.469117139475,1055.353578464653,1,0.010421046583921845,1558.5190449269214,1,0.0,1.0421046583921845,1.0,1.0421046583921845,Bullish,900.0,22,Tuesday,Late,2022,1,151113.46368278048,728106.4375657276,676992.973882947
2395,2397,2022-01-25 22:45:00,2022-01-25 23:15:00,1055.353578464653,1032.923911944975,-1,0.02125322449023115,3211.648367146519,2,-0.8102282733971178,2.125322449023115,1.0,2.6231156314899775,Bullish,1800.0,22,Tuesday,Late,2022,1,154325.112049927,731318.0859328741,676992.973882947
2397,2403,2022-01-25 23:15:00,2022-01-26 00:45:00,1032.923911944975,1028.346741137301,1,-0.004431275871090379,-683.8571453301593,6,-1.492398861993649,0.0,0.0,0.0,Bullish,5400.0,23,Tuesday,Late,2022,1,153641.25490459683,731318.0859328741,677676.8310282772
2403,2414,2022-01-26 00:45:00,2022-01-26 03:30:00,1028.346741137301,1084.304608580057,-1,-0.05441536906206301,-8360.44558879212,11,-6.725152132717005,-0.0,0.0,-0.0,Sideways,9900.0,0,Wednesday,Asia,2022,1,145280.80931580474,731318.0859328741,686037.2766170693
2414,2415,2022-01-26 03:30:00,2022-01-26 03:45:00,1084.304608580057,1112.251231817674,1,0.025773775207147853,3744.434921218055,1,0.0,2.5773775207147853,1.0,2.5773775207147853,Bullish,900.0,3,Wednesday,Asia,2022,1,149025.24423702277,735062.5208540922,686037.2766170693
2415,2418,2022-01-26 03:45:00,2022-01-26 04:30:00,1112.251231817674,1092.991385117663,-1,0.017316093836583946,2580.535113228122,3,-0.0,1.7316093836583946,1.0,1.7316093836583946,Bullish,2700.0,3,Wednesday,Asia,2022,1,151605.7793502509,737643.0559673203,686037.2766170693
2418,2421,2022-01-26 04:30:00,2022-01-26 05:15:00,1092.991385117663,1093.824874208659,1,0.0007625760846288188,115.61094162401473,3,-1.6495883353514262,0.07625760846288188,1.0,0.046228266064112324,Bullish,2700.0,4,Wednesday,Asia,2022,1,151721.3902918749,737758.6669089444,686037.2766170693
2421,2423,2022-01-26 05:15:00,2022-01-26 05:45:00,1093.824874208659,1088.671905032239,-1,0.004710963608455021,714.7539482892222,2,-0.3086301414719772,0.4710963608455021,1.0,1.5264107342162379,Bullish,1800.0,5,Wednesday,Asia,2022,1,152436.14424016414,738473.4208572336,686037.2766170693
2423,2424,2022-01-26 05:45:00,2022-01-26 06:00:00,1088.671905032239,1096.397869250916,1,0.007096687425260928,1081.7916679844318,1,0.0,0.7096687425260928,1.0,0.7096687425260928,Bullish,900.0,5,Wednesday,Asia,2022,1,153517.9359081486,739555.212525218,686037.2766170693
2424,2428,2022-01-26 06:00:00,2022-01-26 07:00:00,1096.397869250916,1085.810762605345,-1,0.009656263426345846,1482.4096297979577,4,-2.100657944807449,0.9656263426345846,1.0,0.4596780475476677,Bullish,3600.0,6,Wednesday,Asia,2022,1,155000.34553794653,741037.6221550159,686037.2766170693
2428,2430,2022-01-26 07:00:00,2022-01-26 07:30:00,1085.810762605345,1132.653594676636,1,0.04314088023855467,6686.851343787131,2,0.0,4.314088023855467,1.0,4.314088023855467,Bullish,1800.0,7,Wednesday,Asia,2022,1,161687.19688173366,747724.4734988031,686037.2766170693
2430,2437,2022-01-26 07:30:00,2022-01-26 09:15:00,1132.653594676636,1168.727544770497,-1,-0.0318490580557067,-5149.584920350806,7,-4.763808339208286,-0.0,0.0,-0.0,Bullish,6300.0,7,Wednesday,Asia,2022,1,156537.61196138285,747724.4734988031,691186.8615374201
2437,2438,2022-01-26 09:15:00,2022-01-26 09:30:00,1168.727544770497,1183.286080697284,1,0.012456740659471555,1949.9484356559349,1,0.0,1.2456740659471555,1.0,1.2456740659471555,Bullish,900.0,9,Wednesday,London,2022,1,158487.5603970388,749674.421934459,691186.8615374201
2438,2440,2022-01-26 09:30:00,2022-01-26 10:00:00,1183.286080697284,1153.419587655495,-1,0.025240297785121713,4000.2732196587144,2,-0.0,2.5240297785121713,1.0,2.5240297785121713,Bullish,1800.0,9,Wednesday,London,2022,1,162487.83361669752,753674.6951541178,691186.8615374201
2440,2443,2022-01-26 10:00:00,2022-01-26 10:45:00,1153.419587655495,1169.55333662827,1,0.013987753585466223,2272.8397772665953,3,0.0,1.3987753585466223,1.0,1.3987753585466223,Bullish,2700.0,10,Wednesday,London,2022,1,164760.6733939641,755947.5349313844,691186.8615374201
2443,2445,2022-01-26 10:45:00,2022-01-26 11:15:00,1169.55333662827,1138.884452316505,-1,0.026222732517852454,4320.4750678711625,2,-0.0,2.6222732517852454,1.0,2.6222732517852454,Bullish,1800.0,10,Wednesday,London,2022,1,169081.14846183526,760268.0099992555,691186.8615374201
2445,2457,2022-01-26 11:15:00,2022-01-26 14:15:00,1138.884452316505,1075.51418415943,1,-0.05564240343098825,-9408.08147528824,12,-6.298191082614313,0.0,0.0,0.0,Bullish,10800.0,11,Wednesday,London,2022,1,159673.06698654703,760268.0099992555,700594.9430127083
2457,2459,2022-01-26 14:15:00,2022-01-26 14:45:00,1075.51418415943,1072.027893652922,-1,0.0032415104866633238,517.5819210745866,2,-0.0,0.3241510486663324,1.0,0.3241510486663324,Sideways,1800.0,14,Wednesday,NY_overlap,2022,1,160190.6489076216,760785.5919203301,700594.9430127083
2459,2462,2022-01-26 14:45:00,2022-01-26 15:30:00,1072.027893652922,1070.83826293552,1,-0.0011097012721826838,-177.76376688455704,3,-2.921739642633958,0.0,0.0,0.0,Sideways,2700.0,14,Wednesday,NY_overlap,2022,1,160012.88514073705,760785.5919203301,700772.7067795929
2462,2465,2022-01-26 15:30:00,2022-01-26 16:15:00,1070.83826293552,1062.215940538242,-1,0.008051937155889033,1288.4136952857025,3,-0.21754442609585034,0.8051937155889033,1.0,3.7012840551204653,Sideways,2700.0,15,Wednesday,NY_overlap,2022,1,161301.29883602273,762074.0056156158,700772.7067795929
2465,2466,2022-01-26 16:15:00,2022-01-26 16:30:00,1062.215940538242,1075.408750004522,1,0.012420082360649731,2003.3754164231736,1,0.0,1.2420082360649731,1.0,1.2420082360649731,Bearish,900.0,16,Wednesday,NY,2022,1,163304.67425244593,764077.381032039,700772.7067795929
2466,2469,2022-01-26 16:30:00,2022-01-26 17:15:00,1075.408750004522,1071.760826729029,-1,0.003392127203240336,553.9502279480225,3,-0.6537851766928116,0.3392127203240336,1.0,0.518844312194335,Sideways,2700.0,16,Wednesday,NY,2022,1,163858.62448039395,764631.331259987,700772.7067795929
2469,2470,2022-01-26 17:15:00,2022-01-26 17:30:00,1071.760826729029,1080.47251622472,1,0.008128389542169323,1331.906729620682,1,0.0,0.8128389542169323,1.0,0.8128389542169323,Sideways,900.0,17,Wednesday,NY,2022,1,165190.53121001463,765963.2379896076,700772.7067795929
2470,2472,2022-01-26 17:30:00,2022-01-26 18:00:00,1080.47251622472,1064.594992056552,-1,0.014694981991439926,2427.471881287556,2,-0.05450268313123008,1.4694981991439926,1.0,26.961942325037004,Sideways,1800.0,17,Wednesday,NY,2022,1,167618.00309130218,768390.7098708951,700772.7067795929
2472,2477,2022-01-26 18:00:00,2022-01-26 19:15:00,1064.594992056552,1050.511577565297,1,-0.013228894176976147,-2217.400825050893,5,-2.094936003059489,0.0,0.0,0.0,Sideways,4500.0,18,Wednesday,NY,2022,1,165400.60226625128,768390.7098708951,702990.1076046438
2477,2478,2022-01-26 19:15:00,2022-01-26 19:30:00,1050.511577565297,1034.884136457983,-1,0.014876029394681023,2460.5042212106946,1,-0.0,1.4876029394681023,1.0,1.4876029394681023,Bearish,900.0,19,Wednesday,NY,2022,1,167861.10648746198,770851.2140921059,702990.1076046438
2478,2480,2022-01-26 19:30:00,2022-01-26 20:00:00,1034.884136457983,1042.85010545087,1,0.007697450093448577,1292.1024898182934,2,-1.2556607915314766,0.7697450093448577,1.0,0.6130198653459842,Bearish,1800.0,19,Wednesday,NY,2022,1,169153.20897728027,772143.3165819241,702990.1076046438
2480,2491,2022-01-26 20:00:00,2022-01-26 22:45:00,1042.85010545087,1070.170799774517,-1,-0.026198102853751237,-4431.493166828858,11,-5.218726802431917,0.510362895803218,-5.1332303090960805,0.0977945225194371,Bearish,9900.0,20,Wednesday,NY,2022,1,164721.71581045142,772143.3165819241,707421.6007714727
2491,2492,2022-01-26 22:45:00,2022-01-26 23:00:00,1070.170799774517,1086.234530020384,1,0.015010435950272294,2472.5447647917317,1,0.0,1.5010435950272294,1.0,1.5010435950272294,Bearish,900.0,22,Wednesday,Late,2022,1,167194.26057524316,774615.8613467158,707421.6007714727
2492,2494,2022-01-26 23:00:00,2022-01-26 23:30:00,1086.234530020384,1082.245347378713,-1,0.0036724874153983844,614.0188178894176,2,-0.34580454698613927,0.36724874153983844,1.0,1.0620124713240358,Bearish,1800.0,23,Wednesday,Late,2022,1,167808.27939313257,775229.8801646052,707421.6007714727
2494,2495,2022-01-26 23:30:00,2022-01-26 23:45:00,1082.245347378713,1092.253304472866,1,0.009247401357181273,1551.7905106063056,1,0.0,0.9247401357181273,1.0,0.9247401357181273,Bearish,900.0,23,Wednesday,Late,2022,1,169360.06990373888,776781.6706752115,707421.6007714727
2495,2496,2022-01-26 23:45:00,2022-01-27 00:00:00,1092.253304472866,1078.049993664166,-1,0.013003678497044646,2202.3038992652237,1,-0.0,1.3003678497044646,1.0,1.3003678497044646,Bearish,900.0,23,Wednesday,Late,2022,1,171562.3738030041,778983.9745744767,707421.6007714727
2496,2499,2022-01-27 00:00:00,2022-01-27 00:45:00,1078.049993664166,1079.805259953929,1,0.001628186355065786,279.33551606874664,3,-1.2428981542800366,0.1628186355065786,1.0,0.13099917716177897,Bearish,2700.0,0,Thursday,Asia,2022,1,171841.70931907286,779263.3100905454,707421.6007714727
2499,2508,2022-01-27 00:45:00,2022-01-27 03:00:00,1079.805259953929,1095.408029412956,-1,-0.014449614238490449,-2483.0464097434074,9,-3.9320941952809774,-0.0,0.0,-0.0,Sideways,8100.0,0,Thursday,Asia,2022,1,169358.66290932946,779263.3100905454,709904.647181216
2508,2515,2022-01-27 03:00:00,2022-01-27 04:45:00,1095.408029412956,1083.523770367083,1,-0.010849161889238568,-1837.399551248295,7,-4.2029998058609745,1.0888016506020781,-0.9964314329647895,0.25905346202580654,Sideways,6300.0,3,Thursday,Asia,2022,1,167521.26335808117,779263.3100905454,711742.0467324643
2515,2517,2022-01-27 04:45:00,2022-01-27 05:15:00,1083.523770367083,1050.456230396958,-1,0.030518518259107563,5112.500734582357,2,-0.0,3.0518518259107563,1.0,3.0518518259107563,Sideways,1800.0,4,Thursday,Asia,2022,1,172633.76409266354,784375.8108251278,711742.0467324643
2517,2522,2022-01-27 05:15:00,2022-01-27 06:30:00,1050.456230396958,1030.883077840864,1,-0.01863300153752967,-3216.685191768128,5,-4.899954483157886,0.0,0.0,0.0,Sideways,4500.0,5,Thursday,Asia,2022,1,169417.07890089537,784375.8108251278,714958.7319242324
2522,2528,2022-01-27 06:30:00,2022-01-27 08:00:00,1030.883077840864,1041.066937170868,-1,-0.00987877243201396,-1673.6327685584963,6,-2.498527557611263,0.0841562876708446,-11.738602908260647,0.0336823531981784,Bearish,5400.0,6,Thursday,Asia,2022,1,167743.4461323369,784375.8108251278,716632.3646927909
2528,2534,2022-01-27 08:00:00,2022-01-27 09:30:00,1041.066937170868,1036.452387786194,1,-0.004432519389400702,-743.5260774264742,6,-2.6629330895233227,0.0,0.0,0.0,Sideways,5400.0,8,Thursday,London,2022,1,166999.9200549104,784375.8108251278,717375.8907702174
2534,2537,2022-01-27 09:30:00,2022-01-27 10:15:00,1036.452387786194,1023.411242304874,-1,0.012582483898923025,2101.273805212339,3,-0.9184609003376254,1.2582483898923025,1.0,1.3699531351087144,Bearish,2700.0,9,Thursday,London,2022,1,169101.19386012276,786477.0846303401,717375.8907702174
2537,2554,2022-01-27 10:15:00,2022-01-27 14:30:00,1023.411242304874,966.2469096009347,1,-0.055856658927448066,-9445.427709669137,17,-7.1565905393315425,0.7072311550135213,-7.897935283461906,0.09882235837396111,Bearish,15300.0,10,Thursday,London,2022,1,159655.76615045362,786477.0846303401,726821.3184798865
2554,2566,2022-01-27 14:30:00,2022-01-27 17:30:00,966.2469096009347,1018.637325059219,-1,-0.05422052576594716,-8656.619582242689,12,-7.65489612830339,-0.0,0.0,-0.0,Bearish,10800.0,14,Thursday,NY_overlap,2022,1,150999.14656821094,786477.0846303401,735477.9380621292
2566,2567,2022-01-27 17:30:00,2022-01-27 17:45:00,1018.637325059219,1027.276333820766,1,0.008480946602898776,1280.6156991282805,1,0.0,0.8480946602898776,1.0,0.8480946602898776,Bearish,900.0,17,Thursday,NY,2022,1,152279.76226733922,787757.7003294684,735477.9380621292
2567,2568,2022-01-27 17:45:00,2022-01-27 18:00:00,1027.276333820766,1007.900719869346,-1,0.01886115090314211,2872.1715756188855,1,-0.0,1.886115090314211,1.0,1.886115090314211,Sideways,900.0,17,Thursday,NY,2022,1,155151.9338429581,790629.8719050873,735477.9380621292
2568,2575,2022-01-27 18:00:00,2022-01-27 19:45:00,1007.900719869346,999.0595941850622,1,-0.008771821976106708,-1360.9651429191115,7,-2.3727133679804835,0.0,0.0,0.0,Sideways,6300.0,18,Thursday,NY,2022,1,153790.968700039,790629.8719050873,736838.9032050483
2575,2576,2022-01-27 19:45:00,2022-01-27 20:00:00,999.0595941850622,980.6252883688855,-1,0.018451657862525783,2837.698336799526,1,-0.0,1.8451657862525783,1.0,1.8451657862525783,Bearish,900.0,19,Thursday,NY,2022,1,156628.6670368385,793467.5702418868,736838.9032050483
2576,2596,2022-01-27 20:00:00,2022-01-28 01:00:00,980.6252883688855,905.4552340227654,1,-0.07665522726948404,-12006.406068625176,20,-8.811382573912708,0.0,0.0,0.0,Bearish,18000.0,20,Thursday,NY,2022,1,144622.26096821335,793467.5702418868,748845.3092736735
2596,2600,2022-01-28 01:00:00,2022-01-28 02:00:00,905.4552340227654,908.3989274566469,-1,-0.003251064573124518,-470.17630911892616,4,-3.7546678275330203,-0.0,0.0,-0.0,Bearish,3600.0,1,Friday,Asia,2022,1,144152.0846590944,793467.5702418868,749315.4855827924
2600,2606,2022-01-28 02:00:00,2022-01-28 03:30:00,908.3989274566469,891.8410353278163,1,-0.01822755578894153,-2627.5401652158603,6,-3.9154759255593197,0.0,0.0,0.0,Bearish,5400.0,2,Friday,Asia,2022,1,141524.54449387855,793467.5702418868,751943.0257480083
2606,2617,2022-01-28 03:30:00,2022-01-28 06:15:00,891.8410353278163,920.8813933813008,-1,-0.03256225818630343,-4608.358757508651,11,-4.5692482144741975,0.4379754902792854,-7.434721556117064,0.09585285581376214,Bearish,9900.0,3,Friday,Asia,2022,1,136916.1857363699,793467.5702418868,756551.384505517
2617,2618,2022-01-28 06:15:00,2022-01-28 06:30:00,920.8813933813008,933.448269840103,1,0.013646574411346313,1868.4369167690804,1,0.0,1.3646574411346313,1.0,1.3646574411346313,Bearish,900.0,6,Friday,Asia,2022,1,138784.622653139,795336.0071586559,756551.384505517
2618,2619,2022-01-28 06:30:00,2022-01-28 06:45:00,933.448269840103,900.7755152512367,-1,0.03500221238233481,4857.768837507355,1,-0.0,3.5002212382334807,1.0,3.5002212382334807,Bearish,900.0,6,Friday,Asia,2022,1,143642.39149064635,800193.7759961633,756551.384505517
2619,2623,2022-01-28 06:45:00,2022-01-28 07:45:00,900.7755152512367,917.7396716541468,1,0.018832834724841208,2705.1934184242737,4,0.0,1.994647278477224,0.9441686722285446,1.994647278477224,Bearish,3600.0,6,Friday,Asia,2022,1,146347.5849090706,802898.9694145875,756551.384505517
2623,2627,2022-01-28 07:45:00,2022-01-28 08:45:00,917.7396716541468,923.9588810421253,-1,-0.006776659634609494,-991.7477712758823,4,-1.9045635166103692,-0.0,0.0,-0.0,Bearish,3600.0,7,Friday,Asia,2022,1,145355.83713779473,802898.9694145875,757543.1322767929
2627,2630,2022-01-28 08:45:00,2022-01-28 09:30:00,923.9588810421253,925.7984374777185,1,0.001990950542645642,289.3962828262034,3,-0.8841823150385952,0.1990950542645642,1.0,0.22517420997712848,Bearish,2700.0,8,Friday,London,2022,1,145645.23342062093,803188.3656974137,757543.1322767929
2630,2633,2022-01-28 09:30:00,2022-01-28 10:15:00,925.7984374777185,922.640725118604,-1,0.003410798972309226,496.7666124727902,3,-2.1333983116171185,0.3410798972309226,1.0,0.1598763322224548,Bearish,2700.0,9,Friday,London,2022,1,146142.00003309373,803685.1323098865,757543.1322767929
2633,2645,2022-01-28 10:15:00,2022-01-28 13:15:00,922.640725118604,891.0313805602434,1,-0.034259645924796245,-5006.7731758753425,12,-5.664475284084736,0.37858203786316214,-9.049464184346574,0.06683444076927124,Bearish,10800.0,10,Friday,London,2022,1,141135.22685721837,803685.1323098865,762549.9054526682
2645,2650,2022-01-28 13:15:00,2022-01-28 14:30:00,891.0313805602434,856.505865929888,-1,0.03874780999143612,5468.68095336172,5,-0.0,3.874780999143612,1.0,3.874780999143612,Sideways,4500.0,13,Friday,NY_overlap,2022,1,146603.9078105801,809153.8132632482,762549.9054526682
2650,2661,2022-01-28 14:30:00,2022-01-28 17:15:00,856.505865929888,792.4326047771407,1,-0.07480773185736977,-10967.105824736413,11,-9.486148550129869,0.0,0.0,0.0,Bearish,9900.0,14,Friday,NY_overlap,2022,1,135636.8019858437,809153.8132632482,773517.0112774046
2661,2667,2022-01-28 17:15:00,2022-01-28 18:45:00,792.4326047771407,807.2175690177216,-1,-0.018657692971554285,-2530.6698070953707,6,-2.790077897356369,-0.0,0.0,-0.0,Bearish,5400.0,17,Friday,NY,2022,1,133106.13217874832,809153.8132632482,776047.6810844999
2667,2669,2022-01-28 18:45:00,2022-01-28 19:15:00,807.2175690177216,807.9231342396007,1,0.0008740706953860311,116.34416951362326,2,-1.7016083998760423,0.08740706953860311,1.0,0.05136732373028394,Bearish,1800.0,18,Friday,NY,2022,1,133222.47634826193,809270.1574327619,776047.6810844999
2669,2674,2022-01-28 19:15:00,2022-01-28 20:30:00,807.9231342396007,808.3703755782731,-1,-0.0005535691697866607,-73.74785562903024,5,-2.4932899504209516,-0.0,0.0,-0.0,Bearish,4500.0,19,Friday,NY,2022,1,133148.72849263292,809270.1574327619,776121.428940129
2674,2676,2022-01-28 20:30:00,2022-01-28 21:00:00,808.3703755782731,823.0701298197847,1,0.018184429669377833,2421.233688841362,2,0.0,1.8184429669377833,1.0,1.8184429669377833,Bearish,1800.0,20,Friday,NY,2022,1,135569.96218147426,811691.3911216032,776121.428940129
2676,2682,2022-01-28 21:00:00,2022-01-28 22:30:00,823.0701298197847,836.4082249442044,-1,-0.01620529605094556,-2196.9513727662793,6,-3.1047093991543706,-0.0,0.0,-0.0,Bearish,5400.0,21,Friday,Late,2022,1,133373.01080870797,811691.3911216032,778318.3803128953
2682,2684,2022-01-28 22:30:00,2022-01-28 23:00:00,836.4082249442044,844.84259698821,1,0.010084037665421208,1344.9384645456382,2,-0.28947879750941263,1.0084037665421208,1.0,3.4835151148136565,Bearish,1800.0,22,Friday,Late,2022,1,134717.94927325362,813036.3295861488,778318.3803128953
2684,2685,2022-01-28 23:00:00,2022-01-28 23:15:00,844.84259698821,838.0648472836837,-1,0.008022499964713381,1080.7747432909339,1,-0.0,0.8022499964713381,1.0,0.8022499964713381,Bearish,900.0,23,Friday,Late,2022,1,135798.72401654455,814117.1043294398,778318.3803128953
2685,2691,2022-01-28 23:15:00,2022-01-29 00:45:00,838.0648472836837,828.7473048995402,1,-0.011117925318480215,-1509.8000719608447,6,-1.8862088787536702,0.004517501250500544,-246.10785259325246,0.0023950164276002796,Bearish,5400.0,23,Friday,Late,2022,1,134288.92394458372,814117.1043294398,779828.1803848562
2691,2696,2022-01-29 00:45:00,2022-01-29 02:00:00,828.7473048995402,831.1098034323402,-1,-0.0028506862331050264,-382.8155867473119,5,-1.011954487479727,-0.0,0.0,-0.0,Bearish,4500.0,0,Saturday,Asia,2022,1,133906.1083578364,814117.1043294398,780210.9959716036
2696,2697,2022-01-29 02:00:00,2022-01-29 02:15:00,831.1098034323402,844.661038462431,1,0.016304987589036424,2183.3374348706843,1,0.0,1.6304987589036424,1.0,1.6304987589036424,Bearish,900.0,2,Saturday,Asia,2022,1,136089.4457927071,816300.4417643105,780210.9959716036
2697,2704,2022-01-29 02:15:00,2022-01-29 04:00:00,844.661038462431,855.8774757733974,-1,-0.01327921710628921,-1807.1612965559302,7,-3.7699229471150675,-0.0,0.0,-0.0,Bearish,6300.0,2,Saturday,Asia,2022,1,134282.28449615114,816300.4417643105,782018.1572681594
2704,2705,2022-01-29 04:00:00,2022-01-29 04:15:00,855.8774757733974,873.4735685624584,1,0.0205591259112885,2760.7263946118296,1,0.0,2.05591259112885,1.0,2.05591259112885,Bullish,900.0,4,Saturday,Asia,2022,1,137043.010890763,819061.1681589223,782018.1572681594
2705,2717,2022-01-29 04:15:00,2022-01-29 07:15:00,873.4735685624584,914.3798250534447,-1,-0.046831705003173685,-6417.957858782917,12,-5.773583696151574,-0.0,0.0,-0.0,Bullish,10800.0,4,Saturday,Asia,2022,1,130625.05303198006,819061.1681589223,788436.1151269424
2717,2719,2022-01-29 07:15:00,2022-01-29 07:45:00,914.3798250534447,930.9249533626233,1,0.018094371568414314,2363.578245704467,2,0.0,1.8094371568414314,1.0,1.8094371568414314,Bullish,1800.0,7,Saturday,Asia,2022,1,132988.63127768453,821424.7464046268,788436.1151269424
2719,2720,2022-01-29 07:45:00,2022-01-29 08:00:00,930.9249533626233,916.8815769622142,-1,0.015085401191237358,2006.1868566974035,1,-0.0,1.5085401191237358,1.0,1.5085401191237358,Bullish,900.0,7,Saturday,Asia,2022,1,134994.81813438193,823430.9332613242,788436.1151269424
2720,2722,2022-01-29 08:00:00,2022-01-29 08:30:00,916.8815769622142,928.1126623913667,1,0.012249221394940557,1653.5814144977771,2,-0.24481515128280673,1.2249221394940557,1.0,5.003457233245521,Bullish,1800.0,8,Saturday,London,2022,1,136648.3995488797,825084.514675822,788436.1151269424
2722,2723,2022-01-29 08:30:00,2022-01-29 08:45:00,928.1126623913667,918.706687199679,-1,0.010134518763543654,1384.8657692363286,1,-0.0,1.0134518763543654,1.0,1.0134518763543654,Bullish,900.0,8,Saturday,London,2022,1,138033.26531811606,826469.3804450583,788436.1151269424
2723,2731,2022-01-29 08:45:00,2022-01-29 10:45:00,918.706687199679,889.9481300420513,1,-0.03130330665741321,-4320.897633177056,8,-5.291545368749151,0.0,0.0,0.0,Bullish,7200.0,8,Saturday,London,2022,1,133712.367684939,826469.3804450583,792757.0127601195
2731,2736,2022-01-29 10:45:00,2022-01-29 12:00:00,889.9481300420513,898.1241065588234,-1,-0.00918702589597653,-1228.4189845338672,5,-3.011145595378717,-0.0,0.0,-0.0,Bullish,4500.0,10,Saturday,London,2022,1,132483.94870040513,826469.3804450583,793985.4317446534
2736,2742,2022-01-29 12:00:00,2022-01-29 13:30:00,898.1241065588234,892.2124838512663,1,-0.006582189103249481,-872.0344034912678,6,-3.4865366588816005,0.0,0.0,0.0,Bullish,5400.0,12,Saturday,London,2022,1,131611.91429691386,826469.3804450583,794857.4661481447
2742,2746,2022-01-29 13:30:00,2022-01-29 14:30:00,892.2124838512663,877.4614550424195,-1,0.016533089455522343,2175.9515524834114,4,-0.8300686851136163,1.6533089455522343,1.0,1.991773663074564,Bullish,3600.0,13,Saturday,NY_overlap,2022,1,133787.86584939726,828645.3319975417,794857.4661481447
2746,2751,2022-01-29 14:30:00,2022-01-29 15:45:00,877.4614550424195,869.6937993652252,1,-0.00885241811199422,-1184.3461268102544,5,-2.4035241642095806,0.0,0.0,0.0,Bullish,4500.0,14,Saturday,NY_overlap,2022,1,132603.51972258702,828645.3319975417,796041.812274955
2751,2763,2022-01-29 15:45:00,2022-01-29 18:45:00,869.6937993652252,901.1687968050887,-1,-0.03619089553453936,-4799.0401297923645,12,-5.693424388235746,0.22833821972555457,-15.849688053992057,0.040105603263541546,Sideways,10800.0,15,Saturday,NY_overlap,2022,1,127804.47959279465,828645.3319975417,800840.8524047474
2763,2764,2022-01-29 18:45:00,2022-01-29 19:00:00,901.1687968050887,921.8974856638531,1,0.023002004654681496,2939.7592344826016,1,0.0,2.3002004654681496,1.0,2.3002004654681496,Sideways,900.0,18,Saturday,NY,2022,1,130744.23882727725,831585.0912320244,800840.8524047474
2764,2766,2022-01-29 19:00:00,2022-01-29 19:30:00,921.8974856638531,909.4119612291355,-1,0.01354328938832805,1770.707062294488,2,-0.3869746603961888,1.354328938832805,1.0,3.499787137086001,Sideways,1800.0,19,Saturday,NY,2022,1,132514.94588957174,833355.7982943188,800840.8524047474
2766,2769,2022-01-29 19:30:00,2022-01-29 20:15:00,909.4119612291355,913.4742604042877,1,0.004466951555884169,591.9378437193275,3,-1.2266334392438516,0.4466951555884169,1.0,0.3641635237530933,Sideways,2700.0,19,Saturday,NY,2022,1,133106.88373329106,833947.7361380382,800840.8524047474
2769,2772,2022-01-29 20:15:00,2022-01-29 21:00:00,913.4742604042877,910.1304454133533,-1,0.0036605464826721112,487.2439350693431,3,-0.5239816896208671,0.3660546482672111,1.0,0.698601984607657,Sideways,2700.0,20,Saturday,NY,2022,1,133594.12766836042,834434.9800731075,800840.8524047474
2772,2773,2022-01-29 21:00:00,2022-01-29 21:15:00,910.1304454133533,917.5169658890637,1,0.008115892082212195,1084.2355229736886,1,0.0,0.8115892082212195,1.0,0.8115892082212195,Sideways,900.0,21,Saturday,Late,2022,1,134678.3631913341,835519.2155960812,800840.8524047474
2773,2776,2022-01-29 21:15:00,2022-01-29 22:00:00,917.5169658890637,913.4233602490774,-1,0.004461613018806321,600.8827385659807,3,-2.653350537809396,0.4461613018806321,1.0,0.16815015412512457,Sideways,2700.0,21,Saturday,Late,2022,1,135279.2459299001,836120.0983346472,800840.8524047474
2776,2781,2022-01-29 22:00:00,2022-01-29 23:15:00,913.4233602490774,927.8725403231123,1,0.015818710909796252,2139.9432834603153,5,-1.493905940994067,1.5818710909796252,1.0,1.05888265624476,Bullish,4500.0,22,Saturday,Late,2022,1,137419.1892133604,838260.0416181076,800840.8524047474
2781,2786,2022-01-29 23:15:00,2022-01-30 00:30:00,927.8725403231123,920.6895105726812,-1,0.00774139705430843,1063.8165065817582,5,-0.4341613360757224,0.774139705430843,1.0,1.7830691982572688,Bullish,4500.0,23,Saturday,Late,2022,1,138483.00571994216,839323.8581246893,800840.8524047474
2786,2790,2022-01-30 00:30:00,2022-01-30 01:30:00,920.6895105726812,921.5094847056968,1,0.0008906087487685621,123.33417644994701,4,-1.9274886430722948,0.08906087487685621,1.0,0.046205654802146494,Sideways,3600.0,0,Sunday,Asia,2022,1,138606.3398963921,839447.1923011392,800840.8524047474
2790,2806,2022-01-30 01:30:00,2022-01-30 05:30:00,921.5094847056968,1028.872976816015,-1,-0.1165082876435144,-16148.787317863536,16,-13.607166512092018,0.11277521638823895,-103.31018762351474,0.00828792800382219,Bullish,14400.0,1,Sunday,Asia,2022,1,122457.55257852857,839447.1923011392,816989.6397226109
2806,2807,2022-01-30 05:30:00,2022-01-30 05:45:00,1028.872976816015,1050.113441145384,1,0.020644399073538322,2528.0625849999383,1,0.0,2.064439907353832,1.0,2.064439907353832,Bullish,900.0,5,Sunday,Asia,2022,1,124985.6151635285,841975.2548861392,816989.6397226109
2807,2832,2022-01-30 05:45:00,2022-01-30 12:00:00,1050.113441145384,1207.18678809948,-1,-0.14957750353406807,-18695.036293830304,25,-17.707355761268317,-0.0,0.0,-0.0,Bullish,22500.0,5,Sunday,Asia,2022,1,106290.5788696982,841975.2548861392,835684.6760164412
2832,2834,2022-01-30 12:00:00,2022-01-30 12:30:00,1207.18678809948,1220.01688237094,1,0.010628093678575423,1129.6662293771583,2,-0.758928707040496,1.0628093678575423,1.0,1.4004073874106748,Bullish,1800.0,12,Sunday,London,2022,1,107420.24509907537,843104.9211155163,835684.6760164412
2834,2837,2022-01-30 12:30:00,2022-01-30 13:15:00,1220.01688237094,1216.476733119912,-1,0.002901721527121981,311.7036376527054,3,-1.2718948785965134,0.2901721527121981,1.0,0.22814161578541128,Bullish,2700.0,12,Sunday,London,2022,1,107731.94873672807,843416.624753169,835684.6760164412
2837,2842,2022-01-30 13:15:00,2022-01-30 14:30:00,1216.476733119912,1218.095213207202,1,0.0013304653046171122,143.33361999300556,5,-0.19865541998475011,0.2942993652989223,0.4520788902367314,1.4814565105825672,Bullish,4500.0,13,Sunday,NY_overlap,2022,1,107875.28235672107,843559.9583731621,835684.6760164412
2842,2843,2022-01-30 14:30:00,2022-01-30 14:45:00,1218.095213207202,1214.759346918956,-1,0.0027385923957971015,295.4264279565806,1,-0.0,0.27385923957971015,1.0,0.27385923957971015,Bullish,900.0,14,Sunday,NY_overlap,2022,1,108170.70878467766,843855.3848011186,835684.6760164412
2843,2850,2022-01-30 14:45:00,2022-01-30 16:30:00,1214.759346918956,1210.632466424463,1,-0.0033972823546986053,-367.48644024942564,7,-2.457278913613048,0.0,0.0,0.0,Bullish,6300.0,14,Sunday,NY_overlap,2022,1,107803.22234442823,843855.3848011186,836052.1624566906
2850,2856,2022-01-30 16:30:00,2022-01-30 18:00:00,1210.632466424463,1222.960864417025,-1,-0.010183435794492768,-1097.8071931839095,6,-3.799713805298577,-0.0,0.0,-0.0,Bullish,5400.0,16,Sunday,NY,2022,1,106705.41515124432,843855.3848011186,837149.9696498745
2856,2859,2022-01-30 18:00:00,2022-01-30 18:45:00,1222.960864417025,1222.756620111575,1,-0.0001670080469396984,-17.82066298229896,3,-1.9203630458621723,0.0,0.0,0.0,Bullish,2700.0,18,Sunday,NY,2022,1,106687.59448826202,843855.3848011186,837167.7903128568
2859,2861,2022-01-30 18:45:00,2022-01-30 19:15:00,1222.756620111575,1217.873222618654,-1,0.003993760829097415,426.0847358178487,2,-0.9543262629204907,0.39937608290974147,1.0,0.4184900892149243,Bullish,1800.0,18,Sunday,NY,2022,1,107113.67922407987,844281.4695369365,837167.7903128568
2861,2869,2022-01-30 19:15:00,2022-01-30 21:15:00,1217.873222618654,1224.621607740444,1,0.005541122833195855,593.5300536961635,8,-2.9031276229396163,0.5541122833195855,1.0,0.19086735248604356,Bullish,7200.0,19,Sunday,NY,2022,1,107707.20927777604,844874.9995906326,837167.7903128568
2869,2883,2022-01-30 21:15:00,2022-01-31 00:45:00,1224.621607740444,1305.572488811767,-1,-0.06610277048817226,-7119.744934810343,14,-9.865686429878107,0.3197160638711227,-20.67546112253472,0.032406874690732786,Bullish,12600.0,21,Sunday,Late,2022,1,100587.46434296569,844874.9995906326,844287.5352476671
2883,2884,2022-01-31 00:45:00,2022-01-31 01:00:00,1305.572488811767,1330.925754945988,1,0.019419271125493465,1953.3352419019502,1,0.0,1.9419271125493465,1.0,1.9419271125493465,Bullish,900.0,0,Monday,Asia,2022,1,102540.79958486764,846828.3348325345,844287.5352476671
2884,2888,2022-01-31 01:00:00,2022-01-31 02:00:00,1330.925754945988,1331.93265520665,-1,-0.0007565412698042895,-77.57634672468265,4,-1.1976628930778332,0.5189239073451035,-0.1457904057022298,0.43328044172057345,Bullish,3600.0,1,Monday,Asia,2022,1,102463.22323814296,846828.3348325345,844365.1115943918
2888,2889,2022-01-31 02:00:00,2022-01-31 02:15:00,1331.93265520665,1351.456063045761,1,0.014657954186191313,1501.9012319941874,1,0.0,1.4657954186191313,1.0,1.4657954186191313,Bullish,900.0,2,Monday,Asia,2022,1,103965.12447013715,848330.2360645287,844365.1115943918
2889,2893,2022-01-31 02:15:00,2022-01-31 03:15:00,1351.456063045761,1351.922699431641,-1,-0.0003452841706361731,-35.897511777757686,4,-1.0784671573990545,0.18803766743114014,-0.18362500202924345,0.17435641515930042,Bullish,3600.0,2,Monday,Asia,2022,1,103929.22695835939,848330.2360645287,844401.0091061695
2893,2894,2022-01-31 03:15:00,2022-01-31 03:30:00,1351.922699431641,1361.424587187976,1,0.007028425338467814,730.4588121615028,1,0.0,0.7028425338467814,1.0,0.7028425338467814,Bullish,900.0,3,Monday,Asia,2022,1,104659.6857705209,849060.6948766902,844401.0091061695
2894,2897,2022-01-31 03:30:00,2022-01-31 04:15:00,1361.424587187976,1355.456269126682,-1,0.004383877092760224,458.8151989848682,3,-0.23264350273570766,0.43838770927602244,1.0,1.884375467704544,Bullish,2700.0,3,Monday,Asia,2022,1,105118.50096950575,849519.510075675,844401.0091061695
2897,2901,2022-01-31 04:15:00,2022-01-31 05:15:00,1355.456269126682,1344.519558963109,1,-0.008068655856097506,-848.1650084317912,4,-2.5293084315241576,0.0,0.0,0.0,Bullish,3600.0,4,Monday,Asia,2022,1,104270.33596107397,849519.510075675,845249.1741146012
2901,2902,2022-01-31 05:15:00,2022-01-31 05:30:00,1344.519558963109,1332.698877869648,-1,0.008791750937842124,916.7188239748823,1,-0.0,0.8791750937842124,1.0,0.8791750937842124,Bullish,900.0,5,Monday,Asia,2022,1,105187.05478504885,850436.2288996498,845249.1741146012
2902,2903,2022-01-31 05:30:00,2022-01-31 05:45:00,1332.698877869648,1353.381003693109,1,0.015518978943331874,1632.3956883202636,1,0.0,1.5518978943331874,1.0,1.5518978943331874,Bullish,900.0,5,Monday,Asia,2022,1,106819.45047336911,852068.6245879701,845249.1741146012
2903,2911,2022-01-31 05:45:00,2022-01-31 07:45:00,1353.381003693109,1394.943012840082,-1,-0.030709762464197876,-3280.399950593304,8,-5.900543858915297,-0.0,0.0,-0.0,Bullish,7200.0,5,Monday,Asia,2022,1,103539.05052277581,852068.6245879701,848529.5740651946
2911,2915,2022-01-31 07:45:00,2022-01-31 08:45:00,1394.943012840082,1413.375188434586,1,0.01321356888764691,1368.120376644247,4,-0.9914778860628304,1.321356888764691,1.0,1.3327144330084997,Bullish,3600.0,7,Monday,Asia,2022,1,104907.17089942006,853436.7449646143,848529.5740651946
2915,2921,2022-01-31 08:45:00,2022-01-31 10:15:00,1413.375188434586,1399.230635569792,-1,0.010007641976834347,1049.8734071639672,6,-0.433541679314442,1.0007641976834347,1.0,2.3083459917070486,Bullish,5400.0,8,Monday,London,2022,1,105957.04430658402,854486.6183717783,848529.5740651946
2921,2922,2022-01-31 10:15:00,2022-01-31 10:30:00,1399.230635569792,1436.572561559209,1,0.0266874702712685,2827.7254699634304,1,0.0,2.66874702712685,1.0,2.66874702712685,Bullish,900.0,10,Monday,London,2022,1,108784.76977654746,857314.3438417417,848529.5740651946
2922,2924,2022-01-31 10:30:00,2022-01-31 11:00:00,1436.572561559209,1422.112600772311,-1,0.01006559722343825,1094.9836766151816,2,-0.83580852924936,1.006559722343825,1.0,1.2042946286367964,Bullish,1800.0,10,Monday,London,2022,1,109879.75345316264,858409.3275183568,848529.5740651946
2924,2929,2022-01-31 11:00:00,2022-01-31 12:15:00,1422.112600772311,1433.25678242025,1,0.007836356728635252,861.0569453134708,5,-2.5421860314229994,0.7836356728635252,1.0,0.30825268614385465,Bullish,4500.0,11,Monday,London,2022,1,110740.81039847611,859270.3844636703,848529.5740651946
2929,2930,2022-01-31 12:15:00,2022-01-31 12:30:00,1433.25678242025,1386.732410469137,-1,0.032460597795009316,3594.7129058383066,1,-0.0,3.2460597795009316,1.0,3.2460597795009316,Bullish,900.0,12,Monday,London,2022,1,114335.52330431441,862865.0973695086,848529.5740651946
2930,2934,2022-01-31 12:30:00,2022-01-31 13:30:00,1386.732410469137,1392.152948651595,1,0.0039088566341534126,446.9211687874701,4,-0.8545671848782188,0.39088566341534126,1.0,0.45740776188480126,Bullish,3600.0,12,Monday,London,2022,1,114782.44447310189,863312.0185382961,848529.5740651946
2934,2940,2022-01-31 13:30:00,2022-01-31 15:00:00,1392.152948651595,1396.948892038566,-1,-0.0034449831044904844,-395.4235819019519,6,-2.1516282704373557,-0.0,0.0,-0.0,Bullish,5400.0,13,Monday,NY_overlap,2022,1,114387.02089119994,863312.0185382961,848924.9976470965
2940,2941,2022-01-31 15:00:00,2022-01-31 15:15:00,1396.948892038566,1416.517638775476,1,0.014008205202377333,1602.3568611325463,1,0.0,1.4008205202377333,1.0,1.4008205202377333,Sideways,900.0,15,Monday,NY_overlap,2022,1,115989.37775233248,864914.3753994287,848924.9976470965
2941,2946,2022-01-31 15:15:00,2022-01-31 16:30:00,1416.517638775476,1440.021168845909,-1,-0.016592472572915407,-1924.5505691050948,5,-3.157872231615144,-0.0,0.0,-0.0,Bullish,4500.0,15,Monday,NY_overlap,2022,1,114064.82718322739,864914.3753994287,850849.5482162016
2946,2948,2022-01-31 16:30:00,2022-01-31 17:00:00,1440.021168845909,1449.885903890155,1,0.006850409742345631,781.3908033949491,2,-0.49442247567887954,0.6850409742345631,1.0,1.3855376887831605,Bullish,1800.0,16,Monday,NY,2022,1,114846.21798662233,865695.7662028236,850849.5482162016
2948,2955,2022-01-31 17:00:00,2022-01-31 18:45:00,1449.885903890155,1490.051099346316,-1,-0.02770231460861483,-3181.506062274961,7,-4.767503247371163,-0.0,0.0,-0.0,Bullish,6300.0,17,Monday,NY,2022,1,111664.71192434737,865695.7662028236,854031.0542784765
2955,2956,2022-01-31 18:45:00,2022-01-31 19:00:00,1490.051099346316,1512.521190993165,1,0.01508008125137894,1683.9129287309756,1,0.0,1.508008125137894,1.0,1.508008125137894,Bullish,900.0,18,Monday,NY,2022,1,113348.62485307835,867379.6791315546,854031.0542784765
2956,2962,2022-01-31 19:00:00,2022-01-31 20:30:00,1512.521190993165,1569.502767714114,-1,-0.037673241909115474,-4270.2101641555855,6,-5.46554754274724,-0.0,0.0,-0.0,Bullish,5400.0,19,Monday,NY,2022,1,109078.41468892276,867379.6791315546,858301.2644426321
2962,2963,2022-01-31 20:30:00,2022-01-31 20:45:00,1569.502767714114,1619.004510010081,1,0.0315397610722683,3440.307137430414,1,0.0,3.15397610722683,1.0,3.15397610722683,Bullish,900.0,20,Monday,NY,2022,1,112518.72182635317,870819.986268985,858301.2644426321
2963,2964,2022-01-31 20:45:00,2022-01-31 21:00:00,1619.004510010081,1580.863478652708,-1,0.02355832310629924,2650.752404293024,1,-0.0,2.355832310629924,1.0,2.355832310629924,Bullish,900.0,20,Monday,NY,2022,1,115169.4742306462,873470.738673278,858301.2644426321
2964,2966,2022-01-31 21:00:00,2022-01-31 21:30:00,1580.863478652708,1620.96426898013,1,0.025366384174804413,2921.4331285447997,2,0.0,2.5366384174804413,1.0,2.5366384174804413,Bullish,1800.0,21,Monday,Late,2022,1,118090.907359191,876392.1718018228,858301.2644426321
2966,2968,2022-01-31 21:30:00,2022-01-31 22:00:00,1620.96426898013,1585.749841898487,-1,0.02172436971963554,2565.450531998287,2,-0.0,2.172436971963554,1.0,2.172436971963554,Bullish,1800.0,21,Monday,Late,2022,1,120656.35789118928,878957.6223338211,858301.2644426321
2968,2969,2022-01-31 22:00:00,2022-01-31 22:15:00,1585.749841898487,1606.769300853529,1,0.013255217436993316,1599.3262590033937,1,0.0,1.3255217436993316,1.0,1.3255217436993316,Bullish,900.0,22,Monday,Late,2022,1,122255.68415019268,880556.9485928245,858301.2644426321
2969,2970,2022-01-31 22:15:00,2022-01-31 22:30:00,1606.769300853529,1585.696482327365,-1,0.013115024362844174,1603.3862761259547,1,-0.0,1.3115024362844174,1.0,1.3115024362844174,Bullish,900.0,22,Monday,Late,2022,1,123859.07042631863,882160.3348689504,858301.2644426321
2970,2973,2022-01-31 22:30:00,2022-01-31 23:15:00,1585.696482327365,1611.931843869174,1,0.01654500835071704,2049.2493545154857,3,-0.2124202368006145,1.6545008350717039,1.0,7.7888098610147,Bullish,2700.0,22,Monday,Late,2022,1,125908.31978083412,884209.5842234659,858301.2644426321
2973,2976,2022-01-31 23:15:00,2022-02-01 00:00:00,1611.931843869174,1579.777916046597,-1,0.019947448736664097,2511.5497543476918,3,-1.8255036525818724,1.9947448736664097,1.0,1.092709330296422,Bullish,2700.0,23,Monday,Late,2022,1,128419.86953518182,886721.1339778135,858301.2644426321
2976,2978,2022-02-01 00:00:00,2022-02-01 00:30:00,1579.777916046597,1616.288966322142,1,0.023111508209276765,2967.9768689965977,2,0.0,2.3111508209276765,1.0,2.3111508209276765,Bullish,1800.0,0,Tuesday,Asia,2022,2,131387.84640417842,889689.1108468102,858301.2644426321
2978,2983,2022-02-01 00:30:00,2022-02-01 01:45:00,1616.288966322142,1632.577505176089,-1,-0.010077739311066036,-1324.0924647036916,5,-2.046125932438647,-0.0,0.0,-0.0,Bullish,4500.0,0,Tuesday,Asia,2022,2,130063.75393947471,889689.1108468102,859625.3569073358
2983,2986,2022-02-01 01:45:00,2022-02-01 02:30:00,1632.577505176089,1650.900796864441,1,0.011223535562788323,1459.7751677694405,3,0.0,1.1223535562788323,1.0,1.1223535562788323,Bullish,2700.0,1,Tuesday,Asia,2022,2,131523.52910724416,891148.8860145796,859625.3569073358
2986,2987,2022-02-01 02:30:00,2022-02-01 02:45:00,1650.900796864441,1635.978343635058,-1,0.009038976332027437,1188.8380667050985,1,-0.0,0.9038976332027437,1.0,0.9038976332027437,Bullish,900.0,2,Tuesday,Asia,2022,2,132712.36717394926,892337.7240812847,859625.3569073358
2987,2995,2022-02-01 02:45:00,2022-02-01 04:45:00,1635.978343635058,1604.645890747097,1,-0.019152119592452554,-2541.7231275129443,8,-3.0508491542502902,0.0,0.0,0.0,Bullish,7200.0,2,Tuesday,Asia,2022,2,130170.64404643631,892337.7240812847,862167.0800348488
2995,3009,2022-02-01 04:45:00,2022-02-01 08:15:00,1604.645890747097,1726.006919113521,-1,-0.07563103427755036,-9844.940441806804,14,-10.320492035586692,-0.0,0.0,-0.0,Bullish,12600.0,4,Tuesday,Asia,2022,2,120325.7036046295,892337.7240812847,872012.0204766556
3009,3010,2022-02-01 08:15:00,2022-02-01 08:30:00,1726.006919113521,1752.416344628617,1,0.01530088044412925,1841.0892052101628,1,0.0,1.530088044412925,1.0,1.530088044412925,Bullish,900.0,8,Tuesday,London,2022,2,122166.79280983967,894178.8132864949,872012.0204766556
3010,3012,2022-02-01 08:30:00,2022-02-01 09:00:00,1752.416344628617,1722.552913994261,-1,0.01704128743485611,2081.8794312669847,2,-0.0,1.7041287434856112,1.0,1.7041287434856112,Bullish,1800.0,8,Tuesday,London,2022,2,124248.67224110666,896260.692717762,872012.0204766556
3012,3022,2022-02-01 09:00:00,2022-02-01 11:30:00,1722.552913994261,1694.954056931607,1,-0.016022066340277252,-1990.72046933837,10,-3.493298216468521,0.4801734989262396,-3.336724408178643,0.13745562765370237,Bullish,9000.0,9,Tuesday,London,2022,2,122257.95177176828,896260.692717762,874002.7409459939
3022,3030,2022-02-01 11:30:00,2022-02-01 13:30:00,1694.954056931607,1724.259758227985,-1,-0.017289967935432138,-2113.8360659854766,8,-3.106305855804936,-0.0,0.0,-0.0,Bullish,7200.0,11,Tuesday,London,2022,2,120144.11570578281,896260.692717762,876116.5770119794
3030,3038,2022-02-01 13:30:00,2022-02-01 15:30:00,1724.259758227985,1667.770050876591,1,-0.0327617153284655,-3936.127317143066,8,-4.1865910105963415,0.0,0.0,0.0,Bullish,7200.0,13,Tuesday,NY_overlap,2022,2,116207.98838863974,896260.692717762,880052.7043291224
3038,3039,2022-02-01 15:30:00,2022-02-01 15:45:00,1667.770050876591,1662.23092049423,-1,0.003321279441041436,385.95920271996994,1,-0.0,0.3321279441041436,1.0,0.3321279441041436,Sideways,900.0,15,Tuesday,NY_overlap,2022,2,116593.94759135971,896646.6519204819,880052.7043291224
3039,3046,2022-02-01 15:45:00,2022-02-01 17:30:00,1662.23092049423,1652.865946733512,1,-0.005633978796359851,-656.8878285136103,7,-2.9168461401207213,0.0,0.0,0.0,Sideways,6300.0,15,Tuesday,NY_overlap,2022,2,115937.0597628461,896646.6519204819,880709.5921576361
3046,3048,2022-02-01 17:30:00,2022-02-01 18:00:00,1652.865946733512,1608.358902143169,-1,0.026927195564952044,3121.8598814596803,2,-0.0,2.6927195564952044,1.0,2.6927195564952044,Sideways,1800.0,17,Tuesday,NY,2022,2,119058.91964430577,899768.5118019417,880709.5921576361
3048,3051,2022-02-01 18:00:00,2022-02-01 18:45:00,1608.358902143169,1664.108788565305,1,0.03466259076120903,4126.89060810223,3,-0.9098980332446605,3.4662590761209033,1.0,3.809502767865494,Bearish,2700.0,18,Tuesday,NY,2022,2,123185.810252408,903895.4024100439,880709.5921576361
3051,3053,2022-02-01 18:45:00,2022-02-01 19:15:00,1664.108788565305,1625.065111140252,-1,0.0234622145459098,2890.2119091537234,2,-0.0,2.34622145459098,1.0,2.34622145459098,Sideways,1800.0,18,Tuesday,NY,2022,2,126076.02216156173,906785.6143191976,880709.5921576361
3053,3058,2022-02-01 19:15:00,2022-02-01 20:30:00,1625.065111140252,1618.006063455295,1,-0.004343855293283516,-547.6559962226282,5,-1.5858142165420475,0.05482289963218978,-7.9234322197963065,0.034570821134227214,Bearish,4500.0,19,Tuesday,NY,2022,2,125528.3661653391,906785.6143191976,881257.2481538587
3058,3060,2022-02-01 20:30:00,2022-02-01 21:00:00,1618.006063455295,1614.365844972922,-1,0.002249817577691271,282.4159246976453,2,-0.10474175305907885,0.2249817577691271,1.0,2.1479663190497464,Bearish,1800.0,20,Tuesday,NY,2022,2,125810.78209003675,907068.0302438952,881257.2481538587
3060,3065,2022-02-01 21:00:00,2022-02-01 22:15:00,1614.365844972922,1648.25540851596,1,0.02099249290275118,2641.0819501146643,5,-2.7897452135031697,2.099249290275118,1.0,0.7524878186416979,Bearish,4500.0,21,Tuesday,Late,2022,2,128451.86404015141,909709.1121940099,881257.2481538587
3065,3067,2022-02-01 22:15:00,2022-02-01 22:45:00,1648.25540851596,1615.150054960442,-1,0.02008508716821078,2579.9668861655937,2,-0.0,2.008508716821078,1.0,2.008508716821078,Bearish,1800.0,22,Tuesday,Late,2022,2,131031.83092631701,912289.0790801755,881257.2481538587
3067,3072,2022-02-01 22:45:00,2022-02-02 00:00:00,1615.150054960442,1613.813653992867,1,-0.0008274159812400317,-108.41783095957622,5,-1.485433030176908,0.0,0.0,0.0,Bearish,4500.0,22,Tuesday,Late,2022,2,130923.41309535743,912289.0790801755,881365.6659848182
3072,3077,2022-02-02 00:00:00,2022-02-02 01:15:00,1613.813653992867,1606.891327451605,-1,0.004289421225390555,561.5856670318003,5,-1.5256544894406199,0.4289421225390555,1.0,0.28115285964669945,Bearish,4500.0,0,Wednesday,Asia,2022,2,131484.99876238924,912850.6647472073,881365.6659848182
3077,3081,2022-02-02 01:15:00,2022-02-02 02:15:00,1606.891327451605,1590.269998088195,1,-0.010343779370425854,-1360.051817718867,4,-3.0004826860794753,0.0,0.0,0.0,Bearish,3600.0,1,Wednesday,Asia,2022,2,130124.94694467036,912850.6647472073,882725.7178025371
3081,3083,2022-02-02 02:15:00,2022-02-02 02:45:00,1590.269998088195,1581.241511367096,-1,0.00567732946729349,738.762195718977,2,-0.0,0.567732946729349,1.0,0.567732946729349,Bearish,1800.0,2,Wednesday,Asia,2022,2,130863.70914038934,913589.4269429262,882725.7178025371
3083,3084,2022-02-02 02:45:00,2022-02-02 03:00:00,1581.241511367096,1585.370298783128,1,0.0026111048731969344,341.69886866109584,1,0.0,0.26111048731969344,1.0,0.26111048731969344,Bearish,900.0,2,Wednesday,Asia,2022,2,131205.40800905044,913931.1258115873,882725.7178025371
3084,3085,2022-02-02 03:00:00,2022-02-02 03:15:00,1585.370298783128,1574.776395293998,-1,0.006682289618558879,876.7525358376572,1,-0.0,0.6682289618558879,1.0,0.6682289618558879,Bearish,900.0,3,Wednesday,Asia,2022,2,132082.1605448881,914807.878347425,882725.7178025371
3085,3090,2022-02-02 03:15:00,2022-02-02 04:30:00,1574.776395293998,1529.414598901323,1,-0.028805230081065725,-3804.6570240997517,5,-4.229527819048695,0.0,0.0,0.0,Bearish,4500.0,3,Wednesday,Asia,2022,2,128277.50352078833,914807.878347425,886530.3748266369
3090,3091,2022-02-02 04:30:00,2022-02-02 04:45:00,1529.414598901323,1515.664665550323,-1,0.008990324376972336,1153.2563669200947,1,-0.0,0.8990324376972336,1.0,0.8990324376972336,Bearish,900.0,4,Wednesday,Asia,2022,2,129430.75988770844,915961.1347143451,886530.3748266369
3091,3096,2022-02-02 04:45:00,2022-02-02 06:00:00,1515.664665550323,1531.736626954767,1,0.010603903204808418,1372.4712495740562,5,-0.8048120475719456,1.0603903204808418,1.0,1.3175626827157418,Bearish,4500.0,4,Wednesday,Asia,2022,2,130803.23113728249,917333.6059639192,886530.3748266369
3096,3099,2022-02-02 06:00:00,2022-02-02 06:45:00,1531.736626954767,1522.397934952117,-1,0.006096800088417287,797.4811511630483,3,-0.4962267742107507,0.6096800088417287,1.0,1.2286318282834003,Bearish,2700.0,6,Wednesday,Asia,2022,2,131600.71228844553,918131.0871150822,886530.3748266369
3099,3105,2022-02-02 06:45:00,2022-02-02 08:15:00,1522.397934952117,1508.405432764631,1,-0.009191093777939252,-1209.554487886702,6,-2.1929050936318584,0.0,0.0,0.0,Bearish,5400.0,6,Wednesday,Asia,2022,2,130391.15780055884,918131.0871150822,887739.9293145236
3105,3106,2022-02-02 08:15:00,2022-02-02 08:30:00,1508.405432764631,1497.41774291955,-1,0.007284308055654942,949.8093611527827,1,-0.0,0.7284308055654942,1.0,0.7284308055654942,Bearish,900.0,8,Wednesday,London,2022,2,131340.96716171163,919080.896476235,887739.9293145236
3106,3107,2022-02-02 08:30:00,2022-02-02 08:45:00,1497.41774291955,1504.756265663734,1,0.0049007852210138925,643.6738707797853,1,0.0,0.49007852210138925,1.0,0.49007852210138925,Bearish,900.0,8,Wednesday,London,2022,2,131984.6410324914,919724.5703470148,887739.9293145236
3107,3108,2022-02-02 08:45:00,2022-02-02 09:00:00,1504.756265663734,1496.098944445218,-1,0.00575330464877466,759.3478488190851,1,-0.0,0.575330464877466,1.0,0.575330464877466,Bearish,900.0,8,Wednesday,London,2022,2,132743.9888813105,920483.9181958339,887739.9293145236
3108,3111,2022-02-02 09:00:00,2022-02-02 09:45:00,1496.098944445218,1498.392883132863,1,0.001533280065574738,203.5337119765874,3,-1.128240844745687,0.1533280065574738,1.0,0.1359000671457121,Bearish,2700.0,9,Wednesday,London,2022,2,132947.52259328708,920687.4519078105,887739.9293145236
3111,3112,2022-02-02 09:45:00,2022-02-02 10:00:00,1498.392883132863,1487.251716669341,-1,0.0074354106916391105,988.5194309170557,1,-0.0,0.743541069163911,1.0,0.743541069163911,Bearish,900.0,9,Wednesday,London,2022,2,133936.04202420413,921675.9713387276,887739.9293145236
3112,3116,2022-02-02 10:00:00,2022-02-02 11:00:00,1487.251716669341,1486.093936539017,1,-0.0007784695202214253,-104.26512637493852,4,-3.825567007976338,0.0,0.0,0.0,Bearish,3600.0,10,Wednesday,London,2022,2,133831.7768978292,921675.9713387276,887844.1944408985
3116,3120,2022-02-02 11:00:00,2022-02-02 12:00:00,1486.093936539017,1468.109942081906,-1,0.012101519301662922,1619.5678313049207,4,-1.5458022443357144,1.2101519301662922,1.0,0.7828633543525078,Bearish,3600.0,11,Wednesday,London,2022,2,135451.3447291341,923295.5391700326,887844.1944408985
3120,3128,2022-02-02 12:00:00,2022-02-02 14:00:00,1468.109942081906,1419.392324147717,1,-0.03318390301553509,-4494.804286815382,8,-5.83817147454363,0.17289266331781405,-19.193355217471495,0.029614180411055686,Bearish,7200.0,12,Wednesday,London,2022,2,130956.54044231874,923295.5391700326,892338.9987277138
3128,3129,2022-02-02 14:00:00,2022-02-02 14:15:00,1419.392324147717,1406.338992458297,-1,0.009196422629140222,1204.3316919576525,1,-0.0,0.9196422629140222,1.0,0.9196422629140222,Bearish,900.0,14,Wednesday,NY_overlap,2022,2,132160.8721342764,924499.8708619903,892338.9987277138
3129,3130,2022-02-02 14:15:00,2022-02-02 14:30:00,1406.338992458297,1428.067299130487,1,0.015450262553133642,2041.920173725687,1,0.0,1.5450262553133642,1.0,1.5450262553133642,Bearish,900.0,14,Wednesday,NY_overlap,2022,2,134202.79230800207,926541.791035716,892338.9987277138
3130,3137,2022-02-02 14:30:00,2022-02-02 16:15:00,1428.067299130487,1446.407400281743,-1,-0.01284260283981209,-1723.513161605454,7,-3.8942187152299246,-0.0,0.0,-0.0,Bearish,6300.0,14,Wednesday,NY_overlap,2022,2,132479.2791463966,926541.791035716,894062.5118893193
3137,3140,2022-02-02 16:15:00,2022-02-02 17:00:00,1446.407400281743,1496.344560536753,1,0.03452496180901932,4573.842053015737,3,0.0,3.4524961809019317,1.0,3.4524961809019317,Bearish,2700.0,16,Wednesday,NY,2022,2,137053.12119941236,931115.6330887317,894062.5118893193
3140,3144,2022-02-02 17:00:00,2022-02-02 18:00:00,1496.344560536753,1486.30745751624,-1,0.006707748526123325,919.3178717259567,4,-0.9418070639911846,0.6707748526123325,1.0,0.7122210888605216,Sideways,3600.0,17,Wednesday,NY,2022,2,137972.43907113833,932034.9509604577,894062.5118893193
3144,3149,2022-02-02 18:00:00,2022-02-02 19:15:00,1486.30745751624,1483.141813896606,1,-0.002129871315403431,-293.86354029386416,5,-1.6666514801263577,0.0,0.0,0.0,Sideways,4500.0,18,Wednesday,NY,2022,2,137678.57553084445,932034.9509604577,894356.3754296132
3149,3150,2022-02-02 19:15:00,2022-02-02 19:30:00,1483.141813896606,1472.04983787218,-1,0.00747870225254077,1029.6570729491277,1,-0.0,0.747870225254077,1.0,0.747870225254077,Sideways,900.0,19,Wednesday,NY,2022,2,138708.23260379359,933064.6080334068,894356.3754296132
3150,3152,2022-02-02 19:30:00,2022-02-02 20:00:00,1472.04983787218,1475.753886364164,1,0.0025162520973733837,349.0248812122497,2,-0.4919959836484078,0.2516252097373384,1.0,0.511437528150953,Bearish,1800.0,19,Wednesday,NY,2022,2,139057.25748500583,933413.632914619,894356.3754296132
3152,3153,2022-02-02 20:00:00,2022-02-02 20:15:00,1475.753886364164,1438.109700388663,-1,0.025508444411585063,3547.134322583731,1,-0.0,2.5508444411585063,1.0,2.5508444411585063,Sideways,900.0,20,Wednesday,NY,2022,2,142604.39180758956,936960.7672372027,894356.3754296132
3153,3155,2022-02-02 20:15:00,2022-02-02 20:45:00,1438.109700388663,1483.036919994238,1,0.031240467673246952,4455.02789232803,2,0.0,3.124046767324695,1.0,3.124046767324695,Bearish,1800.0,20,Wednesday,NY,2022,2,147059.4196999176,941415.7951295307,894356.3754296132
3155,3160,2022-02-02 20:45:00,2022-02-02 22:00:00,1483.036919994238,1467.047002080933,-1,0.010781874475091935,1585.576203584369,5,-1.831780052997778,1.0781874475091935,1.0,0.5886009325981569,Sideways,4500.0,20,Wednesday,NY,2022,2,148644.99590350196,943001.371333115,894356.3754296132
3160,3164,2022-02-02 22:00:00,2022-02-02 23:00:00,1467.047002080933,1468.167721470627,1,0.0007639287549099372,113.55418664415465,4,-1.6876761755574732,0.11426920157937559,0.6685342545071379,0.06770801367841209,Sideways,3600.0,22,Wednesday,Late,2022,2,148758.5500901461,943114.9255197592,894356.3754296132
3164,3178,2022-02-02 23:00:00,2022-02-03 02:30:00,1468.167721470627,1547.053126162534,-1,-0.053730512895958205,-7992.873194002618,14,-6.689221711035964,-0.0,0.0,-0.0,Sideways,12600.0,23,Wednesday,Late,2022,2,140765.6768961435,943114.9255197592,902349.2486236158
3178,3185,2022-02-03 02:30:00,2022-02-03 04:15:00,1547.053126162534,1518.15590258357,1,-0.01867888250912464,-2629.3455400604576,7,-4.30859944938814,0.0,0.0,0.0,Bullish,6300.0,2,Thursday,Asia,2022,2,138136.33135608304,943114.9255197592,904978.5941636763
3185,3187,2022-02-03 04:15:00,2022-02-03 04:45:00,1518.15590258357,1455.490707041867,-1,0.04127718071316688,5701.878312438924,2,-0.0,4.127718071316688,1.0,4.127718071316688,Sideways,1800.0,4,Thursday,Asia,2022,2,143838.20966852194,948816.8038321981,904978.5941636763
3187,3195,2022-02-03 04:45:00,2022-02-03 06:45:00,1455.490707041867,1416.103611593687,1,-0.027061042202206953,-3892.4118621297544,8,-5.213834201108913,0.09526148583942629,-28.40711748693624,0.018270908157985814,Sideways,7200.0,4,Thursday,Asia,2022,2,139945.7978063922,948816.8038321981,908871.0060258061
3195,3213,2022-02-03 06:45:00,2022-02-03 11:15:00,1416.103611593687,1557.94920365714,-1,-0.10016611136512799,-14017.826368156726,18,-12.23541007538742,-0.0,0.0,-0.0,Bearish,16200.0,6,Thursday,Asia,2022,2,125927.97143823549,948816.8038321981,922888.8323939628
3213,3216,2022-02-03 11:15:00,2022-02-03 12:00:00,1557.94920365714,1566.761112189383,1,0.005656094891642205,712.260555966667,3,-1.4572869853706427,0.6648472927221594,0.8507359439614798,0.45622262423009546,Bullish,2700.0,11,Thursday,London,2022,2,126640.23199420214,949529.0643881648,922888.8323939628
3216,3217,2022-02-03 12:00:00,2022-02-03 12:15:00,1566.761112189383,1527.019737249922,-1,0.02536530593609565,3212.2682283510558,1,-0.0,2.536530593609565,1.0,2.536530593609565,Bullish,900.0,12,Thursday,London,2022,2,129852.50022255321,952741.3326165158,922888.8323939628
3217,3221,2022-02-03 12:15:00,2022-02-03 13:15:00,1527.019737249922,1529.487536298798,1,0.0016160885080112042,209.8531333461899,4,-1.2741040525009795,0.16160885080112042,1.0,0.1268411716326412,Sideways,3600.0,12,Thursday,London,2022,2,130062.3533558994,952951.185749862,922888.8323939628
3221,3222,2022-02-03 13:15:00,2022-02-03 13:30:00,1529.487536298798,1516.459325251555,-1,0.00851802367659038,1107.874205318612,1,-0.0,0.851802367659038,1.0,0.851802367659038,Sideways,900.0,13,Thursday,NY_overlap,2022,2,131170.227561218,954059.0599551806,922888.8323939628
3222,3224,2022-02-03 13:30:00,2022-02-03 14:00:00,1516.459325251555,1527.143511776606,1,0.007045481766072781,924.1574465341758,2,-0.15590734858415,0.7045481766072781,1.0,4.519018397821079,Sideways,1800.0,13,Thursday,NY_overlap,2022,2,132094.38500775216,954983.2174017148,922888.8323939628
3224,3225,2022-02-03 14:00:00,2022-02-03 14:15:00,1527.143511776606,1511.399321864164,-1,0.010309568020968718,1361.836047425447,1,-0.0,1.0309568020968718,1.0,1.0309568020968718,Sideways,900.0,14,Thursday,NY_overlap,2022,2,133456.22105517762,956345.0534491402,922888.8323939628
3225,3229,2022-02-03 14:15:00,2022-02-03 15:15:00,1511.399321864164,1515.825467373292,1,0.0029285083333694395,390.82765550008054,4,-0.6468256490479329,0.29285083333694395,1.0,0.45275080505541654,Bearish,3600.0,14,Thursday,NY_overlap,2022,2,133847.04871067771,956735.8811046402,922888.8323939628
3229,3232,2022-02-03 15:15:00,2022-02-03 16:00:00,1515.825467373292,1490.604778085939,-1,0.01663825409336661,2226.981206095467,3,-0.5789841880767588,1.6638254093366611,1.0,2.8736974922639504,Sideways,2700.0,15,Thursday,NY_overlap,2022,2,136074.02991677317,958962.8623107356,922888.8323939628
3232,3235,2022-02-03 16:00:00,2022-02-03 16:45:00,1490.604778085939,1529.122526230771,1,0.025840349307273858,3516.200464697841,3,0.0,2.5840349307273858,1.0,2.5840349307273858,Sideways,2700.0,16,Thursday,NY,2022,2,139590.230381471,962479.0627754334,922888.8323939628
3235,3249,2022-02-03 16:45:00,2022-02-03 20:15:00,1529.122526230771,1575.788969597024,-1,-0.030518446079846884,-4260.076919170315,14,-4.911849305004279,1.0465099874449102,-2.9162116411672963,0.21305824394463962,Sideways,12600.0,16,Thursday,NY,2022,2,135330.1534623007,962479.0627754334,927148.9093131331
3249,3250,2022-02-03 20:15:00,2022-02-03 20:30:00,1575.788969597024,1598.750965700746,1,0.014571745675814762,1971.9965785216227,1,0.0,1.4571745675814762,1.0,1.4571745675814762,Bullish,900.0,20,Thursday,NY,2022,2,137302.1500408223,964451.0593539551,927148.9093131331
3250,3260,2022-02-03 20:30:00,2022-02-03 23:00:00,1598.750965700746,1655.575135035765,-1,-0.03554285223534648,-4880.110030496306,10,-6.710749289955653,0.11199673652158015,-31.735614214524798,0.016689155216871508,Bullish,9000.0,20,Thursday,NY,2022,2,132422.04001032602,964451.0593539551,932029.0193436294
3260,3261,2022-02-03 23:00:00,2022-02-03 23:15:00,1655.575135035765,1683.808964984919,1,0.017053789557273102,2258.297603080892,1,0.0,1.7053789557273102,1.0,1.7053789557273102,Bullish,900.0,23,Thursday,Late,2022,2,134680.33761340688,966709.356957036,932029.0193436294
3261,3269,2022-02-03 23:15:00,2022-02-04 01:15:00,1683.808964984919,1752.218511522338,-1,-0.04062785503581856,-5471.773232732581,8,-5.843751736324521,-0.0,0.0,-0.0,Bullish,7200.0,23,Thursday,Late,2022,2,129208.56438067432,966709.356957036,937500.7925763619
3269,3273,2022-02-04 01:15:00,2022-02-04 02:15:00,1752.218511522338,1749.746180833086,1,-0.0014109716756182111,-182.309624588423,4,-1.2350166764572013,0.0,0.0,0.0,Bullish,3600.0,1,Friday,Asia,2022,2,129026.2547560859,966709.356957036,937683.1022009504
3273,3277,2022-02-04 02:15:00,2022-02-04 03:15:00,1749.746180833086,1707.099815361827,-1,0.02437288672975091,3144.7422923340564,4,-1.8787818863276629,2.437288672975091,1.0,1.297270689435433,Bullish,3600.0,2,Friday,Asia,2022,2,132170.99704841996,969854.09924937,937683.1022009504
3277,3282,2022-02-04 03:15:00,2022-02-04 04:30:00,1707.099815361827,1747.739015854288,1,0.023805989624483326,3146.461384392292,5,0.0,2.3805989624483326,1.0,2.3805989624483326,Bullish,4500.0,3,Friday,Asia,2022,2,135317.45843281224,973000.5606337624,937683.1022009504
3282,3288,2022-02-04 04:30:00,2022-02-04 06:00:00,1747.739015854288,1730.973485511993,-1,0.009592696730009287,1298.0593410216018,6,-1.9760046208247006,1.0894457170335548,0.8805116748844709,0.5513376363355195,Bullish,5400.0,4,Friday,Asia,2022,2,136615.51777383385,974298.619974784,937683.1022009504
3288,3289,2022-02-04 06:00:00,2022-02-04 06:15:00,1730.973485511993,1763.530742098658,1,0.01880863968117641,2569.5520486653845,1,0.0,1.880863968117641,1.0,1.880863968117641,Bullish,900.0,6,Friday,Asia,2022,2,139185.06982249924,976868.1720234493,937683.1022009504
3289,3290,2022-02-04 06:15:00,2022-02-04 06:30:00,1763.530742098658,1753.940851662315,-1,0.005437892409480005,756.873434700711,1,-0.0,0.5437892409480005,1.0,0.5437892409480005,Bullish,900.0,6,Friday,Asia,2022,2,139941.94325719995,977625.04545815,937683.1022009504
3290,3292,2022-02-04 06:30:00,2022-02-04 07:00:00,1753.940851662315,1804.917073132186,1,0.02906382015194975,4067.2474705416043,2,-0.2966569332726765,2.906382015194975,1.0,9.797114745076705,Bullish,1800.0,6,Friday,Asia,2022,2,144009.19072774154,981692.2929286916,937683.1022009504
3292,3308,2022-02-04 07:00:00,2022-02-04 11:00:00,1804.917073132186,1993.051249957663,-1,-0.1042342496649975,-15010.689940369613,16,-12.687747686686457,-0.0,0.0,-0.0,Bullish,14400.0,7,Friday,Asia,2022,2,128998.50078737193,981692.2929286916,952693.79214132
3308,3310,2022-02-04 11:00:00,2022-02-04 11:30:00,1993.051249957663,2033.831646358341,1,0.020461288389620913,2639.4755264391492,2,0.0,2.0461288389620913,1.0,2.0461288389620913,Bullish,1800.0,11,Friday,London,2022,2,131637.9763138111,984331.7684551307,952693.79214132
3310,3312,2022-02-04 11:30:00,2022-02-04 12:00:00,2033.831646358341,1998.285187134014,-1,0.01747758192669213,2300.7135156885843,2,-0.0,1.7477581926692132,1.0,1.7477581926692132,Bullish,1800.0,11,Friday,London,2022,2,133938.68982949966,986632.4819708193,952693.79214132
3312,3325,2022-02-04 12:00:00,2022-02-04 15:15:00,1998.285187134014,1875.476459067446,1,-0.06145705770991727,-8231.477790442246,13,-7.831410753212964,0.0,0.0,0.0,Bullish,11700.0,12,Friday,London,2022,2,125707.21203905743,986632.4819708193,960925.2699317622
3325,3328,2022-02-04 15:15:00,2022-02-04 16:00:00,1875.476459067446,1877.196536735869,-1,-0.0009171417002367122,-115.29132618151763,3,-2.1826680439086754,-0.0,0.0,-0.0,Bullish,2700.0,15,Friday,NY_overlap,2022,2,125591.9207128759,986632.4819708193,961040.5612579437
3328,3330,2022-02-04 16:00:00,2022-02-04 16:30:00,1877.196536735869,1886.227319660411,1,0.0048107817949873954,604.1953257630018,2,-1.0840098086837724,0.48107817949873954,1.0,0.4437950428537864,Bullish,1800.0,16,Friday,NY,2022,2,126196.1160386389,987236.6772965823,961040.5612579437
3330,3334,2022-02-04 16:30:00,2022-02-04 17:30:00,1886.227319660411,1898.455030916869,-1,-0.006482628646614863,-818.0825569236114,4,-2.240207717206455,-0.0,0.0,-0.0,Bullish,3600.0,16,Friday,NY,2022,2,125378.03348171529,987236.6772965823,961858.6438148674
3334,3335,2022-02-04 17:30:00,2022-02-04 17:45:00,1898.455030916869,1932.505066244204,1,0.01793565545289244,2248.7372098892506,1,0.0,1.793565545289244,1.0,1.793565545289244,Bullish,900.0,17,Friday,NY,2022,2,127626.77069160454,989485.4145064715,961858.6438148674
3335,3336,2022-02-04 17:45:00,2022-02-04 18:00:00,1932.505066244204,1907.187844842739,-1,0.013100727053031114,1672.0034874904968,1,-0.0,1.3100727053031114,1.0,1.3100727053031114,Bullish,900.0,17,Friday,NY,2022,2,129298.77417909504,991157.417993962,961858.6438148674
3336,3337,2022-02-04 18:00:00,2022-02-04 18:15:00,1907.187844842739,1954.569298927644,1,0.024843622096811346,3212.2498832863757,1,0.0,2.4843622096811346,1.0,2.4843622096811346,Bullish,900.0,18,Friday,NY,2022,2,132511.02406238142,994369.6678772484,961858.6438148674
3337,3339,2022-02-04 18:15:00,2022-02-04 18:45:00,1954.569298927644,1931.843849451905,-1,0.011626832309402979,1540.6834559205672,2,-0.0,1.162683230940298,1.0,1.162683230940298,Bullish,1800.0,18,Friday,NY,2022,2,134051.70751830196,995910.3513331689,961858.6438148674
3339,3345,2022-02-04 18:45:00,2022-02-04 20:15:00,1931.843849451905,1905.675243887767,1,-0.013545921722173615,-1815.8539367666256,6,-3.06003648844827,0.0,0.0,0.0,Bullish,5400.0,18,Friday,NY,2022,2,132235.85358153534,995910.3513331689,963674.497751634
3345,3354,2022-02-04 20:15:00,2022-02-04 22:30:00,1905.675243887767,1947.403685851119,-1,-0.021896932385090828,-2895.559544759642,9,-5.078329545138094,-0.0,0.0,-0.0,Sideways,8100.0,20,Friday,NY,2022,2,129340.29403677571,995910.3513331689,966570.0572963937
3354,3358,2022-02-04 22:30:00,2022-02-04 23:30:00,1947.403685851119,1958.885250788638,1,0.005895831984368938,762.5686424497029,4,-1.0036260466248392,0.5895831984368938,1.0,0.5874530662288432,Sideways,3600.0,22,Friday,Late,2022,2,130102.8626792254,996672.9199756186,966570.0572963937
3358,3359,2022-02-04 23:30:00,2022-02-04 23:45:00,1958.885250788638,1908.065195096293,-1,0.02594335511581647,3375.30476807144,1,-0.0,2.594335511581647,1.0,2.594335511581647,Sideways,900.0,23,Friday,Late,2022,2,133478.16744729684,1000048.22474369,966570.0572963937
3359,3360,2022-02-04 23:45:00,2022-02-05 00:00:00,1908.065195096293,1943.546685799871,1,0.018595533734782732,2482.09776562318,1,0.0,1.8595533734782732,1.0,1.8595533734782732,Bearish,900.0,23,Friday,Late,2022,2,135960.26521292003,1002530.3225093131,966570.0572963937
3360,3370,2022-02-05 00:00:00,2022-02-05 02:30:00,1943.546685799871,1949.48571107821,-1,-0.0030557667185107107,-415.4628534775294,10,-2.149010136716756,-0.0,0.0,-0.0,Bearish,9000.0,0,Saturday,Asia,2022,2,135544.8023594425,1002530.3225093131,966985.5201498712
3370,3372,2022-02-05 02:30:00,2022-02-05 03:00:00,1949.48571107821,1985.093169182521,1,0.0182650521119323,2475.7328785967743,2,-0.2231159078871281,1.82650521119323,1.0,8.186351338593209,Bullish,1800.0,2,Saturday,Asia,2022,2,138020.53523803927,1005006.0553879099,966985.5201498712
3372,3378,2022-02-05 03:00:00,2022-02-05 04:30:00,1985.093169182521,2010.739859632443,-1,-0.012919640673834776,-1783.1757208858132,6,-3.178946024180984,0.6856162718295478,-1.8843836129150024,0.21567408399335383,Bullish,5400.0,3,Saturday,Asia,2022,2,136237.35951715347,1005006.0553879099,968768.6958707571
3378,3379,2022-02-05 04:30:00,2022-02-05 04:45:00,2010.739859632443,2027.772150400165,1,0.008470658541993359,1154.0201531325931,1,0.0,0.8470658541993359,1.0,0.8470658541993359,Bullish,900.0,4,Saturday,Asia,2022,2,137391.37967028606,1006160.0755410425,968768.6958707571
3379,3380,2022-02-05 04:45:00,2022-02-05 05:00:00,2027.772150400165,2007.367924709559,-1,0.01006238579940022,1382.4850677542865,1,-0.0,1.006238579940022,1.0,1.006238579940022,Bullish,900.0,4,Saturday,Asia,2022,2,138773.86473804034,1007542.5606087968,968768.6958707571
3380,3382,2022-02-05 05:00:00,2022-02-05 05:30:00,2007.367924709559,2030.23513967704,1,0.011391641106744066,1580.862062091597,2,0.0,1.1391641106744066,1.0,1.1391641106744066,Bullish,1800.0,5,Saturday,Asia,2022,2,140354.72680013193,1009123.4226708884,968768.6958707571
3382,3383,2022-02-05 05:30:00,2022-02-05 05:45:00,2030.23513967704,2018.181634360357,-1,0.00593699965147898,833.2859640958085,1,-0.0,0.593699965147898,1.0,0.593699965147898,Bullish,900.0,5,Saturday,Asia,2022,2,141188.01276422775,1009956.7086349842,968768.6958707571
3383,3385,2022-02-05 05:45:00,2022-02-05 06:15:00,2018.181634360357,2032.160559226292,1,0.0069264949338245785,977.9380551281808,2,-0.335933846437253,0.6926494933824578,1.0,2.0618627766399644,Bullish,1800.0,5,Saturday,Asia,2022,2,142165.95081935593,1010934.6466901124,968768.6958707571
3385,3389,2022-02-05 06:15:00,2022-02-05 07:15:00,2032.160559226292,2037.048074381376,-1,-0.002405083167712263,-341.92093533744145,4,-1.6544338820658533,-0.0,0.0,-0.0,Bullish,3600.0,6,Saturday,Asia,2022,2,141824.02988401847,1010934.6466901124,969110.6168060945
3389,3393,2022-02-05 07:15:00,2022-02-05 08:15:00,2037.048074381376,2068.695730055654,1,0.015536037697043259,2203.3834746246953,4,-0.33445007590706677,1.553603769704326,1.0,4.645248668252728,Bullish,3600.0,7,Saturday,Asia,2022,2,144027.41335864319,1013138.0301647371,969110.6168060945
3393,3394,2022-02-05 08:15:00,2022-02-05 08:30:00,2068.695730055654,2039.865266568459,-1,0.01393654130393529,2007.243995171687,1,-0.0,1.393654130393529,1.0,1.393654130393529,Bullish,900.0,8,Saturday,London,2022,2,146034.65735381487,1015145.2741599089,969110.6168060945
3394,3395,2022-02-05 08:30:00,2022-02-05 08:45:00,2039.865266568459,2070.106892076575,1,0.014825305378619369,2165.0083911323427,1,0.0,1.482530537861937,1.0,1.482530537861937,Bullish,900.0,8,Saturday,London,2022,2,148199.6657449472,1017310.2825510412,969110.6168060945
3395,3398,2022-02-05 08:45:00,2022-02-05 09:30:00,2070.106892076575,2052.267419013089,-1,0.008617657924703148,1277.1340239452988,3,-0.2469626039826256,0.8617657924703148,1.0,3.4894586409970882,Bullish,2700.0,8,Saturday,London,2022,2,149476.79976889252,1018587.4165749865,969110.6168060945
3398,3400,2022-02-05 09:30:00,2022-02-05 10:00:00,2052.267419013089,2116.21934117048,1,0.031161593057957848,4657.935206004065,2,0.0,3.116159305795785,1.0,3.116159305795785,Bullish,1800.0,9,Saturday,London,2022,2,154134.73497489656,1023245.3517809906,969110.6168060945
3400,3401,2022-02-05 10:00:00,2022-02-05 10:15:00,2116.21934117048,2050.00042470961,-1,0.03129114037122671,4823.051628181304,1,-0.0,3.129114037122671,1.0,3.129114037122671,Bullish,900.0,10,Saturday,London,2022,2,158957.78660307787,1028068.403409172,969110.6168060945
3401,3405,2022-02-05 10:15:00,2022-02-05 11:15:00,2050.00042470961,2028.221714315935,1,-0.010623758966664565,-1688.7292107455971,4,-2.622004509556619,0.0,0.0,0.0,Bullish,3600.0,10,Saturday,London,2022,2,157269.0573923323,1028068.403409172,970799.3460168401
3405,3407,2022-02-05 11:15:00,2022-02-05 11:45:00,2028.221714315935,1998.581323376696,-1,0.014613979689708567,2298.3268105511497,2,-0.5697753233320224,1.4613979689708567,1.0,2.5648670785260794,Bullish,1800.0,11,Saturday,London,2022,2,159567.38420288343,1030366.7302197231,970799.3460168401
3407,3410,2022-02-05 11:45:00,2022-02-05 12:30:00,1998.581323376696,2032.241525019007,1,0.01684204753071561,2687.4414690969156,3,0.0,1.684204753071561,1.0,1.684204753071561,Sideways,2700.0,11,Saturday,London,2022,2,162254.82567198033,1033054.17168882,970799.3460168401
3410,3411,2022-02-05 12:30:00,2022-02-05 12:45:00,2032.241525019007,2014.185927922787,-1,0.008884572465396867,1441.564756543042,1,-0.0,0.8884572465396867,1.0,0.8884572465396867,Bullish,900.0,12,Saturday,London,2022,2,163696.3904285234,1034495.736445363,970799.3460168401
3411,3415,2022-02-05 12:45:00,2022-02-05 13:45:00,2014.185927922787,1986.744703794504,1,-0.013623977681436195,-2230.1959697298635,4,-2.440054032547334,0.0,0.0,0.0,Bullish,3600.0,12,Saturday,London,2022,2,161466.19445879353,1034495.736445363,973029.54198657
3415,3417,2022-02-05 13:45:00,2022-02-05 14:15:00,1986.744703794504,1972.173325392796,-1,0.007334298349394364,1184.241243502116,2,-0.024478670697214433,0.7334298349394364,1.0,29.96199605818046,Sideways,1800.0,13,Saturday,NY_overlap,2022,2,162650.43570229562,1035679.9776888652,973029.54198657
3417,3419,2022-02-05 14:15:00,2022-02-05 14:45:00,1972.173325392796,2005.845251624244,1,0.017073512656267997,2777.014272510643,2,-0.16134976877045792,1.7073512656267997,1.0,10.58167779623992,Sideways,1800.0,14,Saturday,NY_overlap,2022,2,165427.44997480628,1038456.9919613758,973029.54198657
3419,3426,2022-02-05 14:45:00,2022-02-05 16:30:00,2005.845251624244,2083.269171673887,-1,-0.038599149155174484,-6385.3588159377005,7,-5.970719550986092,-0.0,0.0,-0.0,Sideways,6300.0,14,Saturday,NY_overlap,2022,2,159042.09115886857,1038456.9919613758,979414.9008025076
3426,3427,2022-02-05 16:30:00,2022-02-05 16:45:00,2083.269171673887,2113.545119155916,1,0.01453290236983773,2311.343183506665,1,0.0,1.453290236983773,1.0,1.453290236983773,Sideways,900.0,16,Saturday,NY,2022,2,161353.43434237526,1040768.3351448824,979414.9008025076
3427,3433,2022-02-05 16:45:00,2022-02-05 18:15:00,2113.545119155916,2122.014547144202,-1,-0.004007214187917718,-646.5777713660148,6,-2.9378869542463937,-0.0,0.0,-0.0,Bullish,5400.0,16,Saturday,NY,2022,2,160706.85657100924,1040768.3351448824,980061.4785738736
3433,3434,2022-02-05 18:15:00,2022-02-05 18:30:00,2122.014547144202,2155.854545404171,1,0.015947109460446862,2562.8098327822127,1,0.0,1.5947109460446862,1.0,1.5947109460446862,Bullish,900.0,18,Saturday,NY,2022,2,163269.66640379146,1043331.1449776647,980061.4785738736
3434,3436,2022-02-05 18:30:00,2022-02-05 19:00:00,2155.854545404171,2140.647405418382,-1,0.007053880336318374,1151.684689362963,2,-0.11112105507977699,0.7053880336318374,1.0,6.34792419065333,Bullish,1800.0,18,Saturday,NY,2022,2,164421.3510931544,1044482.8296670277,980061.4785738736
3436,3441,2022-02-05 19:00:00,2022-02-05 20:15:00,2140.647405418382,2114.834505487254,1,-0.012058454776714078,-1982.6674264830262,5,-2.5009823033217304,0.0,0.0,0.0,Bullish,4500.0,19,Saturday,NY,2022,2,162438.6836666714,1044482.8296670277,982044.1460003566
3441,3442,2022-02-05 20:15:00,2022-02-05 20:30:00,2114.834505487254,2091.66751481942,-1,0.010954517059242108,1779.4373313073804,1,-0.0,1.0954517059242108,1.0,1.0954517059242108,Bullish,900.0,20,Saturday,NY,2022,2,164218.12099797875,1046262.266998335,982044.1460003566
3442,3452,2022-02-05 20:30:00,2022-02-05 23:00:00,2091.66751481942,1989.803442845244,1,-0.048699934981286996,-7997.411815350671,10,-7.4298540772176125,0.0,0.0,0.0,Sideways,9000.0,20,Saturday,NY,2022,2,156220.70918262808,1046262.266998335,990041.5578157073
3452,3458,2022-02-05 23:00:00,2022-02-06 00:30:00,1989.803442845244,2003.045849689715,-1,-0.006655133144978009,-1039.6696196132764,6,-2.202026563475079,-0.0,0.0,-0.0,Sideways,5400.0,23,Saturday,Late,2022,2,155181.0395630148,1046262.266998335,991081.2274353206
3458,3459,2022-02-06 00:30:00,2022-02-06 00:45:00,2003.045849689715,2023.475699282239,1,0.010199391888952025,1582.7522362381533,1,0.0,1.0199391888952025,1.0,1.0199391888952025,Sideways,900.0,0,Sunday,Asia,2022,2,156763.79179925297,1047845.0192345731,991081.2274353206
3459,3462,2022-02-06 00:45:00,2022-02-06 01:30:00,2023.475699282239,2012.931507896369,-1,0.005210930573374406,816.8852354848257,3,-1.3425924204752526,0.5210930573374406,1.0,0.388124533842507,Sideways,2700.0,0,Sunday,Asia,2022,2,157580.6770347378,1048661.904470058,991081.2274353206
3462,3463,2022-02-06 01:30:00,2022-02-06 01:45:00,2012.931507896369,2039.042615912533,1,0.012971682302022947,2044.086479432298,1,0.0,1.2971682302022947,1.0,1.2971682302022947,Sideways,900.0,1,Sunday,Asia,2022,2,159624.7635141701,1050705.99094949,991081.2274353206
3463,3469,2022-02-06 01:45:00,2022-02-06 03:15:00,2039.042615912533,2051.93094659107,-1,-0.0063207755335557,-1008.952299769979,6,-2.4841974341481166,-0.0,0.0,-0.0,Bullish,5400.0,1,Sunday,Asia,2022,2,158615.8112144001,1050705.99094949,992090.1797350906
3469,3474,2022-02-06 03:15:00,2022-02-06 04:30:00,2051.93094659107,2034.436281974579,1,-0.008525951931060538,-1352.350781920146,5,-3.0802738447353484,0.0,0.0,0.0,Sideways,4500.0,3,Sunday,Asia,2022,2,157263.46043247997,1050705.99094949,993442.5305170107
3474,3478,2022-02-06 04:30:00,2022-02-06 05:30:00,2034.436281974579,2030.41560506736,-1,0.0019763100682202994,310.8013602158743,4,-1.9018590051362638,0.19763100682202994,1.0,0.10391464682097722,Bearish,3600.0,4,Sunday,Asia,2022,2,157574.26179269585,1051016.7923097059,993442.5305170107
3478,3480,2022-02-06 05:30:00,2022-02-06 06:00:00,2030.41560506736,2067.173501496875,1,0.018103631757841798,2852.666410008721,2,0.0,1.8103631757841798,1.0,1.8103631757841798,Bearish,1800.0,5,Sunday,Asia,2022,2,160426.92820270456,1053869.4587197145,993442.5305170107
3480,3487,2022-02-06 06:00:00,2022-02-06 07:45:00,2067.173501496875,2087.007348702437,-1,-0.009594669819054769,-1539.2434061901529,7,-1.4728155413181065,0.0066071279834600816,-145.21695119382483,0.004486052596611648,Bearish,6300.0,6,Sunday,Asia,2022,2,158887.6847965144,1053869.4587197145,994981.7739232009
3487,3488,2022-02-06 07:45:00,2022-02-06 08:00:00,2087.007348702437,2103.169596871694,1,0.007744221973777776,1230.4614999638416,1,0.0,0.7744221973777776,1.0,0.7744221973777776,Sideways,900.0,7,Sunday,Asia,2022,2,160118.14629647825,1055099.9202196784,994981.7739232009
3488,3489,2022-02-06 08:00:00,2022-02-06 08:15:00,2103.169596871694,2079.728825499541,-1,0.011145449899532256,1784.588777553371,1,-0.0,1.1145449899532256,1.0,1.1145449899532256,Sideways,900.0,8,Sunday,London,2022,2,161902.73507403163,1056884.5089972317,994981.7739232009
3489,3491,2022-02-06 08:15:00,2022-02-06 08:45:00,2079.728825499541,2111.262014374919,1,0.015162163686318175,2454.7957704550695,2,0.0,1.5162163686318175,1.0,1.5162163686318175,Sideways,1800.0,8,Sunday,London,2022,2,164357.5308444867,1059339.3047676869,994981.7739232009
3491,3497,2022-02-06 08:45:00,2022-02-06 10:15:00,2111.262014374919,2127.6294387647,-1,-0.007752436352447045,-1274.1712969172327,6,-1.3869233614746124,-0.0,0.0,-0.0,Sideways,5400.0,8,Sunday,London,2022,2,163083.35954756947,1059339.3047676869,996255.9452201182
3497,3504,2022-02-06 10:15:00,2022-02-06 12:00:00,2127.6294387647,2084.019618234996,1,-0.020496905962639755,-3342.704284717893,7,-3.8794951233610653,0.0,0.0,0.0,Bullish,6300.0,10,Sunday,London,2022,2,159740.65526285156,1059339.3047676869,999598.6495048361
3504,3507,2022-02-06 12:00:00,2022-02-06 12:45:00,2084.019618234996,2092.652196324234,-1,-0.0041422729487303744,-661.6893951077732,3,-1.685603487076337,-0.0,0.0,-0.0,Sideways,2700.0,12,Sunday,London,2022,2,159078.9658677438,1059339.3047676869,1000260.3388999439
3507,3508,2022-02-06 12:45:00,2022-02-06 13:00:00,2092.652196324234,2121.45215113712,1,0.013762418266864085,2189.3112657320817,1,0.0,1.3762418266864085,1.0,1.3762418266864085,Bullish,900.0,12,Sunday,London,2022,2,161268.27713347587,1061528.616033419,1000260.3388999439
3508,3514,2022-02-06 13:00:00,2022-02-06 14:30:00,2121.45215113712,2125.768462423626,-1,-0.002034602234225469,-328.1167969654615,6,-1.6925790326132173,-0.0,0.0,-0.0,Bullish,5400.0,13,Sunday,NY_overlap,2022,2,160940.16033651042,1061528.616033419,1000588.4556969093
3514,3518,2022-02-06 14:30:00,2022-02-06 15:30:00,2125.768462423626,2137.330808475161,1,0.005439137072507316,875.3755925415838,4,-0.7574122361101332,0.5439137072507316,1.0,0.7181210988142033,Bullish,3600.0,14,Sunday,NY_overlap,2022,2,161815.53592905198,1062403.9916259607,1000588.4556969093
3518,3521,2022-02-06 15:30:00,2022-02-06 16:15:00,2137.330808475161,2105.052508408084,-1,0.015102154490584163,2443.7632225772113,3,-0.0,1.5102154490584163,1.0,1.5102154490584163,Bullish,2700.0,15,Sunday,NY_overlap,2022,2,164259.2991516292,1064847.754848538,1000588.4556969093
3521,3523,2022-02-06 16:15:00,2022-02-06 16:45:00,2105.052508408084,2124.206243449824,1,0.00909893457062716,1494.5846155977451,2,-1.254364168216393,0.909893457062716,1.0,0.725382213648938,Bullish,1800.0,16,Sunday,NY,2022,2,165753.88376722694,1066342.3394641357,1000588.4556969093
3523,3525,2022-02-06 16:45:00,2022-02-06 17:15:00,2124.206243449824,2082.963875386115,-1,0.01941542549876374,3218.182181413334,2,-0.0,1.9415425498763739,1.0,1.9415425498763739,Bullish,1800.0,16,Sunday,NY,2022,2,168972.0659486403,1069560.521645549,1000588.4556969093
3525,3529,2022-02-06 17:15:00,2022-02-06 18:15:00,2082.963875386115,2134.481790736987,1,0.024732985511485284,4179.18365895345,4,-0.12536308975478194,2.4732985511485284,1.0,19.72908099175328,Sideways,3600.0,17,Sunday,NY,2022,2,173151.24960759375,1073739.7053045025,1000588.4556969093
3529,3536,2022-02-06 18:15:00,2022-02-06 20:00:00,2134.481790736987,2167.718344460319,-1,-0.015571251939261455,-2696.181731237784,7,-4.918020037803217,0.26747857856340707,-5.82149494845256,0.05438745196387701,Bullish,6300.0,18,Sunday,NY,2022,2,170455.06787635596,1073739.7053045025,1003284.6374281471
3536,3540,2022-02-06 20:00:00,2022-02-06 21:00:00,2167.718344460319,2192.866867405744,1,0.011601379399539091,1977.51391300779,4,-1.5972179430715494,1.1601379399539091,1.0,0.7263491779480586,Bullish,3600.0,20,Sunday,NY,2022,2,172432.58178936376,1075717.2192175102,1003284.6374281471
3540,3541,2022-02-06 21:00:00,2022-02-06 21:15:00,2192.866867405744,2163.119982542178,-1,0.013565294503609215,2339.0987539903986,1,-0.0,1.3565294503609215,1.0,1.3565294503609215,Bullish,900.0,21,Sunday,Late,2022,2,174771.68054335413,1078056.3179715006,1003284.6374281471
3541,3542,2022-02-06 21:15:00,2022-02-06 21:30:00,2163.119982542178,2196.493804749856,1,0.015428558044411123,2696.475017782413,1,0.0,1.5428558044411123,1.0,1.5428558044411123,Sideways,900.0,21,Sunday,Late,2022,2,177468.15556113655,1080752.7929892829,1003284.6374281471
3542,3544,2022-02-06 21:30:00,2022-02-06 22:00:00,2196.493804749856,2152.990262835462,-1,0.019805902397866393,3514.9169677732352,2,-0.0,1.9805902397866393,1.0,1.9805902397866393,Bullish,1800.0,21,Sunday,Late,2022,2,180983.0725289098,1084267.7099570562,1003284.6374281471
3544,3548,2022-02-06 22:00:00,2022-02-06 23:00:00,2152.990262835462,2144.730076614317,1,-0.0038366110445229307,-694.3616549361088,4,-2.007600624830852,0.0,0.0,0.0,Sideways,3600.0,22,Sunday,Late,2022,2,180288.7108739737,1084267.7099570562,1003978.9990830832
3548,3549,2022-02-06 23:00:00,2022-02-06 23:15:00,2144.730076614317,2120.608141157457,-1,0.011247072869393082,2027.7202687285198,1,-0.0,1.1247072869393082,1.0,1.1247072869393082,Sideways,900.0,23,Sunday,Late,2022,2,182316.43114270223,1086295.4302257847,1003978.9990830832
3549,3550,2022-02-06 23:15:00,2022-02-06 23:30:00,2120.608141157457,2140.166282586531,1,0.009222892739815247,1681.484889135052,1,0.0,0.9222892739815247,1.0,0.9222892739815247,Sideways,900.0,23,Sunday,Late,2022,2,183997.9160318373,1087976.9151149197,1003978.9990830832
3550,3551,2022-02-06 23:30:00,2022-02-06 23:45:00,2140.166282586531,2108.069308084243,-1,0.014997420884276691,2759.494188559261,1,-0.0,1.499742088427669,1.0,1.499742088427669,Bullish,900.0,23,Sunday,Late,2022,2,186757.41022039653,1090736.409303479,1003978.9990830832
3551,3552,2022-02-06 23:45:00,2022-02-07 00:00:00,2108.069308084243,2135.491282264067,1,0.013008098962716153,2429.3588741674916,1,0.0,1.3008098962716153,1.0,1.3008098962716153,Bullish,900.0,23,Sunday,Late,2022,2,189186.76909456402,1093165.7681776464,1003978.9990830832
3552,3556,2022-02-07 00:00:00,2022-02-07 01:00:00,2135.491282264067,2126.105592219966,-1,0.004395096398684517,831.4940875262764,4,-0.5203798796022285,0.4395096398684517,1.0,0.8445938382637066,Bullish,3600.0,0,Monday,Asia,2022,2,190018.2631820903,1093997.2622651728,1003978.9990830832
3556,3557,2022-02-07 01:00:00,2022-02-07 01:15:00,2126.105592219966,2139.412968699136,1,0.006259038369432535,1189.3316001496312,1,0.0,0.6259038369432535,1.0,0.6259038369432535,Sideways,900.0,1,Monday,Asia,2022,2,191207.59478223993,1095186.5938653224,1003978.9990830832
3557,3560,2022-02-07 01:15:00,2022-02-07 02:00:00,2139.412968699136,2150.836866334004,-1,-0.005339734685171127,-1020.997825926871,3,-2.288396512228341,-0.0,0.0,-0.0,Sideways,2700.0,1,Monday,Asia,2022,2,190186.59695631306,1095186.5938653224,1004999.9969090101
3560,3567,2022-02-07 02:00:00,2022-02-07 03:45:00,2150.836866334004,2088.538455653897,1,-0.028964730731202093,-5508.70356952326,7,-5.777277868201958,0.0,0.0,0.0,Sideways,6300.0,2,Monday,Asia,2022,2,184677.8933867898,1095186.5938653224,1010508.7004785334
3567,3570,2022-02-07 03:45:00,2022-02-07 04:30:00,2088.538455653897,2066.767315706834,-1,0.01042410298365648,1925.1013794686262,3,-0.0,1.042410298365648,1.0,1.042410298365648,Sideways,2700.0,3,Monday,Asia,2022,2,186602.99476625843,1097111.695244791,1010508.7004785334
3570,3572,2022-02-07 04:30:00,2022-02-07 05:00:00,2066.767315706834,2073.008258904898,1,0.0030196641637569854,563.4783761454021,2,-0.10628234261743641,0.30196641637569854,1.0,2.8411720041082225,Bearish,1800.0,4,Monday,Asia,2022,2,187166.47314240382,1097675.1736209365,1010508.7004785334
3572,3575,2022-02-07 05:00:00,2022-02-07 05:45:00,2073.008258904898,2096.679881206288,-1,-0.011418971535547495,-2137.2486292219214,3,-3.023215440185667,-0.0,0.0,-0.0,Sideways,2700.0,5,Monday,Asia,2022,2,185029.2245131819,1097675.1736209365,1012645.9491077553
3575,3576,2022-02-07 05:45:00,2022-02-07 06:00:00,2096.679881206288,2116.334301639166,1,0.009374068311071904,1734.4765901312248,1,0.0,0.9374068311071904,1.0,0.9374068311071904,Sideways,900.0,5,Monday,Asia,2022,2,186763.70110331313,1099409.6502110676,1012645.9491077553
3576,3587,2022-02-07 06:00:00,2022-02-07 08:45:00,2116.334301639166,2219.414150837639,-1,-0.04870678943238538,-9096.660263252023,11,-6.794989224955006,-0.0,0.0,-0.0,Sideways,9900.0,6,Monday,Asia,2022,2,177667.0408400611,1099409.6502110676,1021742.6093710073
3587,3588,2022-02-07 08:45:00,2022-02-07 09:00:00,2219.414150837639,2246.791518592649,1,0.012335402901111125,2191.5945310103157,1,0.0,1.2335402901111125,1.0,1.2335402901111125,Bullish,900.0,8,Monday,London,2022,2,179858.6353710714,1101601.244742078,1021742.6093710073
3588,3593,2022-02-07 09:00:00,2022-02-07 10:15:00,2246.791518592649,2265.786752446802,-1,-0.008454382036323205,-1520.5936159587895,5,-2.5988190472479022,-0.0,0.0,-0.0,Bullish,4500.0,9,Monday,London,2022,2,178338.04175511264,1101601.244742078,1023263.2029869661
3593,3603,2022-02-07 10:15:00,2022-02-07 12:45:00,2265.786752446802,2170.366139825151,1,-0.04211367752000805,-7510.470780024534,10,-5.78830240153243,0.0,0.0,0.0,Bullish,9000.0,10,Monday,London,2022,2,170827.5709750881,1101601.244742078,1030773.6737669907
3603,3613,2022-02-07 12:45:00,2022-02-07 15:15:00,2170.366139825151,2297.028037723248,-1,-0.05835969128614438,-9969.444305268044,10,-8.205816440086956,-0.0,0.0,-0.0,Sideways,9000.0,12,Monday,London,2022,2,160858.12666982005,1101601.244742078,1040743.1180722587
3613,3616,2022-02-07 15:15:00,2022-02-07 16:00:00,2297.028037723248,2307.033715472446,1,0.004355923212463475,700.6856478744581,3,-1.0240019721555527,0.4355923212463475,1.0,0.4253823069592469,Bullish,2700.0,15,Monday,NY_overlap,2022,2,161558.8123176945,1102301.9303899524,1040743.1180722587
3616,3618,2022-02-07 16:00:00,2022-02-07 16:30:00,2307.033715472446,2263.019917027689,-1,0.019078090688303462,3082.2336728915698,2,-0.1901394719485472,1.9078090688303462,1.0,10.033734969804744,Bullish,1800.0,16,Monday,NY,2022,2,164641.04599058608,1105384.164062844,1040743.1180722587
3618,3620,2022-02-07 16:30:00,2022-02-07 17:00:00,2263.019917027689,2331.511977869302,1,0.030265779070814514,4982.9895239388825,2,0.0,3.0265779070814514,1.0,3.0265779070814514,Bullish,1800.0,16,Monday,NY,2022,2,169624.03551452496,1110367.1535867827,1040743.1180722587
3620,3621,2022-02-07 17:00:00,2022-02-07 17:15:00,2331.511977869302,2265.661788758276,-1,0.028243555999744152,4790.78594595707,1,-0.0,2.824355599974415,1.0,2.824355599974415,Bullish,900.0,17,Monday,NY,2022,2,174414.82146048202,1115157.9395327398,1040743.1180722587
3621,3623,2022-02-07 17:15:00,2022-02-07 17:45:00,2265.661788758276,2345.632778404869,1,0.03529696711282848,6156.314217080477,2,0.0,3.529696711282848,1.0,3.529696711282848,Bullish,1800.0,17,Monday,NY,2022,2,180571.1356775625,1121314.2537498202,1040743.1180722587
3623,3631,2022-02-07 17:45:00,2022-02-07 19:45:00,2345.632778404869,2395.065790390705,-1,-0.021074488914438083,-3805.444397104281,8,-3.0804219137376965,-0.0,0.0,-0.0,Bullish,7200.0,17,Monday,NY,2022,2,176765.69128045824,1121314.2537498202,1044548.562469363
3631,3633,2022-02-07 19:45:00,2022-02-07 20:15:00,2395.065790390705,2430.23141066592,1,0.014682527893932651,2595.3671929156117,2,-0.5737689179034278,1.468252789393265,1.0,2.558961880957779,Bullish,1800.0,19,Monday,NY,2022,2,179361.05847337385,1123909.6209427358,1044548.562469363
3633,3635,2022-02-07 20:15:00,2022-02-07 20:45:00,2430.23141066592,2353.442088344173,-1,0.03159753510909713,5667.367342317245,2,-0.0,3.159753510909713,1.0,3.159753510909713,Bullish,1800.0,20,Monday,NY,2022,2,185028.4258156911,1129576.988285053,1044548.562469363
3635,3636,2022-02-07 20:45:00,2022-02-07 21:00:00,2353.442088344173,2459.17979469364,1,0.044928960382391026,8313.134813089351,1,0.0,4.4928960382391026,1.0,4.4928960382391026,Bullish,900.0,20,Monday,NY,2022,2,193341.56062878045,1137890.1230981424,1044548.562469363
3636,3639,2022-02-07 21:00:00,2022-02-07 21:45:00,2459.17979469364,2425.646819103357,-1,0.013635837307479415,2636.3740655082142,3,-0.0,1.3635837307479415,1.0,1.3635837307479415,Bullish,2700.0,21,Monday,Late,2022,2,195977.93469428865,1140526.4971636506,1044548.562469363
3639,3642,2022-02-07 21:45:00,2022-02-07 22:30:00,2425.646819103357,2448.612569958033,1,0.009467887358459492,1855.4970104290533,3,-0.9174499630620669,0.9467887358459492,1.0,1.0319786080605002,Bullish,2700.0,21,Monday,Late,2022,2,197833.4317047177,1142381.9941740797,1044548.562469363
3642,3644,2022-02-07 22:30:00,2022-02-07 23:00:00,2448.612569958033,2410.982960954706,-1,0.01536772679557552,3040.250129469246,2,-0.0,1.536772679557552,1.0,1.536772679557552,Bullish,1800.0,22,Monday,Late,2022,2,200873.68183418695,1145422.244303549,1044548.562469363
3644,3652,2022-02-07 23:00:00,2022-02-08 01:00:00,2410.982960954706,2358.585535632224,1,-0.021732806150456363,-4365.548788030827,8,-3.516999489479622,0.0,0.0,0.0,Bullish,7200.0,23,Monday,Late,2022,2,196508.13304615614,1145422.244303549,1048914.1112573938
3652,3654,2022-02-08 01:00:00,2022-02-08 01:30:00,2358.585535632224,2330.70272288046,-1,0.011821836575577116,2323.0870346434194,2,-0.21039686331303376,1.1821836575577116,1.0,5.618827386218344,Bullish,1800.0,1,Tuesday,Asia,2022,2,198831.22008079954,1147745.3313381923,1048914.1112573938
3654,3655,2022-02-08 01:30:00,2022-02-08 01:45:00,2330.70272288046,2401.792258624533,1,0.030501331227783313,6064.61690210874,1,0.0,3.0501331227783313,1.0,3.0501331227783313,Bullish,900.0,1,Tuesday,Asia,2022,2,204895.8369829083,1153809.948240301,1048914.1112573938
3655,3666,2022-02-08 01:45:00,2022-02-08 04:30:00,2401.792258624533,2456.649203303147,-1,-0.02284000395189434,-4679.821726416318,11,-4.575860251171071,0.6287721547838965,-3.632477007469303,0.1374106988129672,Bullish,9900.0,1,Tuesday,Asia,2022,2,200216.01525649198,1153809.948240301,1053593.93298381
3666,3679,2022-02-08 04:30:00,2022-02-08 07:45:00,2456.649203303147,2210.624793446839,1,-0.10014633327603717,-20050.89979107676,13,-11.506903728727435,0.0,0.0,0.0,Bullish,11700.0,4,Tuesday,Asia,2022,2,180165.11546541523,1153809.948240301,1073644.8327748869
3679,3680,2022-02-08 07:45:00,2022-02-08 08:00:00,2210.624793446839,2156.010440178422,-1,0.02470539253441617,4451.049898581489,1,-0.0,2.470539253441617,1.0,2.470539253441617,Bearish,900.0,7,Tuesday,Asia,2022,2,184616.1653639967,1158260.9981388827,1073644.8327748869
3680,3681,2022-02-08 08:00:00,2022-02-08 08:15:00,2156.010440178422,2195.564469708191,1,0.018345935990224493,3386.956352528579,1,0.0,1.8345935990224493,1.0,1.8345935990224493,Bearish,900.0,8,Tuesday,London,2022,2,188003.1217165253,1161647.9544914113,1073644.8327748869
3681,3685,2022-02-08 08:15:00,2022-02-08 09:15:00,2195.564469708191,2172.352296819598,-1,0.010572303026783025,1987.625972768275,4,-0.0,1.0572303026783025,1.0,1.0572303026783025,Bearish,3600.0,8,Tuesday,London,2022,2,189990.74768929358,1163635.5804641796,1073644.8327748869
3685,3689,2022-02-08 09:15:00,2022-02-08 10:15:00,2172.352296819598,2176.523320132792,1,0.001920049210848651,364.79158516937275,4,-1.7085189729455386,0.7097174733275979,0.27053711977052836,0.4153992344047684,Bearish,3600.0,9,Tuesday,London,2022,2,190355.53927446294,1164000.372049349,1073644.8327748869
3689,3695,2022-02-08 10:15:00,2022-02-08 11:45:00,2176.523320132792,2176.793992865236,-1,-0.00012436013432082227,-23.672640432884737,6,-2.1851368247829406,-0.0,0.0,-0.0,Bearish,5400.0,10,Tuesday,London,2022,2,190331.86663403007,1164000.372049349,1073668.5054153197
3695,3700,2022-02-08 11:45:00,2022-02-08 13:00:00,2176.793992865236,2155.531596499292,1,-0.009767757737128346,-1859.1155629366249,5,-2.207595815988872,0.1896988792388754,-5.149085633146228,0.08593007735607687,Bearish,4500.0,11,Tuesday,London,2022,2,188472.75107109343,1164000.372049349,1075527.6209782562
3700,3702,2022-02-08 13:00:00,2022-02-08 13:30:00,2155.531596499292,2130.46658844647,-1,0.011628225767383427,2191.603700454528,2,-0.0,1.1628225767383427,1.0,1.1628225767383427,Bearish,1800.0,13,Tuesday,NY_overlap,2022,2,190664.35477154795,1166191.9757498035,1075527.6209782562
3702,3711,2022-02-08 13:30:00,2022-02-08 15:45:00,2130.46658844647,2031.205936241787,1,-0.046591039138080714,-8883.250415398084,9,-6.781887362657235,0.0,0.0,0.0,Bearish,8100.0,13,Tuesday,NY_overlap,2022,2,181781.10435614985,1166191.9757498035,1084410.8713936543
3711,3712,2022-02-08 15:45:00,2022-02-08 16:00:00,2031.205936241787,2000.338619065626,-1,0.015196547344319411,2762.4451586508953,1,-0.0,1.519654734431941,1.0,1.519654734431941,Bearish,900.0,15,Tuesday,NY_overlap,2022,2,184543.54951480078,1168954.4209084543,1084410.8713936543
3712,3714,2022-02-08 16:00:00,2022-02-08 16:30:00,2000.338619065626,2017.870668688101,1,0.00876454089091383,1617.4394858768503,2,0.0,0.876454089091383,1.0,0.876454089091383,Bearish,1800.0,16,Tuesday,NY,2022,2,186160.9890006776,1170571.8603943312,1084410.8713936543
3714,3715,2022-02-08 16:30:00,2022-02-08 16:45:00,2017.870668688101,1985.631221602714,-1,0.01597696402730664,2974.287424551649,1,-0.0,1.597696402730664,1.0,1.597696402730664,Bearish,900.0,16,Tuesday,NY,2022,2,189135.27642522927,1173546.1478188827,1084410.8713936543
3715,3719,2022-02-08 16:45:00,2022-02-08 17:45:00,1985.631221602714,1989.270037107253,1,0.001832573674784399,346.604328549945,4,-1.4806935275185618,0.1832573674784399,1.0,0.12376454956587403,Bearish,3600.0,16,Tuesday,NY,2022,2,189481.8807537792,1173892.7521474326,1084410.8713936543
3719,3723,2022-02-08 17:45:00,2022-02-08 18:45:00,1989.270037107253,1965.403818008818,-1,0.011997475784203071,2273.304275888717,4,-0.0,1.199747578420307,1.0,1.199747578420307,Bearish,3600.0,17,Tuesday,NY,2022,2,191755.18502966792,1176166.0564233214,1084410.8713936543
3723,3724,2022-02-08 18:45:00,2022-02-08 19:00:00,1965.403818008818,1989.196468257665,1,0.012105731163660538,2321.3367192071405,1,0.0,1.2105731163660538,1.0,1.2105731163660538,Bearish,900.0,18,Tuesday,NY,2022,2,194076.52174887506,1178487.3931425286,1084410.8713936543
3724,3727,2022-02-08 19:00:00,2022-02-08 19:45:00,1989.196468257665,1978.711761538295,-1,0.005270825122947076,1022.9434066081539,3,-0.8429977156772628,0.5270825122947076,1.0,0.6252478535736606,Bearish,2700.0,19,Tuesday,NY,2022,2,195099.46515548322,1179510.3365491368,1084410.8713936543
3727,3729,2022-02-08 19:45:00,2022-02-08 20:15:00,1978.711761538295,1986.287233803064,1,0.003828487004534642,746.9357669394258,2,-0.6437211946022203,0.3828487004534642,1.0,0.5947430404090406,Bearish,1800.0,19,Tuesday,NY,2022,2,195846.40092242265,1180257.2723160763,1084410.8713936543
3729,3730,2022-02-08 20:15:00,2022-02-08 20:30:00,1986.287233803064,1979.401263144264,-1,0.003466754727923127,678.9514363445361,1,-0.0,0.3466754727923127,1.0,0.3466754727923127,Bearish,900.0,20,Tuesday,NY,2022,2,196525.35235876718,1180936.2237524209,1084410.8713936543
3730,3738,2022-02-08 20:30:00,2022-02-08 22:30:00,1979.401263144264,1944.93420684665,1,-0.01741286970932976,-3422.07035520333,8,-3.658936980023264,0.0,0.0,0.0,Bearish,7200.0,20,Tuesday,NY,2022,2,193103.28200356386,1180936.2237524209,1087832.9417488575
3738,3743,2022-02-08 22:30:00,2022-02-08 23:45:00,1944.93420684665,1925.110877921464,-1,0.010192287664746225,1968.1641991869328,5,-1.110744432402866,1.0192287664746225,1.0,0.9176087106461851,Bearish,4500.0,22,Tuesday,Late,2022,2,195071.44620275078,1182904.3879516078,1087832.9417488575
3743,3745,2022-02-08 23:45:00,2022-02-09 00:15:00,1925.110877921464,1942.974463829016,1,0.009279250412235651,1810.1167975922774,2,-0.45119812801017734,0.9279250412235651,1.0,2.0565799891852268,Bearish,1800.0,23,Tuesday,Late,2022,2,196881.56300034304,1184714.5047492,1087832.9417488575
3745,3765,2022-02-09 00:15:00,2022-02-09 05:15:00,1942.974463829016,2162.680552150044,-1,-0.11307718779178066,-22262.81347212906,20,-13.915917216786022,-0.0,0.0,-0.0,Bearish,18000.0,0,Wednesday,Asia,2022,2,174618.749528214,1184714.5047492,1110095.7552209867
3765,3767,2022-02-09 05:15:00,2022-02-09 05:45:00,2162.680552150044,2192.394122122668,1,0.013739232057681239,2399.127521390245,2,0.0,1.3739232057681239,1.0,1.3739232057681239,Bullish,1800.0,5,Wednesday,Asia,2022,2,177017.87704960426,1187113.6322705904,1110095.7552209867
3767,3769,2022-02-09 05:45:00,2022-02-09 06:15:00,2192.394122122668,2172.149442116889,-1,0.009234051396825427,1634.5921748329674,2,-0.0,0.9234051396825427,1.0,0.9234051396825427,Bullish,1800.0,5,Wednesday,Asia,2022,2,178652.4692244372,1188748.2244454233,1110095.7552209867
3769,3770,2022-02-09 06:15:00,2022-02-09 06:30:00,2172.149442116889,2189.841617413338,1,0.00814500832834364,1455.1258497121948,1,0.0,0.8145008328343639,1.0,0.8145008328343639,Bullish,900.0,6,Wednesday,Asia,2022,2,180107.5950741494,1190203.3502951355,1110095.7552209867
3770,3772,2022-02-09 06:30:00,2022-02-09 07:00:00,2189.841617413338,2176.039862865708,-1,0.00630262683742977,1135.1509623392665,2,-0.0,0.630262683742977,1.0,0.630262683742977,Bullish,1800.0,6,Wednesday,Asia,2022,2,181242.74603648868,1191338.5012574748,1110095.7552209867
3772,3773,2022-02-09 07:00:00,2022-02-09 07:15:00,2176.039862865708,2206.617958277742,1,0.014052176126849503,2546.8549890185905,1,0.0,1.4052176126849503,1.0,1.4052176126849503,Bullish,900.0,7,Wednesday,Asia,2022,2,183789.60102550726,1193885.3562464933,1110095.7552209867
3773,3775,2022-02-09 07:15:00,2022-02-09 07:45:00,2206.617958277742,2187.647519197035,-1,0.008597065481835253,1580.0512348966595,2,-0.03297910938655502,0.8597065481835253,1.0,26.068216036604433,Bullish,1800.0,7,Wednesday,Asia,2022,2,185369.6522604039,1195465.40748139,1110095.7552209867
3775,3777,2022-02-09 07:45:00,2022-02-09 08:15:00,2187.647519197035,2202.319663582253,1,0.0067068137149459695,1243.2397261148408,2,0.0,0.670681371494597,1.0,0.670681371494597,Bullish,1800.0,7,Wednesday,Asia,2022,2,186612.89198651875,1196708.6472075048,1110095.7552209867
3777,3788,2022-02-09 08:15:00,2022-02-09 11:00:00,2202.319663582253,2434.701383119597,-1,-0.10551679821055404,-19690.794867229393,11,-12.592680146466328,-0.0,0.0,-0.0,Bullish,9900.0,8,Wednesday,London,2022,2,166922.09711928936,1196708.6472075048,1129786.550088216
3788,3795,2022-02-09 11:00:00,2022-02-09 12:45:00,2434.701383119597,2374.473531636946,1,-0.024737264249417135,-4129.196025506727,7,-3.6431322327334703,0.0,0.0,0.0,Bullish,6300.0,11,Wednesday,London,2022,2,162792.90109378262,1196708.6472075048,1133915.746113723
3795,3812,2022-02-09 12:45:00,2022-02-09 17:00:00,2374.473531636946,2506.956090534761,-1,-0.05579449807826764,-9082.948207232657,17,-7.955055225223817,-0.0,0.0,-0.0,Bullish,15300.0,12,Wednesday,London,2022,2,153709.95288655,1196708.6472075048,1142998.6943209555
3812,3818,2022-02-09 17:00:00,2022-02-09 18:30:00,2506.956090534761,2497.649636165545,1,-0.0037122526415016566,-570.6101786281895,6,-2.3926350398759677,0.0,0.0,0.0,Bullish,5400.0,17,Wednesday,NY,2022,2,153139.3427079218,1196708.6472075048,1143569.3044995838
3818,3830,2022-02-09 18:30:00,2022-02-09 21:30:00,2497.649636165545,2636.579361464995,-1,-0.055624184948829924,-8518.251121727679,12,-6.5981286039412,-0.0,0.0,-0.0,Bullish,10800.0,18,Wednesday,NY,2022,2,144621.09158619412,1196708.6472075048,1152087.5556213115
3830,3831,2022-02-09 21:30:00,2022-02-09 21:45:00,2636.579361464995,2651.546790328933,1,0.0056768360864440925,820.9902315774416,1,0.0,0.5676836086444093,1.0,0.5676836086444093,Bullish,900.0,21,Wednesday,Late,2022,2,145442.08181777154,1197529.6374390824,1152087.5556213115
3831,3832,2022-02-09 21:45:00,2022-02-09 22:00:00,2651.546790328933,2619.131657334034,-1,0.012224989999470415,1778.0279957244124,1,-0.0,1.2224989999470415,1.0,1.2224989999470415,Bullish,900.0,21,Wednesday,Late,2022,2,147220.10981349598,1199307.6654348068,1152087.5556213115
3832,3834,2022-02-09 22:00:00,2022-02-09 22:30:00,2619.131657334034,2636.076941576718,1,0.006469810020903077,952.4861417498063,2,-0.5339885645553988,0.6469810020903077,1.0,1.2116008563385379,Bullish,1800.0,22,Wednesday,Late,2022,2,148172.59595524578,1200260.1515765567,1152087.5556213115
3834,3838,2022-02-09 22:30:00,2022-02-09 23:30:00,2636.076941576718,2634.87751934892,-1,0.0004550027386835964,67.41893695749471,4,-1.929050852944303,0.04550027386835964,1.0,0.02358687112831305,Bullish,3600.0,22,Wednesday,Late,2022,2,148240.01489220327,1200327.5705135143,1152087.5556213115
3838,3840,2022-02-09 23:30:00,2022-02-10 00:00:00,2634.87751934892,2651.770010661114,1,0.006411110644857665,950.3831374692617,2,-0.9656301806548861,0.6411110644857665,1.0,0.6639302264257811,Bullish,1800.0,23,Wednesday,Late,2022,2,149190.39802967253,1201277.9536509835,1152087.5556213115
3840,3845,2022-02-10 00:00:00,2022-02-10 01:15:00,2651.770010661114,2649.371125735014,-1,0.0009046353629672543,134.96290987280176,5,-1.1956581570076397,0.09046353629672543,1.0,0.0756600335694004,Bullish,4500.0,0,Thursday,Asia,2022,2,149325.36093954532,1201412.9165608564,1152087.5556213115
3845,3848,2022-02-10 01:15:00,2022-02-10 02:00:00,2649.371125735014,2662.895021325315,1,0.005104568196933501,762.2414884476179,3,-0.6023801324793188,0.5104568196933501,1.0,0.8473998264059205,Bullish,2700.0,1,Thursday,Asia,2022,2,150087.60242799294,1202175.158049304,1152087.5556213115
3848,3852,2022-02-10 02:00:00,2022-02-10 03:00:00,2662.895021325315,2589.435680145626,-1,0.02758627005248171,4140.357132108116,4,-2.3570430997127856,2.758627005248171,1.0,1.170376140166601,Bullish,3600.0,2,Thursday,Asia,2022,2,154227.95956010107,1206315.5151814122,1152087.5556213115
3852,3856,2022-02-10 03:00:00,2022-02-10 04:00:00,2589.435680145626,2630.775427639698,1,0.015964770938719397,2462.2140467230884,4,-1.0384281818757501,1.5964770938719397,1.0,1.5373976956096913,Bullish,3600.0,3,Thursday,Asia,2022,2,156690.17360682416,1208777.7292281352,1152087.5556213115
3856,3857,2022-02-10 04:00:00,2022-02-10 04:15:00,2630.775427639698,2597.240956354385,-1,0.012746991222812087,1997.3282676670867,1,-0.0,1.2746991222812087,1.0,1.2746991222812087,Sideways,900.0,4,Thursday,Asia,2022,2,158687.50187449122,1210775.0574958022,1152087.5556213115
3857,3858,2022-02-10 04:15:00,2022-02-10 04:30:00,2597.240956354385,2618.38871552844,1,0.008142393997874864,1292.0961628006119,1,0.0,0.8142393997874864,1.0,0.8142393997874864,Sideways,900.0,4,Thursday,Asia,2022,2,159979.59803729184,1212067.1536586029,1152087.5556213115
3858,3862,2022-02-10 04:30:00,2022-02-10 05:30:00,2618.38871552844,2601.376791852264,-1,0.006497096315488338,1039.402856961393,4,-1.9576330284287513,0.6497096315488338,1.0,0.33188530338104694,Bullish,3600.0,4,Thursday,Asia,2022,2,161019.00089425326,1213106.5565155642,1152087.5556213115
3862,3865,2022-02-10 05:30:00,2022-02-10 06:15:00,2601.376791852264,2637.854286579733,1,0.014022380318652772,2257.8696690687066,3,0.0,1.4022380318652772,1.0,1.4022380318652772,Bullish,2700.0,5,Thursday,Asia,2022,2,163276.87056332195,1215364.4261846328,1152087.5556213115
3865,3868,2022-02-10 06:15:00,2022-02-10 07:00:00,2637.854286579733,2590.75377720741,-1,0.017855614547001353,2915.4088652193045,3,-1.2098209486979927,1.7855614547001353,1.0,1.4758890202899475,Bullish,2700.0,6,Thursday,Asia,2022,2,166192.27942854125,1218279.835049852,1152087.5556213115
3868,3876,2022-02-10 07:00:00,2022-02-10 09:00:00,2590.75377720741,2558.452954395966,1,-0.012467731629155931,-2072.040738752742,8,-3.702456192752579,0.0,0.0,0.0,Bullish,7200.0,7,Thursday,Asia,2022,2,164120.2386897885,1218279.835049852,1154159.5963600643
3876,3886,2022-02-10 09:00:00,2022-02-10 11:30:00,2558.452954395966,2686.7364647391,-1,-0.050141047199134814,-8229.160634477947,10,-8.216561917636177,0.09678086340921821,-51.808844675339984,0.011778754225838184,Sideways,9000.0,9,Thursday,London,2022,2,155891.07805531056,1218279.835049852,1162388.7569945422
3886,3891,2022-02-10 11:30:00,2022-02-10 12:45:00,2686.7364647391,2728.311465299104,1,0.015474163955280673,2412.2841009933295,5,-0.2718523114739191,1.5474163955280673,1.0,5.692121531497528,Sideways,4500.0,11,Thursday,London,2022,2,158303.3621563039,1220692.1191508453,1162388.7569945422
3891,3897,2022-02-10 12:45:00,2022-02-10 14:15:00,2728.311465299104,2790.00533784494,-1,-0.022612474173315356,-3579.6306883084044,6,-4.362595805539904,-0.0,0.0,-0.0,Sideways,5400.0,12,Thursday,London,2022,2,154723.7314679955,1220692.1191508453,1165968.3876828507
3897,3898,2022-02-10 14:15:00,2022-02-10 14:30:00,2790.00533784494,2813.883506265995,1,0.008558466930926656,1324.1979391984135,1,0.0,0.8558466930926656,1.0,0.8558466930926656,Bullish,900.0,14,Thursday,NY_overlap,2022,2,156047.9294071939,1222016.3170900438,1165968.3876828507
3898,3901,2022-02-10 14:30:00,2022-02-10 15:15:00,2813.883506265995,2807.316590369313,-1,0.0023337554245080883,364.1777017372935,3,-0.8630043522525055,0.23337554245080883,1.0,0.2704222080012474,Bullish,2700.0,14,Thursday,NY_overlap,2022,2,156412.1071089312,1222380.494791781,1165968.3876828507
3901,3910,2022-02-10 15:15:00,2022-02-10 17:30:00,2807.316590369313,2651.348074635654,1,-0.05555786485525693,-8689.922708483959,9,-9.36240297152262,0.0,0.0,0.0,Bullish,8100.0,15,Thursday,NY_overlap,2022,2,147722.18440044724,1222380.494791781,1174658.3103913346
3910,3913,2022-02-10 17:30:00,2022-02-10 18:15:00,2651.348074635654,2626.134187139009,-1,0.009509836802589544,1404.81386577029,3,-1.0685919988827397,0.9509836802589544,1.0,0.8899408579263648,Sideways,2700.0,17,Thursday,NY,2022,2,149126.99826621753,1223785.3086575514,1174658.3103913346
3913,3929,2022-02-10 18:15:00,2022-02-10 22:15:00,2626.134187139009,2394.375907393887,1,-0.08825073786408721,-13160.567632450131,16,-10.392719276521312,0.23275796951389705,-37.91523789642705,0.02239625292677073,Sideways,14400.0,18,Thursday,NY,2022,2,135966.4306337674,1223785.3086575514,1187818.8780237846
3929,3930,2022-02-10 22:15:00,2022-02-10 22:30:00,2394.375907393887,2357.891602302694,-1,0.015237500919771385,2071.7886118400593,1,-0.0,1.5237500919771385,1.0,1.5237500919771385,Bearish,900.0,22,Thursday,Late,2022,2,138038.21924560744,1225857.0972693914,1187818.8780237846
3930,3933,2022-02-10 22:30:00,2022-02-10 23:15:00,2357.891602302694,2356.955785567754,1,-0.0003968870893072962,-54.785587049551445,3,-1.4952733317352807,0.0,0.0,0.0,Bearish,2700.0,22,Thursday,Late,2022,2,137983.4336585579,1225857.0972693914,1187873.6636108342
3933,3935,2022-02-10 23:15:00,2022-02-10 23:45:00,2356.955785567754,2333.360727904655,-1,0.010010818958750778,1381.327173662619,2,-0.5911870439722078,1.0010818958750778,1.0,1.6933420752064714,Bearish,1800.0,23,Thursday,Late,2022,2,139364.76083222052,1227238.424443054,1187873.6636108342
3935,3937,2022-02-10 23:45:00,2022-02-11 00:15:00,2333.360727904655,2385.416957091093,1,0.022309550582512827,3109.1651812062205,2,0.0,2.2309550582512827,1.0,2.2309550582512827,Bearish,1800.0,23,Thursday,Late,2022,2,142473.92601342674,1230347.5896242603,1187873.6636108342
3937,3948,2022-02-11 00:15:00,2022-02-11 03:00:00,2385.416957091093,2398.185905498804,-1,-0.005352920951514628,-762.6516636018156,11,-2.6314979085648282,0.6887023596477526,-0.777247366228346,0.26171495611157775,Bearish,9900.0,0,Friday,Asia,2022,2,141711.27434982493,1230347.5896242603,1188636.315274436
3948,3950,2022-02-11 03:00:00,2022-02-11 03:30:00,2398.185905498804,2455.404217440109,1,0.02385899767407884,3381.0889651032153,2,0.0,2.385899767407884,1.0,2.385899767407884,Bearish,1800.0,3,Friday,Asia,2022,2,145092.36331492814,1233728.6785893636,1188636.315274436
3950,3951,2022-02-11 03:30:00,2022-02-11 03:45:00,2455.404217440109,2386.699021134416,-1,0.027981216215927862,4059.860789194957,1,-0.0,2.798121621592786,1.0,2.798121621592786,Bearish,900.0,3,Friday,Asia,2022,2,149152.22410412307,1237788.5393785585,1188636.315274436
3951,3956,2022-02-11 03:45:00,2022-02-11 05:00:00,2386.699021134416,2401.77795563919,1,0.006317903669984748,942.3293840538253,5,-0.5003127304901267,0.9710454254751699,0.6506290544433753,1.9408769081768005,Bearish,4500.0,3,Friday,Asia,2022,2,150094.5534881769,1238730.8687626123,1188636.315274436
3956,3958,2022-02-11 05:00:00,2022-02-11 05:30:00,2401.77795563919,2391.245254965778,-1,0.004385376528534768,658.2211319279562,2,-0.8563454676921767,0.4385376528534768,1.0,0.5121036653995747,Bearish,1800.0,5,Friday,Asia,2022,2,150752.77462010487,1239389.0898945404,1188636.315274436
3958,3960,2022-02-11 05:30:00,2022-02-11 06:00:00,2391.245254965778,2442.031609310481,1,0.021238454834040077,3201.755994875315,2,0.0,2.1238454834040077,1.0,2.1238454834040077,Bearish,1800.0,5,Friday,Asia,2022,2,153954.5306149802,1242590.8458894156,1188636.315274436
3960,3962,2022-02-11 06:00:00,2022-02-11 06:30:00,2442.031609310481,2412.767482556882,-1,0.011983516774322966,1844.9167001076305,2,-0.8784389478224464,1.1983516774322966,1.0,1.3641832257129296,Bearish,1800.0,6,Friday,Asia,2022,2,155799.44731508783,1244435.7625895233,1188636.315274436
3962,3963,2022-02-11 06:30:00,2022-02-11 06:45:00,2412.767482556882,2432.399339889404,1,0.008136655303277562,1267.6863992440203,1,0.0,0.8136655303277562,1.0,0.8136655303277562,Bearish,900.0,6,Friday,Asia,2022,2,157067.13371433184,1245703.4489887673,1188636.315274436
3963,3964,2022-02-11 06:45:00,2022-02-11 07:00:00,2432.399339889404,2394.868929367749,-1,0.015429378682269124,2423.4482846170217,1,-0.0,1.5429378682269124,1.0,1.5429378682269124,Bearish,900.0,6,Friday,Asia,2022,2,159490.58199894885,1248126.8972733843,1188636.315274436
3964,3972,2022-02-11 07:00:00,2022-02-11 09:00:00,2394.868929367749,2377.885653562325,1,-0.007091526219728306,-1131.0316440452714,8,-2.259788406860175,0.276187030364472,-2.5676535970461494,0.12221809330733556,Bearish,7200.0,7,Friday,Asia,2022,2,158359.5503549036,1248126.8972733843,1189767.3469184814
3972,3974,2022-02-11 09:00:00,2022-02-11 09:30:00,2377.885653562325,2318.087222922214,-1,0.025147731788753735,3982.3834985127505,2,-0.0,2.5147731788753735,1.0,2.5147731788753735,Sideways,1800.0,9,Friday,London,2022,2,162341.93385341635,1252109.280771897,1189767.3469184814
3974,3976,2022-02-11 09:30:00,2022-02-11 10:00:00,2318.087222922214,2380.546732002901,1,0.026944417131099074,4374.208783615737,2,0.0,2.6944417131099074,1.0,2.6944417131099074,Bearish,1800.0,9,Friday,London,2022,2,166716.14263703208,1256483.4895555128,1189767.3469184814
3976,3983,2022-02-11 10:00:00,2022-02-11 11:45:00,2380.546732002901,2349.642515824552,-1,0.01298198256849492,2164.30605760066,7,-1.9423758193194196,1.298198256849492,1.0,0.668355857778523,Sideways,6300.0,10,Friday,London,2022,2,168880.44869463274,1258647.7956131136,1189767.3469184814
3983,3984,2022-02-11 11:45:00,2022-02-11 12:00:00,2349.642515824552,2396.353737864012,1,0.01988013994676452,3357.366954321679,1,0.0,1.988013994676452,1.0,1.988013994676452,Sideways,900.0,11,Friday,London,2022,2,172237.81564895442,1262005.1625674353,1189767.3469184814
3984,3985,2022-02-11 12:00:00,2022-02-11 12:15:00,2396.353737864012,2380.490694505572,-1,0.006619658486889279,1140.1555181238705,1,-0.0,0.6619658486889279,1.0,0.6619658486889279,Sideways,900.0,12,Friday,London,2022,2,173377.9711670783,1263145.3180855592,1189767.3469184814
3985,3986,2022-02-11 12:15:00,2022-02-11 12:30:00,2380.490694505572,2419.500685412146,1,0.01638737382868727,2841.2096271742703,1,0.0,1.6387373828687268,1.0,1.6387373828687268,Sideways,900.0,12,Friday,London,2022,2,176219.18079425255,1265986.5277127335,1189767.3469184814
3986,3988,2022-02-11 12:30:00,2022-02-11 13:00:00,2419.500685412146,2397.133989716785,-1,0.009244343607842875,1629.0306575546545,2,-0.0,0.9244343607842875,1.0,0.9244343607842875,Bullish,1800.0,12,Friday,London,2022,2,177848.2114518072,1267615.5583702882,1189767.3469184814
3988,3999,2022-02-11 13:00:00,2022-02-11 15:45:00,2397.133989716785,2204.782037075011,1,-0.0802424701610025,-14270.979800609284,11,-9.055952752088459,0.0,0.0,0.0,Sideways,9900.0,13,Friday,NY_overlap,2022,2,163577.23165119792,1267615.5583702882,1204038.3267190906
